urls,titles,keywords,tldrs,abstracts,one_sentence_summ
https://openreview.net/forum?id=Rz9QJ75IPoi,Scale-Invariant Teaching for Semi-Supervised Object Detection,Semi-Supervised Learning; Object Detection,None,"Recent Semi-Supervised Object Detection methods are mainly based on self-training, i.e., generating hard pseudo-labels by a teacher model on unlabeled data as supervisory signals. Although they achieved certain success, the massive False Negative samples and inferior localization precision lack consideration. Furthermore, the limited annotations in semi-supervised learning scale up the challenges: large variance of object sizes and class imbalance (i.e., the extreme ratio between background and object), hindering the performance of prior arts. We address these challenges by introducing a novel approach, Scale-Invariant Teaching (SIT), which is a simple yet effective end-to-end knowledge distillation framework robust to large object size variance and class imbalance. SIT has several appealing benefits compared to previous works.
(1) SIT imposes a consistency regularization to reduce the prediction discrepancy between objects with different sizes. 
(2) The soft pseudo-label alleviates the noise problem from the False Negative samples and inferior localization precision.
(3) A re-weighting strategy can implicitly screen the potential foreground regions from unlabeled data to reduce the effect of class imbalance. 
Extensive experiments show that SIT consistently outperforms the recent state-of-the-art methods and baseline on different datasets with significant margins. For example, it surpasses the supervised counterpart by more than 10 mAP when using 5% and 10% labeled data on MS-COCO.",None
https://openreview.net/forum?id=Gw9vA80c8_n,HyperCube: Implicit Field Representations of Voxelized 3D Models,voxel; implicit field; 3D objects,None,"Recently introduced implicit field representations offer an effective way of generating 3D object shapes. They leverage implicit decoder trained to take a 3D point coordinate concatenated with a shape encoding and to output a value which indicates whether the point is outside the shape or not. Although this approach enables efficient rendering of visually plausible objects, it has two significant limitations. First, it is based on a single neural network dedicated for all objects from a training set which results in a cumbersome training procedure and its application in real life. More importantly, the implicit decoder takes only points sampled within voxels (and not the entire voxels) which yields problems at the classification boundaries and results in empty spaces within the rendered mesh.

To solve the above limitations, we introduce a new HyperCube architecture based on interval arithmetic network, that enables direct processing of 3D voxels, trained using a hypernetwork paradigm to enforce model convergence. 
Instead of processing individual 3D samples from within a voxel, our approach allows to input the entire voxel (3D cube) represented with its convex hull coordinates, while the target network constructed by a hypernet assigns it to an inside or outside category. 
As a result our HyperCube model outperforms the competing approaches both in terms of training and inference efficiency, as well as the final mesh quality.",We propose a new architecture of implicit representation of an object by using interval arithmetic.
https://openreview.net/forum?id=_dE5DwHlnQR,Informative Robust Causal Representation for Generalizable Deep Learning,Causal Representation; Mutual Information; Robust Representation,None,"In many real-world scenarios, such as image classification and recommender systems, it is evidence that representation learning can improve model's performance over multiple downstream tasks. Existing learning approaches rely on establishing the correlation (or its proxy) between features and the downstream task (labels), which typically  results in a representation containing cause, effect and spurious correlated variables of the label. Its generalizability may deteriorate because of the unstability of the non-causal parts. In this paper, we propose to learn causal representation from observational data by regularizing the learning procedure with mutual information measures according to our hypothetical causal graph. The optimization involves a counterfactual loss, based on which we deduce a theoretical guarantee that the causality-inspired learning is with reduced sample complexity and better generalization ability. Extensive experiments show that the models trained on causal representations learned by our approach is  robust under adversarial attacks and distribution shift.",A causality-inspired representation learning method by regularized mutual information based approach with guaranteed sample complexity reduction under certain assumptions.
https://openreview.net/forum?id=-VsGCG_AQ69,MARNET: Backdoor Attacks against Value-Decomposition Multi-Agent Reinforcement Learning,Backdoor Attacks; Multi-Agent Reinforcement Learning,None,"Recent works have revealed that backdoor attacks against Deep Reinforcement Learning (DRL) could lead to abnormal action selection of the agent, which may result in failure or even catastrophe in crucial decision processes. However, existing attacks only consider single-agent RL systems, in which the only agent can observe the global state and have full control of the decision process. In this paper, we explore a new backdoor attack paradigm in cooperative multi-agent reinforcement learning (CMARL) scenarios, where a group of agents coordinate with each other to achieve a common goal, while each agent can only observe the local state, e.g., StarCraft II (Vinyals et al. (2017)). In the proposed MARNet attack framework, we carefully design a pipeline of trigger design, action poisoning and reward hacking modules to accommodate the cooperative multi-agent momentums. In particular, as only a subset of agents can observe the triggers in their local observations, we maneuver their actions to the worst actions suggested by an expert policy model. Since the global reward in CMARL is aggregated by individual rewards from all agents, we propose to modify the reward in a way that boosts the bad actions of poisoned agents (agents who observe the triggers) but mitigates the influence on non-poisoned agents. We conduct extensive experiments on two classical MARL algorithms VDN (Sunehag et al. (2018)) and QMIX (Rashid et al. (2018)), in two popular CMARL games Predator Prey (Boehmer et al. (2020)) and SMAC (Samvelyan et al. (2019)). The results show that MARNet outperforms baselines extended from single-agent DRL backdoor attacks TrojDRL (Kiourti et al. (2020)) and Multitasking learning (Ashcraft & Karra (2021)) by reducing the utility under attack by as much as 100%. We apply fine-tuning as a defense against MARNet, and demonstrate that fine-tuning cannot entirely eliminate the effect of the attack.",We have proposed a new backdoor attack against value-decomposition cooperative multi-agent reinforcement learning.
https://openreview.net/forum?id=vuw072gfi3W,A Permutation-Invariant Representation of Neural Networks with Neuron Embeddings,neural networks; neural network representation; neuroevolution; transfer learning,None,"Neural networks are traditionally represented in terms of their weights. A key property of this representation is that there are multiple representations of a network which can be obtained by permuting the order of the neurons. These representations are generally not compatible and attempting to transfer part of a network without the preceding layers is usually destructive to any learned relationships. This paper proposes a method by which a neural network is represented in terms of an embedding of the neurons rather than explicit weights. In addition to reducing the number of free parameters, this encoding is agnostic to the ordering of neurons, bypassing a key problem for weight-based representations. This allows us to transplant individual neurons and layers into another network and still maintain their functionality. This is particularly important for tasks like transfer learning and neuroevolution. We show through experiments on the MNIST and CIFAR10 datasets that this method is capable of representing networks which achieve identical performance to direct weight representation, and that transfer done this way preserves much of the performance between two networks that are distant in parameter space.",We propose a permutation-invariant way of representing neural networks resulting in better parameter efficiency and cross-model transfer of information.
https://openreview.net/forum?id=5qz8nIzTkml,$L_q$ regularization for Fairness AI robust to sampling bias,Fairness AI; Sampling bias; Robustness,None,"It is well recognized that historical biases exist in training data against a certain sensitive group (e.g., non-white, women) which are socially unacceptable, and these unfair biases are inherited to trained AI models. Various learning algorithms have been proposed to remove or alleviate unfair biases in trained AI models. In this paper, we consider another type of bias in training data so-called {\it sampling bias} in view of fairness AI. Here, sampling bias means that training data do not represent well the population of interest. Sampling bias occurs when special sampling designs (e.g., stratified sampling) are used when collecting training data, or the population where training data are collected is different from the population of interest. When sampling bias exists, fair AI models on training data may not be fair in test data. To ensure fairness on test data, we develop computationally efficient learning algorithms robust to sampling bias. In particular, we propose a robust fairness constraint based on the $L_q$ norm which is a generic algorithm to be applied to various fairness AI problems without much hamper. By analyzing multiple benchmark data sets, we show that our proposed robust fairness AI algorithm improves existing fair AI algorithms much in terms of the robustness to sampling bias and has significant computational advantages compared to other robust fair AI algorithms.","We propose a robust fairness constraint based on the Lq norm which is robust to sampling bias, computationally efficient and can be easily applied to various fairness AI problems."
https://openreview.net/forum?id=AQV2-jDKEt2,PRNet: A Progressive Regression Network for No-Reference User-Generated-Content Video Quality Assessment,None,None,"Non-professional video, commonly known as User Generated Content (UGC) has become very popular in today’s video sharing applications. However, objectively perceptual quality assessment of UGC-videos is still a challenge problem, which is arose from many reasons. First, the pristine sources of UGC-videos are not available, which makes the appropriate technique is the no-reference NR video quality assessment VQA (NR-VQA). Another factor leads the NR-UGC-VQA to a challenge is that subjective mean option scores (MOS) of all the UGC-datasets are not uniformly distributed. The largest UGC video dataset---YouTube-UGC still faces a problem that the database has right-skewed MOS distribution. In addition, authentic degradations occurred in the videos are not unique, therefore, not predicable. For example, an over- or under-exposure image/video, brightness and contrast static information is important for evaluation. Only employing verified priori statistic knowledge or generalized learning knowledge may not cover all possible distortions. To solve these problems, we introduce a novel NR-VQA framework---Progressive Regress Network (PRNet) in this paper. For the skewed MOS problem, a progressive regression model is proposed, which utilizes the coarse-to-fine strategy during the training process. This strategy can turn sparse subjective human rating scores into integers with denser samples, which can solve the in-balanced sample problem and make the training progress smoother. For the unpredictable distortions problem, a wide and deep model based on our PRNet is developed, which employs both low-level features generated from natural scene statistics (NSS) and high-level semantic features extracted by deep neural networks, to fuse memorizing priori knowledge and generalizing learning features. Our experimental results demonstrate that our proposed method PRNet achieves state-of-the-art performance in currently three main popular UGC-VQA datasets (KoNVid-1K, LIVE-VQC, and YouTube-UGC).",proposes a novel no-reference video-quality-assessment framework and achieves SOTA performance in three main datasets.
https://openreview.net/forum?id=i7-BqPD1e5,Adversarial Attack across Datasets,None,None,"It has been observed that Deep Neural Networks (DNNs) are vulnerable to transfer attacks in the query-free black-box setting. However, all the previous studies on transfer attack assume that the white-box surrogate models possessed by the attacker and the black-box victim models are trained on the same dataset, which means the attacker implicitly knows the label set and the input size of the victim model. However, this assumption is usually unrealistic as the attacker may not know the dataset used by the victim model, and further, the attacker needs to attack any randomly encountered images that may not come from the same dataset. Therefore, in this paper, we define a new Generalized Transferable Attack (GTA) problem where we assume the attacker has a set of surrogate models trained on different datasets (with different label sets and image sizes), and none of them is equal to the dataset used by the victim model.  We then propose a novel method called Image Classification Eraser (ICE) to erase classification information for any encountered images from arbitrary datasets. Extensive experiments on Cifar-10, Cifar-100, and TieredImageNet demonstrate the effectiveness of the proposed ICE on the GTA problem. Further, we show that existing transfer attack methods can be modified to tackle the GTA problem, but with significantly worse performance compared with ICE.",We describe a more realistic problem (generalized transferable attack) for adversarial attack and propose an interesting method to solve this problem.
https://openreview.net/forum?id=C7ViqmpuBl,On Learning the Transformer Kernel,Transformers; Kernel learning,None,"In this work we introduce Kernelised Transformer, a generic, scalable, data driven framework for learning the kernel function in Transformers. Our framework approximates the Transformer kernel as a dot product between spectral feature maps and learns the kernel by learning the spectral distribution. This not only helps in learning a generic kernel end-to-end, but also reduces the time and space complexity of Transformers from quadratic to linear. We show that Kernelized Transformers achieve performance comparable to existing efficient Transformer architectures, both in terms of accuracy as well as computational efficiency. Our study also demonstrates that the choice of the kernel has a substantial impact on performance, and kernel learning variants are competitive alternatives to fixed kernel Transformers, both in long as well as short sequence tasks.",We explore how kernel learning can help improve transformers.
https://openreview.net/forum?id=TKMJ9eqtpgP,DiffusionCLIP: Text-guided Image Manipulation Using Diffusion Models,Diffusion models; CLIP; Image manipulation; Image to image translation,None,"Diffusion models are recent generative models that have shown great success in image generation with the state-of-the-art performance. However, only a few researches have been conducted for image manipulation with diffusion models. Here, we present a novel DiffusionCLIP which performs text-driven image manipulation with diffusion models using Contrastive Language–Image Pre-training (CLIP) loss. Our method has a performance comparable to that of the modern GAN-based image processing methods for in and out-of-domain image processing tasks, with the advantage of almost perfect inversion even without additional encoders or optimization. Furthermore, our method can be easily used for various novel applications, enabling image translation from an unseen domain to another unseen domain or stroke-conditioned image generation in an unseen domain, etc. Finally, we present a novel multiple attribute control with DiffusionCLIP by combining multiple fine-tuned diffusion models.",we present a DiffusionCLIP which performs text-driven image manipulation with diffusion models using CLIP with the advantage of almost perfect inversion.
https://openreview.net/forum?id=s5yOwPJicj,Carousel Memory: Rethinking the Design of Episodic Memory for Continual Learning,Continual Learning; Episodic Memory; Memory Replay; System for AI,None,"Continual Learning (CL) is an emerging machine learning paradigm that aims to learn from a continuous stream of tasks without forgetting knowledge learned from the previous tasks. To avoid performance decrease caused by forgetting, prior studies exploit episodic memory (EM), which stores a subset of the past observed samples while learning from new non-i.i.d. data. Despite the promising results, since CL is often assumed to execute on mobile or IoT devices, the EM size is bounded by the small hardware memory capacity and makes it infeasible to meet the accuracy requirements for real-world applications. Specifically, all prior CL methods discard samples overflowed from the EM and can never retrieve them back for subsequent training steps, incurring loss of information that would exacerbate catastrophic forgetting. We explore a novel hierarchical EM management strategy to address the forgetting issue. In particular, in mobile and IoT devices, real-time data can be stored not just in high-speed RAMs but in internal storage devices as well, which offer significantly larger capacity than the RAMs. Based on this insight, we propose to exploit the abundant storage to preserve past experiences and alleviate the forgetting by allowing CL to efficiently migrate samples between memory and storage without being interfered by the slow access speed of the storage. We call it Carousel Memory (CarM). As CarM is complementary to existing CL methods, we conduct extensive evaluations of our method with seven popular CL methods and show that CarM significantly improves the accuracy of the methods across different settings by large margins in final average accuracy (up to 28.4%) while retaining the same training efficiency.",We propose a hierarchical memory structure for continual learning to achieve both high accuracy and system efficiency.
https://openreview.net/forum?id=ae7BJIOxkxH,Stingy Teacher: Sparse Logits Suffice to Fail Knowledge Distillation,Knowledge Distillation; avoid knowledge leaking,None,"Knowledge distillation (KD) aims to transfer the discrimination power of pre-trained teacher models to (more lightweight) student models. However, KD also poses the risk of intellectual properties (IPs) leakage of teacher models. Even if the teacher model is released as a black box, it can still be cloned through KD by imitating input-output behaviors. To address this unwanted effect of KD, the concept of Nasty Teacher was proposed recently. It is a special network that achieves nearly the same accuracy as a normal one, but significantly degrades the accuracy of student models trying to imitate it. Previous work builds the nasty teacher by retraining a new model and distorting its output distribution from the normal one via an adversarial loss. With this design, the ``nasty"" teacher tends to produce sparse and noisy logits. However, it is unclear why the distorted distribution of the logits is catastrophic to the student model. In addition, the retraining process used in Nasty Teacher is undesirable, not only degrading the performance of the teacher model but also limiting its applicability to large datasets. 

In this paper, we provide a theoretical analysis of why the sparsity of logits is key to Nasty Teacher. We further propose Stingy Teacher, a much simpler yet more effective algorithm to prevent imitation through KD without incurring accuracy drop or requiring retraining. Stingy Teacher directly manipulates the logits of a standard pre-trained network by maintaining the values for a small subset of classes while zeroing out the rest. Extensive experiments on large-scale datasets and various teacher-student pairs demonstrate that our stingy teacher is highly effective and more catastrophic to student models than the Nasty Teacher. Code and pre-trained models will be released upon acceptance.","We theoretically analyze sparse logits can make knowledge distillation fail, and propose Stingy Teacher with just a simple manipulation of the output logits to prevent unauthorized cloning through knowledge distillation"
https://openreview.net/forum?id=K8HF8tTQ-4i,A Step-Wise Weighting Approach for Controllable Text Generation,language models; controllable text generation; text detoxification,None,"We study the problem of controllable text generation (CTG): steering a language model (LM) to generate text with a desired attribute. Many existing approaches either require extensive training/fine-tuning of the LM for each single attribute under control or are slow to generate text. To this end, we first propose a framework based on step-wise energy-based models (EBMs) that is efficient in sampling and flexible in a wide range of practical CTG scenarios. Indeed, a number of existing CTG methods are special instances of our framework with a specific EBM design. In different control scenarios, we then design the respective energy functions that strategically up- or down-weigh the probabilities of keywords associated with a certain control attribute at each generation step. In experiments, we show that our simple and efficient approach is surprisingly competitive against more computationally expensive strong baselines, and even achieving new state-of-the-art performances in several cases. Our framework also provides a tuning hyper-parameter that nicely trades off generation quality and control satisfaction, enabling practitioners to easily adjust it to meet their needs.","We propose an efficient, effective, and flexible controllable text generation method by strategically reweighing keywords associated with the control attribute at each time step during generation."
https://openreview.net/forum?id=oiy9BAuqnDg,Information Condensing Active Learning,active learning,None,"We introduce Information Condensing Active Learning, a batch mode model agnostic Active Learning method targeted at Deep Bayesian Active Learning that focuses on acquiring labels for points which have as much information as possible about the still unacquired points. ICAL uses the Hilbert Schmidt Independence Criterion (HSIC) to measure the strength of the dependency between a candidate batch of points and the unlabeled set. We develop key optimizations that allow us to scale our method to large unlabeled sets. We show significant improvements in terms of model accuracy and negative log likelihood on several image datasets compared to state of the art batch mode AL methods for deep learning.",None
https://openreview.net/forum?id=gLtMe3vpfZa,Accelerating Stochastic Simulation with Interactive Neural Processes,neural processes; bayesian active learning; stochastic process; deep sequence model; epidemic modeling,None,"Stochastic simulations such as large-scale, spatiotemporal, age-structured epidemic models are computationally expensive at fine-grained resolution.  We propose Interactive Neural Process (INP),  a Bayesian active learning framework to proactively learn a deep learning surrogate model and accelerate simulation. Our framework is based on the novel integration of neural process,  deep sequence model and active learning. In particular, we develop a novel spatiotemporal neural process model to mimic the simulator dynamics. Our model automatically infers the latent process which describes the intrinsic uncertainty of the simulator. This also gives rise to a new acquisition function based on the latent information gain. We design Bayesian active learning algorithms to iteratively query the simulator, gather more data, and continuously improve the model. We perform theoretical analysis and demonstrate that our approach reduces sample complexity compared with random sampling in high dimension. Empirically, we demonstrate our framework can faithfully imitate the behavior of a complex infectious disease simulator with a small number of examples, enabling rapid simulation and scenario exploration.",Bayesian active learning framework to speed up stochastic simulation of infectious diseases
https://openreview.net/forum?id=lgGKToqwtwG,Infusing Future Information into Monotonic Attention Through Language Models,Simultaneous Translation; Monotonic Attention; Speech Translation,None,"Simultaneous neural machine translation (SNMT) models start emitting the target sequence before they have processed the source sequence.  The recent adaptive policies for SNMT use monotonic attention to perform read/write decisions based on  the  partial  source  and  target  sequences.   The  lack  of  sufficient  information might cause the monotonic attention to take poor read/write decisions, which in turn negatively affects the performance of the SNMT model.  On the other hand, human translators make better read/write decisions since they can anticipate the immediate future words using linguistic information and domain knowledge.  In this work, we propose a framework to aid monotonic attention with an external language model to improve its decisions. We conduct experiments on the MuST-CEnglish-German and English-French speech-to-text translation tasks to show the effectiveness of the proposed framework. It improves the quality-latency trade-off over the state-of-the-art monotonic multihead attention.",Helping the monotonic attention to take read/write decisions in simultaneous translation using plausible future information
https://openreview.net/forum?id=k0pi7xDoDTC,IID-GAN: an IID Sampling Perspective for Regularizing Mode Collapse,None,None,"Despite its success, generative adversarial networks (GANs) still suffer from mode collapse, namely the generator can only map latent variables to a partial set of modes of the target distribution. In this paper, we analyze and try to regularize this issue with an independent and identically distributed (IID) sampling perspective and emphasize that holding the IID property for generation for target distribution (i.e. real distribution) can naturally avoid mode collapse. This is based on the basic IID assumption for real data in machine learning. However, though the source samples $\mathbf{z}$ obey IID, the generation $G(\mathbf{z})$ may not necessarily be IID from the target distribution.  Based on this observation, we propose a necessary condition of IID generation and provide a new loss to encourage the closeness between the inverse source of real data and the Gaussian source in the latent space to regularize the generation to be IID from the target distribution. The logic is that the inverse samples from target data should also be IID in the source distribution. Experiments on both synthetic and real-world data show the effectiveness of our model.",Taking the IID sampling perspective to improve the training of GAN.
https://openreview.net/forum?id=doGDvfnHCEj,"On the Expressiveness, Predictability and Interpretability of Neural Temporal Point Processes",None,None,"Despite the fast advance in neural temporal point processes (NTPP) which enjoys high model capacity, there are still some standing gaps to fill including model expressiveness, predictability, and interpretability, especially with the wide application of event sequence modeling. For expressiveness, we first show the incapacity of existing NTPP models for fitting time-varying especially non-terminating TPP, and propose a simple neural model for expressive intensity function modeling. To improve predictability which is not directly optimized by the TPP likelihood objective, we devise our new sampling techniques that enable error metric driven adaptive fine-tuning of the sampling hyperparameter for predictive TPP, based on the event history in training sequences. Moreover, we show how interval-based event prediction can be achieved by our prediction techniques. To achieve interpretable NTPP, we propose an influence definition from one event to the future by comparing the difference between the existence of the event and not, which enables the dependency learning among events and types. Experimental results on synthetic datasets and public benchmarks show the efficacy of our approach.",Discussing and developing methods for improving the learning of neural TPP and its interpretability.
https://openreview.net/forum?id=C7LB5_Zt_Vp,ZeroLiers: Diminishing Large Outliers in ReLU-like Activations,Deep Neural Network; Rectified Linear Units; Generalization; Regularization; Dropout,None,"As the number of learnable parameters is getting bigger and bigger, overfitting is still one of the main challenges in training DNNs. Even though DNNs with billions or even a few hundred billions of parameters are proposed and used, it is still hard to determine the appropriate training set size that prevents overfitting. In this work, we propose a new activation function, called ZeroLiers, to prevent overfitting. It eliminates the need to use Dropout and leads to better generalization when training DNNs with fully connected layers. ZeroLiers can be easily implemented by replacing large outliers in ReLU-like activations with zeros. We perform an empirical evaluation of ZeroLiers' regularization effect against Dropout. Interestingly, the validation loss decreases much faster using ZeroLiers than Dropout, and the generalization performance improves. Moreover, we train several recent DNNs with fully connected layers and investigate the effect of ZeroLiers. Specifically, we find that ZeroLiers accelerates the convergence speed of both their training and validation losses.","The paper proposes a new activation function, called ZeroLiers, to prevent overfitting and to eliminate the need to use Dropout."
https://openreview.net/forum?id=wwIBobGFj2V,RoQNN: Noise-Aware Training for Robust Quantum Neural Networks,Quantum Computing; Machine Learning; Neural Networks; Robustness; Quantum Machine Learning; Quantum Neural Networks,None,"Quantum Neural Network (QNN) is a promising application towards quantum advantage on near-term quantum hardware. However, due to the large quantum noises (errors), the performance of QNN models has a severe degradation on real quantum devices. For example, the accuracy gap between noise-free simulation and noisy results on IBMQ-Yorktown for MNIST-4 classification is over 60%. Existing noise mitigation methods are general ones without leveraging unique characteristics of QNN and are only applicable to inference; on the other hand, existing QNN work does not consider noise effect. To this end, we present RoQNN, a QNN-specific framework to perform noise-aware optimizations in both training and inference stages to improve robustness. 
We analytically deduct and experimentally observe that the effect of quantum noise to QNN measurement outcome is a linear map from noise-free outcome with a scaling and a shift factor. Motivated by that, we propose post-measurement normalization to mitigate the feature distribution differences between noise-free and noisy scenarios. Furthermore, to improve the robustness against noise, we propose noise injection to the training process by inserting quantum error gates to QNN according to realistic noise models of quantum hardware. Finally, post-measurement quantization is introduced to quantize the measurement outcomes to discrete values, achieving the denoising effect. Extensive experiments on 8 classification tasks using 6 quantum devices demonstrate that RoQNN improves accuracy by up to 43% and 22% on average, and achieves over 94% 2-class, 80% 4-class, and 34% 10-class classification accuracy on real quantum computers. We also open-source our PyTorch library for construction and noise-aware training of QNN at this link: https://anonymous.4open.science/r/iclr-roqnn-DE27/ .",We make quantum neural network training aware of realistic quantum device noise and improves classification task accuracy by over 40% on real quantum computers.
https://openreview.net/forum?id=nDY6Y5x9vkA,A Two-Stage Data-Free Adversarial Patch Generation Framework,Deep Learning; Computer Vision; Adversarial Attack,None,"General adversarial patch generation (APG) methods rely on training datasets of target models and are not applicable to data-free scenarios. This article presents a two-stage APG framework that exploits a determined proxy dataset in place of an unknown training dataset. The proxy dataset selection stage calculates the proposed average patch saliency (APS) of each available dataset to select a high-APS proxy dataset that can guarantee patches' fooling abilities. Then, the patch generation stage applies the proposed data-free Expectation over Transformation (DF-EoT) as the APG method in case only low-APS datasets are available. Evaluation results show that the determined high-APS proxy datasets enable EoT (benchmark APG method) to generate patches of comparable fooling abilities to patches utilising training datasets, and DF-EoT can further improve the fooling abilities for both low-APS and high-APS proxy datasets. Specifically, DF-EoT enhances average targeted fooling rates (ATFR) of patches utilising a low-APS dataset from 42.71% of EoT to 78.34% on target model VGG-19 and increases ATFR from 62.57% to 84.33% with a high-APS dataset on Inception-v1.",This article presents a two-stage adversarial patch generation framework that exploits a determined proxy dataset in place of an unknown training dataset.
https://openreview.net/forum?id=cd2jyHoFa18,Learning Neural Processes on the Fly,Neural Processes; Gaussian Processes; Uncertainty Quantification; Ensemble Methods; Meta-Learning,None,"Deep neural networks (DNNs) have performed impressively on a wide range of tasks, but they usually require a significant number of training samples to achieve good performance. Thus, DNNs do not work well in low-data regimes because they tend to overfit a small dataset and make poor predictions. In contrast, shallow neural networks (SNNs) generally are robust against overfitting in low-data regimes and converge more quickly than DNNs, but they struggle to represent very complex systems. Hence, DNNs and SNNs have a complementary relationship, and combining their benefits can provide fast-learning capability with high asymptotic performance, as meta-learning does. However, aggregating heterogeneous methods with opposite properties is not trivial, as it can make the combined method inferior to each base method. In this paper, we propose a new algorithm called anytime neural processes that combines DNNs and SNNs and can work in both low-data and high-data regimes. To combine heterogeneous models effectively, we propose a novel aggregation method based on a generalized product-of-exports and a winner-take-all gate network. Moreover, we discuss the theoretical basis of the proposed method. Experiments on a public dataset show that the proposed method achieves comparable performance with other state-of-the-art methods.",None
https://openreview.net/forum?id=nNpDhjI2T_s,Learning to Coordinate in Multi-Agent Systems: A Coordinated Actor-Critic Algorithm and Finite-Time Guarantees,Reinforcement Learning; Multi-Agent System; Optimization,None,"Multi-agent reinforcement learning (MARL) has attracted much research attention recently. However, unlike its single-agent counterpart, many theoretical and algorithmic aspects of MARL have not been well-understood. In this paper, we study the emergence of coordinated behavior by autonomous agents using an actor-critic (AC) algorithm. Specifically, we propose and analyze a class of coordinated actor-critic algorithms (CAC) in which individually parametrized policies have a shared part (which is jointly optimized among all agents) and a personalized part (which is only locally optimized). Such kind of partially personalized policy allows agents to learn to coordinate by leveraging peers’ past experience and adapt to individual tasks. The flexibility in our design allows the proposed MARL-CAC algorithm to be used in a fully decentralized setting, where the agents can only communicate with their neighbors, as well as a federated setting, where the agents occasionally communicate with a server while optimizing their (partially personalized) local models. Theoretically, we show that under some standard regularity assumptions, the proposed MARL-CAC algorithm requires $\mathcal{O}(\epsilon^{-\frac{5}{2}})$ samples to achieve an$\epsilon$-stationary solution (defined as the solution whose squared norm of the gradient of the objective function is less than$\epsilon$). To the best of our knowledge, this work provides the first finite-sample guarantee for decentralized AC algorithm with partially personalized policies.",This paper develops a novel collaboration mechanism for designing robust MARL systems with theoretical guarantees.
https://openreview.net/forum?id=H2bV7F_lEjX,Directional Domain Generalization,Domain Generalization; Domain Adaptation,None,"Domain generalization aims to learn a predictive model from multiple different but related source tasks that can generalize well to a target task without the need of accessing any target data. Existing domain generalization methods ignore the relation between tasks, implicitly assuming that all the tasks are sampled from a stationary environment. Therefore, they can fail when deployed in an evolving environment. To this end, we formulate and study the \emph{directional domain generalization} (DDG) scenario, which exploits not only the source data but also their evolving pattern to generate a model for the unseen task. Our theoretical result reveals the benefits of modeling the relation between two consecutive tasks by learning a globally consistent directional mapping function. In practice, our analysis also suggest solving the DDG problem in a meta-learning manner, which leads to \emph{directional prototypical network}, the first method for the DDG problem. Empirical evaluation on both synthetic and real-world data sets validates the effectiveness of our approach.","We study the problem of domain generalization in an evolving environment, formulate it, provide theoretical analysis and propose a simple and efficient algorithm."
https://openreview.net/forum?id=E9UL8UJvysW,Structured Federated Aggregation for Personalizing On-device Intelligence,Federated Learning; Structure Aggregation; Personalisation; Graph Neural Network,None,"Personalizing on-device intelligence with privacy-preserving is an emerging requirement for the Mobile Internet and many other service areas. The recent development of federated learning is to embody personalization by tackling statistical heterogeneity across devices. However, these methods ignore the structural information between clients which can indicate a similar behavior pattern or decision logic among clients who are connected to each other in a graph. For example, the traffic condition is very similar to its adjacent blocks. Motivated by this assumption, we propose structured federated learning(SFL) to update each device's personalized model by leveraging its neighbors' local model. This problem has been formulated to a new optimization problem to integrate the prediction loss, federated aggregation, and structured aggregation into a unified framework. Moreover, it could be further enhanced by adding the structure learning component to learn the relation graph in the same optimization framework. The effectiveness of the proposed method has been demonstrated in experimental analysis by comparing it with other baselines in public datasets.",The paper proposes a novel structured federated aggregation method to develop personalising on-device intelligence.
https://openreview.net/forum?id=t14vYukzfvF,Unsupervised Visual Program Induction  with Function Modularization,None,None,"Program induction serves as one way to analog the ability of human thinking. However, existing methods could only tackle the task under simple scenarios (Fig~\ref{fig:task_examples}(a),(b)). When it comes to complex scenes, e.g., the visual scenes, current program induction methods fail due to the huge program action space. In this paper, to the best of our knowledge, we are the first to tackle this problem. We propose a novel task named {\it unsupervised visual program induction} in complex visual scenes that require complex primitive functions. Solving this task faces two challenges: i) modeling complex primitive functions for complex visual scenes is very difficult, and ii) employing complex functions in the unsupervised program induction suffers from a huge and heterogeneous program action space. To tackle these challenges, we propose the Self-Exploratory-Modularized-Function (SEMF) model, which can jointly model individual function selection and its parameters through a unified modular block. Moreover, a Monto-Carlo-Tree-Search (MCTS) based Self-Exploratory algorithm is proposed to explore program space with modularized function as prior. The exploratory results, in turn, guide the training of these modularized functions. Our extensive experiments demonstrate that the proposed SEFM model outperforms all the existing baselines in model performance, training efficiency, and model generalization ability.",None
https://openreview.net/forum?id=mvq4blDaCkN,Efficient Semi-Supervised Adversarial Training without Guessing Labels,None,None,"Adversarial training has been proved to be  the most effective defensive strategy to protect models from adversarial attacks.  In the practical application scenario of adversarial training, we face not only labeled data, but also an enormous amount of unlabeled data. However, existing adversarial training methods are naturally targeting  supervised learning problems.  To adapt to  semi-supervised learning problems, they need to estimate labels for unlabeled data in advance,  which inevitably degenerates the performance of the learned model due to the bias on the estimation of labels for unlabeled data. 
To mitigate this degeneration, in this paper, we propose a new semi-supervised  adversarial training framework via maximizing  AUCs which is also a minimax problem but  treats the unlabeled samples as both positive and negative ones, so that we do not need to guess the labels for unlabeled data.  Unsurprisingly, the minimax problem can be solved via the traditional adversarial training algorithm by extending singly stochastic gradients to triply stochastic gradients, to adapt to the three (i.e. positive, negative, and unlabeled) data sources. To further accelerate the training procedure, we transform the minimax adversarial training problem into an equivalent minimization one based on the kernel perspective. For the minimization problem, we discuss scalable and efficient algorithms not only for deep neural networks  but also for kernel support vector machines.  Extensive experimental results show that our algorithms not only achieve better generalization performance against various adversarial attacks,  but also enjoy efficiency and scalability when considered from the kernel perspective.",None
https://openreview.net/forum?id=Q0n61rV89bi,LEARNING PHONEME-LEVEL DISCRETE SPEECH REPRESENTATION WITH WORD-LEVEL SUPERVISION,discrete speech representation; self-supervised learning; mutual information,None,"Phonemes are defined by their relationship to words: changing a phoneme changes the word.  Learning a phoneme inventory with little supervision has been a long-standing challenge with important applications to under-resourced speech technology.   In this paper,  we bridge the gap between the linguistic and statistical definition of phonemes and propose a novel neural discrete representation learning model for self-supervised learning of phoneme inventory with raw speech and word labels. Under mild assumptions, we prove that the phoneme inventory learned by our approach converges to the true one with an exponentially low error rate. Moreover, in experiments on TIMIT and Mboshi benchmarks, our approach consistently learns better phoneme-level representation than previous state-of-the-art self-supervised representation learning algorithms and remains effective even in a low-resource scenario.",We propose a novel neural network model to learn phoneme-level discrete speech representation with theoretical guarantees
https://openreview.net/forum?id=-0qmvlqnVw4,How Frequency Effect Graph Neural Networks,graph neural networks,None,"Graph neural networks (GNNs) have been demonstrated powerful expressiveness on graph representation with different message passing schemes, but fail to improve the prediction performance by stacking layers because of over-smoothing. The researches of frequency principle on deep neural networks motivated us to explore the effect of frequency on designing deep GNNs. In this work, we decompose input features into low-frequency and high-frequency signals and analyze the performance of different frequencies on GNNs as the depth increases. We prove that low-frequency signals can be learned faster in GNNs, i.e., easier to suffer from over-smoothing than high-frequency signals. Based on the frequency principle on GNNs, we present a novel powerful GNNs framework, Multi-Scale Frequency Enhanced Graph Neural Networks (MSF-GNNs) which considers multi-scale representations from wavelet decomposition. Specifically, we design an information propagation rule which considers the properties of different frequency signals and exploits the advantages of different frequency signals for better node representation. To enhance the consistent output of multi-scale representation, we utilize consistency regularized loss. Extensive experiments have demonstrated the effectiveness of proposed MSF-GNNs on node classification compared to state-of-the-art methods. The theoretical study and experimental results further show the effectiveness of MSF-GNNs on relieving the issues of over-smoothing.","We present a novel powerful GNNs framework, Multi-Scale Frequency Enhanced Graph Neural Networks (MSF-GNNs) which considers multi-scale representations from wavelet decomposition."
https://openreview.net/forum?id=zBVjxKB6g84,Understanding Clipping for Federated Learning: Convergence and Client-Level Differential Privacy,None,None,"Providing privacy protection has been one of the primary motivations of Federated Learning (FL). Recently, there has been a line of work on incorporating the formal privacy notion of differential privacy with FL.  To guarantee the client-level differential privacy in FL algorithms, the clients' transmitted model updates have to be clipped before {adding privacy noise}. Such clipping operation is substantially different from its counterpart of gradient clipping in the centralized differentially private SGD and has not been well-understood. In this paper, we first empirically demonstrate that the clipped FedAvg can perform surprisingly well even with substantial data heterogeneity when training neural networks, which is partly because the clients' updates become {\it similar} for several popular deep architectures. Based on this key observation,  we provide the convergence analysis of a differentially private (DP) FedAvg algorithm and highlight the relationship between clipping bias and the distribution of the clients' updates.

To the best of our knowledge, this is the first work that rigorously investigates theoretical and empirical issues regarding the clipping operation in FL algorithms.",None
https://openreview.net/forum?id=euAlnAcpQtv,Federated Contrastive Learning for Privacy-Preserving Unpaired Image-to-Image Translation,image-to-image translation; contrastive learning; federated learning,None,"The goal of an unsupervised image-to-image translation (I2I) is to convert an input image in a specific domain to a target domain using a neural network trained with unpaired data. Existing I2I methods usually require a centrally stored dataset, which can compromise data privacy. A recent proposal of federated cycleGAN (FedCycleGAN) can protect the data-privacy by splitting the loss between the server and the clients so that the data does not need to be shared, but the weights and gradients of both generator and discriminators should be exchanged, demanding significant communication cost. To address this, here we propose a novel federated contrastive unpaired translation (FedCUT) approach for privacy-preserving image-to-image translation. Similar to FedCycleGAN, our method is based on the observation that the CUT loss can be decomposed into domain-specific local objectives, but in contrast to FedCycleGAN, our method only exchanges weights and gradients of a discriminator, significantly reducing the band-width requirement. In addition, by combining it with the pre-trained VGG network, the learnable part of the discriminator can be further reduced without impairing the image quality, resulting in two order magnitude reduction in the communication cost. Through extensive experiments for various translation tasks, we confirm that our method shows competitive performance compared to existing approaches.",Federated image-to-image translation based on contrastive learning
https://openreview.net/forum?id=GrJDb8KXPA3,FEATURE-AUGMENTED HYPERGRAPH NEURAL NETWORKS,graph representation learning，hypergraph learning,None,"Graph neural networks (GNNs) and their variants have demonstrated superior performance in learning graph representations by aggregating features based on graph or hypergraph structures. However, it is becoming evident that most exist- ing graph-based GNNs are susceptible to over-smoothing and are non-robust to perturbations. For representation learning tasks, hypergraphs usually have more expressive power than graphs through their ability to encode higher-order data correlations. In this paper, we propose Feature-Augmented Hypergraph Neural Networks (FAHGNN) focusing on hypergraph structures. In FAHGNN, we explore the influence of node features for the expressive power of GNNs and augment features by introducing common features and personal features to model information. Specifically, for a node, the common features contain the shared information with other nodes in hyperedges, while the personal features represent its special information. In this way, the feature types each possess different distinguishing powers. Considering the different properties of these two kinds of features, we design different propagation strategies for information aggregation on hypergraphs. Furthermore, during the propagation process, we further augment features by randomly dropping node features. We leverage consistency regularization across different data augmentations of the two feature types to optimize the prediction consistency for the model. Extensive experiments on several benchmarks show that FAHGNN significantly outperforms other state-of-the-art methods for node classification tasks. Our theoretical study and experimental results further support the effectiveness of FAHGNN for mitigating issues of over-smoothing and enhancing the robustness of the model.","In this paper, we propose Feature-Augmented Hypergraph Neural Networks (FAHGNN) focusing on hypergraph structures for better representation learning."
https://openreview.net/forum?id=WLZ_2JjCz2a,Sparse Unbalanced GAN Training with In-Time Over-Parameterization,sparse unbalance GAN training; GAN training; dynamic sparse training; sparse training; bigGAN,None,"Generative adversarial networks (GANs) have received an upsurging interest since being proposed due to the high quality of the generated data. While GANs achieving increasingly impressive results, the resource demands associated with the large model size hinders its usage in resource-limited scenarios. For inference, the existing model compression techniques can reduce the model complexity with comparable performance. However, the training efficiency of GANs has less be explored due to the fragile training process of GANs. In this paper, we for the first time explore the possibility of directly training sparse GAN from scratch without involving any dense or pre-training steps. Even more unconventionally, our proposed method enables training sparse unbalanced GANs with an extremely sparse generator in an end-to-end way, chasing high training and inference efficiency gains. Instead of training full GANs, we start by training a sparse subnetwork and periodically explore the sparse connectivity during training, while maintaining a fixed parameter count. Extensive experiments with modern GAN architectures validate the efficiency of our method. Our sparsified GANs, trained from scratch in one single run, outperform the ones learned by expensive iterative pruning and retraining. Perhaps most importantly, we find instead of inheriting parameters from expensive pre-trained GANs, directly training sparse GANs from scratch can be a much more efficient solution. For example, only training with a 80% sparse generator and a 50% sparse discriminator, our method can achieve even better performance than the dense BigGAN.","We aim to be the first pilot study on training a sparse GAN with the unbalanced sparsity between generators and discriminators, without involving any dense or pre-training steps."
https://openreview.net/forum?id=rFUwBW8qgIZ,CrossMatch: Improving Semi-Supervised Object Detection via Multi-Scale Consistency,semi-supervised learning; object detection; multi-scale learning,None,"We present a novel method, CrossMatch, for semi-supervised object detection. Inspired by the fact that teacher/student pseudo-labeling approaches result in a weak and sparse gradient signal due to the difficulty of confidence-thresholding, CrossMatch leverages \textit{multi-scale feature extraction} in object detection. Specifically, we enforce consistency between different scales across the student and teacher networks. To the best of our knowledge, this is the first work to use multi-scale consistency in semi-supervised object detection. Furthermore, unlike prior work that mostly uses hard pseudo-labeling methods, CrossMatch further densifies the gradient signal by enforcing multi-scale consistency through both hard and soft labels. This combination effectively strengthens the weak supervision signal from potentially noisy pseudo-labels. We evaluate our method on MS COCO and Pascal VOC under different experiment protocols, and our method significantly improves on previous state of the arts. Specifically, CrossMatch achieves 17.33 and 21.53 mAP with only 0.5\% and 1\% labeled data respectively on MS COCO,  outperforming other state-of-the-art methods by $\sim$3 mAP.",A multi-scale consistency approach for semi-supervised object detection
https://openreview.net/forum?id=W2gO9bYYG5P,Can Vision Transformers Perform Convolution?,Vision Transformers; CNN; expressive power; multi-head self-attention,None,"Several recent studies have demonstrated that attention-based networks, such as Vision Transformer (ViT), can outperform Convolutional Neural Networks (CNNs) on several computer vision tasks without using convolutional layers. This naturally leads to the following questions: Can a self-attention layer of ViT express any convolution operation? In this work, we prove that a single ViT layer with image patches as the input can perform any convolution operation constructively, where the multi-head attention mechanism and the relative positional encoding play essential roles. We further provide a lower bound on the number of heads for Vision Transformers to express CNNs. Corresponding with our analysis, experimental results show that the construction in our proof can help inject convolutional bias into Transformers and significantly improve the performance of ViT in low data regimes.",None
https://openreview.net/forum?id=xdNcdoHdBER,Sneakoscope: Revisiting Unsupervised Out-of-Distribution Detection,OOD Detection; Unsupervised Approaches; Model Confidence Calibration; Hidden Representation Analysis,None,"The problem of detecting out-of-distribution (OOD) examples in neural networks has been widely studied in the literature, with state-of-the-art techniques being supervised in that they require fine-tuning on OOD data to achieve high-quality OOD detection. But supervised OOD detection methods also have a disadvantage in that they require expensive training on OOD data, curating the OOD dataset so that it is distinguishable from the in-distribution data, and significant hyper-parameter tuning. In this work, we propose a unified evaluation suite, Sneakoscope, to revisit the problem with in-depth exploration of unsupervised OOD detection. Our surprising discovery shows that (1) model architectures play a significant role in unsupervised OOD detection performance; (2) unsupervised approaches applied on large-scale pre-trained models can achieve competitive performance compared to their supervised counterparts; and (3) unsupervised OOD detection based on Mahalanobis Distance with the support of a pre-trained model consistently outperforms other unsupervised methods by a large margin and compares favorably with results from state-of-the-art supervised OOD detection methods reported in the literature. We thus provide new baselines for unsupervised OOD detection methods.",Revisiting the problem of unsupervised OOD detection and systematically evaluate and analyze unsupervised OOD detection
https://openreview.net/forum?id=XwOnGWENp62,RitzNet: A Deep Neural Network Method for Linear Stress Problems,Linear Elasticity; Deep Neural Network; Ritz Method; Unsupervised Learning,None,"Learning based method for physics related computation has attracted significant attention recently. Effort has been devoted into learning a surrogate model which simulates system behavior from existing data. This paper presents RitzNet, an unsupervised learning method which takes any point in the computation domain as input, and learns a neural network model to output its corresponding function value satisfying the underlying governing PDEs. We focus on the linear elastic boundary value problem and formulate it as the natural minimization of its associated energy functional, whose discrete version is further utilized as the loss function of RitzNet. A standard fully connected deep neural network structure is explored in this study to model the solutions of a system of elliptic PDEs. Numerical studies on problems with analytical solutions or unknown solutions show that the proposed RitzNet is capable of approximating linear elasticity problems accurately. A parametric sensitivity study sheds light on the potential of RitzNet due to its meshless characteristics.","We propose RitzNet, an unsupervised learning based method for numerical solving linear elasticity problems using energy functional as loss."
https://openreview.net/forum?id=ZfcosR9vZ-j,Pyramid Mini-Batching for Optimal Transport,optimal transport; machine learning,None,"Optimal transport theory provides a useful tool to measure the differences between two distributions.
Aligning distributions by minimizing optimal transport distances has been shown to be effective in a variety of machine learning settings, including generative modeling and domain adaptation. However, computing optimal transport distances over large numbers of data points is very time-consuming and intractable for measuring the distances between discrete distributions with large numbers of data points. In this work we propose a geometric sampling scheme which partitions the datasets into pyramid-based encodings. Our approach, Pyramid Mini-Batching, significantly improves the quality of optimal transport approximations and downstream alignments with minimal computational overhead. We perform experiments over the Discrete Optimal Transport benchmark to demonstrate the effectiveness of this strategy over multiple established optimal transport settings and see that our approach improves estimates of OT distances by nearly $30\%$ for single pass estimation. Furthermore, we see that when attempting to minimize optimal transport distance our approach is ten times more effective than with random mini-batch sampling. To highlight the practical benefits of this approach, we use optimal transport distance in domain adaptation settings and show our approach produces state of the results on large-scale domain adaptation problems VisDA17 and DomainNet. Ablation studies indicate that our sampling approach could be combined with conventional distribution alignment approaches and over substantial improvements to their results.",Using a novel mini-batching scheme we see substantive improvements in OT alignment problems
https://openreview.net/forum?id=o1FEqIONNAa,Rank4Class: Examining Multiclass Classification through the Lens of Learning to Rank,multiclass classification; learning to rank; neural ranking models,None,"Multiclass classification (MCC) is a classical machine learning problem which aims to classify each instance into one of a predefined set of classes. Given an instance, a classification model computes a score for each class, all of which are then used to sort the classes. The performance of a classification model is usually measured by Top-K Accuracy (e.g., K=1 or 5). In this paper, we examine MCC through the lens of learning to rank (LTR) in the deep learning setting. By viewing MCC as to rank classes for an instance, we first argue that ranking metrics from the information retrieval literature, such as Normalized Discounted Cumulative Gain (NDCG), can be more informative than the existing Top-K metrics in evaluating the performance of classification models, especially for real-world user-facing applications. We further demonstrate that the most popular MCC architecture in deep learning can be mathematically formulated as a LTR pipeline equivalently, with a specific set of choices in terms of ranking model architecture and loss function. Based on these observations, we propose several techniques, stemmed from the rich LTR literature, to improve the MCC performance. Comprehensive empirical results on both text and image classification tasks, with diverse datasets and backbone models (e.g., BERT for text classification and ResNet for image classification) show the value of our proposed framework.","In this paper, we examine the multiclass classification problem from the lens of learning to rank to inspire more flexible design options for improved performance."
https://openreview.net/forum?id=oe8U8WETg4t,Linear Backpropagation Leads to Faster Convergence,Convergence analysis; Backpropagation analysis,None,"Backpropagation is widely used for calculating gradients in deep neural networks (DNNs). Applied often along with stochastic gradient descent (SGD) or its variants, backpropagation is considered as a de-facto choice in a variety of machine learning tasks including DNN training and adversarial attack/defense. Nevertheless, unlike SGD which has been intensively studied over the past years, backpropagation is somehow overlooked. In this paper, we study the very recent method called ``linear backpropagation'' (LinBP), which modifies the standard backpropagation and can improve the transferability in black-box adversarial attack. By providing theoretical analyses on LinBP in neural-network-involved learning tasks including white-box adversarial attack and model training, we will demonstrate that, somewhat surprisingly, LinBP can lead to faster convergence in these tasks. We will also confirm our theoretical results with extensive experiments.",We study the convergence analysis of linear backpropagation and find it can lead to faster convergence.
https://openreview.net/forum?id=jWxuLQE31IL,Efficient Winning Tickets Drawing over Fine-Grained Structured Sparsity,Pruning; Lottery Ticket Hypothesis,None,"The fine-grained structured sparsity has been proposed as a middle-ground between unstructured sparsity, where weights are pruned independently, and coarse-grained structured sparsity, where entire blocks of weights are pruned. Specifically, N:M fine-grained structured sparsity allows for at most N nonzero weights across a group of M consecutive weights. A recent implementation of 2:4 sparsity (N=2 and M=4) in Sparse Tensor Cores of Nvidia A100 GPUs shows significant improvement in throughput compared to unstructured sparsity while maintaining similar performance (e.g., accuracy). However, despite its potential for superior computational performance, how to efficiently train DNNs with N:M fine-grained structured sparsity remains a challenging problem. In this work, we leverage the recent advance of~\textit{Lottery Ticket Hypothesis} (LTH) and propose an iterative pruning algorithm for N:M fine-grained structured sparsity. By leveraging the N:M sparsity constraint, we can identify the unimportant weights across each group of M weights at earlier stages of iterative pruning, which significantly lowers the cost of iterative training compared to conventional unstructured pruning.",None
https://openreview.net/forum?id=y-yL78_sZcr,Gradient Imbalance and solution in Online Continual learning,Online continual learning; Lifelong learning; Gradient imbalance,None,"Most existing techniques for online continual learning are based on experience-replay. In this approach, a memory buffer is used to save some data from past tasks for dealing with catastrophic forgetting. In training, a small batch of data from the data stream of the current task and some sampled data from a memory buffer are used jointly to update or train the current model. In this paper, we study the experience replay-based approach from a new angle, gradient imbalance. We first investigate and analyze this phenomenon experimentally from two perspectives: imbalance of samples introduced by experience replay and sequence of classes introduced by incremental learning. To our knowledge, this problem has not been studied before and it significantly limits the performance of online continual learning. Based on observations from experiments and theoretical analysis, a new learning strategy and a new loss are proposed to deal with the problem. Empirical evaluation shows that GAD helps improve the online CL performance by more than 11% in accuracy.",This paper analyzes the gradient imbalance problem in online continual learning and proposes a new strategy and a novel loss function to deal with the problem.
https://openreview.net/forum?id=V3NZqmGA6yk,Beyond Pixels: A Sample Based Method for understanding the decisions of Neural Networks,Machine Learning Interpretability; Bias; ImageNet; AlexNet; ResNet; VGG-16; Inception; CNNs; MNIST,None,"Interpretability in deep learning is one of the largest obstacles to more widespread adoption of deep learning in critical applications. A variety of methods have been introduced to understand and explain decisions made by large neural networks. A class of these methods are algorithms that attempt to highlight which input or feature subset was most influential to model predictions. We identify two key weaknesses in existing methods. First, most existing methods do not provide a formal measure of which features are important on their own, and which are important due to correlations with others. Second, many of these methods are only applied to the most granular component of input features (e.g., pixels). We partially tackle these problems by proposing a novel Morris Screening based sensitivity analysis method using input-partitioning (MoSIP). MoSIP allows us to quantify local and global importance of less granular aspects of input space, and helps highlight which parts of inputs are individually important and which are potentially important due to correlations. Through experiments on both MNIST with spurious correlations (Biased-MNIST), and the large scale ImageNet-1K dataset, we reveal several new and interesting findings. Our key finding is that newer CNN architectures (e.g., ResNet) compared to older architectures (e.g., VGG) do not extract fundamentally more relevant features, but simply make stronger use of non-linearities and feature interactions. This can manifest itself in the use of spurious correlations in the data to make decisions.",This paper introduces a sample based method for understanding how semantic representations of inputs (eg image regions and color) impact model predictions.
https://openreview.net/forum?id=XHMwXYdGm6H,Rethinking Negative Sampling for Handling Missing Entity Annotations,Missing Annotations; NER; Negative Sampling; Unlabeled Entity Problem,None,"Negative sampling is highly effective in handling missing annotations for named entity recognition (NER). One of our contributions is an analysis on how it makes sense through introducing two insightful concepts: missampling and uncertainty. Empirical studies show low missampling rate and high uncertainty are both essential for achieving promising performances with negative sampling. Based on the sparsity of named entities, we also theoretically derive a lower bound for the probability of zero missampling rate, which is only relevant to sentence length. The other contribution is an adaptive and weighted sampling distribution that further improves negative sampling via our former analysis. Experiments on synthetic datasets and well-annotated datasets (e.g., CoNLL-2003) show that our proposed approach benefits negative sampling in terms of F1 score and loss convergence. Besides, models with improved negative sampling have achieved new state-of-the-art results on real-world datasets (e.g., EC).","We have analyzed why negative sampling succeeds in handling missing annotations, and further improved its effectiveness."
https://openreview.net/forum?id=5vjyt5JHmaU,Safe Exploration in Linear Equality Constraint,Reinforcement Learning; safe exploration; Singular Value Decomposition; strictly satisfy constraint; Model-based,None,"With the extensive research and application, some shortcomings of reinforcement learning methods are gradually revealed. One of the considerable problems is that it is difficult for reinforcement learning methods to strictly satisfy the constraints. In this paper, a Singular Value Decomposition-based non-training method called 'Action Decomposition Regular' is proposed to achieve safe exploration. By adopting linear dynamics model, our method decomposes the action space into a constraint dimension and a free dimension for separate control, making policy strictly satisfy the linear equality constraint without limiting the exploration region. In addition, we show how our method should be used when the action space is limited and convex, which makes the method more suitable for real-world scenarios. Finally, we show the effectiveness of our method in a physically-based environment and prevail where reward shaping fails.",We propose a novel method that strictly satisfies linear equality constraint without limiting the exploration region in RL.
https://openreview.net/forum?id=c0AD3ll9Wyv,Can Label-Noise Transition Matrix Help to Improve Sample Selection and Label Correction?,None,None,"Existing methods for learning with noisy labels can be generally divided into two categories: (1) sample selection and label correction based on the memorization effect of neural networks; (2) loss correction with the transition matrix. So far, the two categories of methods have been studied independently because they are designed according to different philosophies, i.e., the memorization effect is a property of the neural networks independent of label noise while the transition matrix is exploited to model the distribution of label noise. In this paper, we take a first step in unifying these two paradigms by showing that modelling the distribution of label noise with the transition matrix can also help sample selection and label correction, which leads to better robustness against different types of noise. More specifically, we first train a network with the loss corrected by the transition matrix and then use the confidence of the estimated clean class posterior from the network to select and re-label instances. Our proposed method demonstrates strong robustness on multiple benchmark datasets under various types of noise.",We have proposed a calibrated sample selection and label correction method by exploiting the noise transition matrix.
https://openreview.net/forum?id=9Sf8fbue1br,Improving Mini-batch Optimal Transport via Partial Transportation,Deep Domain Adaptation; Deep Generative Models; Color Transfer; Optimal Transport,None,"Mini-batch optimal transport (m-OT) has been widely used recently to deal with the memory issue of OT in large-scale applications. Despite their practicality, m-OT suffers from misspecified mappings, namely, mappings that are optimal on the mini-batch level but are partially wrong in the comparison with the optimal transportation plan between the original measures. To address the misspecified mappings issue, we propose a novel mini-batch method by using partial optimal transport (POT) between mini-batch empirical measures, which we refer to as mini-batch partial optimal transport (m-POT). Leveraging the insight from the partial transportation, we explain the source of misspecified mappings from the m-OT and motivate why limiting the amount of transported masses among mini-batches via POT can alleviate the incorrect mappings. Finally, we carry out extensive experiments on various applications to compare m-POT with m-OT and recently proposed mini-batch method, mini-batch unbalanced optimal transport (m-UOT). We observe that m-POT is better than m-OT in deep domain adaptation applications while having comparable performance with m-UOT. On other applications, such as deep generative model and color transfer, m-POT yields more favorable performance than m-OT while m-UOT is non-trivial to apply.","The paper suggests replacing Optimal Transport with partial Optimal Transport to alleviate misspecified mappings in applications that uses mini-batches such as deep domain adaptation, deep generative models, and color transfer."
https://openreview.net/forum?id=jM62SQw28f,DeepFIB: Self-Imputation for Time Series Anomaly Detection,Time series anomaly detection; self-supervised learning; time series imputation,None,"Time series (TS) anomaly detection (AD) plays an essential role in various applications, e.g., fraud detection in finance and healthcare monitoring. Due to the inherently unpredictable and highly varied nature of anomalies and the lack of anomaly labels in historical data, the AD problem is typically formulated as an unsupervised learning problem. The performance of existing solutions is often not satisfactory, especially in data-scarce scenarios. To tackle this problem, we propose a novel self-supervised learning technique for AD in time series, namely DeepFIB. We model the problem as a Fill In the Blank game by masking some elements in the TS and imputing them with the rest. Considering the two common anomaly shapes (point- or sequence-outliers) in TS data, we implement two masking strategies with many self-generated training samples. The corresponding self-imputation networks can extract more robust temporal relations than existing AD solutions and effectively facilitate identifying the two types of anomalies. For continuous outliers, we also propose an anomaly localization algorithm that dramatically reduces AD errors. Experiments on various real-world TS datasets demonstrate that DeepFIB outperforms state-of-the-art methods by a large margin, achieving up to 65.2% relative improvement in F1-score.",None
https://openreview.net/forum?id=IOA9fJUUa0,"How does BERT address polysemy of Korean adverbial postpositions -ey, -eyse, and -(u)lo?",polysemy; natural language processing; classification; language model; BERT; data visualization; Korean,None,"The present study reports computational accounts of resolving word-level polysemy in a lesser-studied language—Korean. Postpositions, which are characterized as multiple form-function mapping and thus polysemous, pose a challenge to automatic analysis and model performance in identifying their functions. In this study, we devised a classification model by employing BERT and introduces a computational simulation that interactively demonstrates how a BERT model simulates human interpretation of word-level polysemy involving Korean adverbial postpositions -ey, -eyse, and -(u)lo. Results reveal that (i) there is an inverse relationship between the classification accuracy and the number of functions that each postposition manifests, (ii) the model performance is affected by the corpus size of each function, and (iii) the performance gradually improves as the epoch proceeds.",This study reports computational accounts of resolving word-level polysemy of Korean adverbial postpositions by employing BERT and visualization system.
https://openreview.net/forum?id=1RqyBxJU_Wy,A Flexible Measurement of Diversity in Datasets with Random Network Distillation,Diversity; Metric; Random Network Distillation; Generative,None,"Generative models are increasingly able to produce remarkably high quality images and text.  The community has developed numerous evaluation metrics for comparing generative models.  However, these metrics do not always effectively quantify data diversity.  We develop a new, more flexible diversity metric that can readily be applied to data, both synthetic and natural, of any type.  Our method employs random network distillation, a technique introduced in reinforcement learning.  We validate and deploy this metric on both images and text.  We further explore diversity in few-shot image generation, a setting which was previously difficult to evaluate.",None
https://openreview.net/forum?id=LjD1FGIza0I,A Novel Watermarking Framework for Ownership Verification of DNN Architectures,None,None,"We present a novel watermarking scheme to achieve the intellectual property (IP) protection and ownership verification of DNN architectures. Existing works all embedded watermarks into the model parameters while treating the architecture as public property. These solutions were proven to be vulnerable by an adversary to detect or remove the watermarks. In contrast, we are the first to claim model architectures as an important IP for model owners, and propose to implant watermarks into the architectures. We design new algorithms based on Neural Architecture Search (NAS) to generate watermarked architectures, which are unique enough to represent the ownership, while maintaining high model usability. Such watermarks can be extracted via side-channel-based model extraction techniques with high fidelity. Extensive evaluations show our scheme has negligible impact on the model performance, and exhibits strong robustness against various model transformations and adaptive attacks.",We present a novel watermarking scheme to achieve the intellectual property (IP) protection and ownership verification of DNN architectures.
https://openreview.net/forum?id=kkgh_x_DBSM,Protecting Proprietary Data: Poisoning for Secure Dataset Release,Secure Dataset Release; Data Poisoning; Availability Attack,None,"Large organizations such as social media companies continually release data, for example user images.  At the same time, these organizations leverage their massive corpora of released data to train proprietary models that give them an edge over their competitors.  These two behaviors can be in conflict as an organization wants to prevent competitors from using their own data to replicate the performance of their proprietary models.  We solve this problem by developing a data poisoning method by which publicly released data can be minimally modified to prevent others from training models on it.  Moreover, our method can be used in an online fashion so that companies can protect their data in real time as they release it.  We demonstrate the success of our approach on ImageNet classification and on facial recognition.",None
https://openreview.net/forum?id=TGfj2P_410X,On the Effect of Input Perturbations for Graph Neural Networks,graph neural networks,None,"The expressive power of a message passing graph neural network (MPGNN) depends on its architecture and the input node attributes. In this work, we study how this interplay is affected by input perturbations. First, perturbations of node attributes may act as noise and hinder predictive power. But, perturbations can also aid expressiveness, by making nodes more identifiable. Recent works show that unique node IDs are necessary to represent certain functions with MPGNNs. Our results relate properties of the noise, smoothness of the model and the geometry of the input graphs and task. In particular, we take the perspective of lower bounding smoothness for achieving discrimination: how much output variation is needed for exploiting random node IDs, or for retaining discriminability? Our theoretical results imply constraints on the model for exploiting random node IDs, and, conversely, insights into the tolerance of a given model class for retaining discrimination with perturbations of node attributes.",None
https://openreview.net/forum?id=xEaJvbVKeT,Open-Set Representation Learning through Combinatorial Embedding,Open-Set; Combinatorial Learning; Retrieval; Novel Class Discovery,None,"Visual recognition tasks are often limited to dealing with a small subset of classes simply because the labels for the remaining classes are unavailable. We are interested in identifying novel concepts in a dataset through representation learning based on the examples in both labeled and unlabeled classes, and extending the horizon of recognition to both known and novel classes. To address this challenging task, we propose a combinatorial learning approach, which naturally clusters the examples in unseen classes using the compositional knowledge given by multiple supervised meta-classifiers on heterogeneous label spaces. We also introduce a metric learning strategy to estimate pairwise pseudo-labels for improving representations of unlabeled examples, which preserves semantic relations across known and novel classes effectively. The proposed algorithm discovers novel concepts via a joint optimization of enhancing the discrimitiveness of unseen classes as well as learning the representations of known classes generalizable to novel ones. Our extensive experiments demonstrate remarkable performance gains by the proposed approach in multiple image retrieval and novel class discovery benchmarks.",Combinatorial embedding learns representations of examples in both novel classes and seen classes using the compositional knowledge given by heterogeneous classifiers.
https://openreview.net/forum?id=_qjEae4op-,MoFE: Mixture of Factual Experts for Controlling Hallucinations in Abstractive Summarization,abstractive summarization; content hallucinations,None,"Neural abstractive summarization models are susceptible to generating factually inconsistent content, a phenomenon known as hallucination. This limits the usability and adoption of these systems in real-world applications. To reduce the presence of hallucination,  we propose the Mixture of Factual Experts (MoFE) model, which combines multiple summarization experts that each target a specific type of error. We train our experts using reinforcement learning (RL) to minimize the error defined by two factual consistency metrics: entity overlap and dependency arc entailment. We construct MoFE by combining the experts using two ensembling strategies (weights and logits) and evaluate them on two summarization datasets (XSUM and CNN/DM). Our experiments on BART models show that the MoFE improves performance according to both entity overlap and dependency arc entailment, without a significant performance drop on standard ROUGE metrics. The performance improvement also transfers to unseen factual consistency metrics, such as question answer-based factuality evaluation metric and BERTScore precision with respect to the source document.","We propose a simple framework that applies ensemble of factual experts, that each target different kind of factual errors, to reduce content hallucinations in abstractive summarization."
https://openreview.net/forum?id=Mdn3eM7VHFn,Grounding Language Representation with Visual Object Information via Cross Modal Pretraining,Grounded Language Learning; Language Model,None,"Previous studies of visual grounded language learning use a convolutional neural network (CNN) to extract features from the whole image for grounding with the sentence description. However, this approach has two main drawbacks: (i) the whole image usually contains more objects and backgrounds than the sentence itself; thus, matching them together will confuse the grounded model; (ii) CNN only extracts the features of the image but not the relationship between objects inside that, limiting the grounded model to learn complicated contexts. To overcome such shortcomings, we propose a novel object-level grounded language learning framework that empowers the language representation with visual object-grounded information. The framework is comprised of three main components: (i) ObjectGroundedBERT captures the visual-object relations and literary portrayals by cross-modal pretraining via a Text-grounding mechanism, (ii) Visual encoder represents a visual relation between objects and (iii) Cross-modal Transformer helps the Visual encoder and ObjectGroundedBERT learn the alignment and representation of image-text context. Experimental results show that our proposed framework consistently outperforms the baseline language models on various language tasks of GLUE and SQuAD datasets.",We propose a novel object-level grounded language learning framework that empowers the language representation with visual object-grounded information.
https://openreview.net/forum?id=HZ83Rymg-tf,L2E: Learning to Exploit Your Opponent,Opponent Modeling; Learning to Learn,None,"Opponent modeling is essential to exploit sub-optimal opponents in strategic interactions. Most previous works focus on building explicit models to directly predict the opponents' styles or strategies, which require a large amount of data to train the model and lack adaptability to unknown opponents. In this work, we propose a novel Learning to Exploit (L2E) framework for implicit opponent modeling. L2E acquires the ability to exploit opponents by a few interactions with different opponents during training, thus can adapt to new opponents with unknown styles during testing quickly. We propose a novel opponent strategy generation algorithm that produces effective opponents for training automatically. We evaluate L2E on two poker games, a grid-world soccer environment, and a high-dimensional simulated robot environment, which are very challenging benchmarks for opponent modeling. Comprehensive experimental results indicate that L2E quickly adapts to diverse styles of unknown opponents.",We propose a framework to quickly exploit sub-optimal opponents without building explicit opponent models.
https://openreview.net/forum?id=TFzHbrMveuZ,Knowledge Graph Completion as Tensor Decomposition: A Genreal Form and Tensor N-rank Regularization,Knowledge Graph; Tensor Decomposition; Low-rank Tensor Completion,None,"Knowledge graph completion (KGC) is a 3rd-order binary tensor completion task. Tensor decomposition based (TDB) models have shown great performance in KGC. In this paper, we summarize existing TDB models and derive a general form for them. Based on the general form, we show the principles of model design to satisfy logical rules. However, these models suffer from the overfitting problem severely. Therefore, we propose a regularization term based on the tensor $n$-rank which enforces the low-rankness of the tensor. First, we relax the tensor $n$-rank to the sum of the nuclear norms of the unfolding matrix along each mode of the tensor. In order to be computationally efficient, we further give an upper bound of the sum of the nuclear norms. Finally, we use the upper bound as the regularization term to achieve low-rank matrix decomposition of each unfolding matrix. Experiments show that our model achieves state-of-the-art performance on benchmark datasets.",We derive a general form for tensor decomposition based models and propose a regularization term based on the tensor n-rank.
https://openreview.net/forum?id=ZV3PZXrRDQ,Towards a Game-Theoretic View of Baseline Values in the Shapley Value,None,None,"This paper aims to formulate the problem of estimating optimal baseline values, which are used to compute the Shapley value in game theory. In the computation of Shapley values, people usually set an input variable to its baseline value to represent the absence of this variable. However, there are no studies on how to ensure that baseline values represent the absence states of variables without bringing in additional information, which ensures the trustworthiness of the Shapley value. To this end, previous studies usually determine baseline values in an empirical manner, which are not reliable. Therefore, we revisit the feature representation of a deep model in game theory, and formulate the absence state of an input variable. From the perspective of game-theoretic interaction, we learn the optimal baseline value of each input variable. Experimental results have demonstrated the effectiveness of our method. The code will be released when the paper is accepted.",None
https://openreview.net/forum?id=Odu6pOBshzQ,Sublinear Least-Squares Value Iteration via Locality Sensitive Hashing,None,None,"We present the first provable Least-Squares Value Iteration (LSVI) algorithm that achieves runtime complexity sublinear in the number of actions.  We formulate the value function estimation procedure in value iteration as an approximate maximum inner product search problem and propose a locality sensitive hashing (LSH) type data structure to solve this problem with sublinear time complexity. Moreover, we build the connections between the theory of approximate maximum inner product search and the regret analysis of reinforcement learning. We prove that, with our choice of approximation factor, our Sublinear LSVI algorithms maintain the same regret as the original LSVI algorithms while reducing the runtime complexity to sublinear in the number of actions. To the best of our knowledge, this is the first work that combines LSH with reinforcement learning that resulting in provable improvements.  We hope that our novel way of combining data structures and iterative algorithm will open the door for further study into the cost reduction in optimization.",We present the first provable Least-Squares Value Iteration (LSVI) algorithms that have runtime complexity sublinear in the number of actions.
https://openreview.net/forum?id=Q1foAP0IL4x,Noisy Adversarial Training,Adversarial Training; Adversarial; Adversarial Defence; Decision Space,None,"In image classification, data augmentation and the usage of additional data has been shown to increase the efficiency of clean training and the accuracy of the resulting model. However, this does not prevent models from being fooled by adversarial manipulations. To increase the robustness, Adversarial Training (AT) is an easy, yet effective and widely used method to harden neural networks against adversarial inputs. Still, AT is computationally expensive and inefficient in that way, that only one adversarial input per sample of the current batch is created. We propose Noisy Adversarial Training (N-AT), which, for the first time, combines data augmentation in the decision space and adversarial training. By adding random noise to the original adversarial output vector, we create multiple pseudo adversarial instances, thus increasing the data pool for adversarial training. We show that this general idea is applicable to two different learning paradigms, i.e., supervised and self-supervised learning. Using N-AT instead of AT, we can increase the robustness relatively by 1.06\% for small seen attacks. For larger seen attacks, the relative gain in robustness increases up to 89.26\%. When combining a larger corpus of input data with our proposed method, we report an increase of the clean accuracy and for all observed attacks, compared to AT. In self-supervised training, we observe a similar increase in robust accuracy for seen attacks and large unseen attacks, when it comes to the downstream task of image classification. In addition, when the pretrained model is finetuned, we also report a relative gain in clean accuracy between 0.5\% and 1.11\%.",Increasing the efficiency of adversarial training by data augmentation in the decision space
https://openreview.net/forum?id=QXLWz6AguS,Modular Lagrangian Neural Networks: Designing Structures of Networks with Physical Inductive Biases,Representation Learning; Physical Inductive Bias; Lagrangian Mechanics; Dynamics; Extrapolation,None,"Deep learning struggles at extrapolation in many cases. This issue happens when it comes to untrained data domains or different input dimensions and becomes more common in physical problems. Leveraging physical inductive biases can help relieve this issue and generalise the laws of physics. Based on this idea, we proposed a kind of structural neural network called Modular Lagrangian Neural Networks (ModLaNNs). This model can learn from the dynamics of simpler systems such as three-body systems and extrapolate to more complex ones like multi-body systems, which is not feasible using other relevant physical-informed neural networks. We tested our model on double-pendulum or three-body systems and reached the best results compared with our counterparts. At the same time, we directly applied our trained models to predict the motion of multi-pendulum and multi-body systems, demonstrating the intriguing performance in the extrapolation of our method.",We proposed a physics-informed neural network structure for learning laws of physics of the dynamical systems and extrapolating to more complex systems with the same laws.
https://openreview.net/forum?id=nWFFfnnz-mF,Effects of Conservatism on Offline Learning,Conservatism; Offline Reinforcement Learning; Optimization.,None,"Conservatism, the act of underestimating an agent's expected value estimates, has demonstrated profound success in model-free, model-based, multi-task, safe and other realms of offline Reinforcement Learning (RL). Recent work, on the other hand, has noted that conservatism often hinders learning of behaviors. To that end, the paper asks the question how does conservatism affect offline learning? The proposed answer studies conservatism in light of value function optimization, approximate objectives that upper bound underestimations and behavior cloning as auxilary regularization objective. Conservative agents implicitly steer estimates away from the true value function, resulting in optimization objectives with high condition numbers. Mitigating these issues requires an upper bounding objective. These approximate upper bounds, however, impose strong geometrical assumptions on the dataset design, a result which is only sparsely fulfilled. Driven by theoretical observations, provision of an auxilary behavior cloning objective as variational regularization to estimates results in accurate value estimation, well-conditioned search spaces and expressive parameterizations. In an empirical study of discrete and continuous control tasks, we validate our theoretical insights and demonstrate the practical effects of learning underestimated value functions.","The paper studies conservatism in light of value function optimization, upper bounding approximations and behavior cloning as auxilary regularization."
https://openreview.net/forum?id=pkh8bwJbUbL,Fair Representation Learning through Implicit Path Alignment,Fairness,None,"We considered a fair representation learning perspective, where optimal predictors, on top of the data representation, are ensured to be invariant with respect to different subgroups.  Specifically, we formulated the problem as a bi-level optimization, where the representation is learned in the outer-level, and invariant optimal group predictors are updated in the inner-level. To avoid the high computational and memory cost of differentiating in the inner-level optimization, we proposed the implicit path alignment algorithm, which only relies on the solution of inner optimization and the implicit differentiation rather than the exact optimization path. Moreover, the proposed bi-level objective is demonstrated to fulfill the sufficient rule, which is desirable in various practical scenarios but was not commonly studied in fair representation learning. We further analyzed the error gap of the implicit approach and empirically validated the proposed method in both classification and regression settings. Experimental results show the consistently better trade-off in prediction performance and fairness measurement.",None
https://openreview.net/forum?id=oEyUP37aoU7,Secure Domain Adaptation with Multiple Sources,unsupervised domain adaptation; multi-source domain adaptation; data privacy; source-free adaptation,None,"Multi-source unsupervised domain adaptation (MUDA) is a recently explored  learning framework within UDA, where the goal is to address the challenge of annotated data scarcity in a target domain via transferring knowledge from multiple source domains with annotated data.  When the source domains are distributed, data privacy and security can become a significant concern, e.g., medical domains, yet existing MUDA methods overlook this concern. We develop an algorithm to address MUDA when source domains' data cannot be shared.  Our method is based on aligning the distributions of the source and target domains indirectly via  internally learned distributions in an intermediate embedding space. Our  theoretical analysis supports our approach and extensive empirical results demonstrate our algorithm is effective and compares favorably against existing MUDA methods.",Unsupervised multi source domain adaptation that is source free and keeps privacy between source domains.
https://openreview.net/forum?id=yrbF6ekqQ9w,Robust fine-tuning of zero-shot models,robustness; zero-shot; fine-tuning; CLIP; distribution shift,None,"Large pre-trained models such as CLIP offer consistent accuracy across a range of data distributions when performing zero-shot inference (i.e., without fine-tuning on a specific dataset).  Although existing fine-tuning approaches substantially improve accuracy in-distribution, they also reduce out-of-distribution robustness.  We address this tension by introducing a simple and effective method for improving robustness:  ensembling the weights of the zero-shot and fine-tuned models (WiSE-FT). Compared to standard fine-tuning, WiSE-FT provides large accuracy improvements out-of-distribution, while matching or improving in-distribution accuracy.  On ImageNet (in-distribution) and five derived distribution shifts, WiSE-FT improves out-of-distribution accuracy by 2 to 10 percentage points (pp) while increasing in-distribution accuracy by nearly 1 pp relative to standard fine-tuning. WiSE-FT achieves similarly large robustness improvements (2 to 15 pp) on a diverse set of six further distribution shifts, and in-distribution accuracy gains of 0.8 to 3.3 pp compared to standard fine-tuning on seven commonly used transfer learning datasets. These improvements come at no additional computational cost during fine-tuning or inference.","We propose WiSE-FT, a method for fine-tuning zero-shot models that improves out-of-distribution accuracy while maintaining or improving in-distribution accuracy compared to standard fine-tuning."
https://openreview.net/forum?id=vtLbsGUyYx,AutoCoG: A Unified Data-Modal Co-Search Framework for Graph Neural Networks,GCN; NAS,None,"Neural architecture search  (NAS)  has demonstrated success in discovering promising architectures for vision or language modeling tasks, and it has recently been introduced to searching for graph neural networks  (GNNs)  as well. Despite the preliminary success, we argue that for GNNs, NAS has to be customized further, due to the topological complicacy of GNN input data (graph) as well as the notorious training instability. Besides optimizing the GNN model architecture, we propose to simultaneously optimize the input graph topology, via a set of parameterized data augmentation operators. That yields AutoCoG, the first unified data-model co-search NAS framework for GNNs.  By defining a highly flexible data-model co-search space, AutoCoG is gracefully formulated as a principled bi-level optimization, that can be end-to-end solved by the differential search methods.  Experiments demonstrate that AutoCoG produces state-of-the-art performance at standard benchmarks including Cora, PubMed, and Citeseer, outperforming both state-of-the-art hand-crafted  GNNs as well as recent  GNN-NAS methods. AutoCoG can also scale to searching deeper  GCNs in larger-scale datasets.  Our method consistently achieves state-of-the-art (SOTA) results on Cora, Citeseer, Pubmed, and ogbn-arxiv.  Specifically, we achieve gains of up to 2.04% for Cora, 2.54% for Citeseer, 2.08% for Pubmed, and finally 0.83% for ogbn-arxiv on our benchmarks.","We propose AutoCoG, a NAS framework to unified model's architecture search and data augmentation policy in a differentiable manner."
https://openreview.net/forum?id=6CrZzjpjWdk,KG-FiD: Infusing Knowledge Graph in Fusion-in-Decoder for Open-Domain Question Answering,open-domain question answering; knowledge graph; pre-trained language model,None,"Current Open-Domain Question Answering (ODQA) model paradigm often contains a retrieving module and a reading module. Given an input question, the reading module predicts the answer from the relevant passages which are retrieved by the retriever. The recent proposed Fusion-in-Decoder (FiD), which is built on top of the pretrained generative model T5, achieves the state-of-the-art performance in the reading module. Although being effective, it remains constrained by inefficient attention on all retrieved passages which contain a lot of noise. In this work, we propose a novel method KG-FiD, which filters noisy passages by leveraging the structural relationship among the retrieved passages with a knowledge graph. We initiate the passage node embedding from the FiD encoder and then use graph neural network (GNN) to update the representation for reranking. To improve the efficiency, we build the GNN on top of the intermediate layer output of the FiD encoder and only pass a few top reranked passages into the higher layers of encoder and decoder for answer generation. We also apply the proposed GNN based reranking method to enhance the passage retrieval results in the retrieving module. Extensive experiments on common ODQA benchmark datasets (Natural Question and TriviaQA) demonstrate that KG-FiD can improve vanilla FiD by up to 1.5% on answer exact match score and achieve comparable performance with FiD with only 40% of computation cost.",We improve current best ODQA reader Fusion-in-Decoder by leveraging knowledge graphs to construct passage graph for joint graph-based passage reranking and answer generation.
https://openreview.net/forum?id=fWVQqtshDj,MOBA: Multi-teacher Model Based Reinforcement Learning,Model-based reinforcement leanring; Multi-teacher knowledge distillation; Emsemble learning,None,"Although reinforcement learning (RL) shines at solving decision-making problems, it not only requires collecting a large amount of environment data but also is time-consuming for training and interaction, making it hard to apply to real applications. To reduce the time-cost and improve the data efficiency, model-based reinforcement learning uses a learned system model to predict system dynamics (i.e. states or rewards) and makes a plan accordingly, thus avoiding the frequent environment interaction. Model-based methods suffer from the model-bias problem, where certain spaces of model are inaccurate, resulting in policy learning variations and system performance degradation.
We propose a Multi-teacher MOdel BAsed Reinforcement Learning algorithm (MOBA), which leverages multi-teacher knowledge distillation theory to solve the model-bias problem. Specifically, different teachers search different spaces and learn various instances of a system. By distilling and transferring the teacher knowledge to a student, the student model is able to learn a generalized dynamic model that covers the state space. Moreover, to overcome the instability of multi-teacher knowledge transfer, we learn a set of student models and use an ensemble method to jointly predict system dynamics. We evaluate MOBA in high-dimensional control locomotion tasks. Results show that, compared with SOTA model-free methods, our method can improve the data efficiency and system performance by up to 75% and 10%, respectively. Moreover, our method outperforms other SOTA model-based approaches by up to 63.2% when exposed to high-range model-bias environments.",None
https://openreview.net/forum?id=qLm6hqXBIj_,Learning Representations that Support Robust Transfer of Predictors,out-of-distribution generalization; representation learning,None,"Ensuring generalization to unseen environments remains a challenge. Domain shift can lead to substantially degraded performance unless shifts are well-exercised within the available training environments. We introduce a simple robust estimation criterion -- transfer risk -- that is specifically geared towards optimizing transfer to new environments. Effectively, the criterion amounts to finding a representation that minimizes the risk of applying any optimal predictor trained on one environment to another. The transfer risk essentially decomposes into two terms, a direct transfer term and a weighted gradient-matching term arising from the optimality of per-environment predictors. Although inspired by IRM, we show that transfer risk serves as a better out-of-distribution generalization criterion theoretically and empirically. We further demonstrate the impact of optimizing such transfer risk on two controlled settings, each representing a different pattern of environment shift, as well as on two real-world datasets. Experimentally, the approach outperforms baselines across various out-of-distribution generalization tasks.","We propose an algorithm, termed transfer risk minimization, to improve the out-of-distribution generalization of machine learning models."
https://openreview.net/forum?id=zdpZyJ7xu4,FOCUS: Familiar Objects in Common And Uncommon Settings,focus; dataset; focus dataset; generalization; distributional robustness; robustness,None,"Standard training datasets for deep learning often contain objects in common settings (e.g., ""a horse on grass"" or ""a ship in water"") since they are usually collected by randomly scraping the web. Uncommon and rare settings (e.g., ""a plane on water"", ""a car in snowy weather"") are thus severely under-represented in the training data. This can lead to an undesirable bias in model predictions towards common settings and create a false sense of accuracy. In this paper, we introduce FOCUS (Familiar Objects in Common and Uncommon Settings), a dataset for stress-testing the generalization power of deep image classifiers. By leveraging the power of modern search engines, we deliberately gather data containing objects in common and uncommon settings in a wide range of locations, weather conditions, and time of day. We present a detailed analysis of the performance of various popular image classifiers on our dataset and demonstrate a clear drop in performance when classifying images in uncommon settings. By analyzing deep features of these models, we show that such errors can be due to the use of spurious features in model predictions. We believe that our dataset will aid researchers in understanding the inability of deep models to generalize well to uncommon settings and drive future work on improving their distributional robustness.","Introducing FOCUS, a new dataset for assessing the generalization power of image classifiers."
https://openreview.net/forum?id=O4dxuEsIo9S,Spending Your Winning Lottery Better After Drawing It,Lottery Ticket Hypothesis; Sparse Network Optimization; Sparse Training,None,"Lottery Ticket Hypothesis (LTH) (Frankle & Carbin, 2019) suggest suggests that a dense neural network contains a sparse sub-network that can match the performance of the original dense network when trained in isolation from scratch. Most works retrain the sparse sub-network with the same training protocols as its dense network, such as initialization, architecture blocks, and training recipes. However, till now it is unclear that whether these training protocols are optimal for sparse networks. 
In this paper, we demonstrate that it is unnecessary for spare retraining to strictly inherit those properties from the dense network. Instead, by plugging in purposeful ""tweaks"" of the sparse subnetwork architecture or its training recipe, its retraining can be significantly improved than the default, especially at high sparsity levels. Combining all our proposed ""tweaks"" can yield the new state-of-the-art performance of LTH, and these modifications can be easily adapted to other sparse training algorithms in general. Specifically, we have achieved a significant and consistent performance gain of 1.05% - 4.93% for ResNet18 on CIFAR-100 over vanilla-LTH. Moreover, our methods are shown to generalize across datasets (CIFAR10, CIFAR100, TinyImageNet) and architectures (Vgg16, ResNet-18/ResNet-34, MobileNet). All codes will be publicly available.","In this work, we demonstrate that purposely re-tweaking the sparse subnetwork re-training step of LTH by incorporating smoothness can achieve better performance."
https://openreview.net/forum?id=cqHeSMTkoBm,Learning Multi-Objective Curricula for Deep Reinforcement Learning,Curriculum Learning; Reinforcement learning; Hyper-network,None,"Various automatic curriculum learning (ACL) methods have been proposed to improve the sample efficiency and final performance of deep reinforcement learning (DRL). They are designed to control how a DRL agent collects data, which is inspired by how humans gradually adapt their learning processes to their capabilities. For example, ACL can be used for subgoal generation, reward shaping, environment generation, or initial state generation. However, prior work only considers curriculum learning following one of the aforementioned predefined paradigms. It is unclear which of these paradigms are complementary, and how the combination of them can be learned from interactions with the environment. Therefore, in this paper, we propose a unified automatic curriculum learning framework to create multi-objective but coherent curricula that are generated by a set of parametric curriculum modules. Each curriculum module is instantiated as a neural network and is responsible for generating a particular curriculum. In order to coordinate those potentially conflicting modules in unified parameter space, we propose a multi-task hyper-net learning framework that uses a single hyper-net to parameterize all those curriculum modules. In addition to existing hand-designed curricula paradigms, we further design a flexible memory mechanism to learn an abstract curriculum, which may otherwise be difficult to design manually. We evaluate our method on a series of robotic manipulation tasks and demonstrate its superiority over other state-of-the-art ACL methods in terms of sample efficiency and final performance.",None
https://openreview.net/forum?id=NJTRDt9TPb,Diverse Imitation Learning via Self-OrganizingGenerative Models,None,None,"Imitation learning is the problem of teaching an agent to replicate expert policy from demonstrations when the underlying reward function is unavailable. This task becomes particularly challenging when the expert demonstrates a mixture of behaviors, often modeled by a discrete or continuous latent variable.
Prior work has addressed imitation learning in such mixture scenarios by recovering the underlying latent variables, in the context of both supervised learning (behavior cloning), and generative adversarial imitation learning (GAIL). In several robotic locomotion tasks, simulated in the MuJoCo platform, we observe that existing models fail in distinguishing and imitating different modes of behavior in both cases of discrete and continuous latent variables. To address this problem, we introduce a novel generative model for behavior cloning, in a mode-separating manner. We also integrate our model with GAIL, to achieve robustness to the problem of compounding error caused by unseen states. We show that our models outperform the state-of-the-art in aforementioned experiments.",None
https://openreview.net/forum?id=9AuUv3LKWe2,MGA-VQA: Multi-Granularity Alignment for Visual Question Answering,Computer Vision; Visual Question Answering,None,"Learning to answer visual questions is a challenging task since the multimodal inputs are within two feature spaces. Moreover, reasoning in visual question answering requires the model to understand both image and question, and align them in the same space, rather than simply memorize statistics about the question-answer pairs. Thus, it is essential to find component connections between different modalities and within each modality to achieve better attention. Previous works learned attention weights directly on the features. However, the improvement is limited since these two modality features are in two domains: image features are highly diverse, lacking structure and grammatical rules as language, and natural language features have a higher probability of missing detailed information. To better learn the attention between visual and text, we focus on how to construct input stratification and embed structural information to improve the alignment between different level components. We propose Multi-Granularity Alignment architecture for Visual Question Answering task (MGA-VQA), which learns intra- and inter-modality correlations by multi-granularity alignment, and outputs the final result by the decision fusion module. In contrast to previous works, our model splits alignment into different levels to achieve learning better correlations without needing additional data and annotations. The experiments on the VQA-v2 and GQA datasets demonstrate that our model significantly outperforms non-pretrained state-of-the-art methods on both datasets without extra pretraining data and annotations. Moreover, it even achieves better results over the pre-trained methods on GQA.",We propose a novel approach that answers visual questions by jointly learning different granularities of visual and language alignment.
https://openreview.net/forum?id=ebl1ssKFHBb,Differentiable Discrete Device-to-System Codesign for Optical Neural Networks via Gumbel-Softmax,hardware-software codesign; optical neural network; regularization,None,"Deep neural networks (DNNs) have significantly improved the productions in many areas like large-scale computer vision and natural language processing. While conventional DNNs implemented on digital platforms have intrinsic limitations in computation and memory requirements, optical neural networks (ONNs), such as diffractive optical neural networks (DONNs), have attracted lots of attention as they can bring significant advantages in terms of power efficiency, parallelism, and computational speed. In order to train DONNs, fully differentiable physical optical propagations have been developed, which can be used to train the physical parameters in optical systems using conventional gradient descent algorithms. However, inversely mapping algorithm-trained physical model parameters onto the applied stimulus in real-world optical devices is a non-trivial task, which can involve multiple imperfections (e.g., quantization and non-monotonicity) and is especially challenging in complex-valued domains. This work proposes a novel device-to-system hardware-software codesign framework, which enables efficient training of DONNs w.r.t arbitrary experimental measured optical devices across layers. Specifically, Gumbel-Softmax with a novel complex-domain regularization method is employed to enable differentiable one-to-one mapping from discrete device parameters into the forward function of DONNs, where the physical parameters in DONNs can be trained by simply minimizing the loss function of the ML task. The experimental results have demonstrated significant advantages over traditional quantization-based methods with low-precision optical devices (e.g., 8 discrete values), with ~20% accuracy improvements for MNIST and ~28% for FashionMNIST. More importantly, our framework provides high versatility in codesign even for one system implemented with mixed optical devices. In addition, we include comprehensive studies of regularization analysis, temperature scheduling exploration, and runtime complexity evaluation of the proposed framework.",This work proposes a novel flexible device-to-system hardware-software codesign framework which enables efficient training of DONNs systems implemented with arbitrary experimental measured optical devices for layers.
https://openreview.net/forum?id=-AY7C3f26C_,Rethinking Deep Face Restoration,face restoration; generative model,None,"A model that can authentically restore a low-quality face image to a high-quality one can benefit many applications.
While existing approaches for face restoration make significant progress in generating high-quality faces, they often fail to preserve facial features and cannot authentically reconstruct the faces. Because the human visual system is very sensitive to faces, even minor facial changes may alter the identity and significantly degrade the perceptual quality. In this work, we argue the problems of existing models can be traced down to the two sub-tasks of the face restoration problem, i.e. face generation and face reconstruction,
and the fragile balance between them. Based on the observation, we propose a new face restoration model that improves both generation and reconstruction by learning a stochastic model and enhancing the latent features respectively. Furthermore, we adapt the number of skip connections for a better balance between the two sub-tasks. Besides the model improvement, we also introduce a new evaluation metric for measuring models' ability to preserve the identity in the restored faces. Extensive experiments demonstrate that our model achieves state-of-the-art performance on multiple face restoration benchmarks. The user study shows that our model produces higher quality faces while better preserving the identity $86.4\%$ of the time compared with the best performing baselines.",We propose a novel face restoration model and achieve the state-of-the-art on blind face restoration and super-resolution bechmarks.
https://openreview.net/forum?id=O17RRqiZc5x,Adjoined Networks: A Training Paradigm with Applications to Network Compression,Deep Neural Network; Compression; Knowledge Distillation,None,"Compressing deep neural networks while maintaining accuracy is important when we want to deploy large, powerful models in production and/or edge devices. One common technique used to achieve this goal is knowledge distillation. Typically, the output of a static pre-defined teacher (a large base network) is used as soft labels to train and transfer information to a student (or smaller) network. In this paper, we introduce Adjoined Networks, or AN, a learning paradigm that trains both the original base network and the smaller compressed network together. In our training approach, the parameters of the smaller network are shared across both the base and the compressed networks. Using our training paradigm, we can simultaneously compress (the student network) and regularize (the teacher network) any architecture. In this paper, we focus on popular CNN-based architectures used for computer vision tasks. We conduct an extensive experimental evaluation of our training paradigm on various large-scale datasets. Using ResNet-50 as the base network, AN achieves 71.8% top-1 accuracy with only 1.8M parameters and 1.6 GFLOPs on the ImageNet data-set. We further propose Differentiable Adjoined Networks (DAN), a training paradigm that augments AN by using neural architecture search to jointly learn both the width and the weights for each layer of the smaller network. DAN achieves ResNet-50 level accuracy on ImageNet with $3.8\times$ fewer parameters and $2.2\times$ fewer FLOPs.","We propose Adjoined Network, a learning paradigm that trains both the base (or teacher) network and the smaller compressed (or student) network together."
https://openreview.net/forum?id=V37YFd_fFgN,Leveraging Redundancy in Attention with Reuse Transformers,Transformers; attention; redundancy; reuse; efficient,None,"Pairwise dot product-based attention allows Transformers to exchange information between tokens in an input-dependent way, and is key to their success across diverse applications in language and vision. However, a typical Transformer model computes such pairwise attention scores repeatedly for the same sequence, in multiple heads in multiple layers. We systematically analyze the empirical similarity of these scores across heads and layers and find them to be considerably redundant, especially adjacent layers showing high similarity. Motivated by these findings, we propose a novel architecture that reuses attention scores computed in one layer in multiple subsequent layers. Experiments on a number of standard benchmarks show that reusing attention delivers performance equivalent to or better than standard transformers, while reducing both compute and memory usage.",We identify and reduce redundancy in attention in Transformers
https://openreview.net/forum?id=CyhUPn9RDT3,IQNAS: Interpretable Integer Quadratic programming Neural Architecture Search,Neural Architecture Search,None,"Realistic use of neural networks often requires adhering to multiple constraints on latency, energy and memory among others. A popular approach to find fitting networks is through constrained Neural Architecture Search (NAS). However, previous methods use complicated predictors for the accuracy of the network. Those predictors are hard to interpret and sensitive to many hyperparameters to be tuned, hence, the resulting accuracy of the generated models is often harmed.  In this work we resolve this by introducing Interpretable Integer Quadratic programming Neural Architecture Search (IQNAS), that is based on an accurate and simple quadratic formulation of both the accuracy predictor and the expected resource requirement, together with a scalable search method with theoretical guarantees. The simplicity of our proposed predictor together with the intuitive way it is constructed bring interpretability through many insights about the contribution of different design choices.  For example, we find that in the examined search space, adding depth and width is more effective at deeper stages of the network and at the beginning of each resolution stage. Our experiments show that IQNAS generates comparable to or better architectures than other state-of-the-art NAS methods within a reduced search cost for each additional generated network, while strictly satisfying the resource constraints.",Constructing interpretable quadratic accuracy predictors to serve as an objective function for a IQCQP problem that represents NAS under latency constraints and solve it with efficient algorithms.
https://openreview.net/forum?id=Q1gackXQrSV,Language Modulated Detection and Detection Modulated Language Grounding in 2D and 3D Scenes,Language Grounding; Modulated Object Detection; Attention; Vision and Language,None,"To localize an object referent, humans attend to different locations in the scene and visual cues depending on the utterance.   Existing language and vision systems often model such task-driven attention using object proposal bottlenecks:  a pre-trained detector proposes objects in the scene, and the model is trained to selectively process those proposals and then predict the answer without attending to the original image.  Object detectors are typically trained on a fixed vocabulary of objects and attributes that is often too restrictive for open-domain language grounding, where the language utterance may refer to visual entities in various levels of abstraction, such as a cat, the leg of a cat, or the stain on the front leg of the chair. This paper proposes a model that reconciles language grounding and object detection with two main contributions: i) Architectures that exhibit iterative attention across the language stream, the pixel stream, and object detection proposals.In this way, the model learns to condition on easy-to-detect objects (e.g., “table”) and language hints (e.g.  “on the table”) to detect harder objects (e.g., “mugs”)mentioned in the utterance.  ii) Optimization objectives that treat object detection as language grounding of a large predefined set of object categories.  In this way,cheap object annotations are used to supervise our model, which results in performance improvements over models that are not co-trained across both referential grounding  and  object  detection.   Our  model  has  a  much  lighter  computational footprint,  achieves  faster  convergence  and  has  shown  on  par  or  higher  performance compared to both detection-bottlenecked and non-detection bottlenecked language-vision models on both 2D and 3D language grounding benchmarks.",We attend on the visual and the language stream as well as object proposals to detect more objects conditioning on easy to detect objects and language hints
https://openreview.net/forum?id=yulAchHedcT,Faster Neural Net Inference via Forests of Sparse Oblique Decision Trees,neural network compression; tree-based compression; decision trees; decision forests,None,"It is widely established that large neural nets can be considerably compressed by techniques such as pruning, quantization or low-rank factorization. We show that neural nets can be further compressed by replacing layers of it with a special type of decision forest. This consists of sparse oblique trees, trained with the Tree Alternating Optimization (TAO) algorithm, using a teacher-student approach. We find we can replace the fully-connected and some convolutional layers of standard architectures with a decision forest containing very few, shallow trees so that the prediction accuracy is preserved or improved, but the number of parameters and especially the inference time is greatly reduced. For example, replacing last 7 layers of VGG16 with a single tree reduces the inference FLOPs by 7440$\times$ with a marginal increase in the test error, and a boosted ensemble of nine trees can match the network's performance while still reducing the FLOPs 6289$\times$. The idea is orthogonal to other compression approaches, which can also be used on other parts of the net not being replaced by a forest.","Decision trees, if trained with a suitable optimization algorithm, can act as an efficient compression mechanism for neural networks."
https://openreview.net/forum?id=1hw-h1C8bch,Practical Adversarial Training with Differential Privacy for Deep Learning,adversarial robustness; differential privacy; adversarial training; calibration; deep learning,None,"Deep learning models are often vulnerable to privacy risks and adversarial attacks, rendering them un-trustworthy on crowd-sourced tasks. However, these risks are rarely resolved jointly, despite the fact that there are separate solutions in the security community and the privacy community. In this work, we propose the practical adversarial training with differential privacy (DP-Adv), to combine the backbones from both communities and deliver robust and private models with high accuracy. Our algorithm is significantly more concise in the design, compared to previous arts, and is capable of incorporating technical advances from both communities. To be specific, DP-Adv can work with all existing DP optimizers and attacking methods off-the-shelf. In particular, DP-Adv is as private as non-robust DP training, and as efficient as non-DP adversarial training. Our experiments on multiple image datasets show that DP-Adv outperforms state-of-the-art methods that preserve robustness and privacy. Furthermore, we observe that adversarial training and DP can notably worsen the calibration, but the mis-calibration can be mitigated by pre-training.","We propose an efficient and accurate training method, DP-Adv, to preserve both differential privacy and adversarial robustness in deep learning."
https://openreview.net/forum?id=hw5Kug2Go3-,Prototypical Variational Autoencoders,Variational Autoencoders; Latent Space Regularization,None,"Variational autoencoders are unsupervised generative models that implement latent space regularization towards a known distribution, enabling stochastic synthesis from straightforward sampling procedures. Many works propose various regularization approaches, but most struggle to compromise between proper regularization and good reconstruction quality. This paper proposes distributing the regularization through the latent space using prototypical anchored clusters, each with an optimal position in the latent space and following a known distribution. Such schema enables obtaining an appropriate number of clusters with solid regularization for better reconstruction quality and improved synthesis control. We experiment with our method using widespread exploratory benchmarks and report that regularization anchored on prototypes' coordinates or cluster centroids neutralizes the adverse effects regularization terms often have on autoencoder reconstruction quality, matching non-regularized autoencoders' performance. We also report appealing results for interpreting data representatives with simple prototype synthesis and controlling the synthesis of samples with prototype-like characteristics from decoding white noise around prototype anchors.",A new method for variational auto encoders regularization using prototypical online clustering
https://openreview.net/forum?id=iJ_nnX5Qvyt,Combinatorial Reinforcement Learning Based Scheduling for DNN Execution on Edge,Reinforcement Learning; Combinatorial Optimization; Edge Computing,None,"The past half-decade has seen unprecedented growth in machine learning with deep neural networks (DNNs) that represent state-of-the-art in many real-world applications. However, DNNs have substantial computational and memory requirements, in which the compilation of its computational graphs has great impact in resource-constrained (e.g., computation, I/O, and memory bounded) edge computing systems. While efficient execution of its computational graph leads to high-performance and energy-efficient execution, generating an optimal computational graph schedule is known as \textit{NP-hard} problem. The complexity of scheduling the DNNs computational graphs will further increase on pipelined multi-core system considering memory communication cost, as well as the increasing size of DNNs. This work presents a reinforcement learning based scheduling framework, which imitates the behaviors of optimal optimization algorithms at the speed of inference, and compiles arbitrary DNNs computational graphs without re-training. Our framework has demonstrated up to $\sim$$2.5\times$ runtime speedups over the commercial Edge TPU compiler, using ten popular ImageNet models, on physical Google Edge TPUs system. More importantly, compared to the exact optimization methods solved by heuristics and brute-force, the proposed RL scheduling improves the scheduling runtime by several orders of magnitude.","This work introduces a reinforcement learning based scheduling framework, which mimics optimal optimization algorithm in inference quality but in speedy way."
https://openreview.net/forum?id=ebZ0gGRJwQx,On the Convergence of Shallow Neural Network Training with Randomly Masked Neurons,None,None,"Given a dense shallow neural network, we focus on iteratively creating, training, and combining randomly selected subnetworks (surrogate functions), towards training the full model. By carefully analyzing $i)$ the subnetworks' neural tangent kernel, $ii)$ the surrogate functions' gradient, and $iii)$ how we sample and combine the surrogate functions, we prove linear convergence rate of the training error --within an error region-- for an overparameterized single-hidden layer perceptron with ReLU activations for a regression task. Our result implies that, for fixed neuron selection probability, the error term decreases as we increase the number of surrogate models, and increases as we increase the number of local training steps for each selected subnetwork. The considered framework generalizes and provides new insights on dropout training, multi-sample dropout training, as well as Independent Subnet Training; for each case, we provide corresponding convergence results, as corollaries of our main theorem.",None
https://openreview.net/forum?id=eqNpg2HMNi1,Physical System Design Using Hamiltonian Monte Carlo over Learned Manifolds,Physical Design; Mechanical Design; Generative Modeling; Hamiltonian Monte Carlo,None,"The design of complex physical systems entails satisfying several competing performance objectives. In practice, some design requirements are often implicit in the intuition and knowledge of designers who have many years of experience working with similar designs. Designers use this experience to sample a few promising candidates in the design space and evaluate or simulate them using detailed, typically slow multiphysics models. The goal in design is usually to generate a diverse set of high-performing design configurations that allow trade-offs across different objectives and avoid early concretization. In this paper, we develop a machine learning approach to automate physical system design. We use deep generative models to learn a manifold of the valid design space, followed by Hamiltonian Monte Carlo (HMC) with simulated annealing to explore and optimize design over the learned manifold, producing a diverse set of optimal designs. Our approach is akin to partial simulated annealing restricted to the learned design manifold, where the annealing schedule is varied to trade-off different objectives. To prevent our approach from traversing off the design manifold and proposing unreliable designs, we leverage Monte Carlo dropout as a way to detect and avoid design configurations where the learned model cannot be trusted. We demonstrate the efficacy of our proposed approach using several case studies that include the design of an SAE race vehicle, propeller, and air vehicle. Across these case studies, we successfully show how our method generates high-performing and diverse designs.",We develop an approach to aid physical systems design by learning a manifold of valid design configurations followed by Hamiltonian Monte Carlo with partial simulated annealing to find a diverse set of designs that meet multiple design objectives.
https://openreview.net/forum?id=00Vc1Ov5KZn,Vi-MIX FOR SELF-SUPERVISED VIDEO REPRESENTATION,data augmentation; self-supervision; video representation,None,"Contrastive representation learning of videos highly rely on exhaustive data aug- mentation strategies. Therefore, towards designing video augmentation for self- supervised learning, we first analyze the best strategy to mix videos to create a new augmented video sample. Then, the question remains, can we make use of the other modalities in videos for data mixing? To this end, we propose Cross-Modal Manifold Cutmix (CMMC) that inserts a video tesseract into an- other video tesseract in the feature space across two different modalities. We find that our video mixing strategy: Vi-Mix, i.e. preliminary mixing of videos followed by CMMC across different modalities in a video, improves the qual- ity of learned video representations. We exhaustively conduct experiments for two downstream tasks: action recognition and video retrieval on three popular video datasets UCF101, HMDB51, and NTU-60. We show that the performance of Vi-Mix on both the downstream tasks is on par with the other self-supervised approaches while requiring less training data.",A novel strategy to mix videos for learning discriminative self-supervised video representation.
https://openreview.net/forum?id=4x50D2_CMVA,Automatic Tuning of Federated Learning Hyper-Parameters from System Perspective,federated learning; training preference; system perspective; hyper-parameter tuning,None,"Federated Learning (FL) is a distributed model training paradigm that preserves clients' data privacy. 
FL hyper-parameters significantly affect the training overheads in terms of time, computation, and communication.
However, the current practice of manually selecting FL hyper-parameters puts a high burden on FL practitioners since various applications prefer different training preferences. In this paper, we propose FedTuning, an automatic FL hyper-parameter tuning algorithm tailored to applications' diverse system requirements of FL training. FedTuning is lightweight and flexible, achieving an average of 41% improvement for different training preferences on time, computation, and communication compared to fixed FL hyper-parameters.",An automatic tuning algorithm for adjusting federated learning hyper-parameters according to training preferences
https://openreview.net/forum?id=e6L5E8ig792,Revisiting Linear Decision Boundaries for Few-Shot Learning with Transformer Hypernetworks,Few-Shot Learning; Meta learning; Hypernetworks; Transformers,None,"Few-shot learning (FSL) methods aim to generalize a model to new unseen classes using only a small number of support examples. In image classification settings, many FSL approaches utilize a similar architecture to standard supervised learning, learning a model composed of a feature extractor followed by a linear classifier head. A common choice for the classifier is ProtoNet-style nearest neighbor, but this may be suboptimal as it is context-independent. As an alternative, some methods train a parametric classifier (e.g. logistic regression, support vector machine) using embeddings from novel classes. However, task-specific training requires time and resources, and poses optimization challenges such as overfitting on only a few samples. Instead, we propose to generate linear classifiers for new classes using a transformer-based hypernetwork, performing context aggregation in permutation invariant manner. A transformer hypernetwork allows us to instantiate a new task-specific classifier without any additional training on novel tasks. Experiments conducted on 1-shot 5-way and 5-shot 5-way MiniImageNet, TieredImageNet, and CIFAR-FS demonstrate that transformer hypernetworks are capable of generating classifiers that achieve up to 1.4% higher accuracy than other commonly used linear classifiers. Among the group of methods that offer optimization-free meta-inference, we achieve new state-of-the-art in most cases.",We propose a transfomer-based hypernetwork that generates more optimal linear classifiers for few-shot learning.
https://openreview.net/forum?id=t2Mzgc9JEjZ,Certified Patch Robustness via Smoothed Vision Transformers,adversarial robustness; patch defense; vision transformers; deep learning; computer vision; certified defense; adversarial example,None,"Certified patch defenses can guarantee robustness of an image classifier to arbitrary changes within a bounded contiguous region. But, currently, this robustness comes at a cost of degraded standard accuracies and slower inference times. We demonstrate how using vision transformers enables significantly better certified patch robustness that is also more computationally efficient and does not incur a substantial drop in standard accuracy. These improvements stem from the inherent ability of the vision transformer to gracefully handle severely masked images.",None
https://openreview.net/forum?id=MXrIVw-F_a4,FLOAT:  FAST LEARNABLE ONCE-FOR-ALL ADVERSARIAL TRAINING FOR TUNABLE TRADE-OFF BETWEEN ACCURACY AND ROBUSTNESS,Once-for-all adversarial training; in-situ robustness-accuracy trade-off; parameter-efficient in-situ calibration,None,"Training a model that can be robust against adversarially-perturbed images with-out compromising accuracy on clean-images has proven to be challenging. Recent research has tried to resolve this issue by incorporating an additional layer after each  batch-normalization  layer  in  a  network,  that  implements  feature-wise  linear modulation (FiLM). These extra layers enable in-situ calibration of a trained model, allowing the user to configure the desired priority between robustness and clean-image performance after deployment.  However, these extra layers significantly increase training time, parameter count, and add latency which can prove costly  for  time  or  memory  constrained  applications.   In  this  paper,  we  present Fast Learnable Once-for-all Adversarial Training (FLOAT) which transforms the weight tensors without using extra layers, thereby incurring no significant increase in parameter count, training time, or network latency compared to a standard adversarial training. In particular, we add configurable scaled noise to the weight tensors that enables a ‘continuous’ trade-off between clean and adversarial performance.  Additionally, we extend FLOAT to slimmable neural networks to enable a three-way in-situ trade-off between robustness, accuracy, and complexity.  Extensive experiments show that FLOAT can yield state-of-the-art performance improving both clean and perturbed image classification by up to ∼6.5% and ∼14.5%,  respectively,  while  requiring  up  to 1.47x fewer  parameters with similar hyperparameter settings compared to FiLM-based alternatives.","In this paper, we present a fast parameter-efficient once-for-all adversarial training that can calibrate between accuracy and robustness in-situ to yield state-of-the-art classification accuracy."
https://openreview.net/forum?id=R7APxKhg8dt,CoSe-Co: Text Conditioned Generative CommonSense Contextualizer,Language Model; Commonsense; Knowledge Graph; Task Agnostic; Novel Sentence-to-Path Dataset,None,"Pre-trained Language Models (PTLMs) have been shown to perform well on natural language tasks. Many prior works have attempted to leverage structured commonsense present in the form of entities linked through labeled relations in Knowledge Graphs (KGs) to assist PTLMs. Retrieval approaches use KG as a separate static module which limits coverage since KGs contain finite knowledge. Generative methods train PTLMs on KG triples to scale the knowledge. However, training on symbolic KG entities limits their application in tasks involving natural language text where they ignore overall context. To mitigate this, we propose a task agnostic CommonSense Contextualizer (CoSe-Co) conditioned on sentences as input to make it generically usable in NLP tasks for generating contextually relevant knowledge in the form of KG paths. We propose a novel dataset comprising of sentence and commonsense path pairs to train CoSe-Co. The knowledge paths inferred by CoSe-Co are diverse, relevant and contain novel entities not present in the underlying KG. Additionally, we show CoSe-Co can be used for KG completion. We augment the generated knowledge in Multi-Choice QA and Open-ended CommonSense Reasoning tasks leading to improvements over current best methods (upto ~3% and ~7% respectively) on CSQA, ARC, QASC and OBQA datasets. Further, improved performance is seen in low training data regimes which shows CoSe-Co knowledge helps in generalising better.",A sentence conditioned LM based generative commonsense contextualiser trained to generate commonsense paths given a sentence as input.
https://openreview.net/forum?id=-NefWT-x2xE,DYNASHARE: DYNAMIC NEURAL NETWORKS FOR MULTI-TASK LEARNING,multi-task learning; dynamic networks; adaptive inference; neural network,None,"Parameter sharing approaches for deep multi-task learning share a common intuition: for a single network to perform multiple prediction tasks, the network needs to support multiple specialized execution paths. However, previous parameter sharing approaches have relied on a static network structure for each task. In this paper, we propose to increase the capacity for a single network to support multiple tasks by radically increasing the space of possible specialized execution paths. DynaShare is a new approach to deep multi-task learning that learns from the training data a hierarchical gating policy consisting of a task-specific policy for coarse layer selection and gating units for individual input instances, which work together to determine the execution path at inference time. Experimental results on standard multi-task learning benchmark datasets demonstrate the potential of the proposed approach.",DynaShare is a new approach to deep multi-task learning that learns from the training data a hierarchical gating policy consisting of a task-specific policy for coarse layer selection and gating units for individual input instances.
https://openreview.net/forum?id=Sb4hTI15hUZ,Data-oriented Scene Recognition,data-oriented design; computer vision; scene recognition; image recognition,None,"Most deep learning backbones are evaluated on ImageNet. Using scenery images as an example, we conducted extensive experiments to demonstrate the widely accepted principles in network design may result in dramatic performance differences when the data is altered. Exploratory experiments are engaged to explain the underlining cause of the differences. Based on our observation, this paper presents a novel network design methodology: data-oriented network design. In other words, instead of designing universal backbones, the scheming of the networks should treat the characteristics of data as a crucial component. We further proposed a Deep-Narrow Network and Lossless Pooling module, which improved the scene recognition performance using less than half of the computational resources compared to the benchmark network architecture ResNets.",None
https://openreview.net/forum?id=GJyRarXzT7Q,Your Fairness May Vary: Pretrained Language Model Fairness in Toxic Text Classification,group fairness; language models; toxic text classification,None,"Warning: This paper contains samples of offensive text.
The popularity of pretrained language models in natural language processing systems calls for a careful evaluation of such models in down-stream tasks, which have a higher potential for societal impact. The evaluation of such systems usually focuses on accuracy measures. Our findings in this paper call for fairness measures to also be considered. Through the analysis of more than a dozen pretrained language models of varying sizes on two toxic text classification tasks, we demonstrate that focusing on accuracy measures alone can lead to models with wide variation in fairness characteristics. Specifically, we observe that fairness can vary even more than accuracy with increasing training data size and different random initializations. At the same time, we find that little of the fairness variation is explained by model size/compression, despite claims in the literature. To improve model fairness without retraining, we show that two post-processing methods developed for structured, tabular data can be successfully applied to a range of pretrained language models.",Characterization study of the performance and group fairness of language models in text toxicity classification
https://openreview.net/forum?id=SFgkP_PZvL,PNODE: A memory-efficient neural ODE framework based on high-level adjoint differentiation,None,None,"We present a memory-efficient neural ODE framework PNODE based on high-level adjoint algorithmic differentiation. It is implemented using PyTorch and PETSc, one of the most commonly used portable, scalable scientific computing libraries. By leveraging discrete adjoint time integrators and advanced checkpointing strategies tailored for these integrators, PNODE can provide a balance between memory and computational costs while computing the gradients consistently and accurately.
We demonstrate the performance through numerical experiments on image classification, continuous normalizing flow, and time series regression. We show that PNODE achieves the highest memory efficiency when compared with other reverse-accurate methods. We also show PNODE enables the application of implicit time integration methods that are desired for stiff dynamical systems.",None
https://openreview.net/forum?id=vQ58AMOw4Il,Hermitry Ratio: Evaluating the validity of perturbation methods for explainable deep learning,deep learning; explainability; heatmaps; out-of-distribution detection,None,"Perturbation methods are model-agnostic methods used to generate heatmaps to explain black-box algorithms such as deep neural networks. Perturbation methods work by perturbing the input image. However, by perturbing parts of the input image we are changing the underlying structure of the image, potentially generating out-of-distribution (OOD) data. This would violate one of the core assumptions in supervised learning, namely that the train and test data come from the same distribution. 
In this study, we coin the term hermitry ratio to quantify the utility of perturbation methods by looking at the amount of OOD samples they produce. Using this metric, we observe the utility of XAI methods (Occlusion analysis, LIME, Anchor LIME, Kernel SHAP) for image classification models ResNet50, DensNet121 and MnasNet1.0 on three classes of the ImageNet dataset. Our results show that, to some extent, \emph{all} four perturbation methods generate OOD data regardless of architecture or image class. Occlusion analysis primarily produces in-distribution perturbations while LIME produces mostly OOD perturbations.",Evaluating the validity of perturbation methods for explainable deep learning
https://openreview.net/forum?id=GwA--zyF4w,Learning Canonical Embedding for Non-rigid Shape Matching,Deep Functional Maps; Symmetry group; Point Clouds; Linear Transformation; Canonical 3D shape Embedding,None,"This paper provides a novel framework that learns canonical embeddings for non-rigid shape matching. In contrast to prior work in this direction, our framework is trained end-to-end and thus avoids instabilities and constraints associated with the commonly-used Laplace-Beltrami basis or sequential optimization schemes. On multiple datasets, we demonstrate that learning self symmetry maps with a deep functional map projects 3D shapes into a low dimensional canonical embedding that facilitates non-rigid shape correspondence via a simple nearest neighbor search. Our framework outperforms multiple recent learning based methods on FAUST and SHREC benchmarks while being computationally cheaper, data-efficient, and robust.",learn an embedding of each shape that would make the given self-symmetry map linear in some higher-dimensional space.
https://openreview.net/forum?id=P6OUJ2XziC,NeuRL: Closed-form Inverse Reinforcement Learning for Neural Decoding,Inverse Reinforcement Learning; Neural Decoding; Computational Biology,None,"Current neural decoding methods typically aim at explaining behavior based on neural activity via supervised learning. However, since generally there is a strong connection between learning of subjects and their expectations on long-term rewards, we propose NeuRL, an inverse reinforcement learning approach that (1) extracts an intrinsic reward function from collected trajectories of a subject in closed form, (2) maps neural signals to this intrinsic reward to account for long-term dependencies in the behavior and (3) predicts the simulated behavior for unseen neural signals by extracting Q-values and the corresponding Boltzmann policy based on the intrinsic reward values for these unseen neural signals. We show that NeuRL leads to better generalization and improved decoding performance compared to supervised approaches.  We study the behavior of rats in a response-preparation task and evaluate the performance of NeuRL within simulated inhibition and per-trial behavior prediction. By assigning clear functional roles to defined neuronal populations our approach offers a new interpretation tool for complex neuronal data with testable predictions. In per-trial behavior prediction, our approach furthermore improves accuracy by up to 15% compared to traditional methods.",None
https://openreview.net/forum?id=9LJkfH5rtc,Patchwise Sparse Dictionary Learning from pre-trained Neural Network Activation Maps for Anomaly Detection in Images,None,None,"In this work, we investigate a methodology to perform anomaly detection and localization on images. The method leverages both sparse representation learning and the adoption of a pre-trained neural network for classification purposes. The objective is to assess the effectiveness of the K-SVD sparse dictionary learning algorithm and understand the role of neural network activation maps as data descriptors. We extract meaningful representation features and build a sparse dictionary of the most expressive ones. The dictionary is built only over features coming from images without anomalies. Thus, images containing anomalies will either have a non-sparse representation as linear combinations of the dictionary elements or a high reconstruction error. We show that the proposed pipeline achieves state-of-the-art performance in terms of AUC-ROC score over benchmarks such as MVTec Anomaly Detection, Rd-MVTec Anomaly Detection, Magnetic Tiles Defect, and BeanTech Anomaly Detection Datasets.",An investigation of sparse coding techniques over neural network activation maps for anomaly detection.
https://openreview.net/forum?id=sTECq7ZjtKX,OSSuM: A Gradient-Free Approach For Pruning Neural Networks At Initialization,Pruning; Supermasking; Gradient-free training; Sparse networks,None,"Pruning overparameterized neural networks to obtain memory-and-compute-efficient sparse networks is an active area of research. Recent works attempt to prune neural networks at initialization to design sparse networks that can be trained efficiently. In this paper we propose One-Shot Supermasking (OSSuM), a gradient-free, compute-efficient technique to efficiently prune neurons in fully-connected networks. In theory we frame this problem as a neuron subset selection problem, wherein we prune neurons to obtain a better accuracy by optimizing on the cross-entropy loss. In our experiments we show that OSSuM can perform similar to gradient-based pruning techniques at initialization, prior to training. For example, OSSuM can achieve a test set accuracy of $82.4\%$ on MNIST by pruning a 2-layer fully-connected neural network at initialization with just a single forward-pass over the training data. Further, we empirically demonstrate that OSSuM can be used to efficiently prune trained networks as well. We also propose various variants of OSSuM that can be used to prune deeper neural networks.","We propose OSSuM, a gradient-free, one-shot technique to efficiently prune neurons in fully-connected networks. Our algorithm can improve the classification performance of randomly initialized networks just by one-shot pruning."
https://openreview.net/forum?id=1saVY0lW1x,Machine Learning Applications in Forecasting of COVID-19 Based on Patients' Individual Symptoms,COVID-19; Machine learning; Classification,None,"Predicting the COVID-19 outbreak has been studied by many researchers in recent years. Many
machine learning models have been used for the prediction of the transmission in a country or
region, but few studies aim to predict whether an individual has been infected by COVID-19.
However, due to the gravity of this global pandemic, prediction at an individual level is critical.
The objective of this paper is to predict if an individual has COVID-19 based on the symptoms
and features. The prediction results can help the government better allocate the medical resources
during this pandemic. Data of this study was taken on June 18th from the Israeli Ministry of
Health on COVID-19. The purpose of this study is to compare and analyze different models,
which are Support Vector Machine (SVM), Logistic Regression (LR), Naive Bayesian (NB),
Decision Tree (DT), Random Forest (RF) and Neural Network (NN).",This paper compares and analyzes different models which aim to predict if an individual has COVID-19 based on the symptoms and features.
https://openreview.net/forum?id=FPGs276lUeq,Palette: Image-to-Image Diffusion Models,machine learning; artificial intelligence; computer vision,None,"We introduce Palette, a simple and general framework for image-to-image translation using conditional diffusion models. On four challenging image-to-image translation tasks (colorization, inpainting, uncropping, and JPEG decompression), Palette outperforms strong GAN and regression baselines, and establishes a new state-of-the-art result. This is accomplished without task-specific hyper-parameter tuning, architecture customization, or any auxiliary loss demonstrating a desirable degree of generality and flexibility.  We uncover the impact of using L2 vs. L1 loss in the denoising diffusion objective on sample diversity, and demonstrate the importance of self-attention through empirical architecture studies. Importantly, we advocate a unified evaluation protocol based on ImageNet, and report several sample quality scores including FID, Inception Score, Classification Accuracy of a pre-trained ResNet-50, and Perceptual Distance against reference images for various baselines. We expect this standardized evaluation protocol to play a critical role in advancing image-to-image translation research. Finally, we show that a single generalist Palette model trained on 3 tasks (colorization, inpainting, JPEG decompression) performs as well or better than task-specific specialist counterparts.","We introduce Palette, a simple and effective framework for image-to-image translation using conditional diffusion models."
https://openreview.net/forum?id=LtXNu_mJdJI,Mutual Information Continuity-constrained Estimator,None,None,"The estimation of mutual information (MI) is vital to a variety of applications in machine learning. Recent developments in neural approaches have shown encouraging potential in estimating the MI between high-dimensional variables based on their latent representations. However, these estimators are prone to high variances owing to the inevitable outlier events. Recent approaches mitigate the outlier issue by smoothing the partition function using clipping or averaging strategies; however, these estimators either break the lower bound condition or sacrifice the level of accuracy. Accordingly, we propose Mutual Information Continuity-constrained Estimator (MICE). MICE alternatively smooths the partition function by constraining the Lipschitz constant of the log-density ratio estimator, thus alleviating the induced variances without clipping or averaging. Our proposed estimator outperforms most of the existing estimators in terms of bias and variance in the standard benchmark. In addition, we propose an experiment extension based on the standard benchmark, where variables are drawn from a multivariate normal distribution with correlations between each sample in a batch. The experimental results imply that when the i.i.d. assumption is unfulfilled, our proposed estimator can be more accurate than the existing approaches in which the MI tends to be underestimated. Finally, we demonstrate that MICE mitigates mode collapse in the kernel density estimation task.","We propose an unbiased and consistent mutual information (MI) estimator, which can accurately estimate MI and prevent GANs from mode collapse."
https://openreview.net/forum?id=4ZEJ_Z18NH,Learning Perceptual Compression of Facial Video,None,None,"We propose in this paper a new paradigm for facial video compression. We leverage the generative capacity of GANs such as StyleGAN to represent and compress each video frame (intra compression), as well as the successive differences between frames (inter compression). Each frame is inverted in the latent space of StyleGAN, where the optimal compression is learned. To do so, a diffeomorphic latent representation is learned using a normalizing flows model, where an entropy model can be optimized for image coding. In addition, we propose a new perceptual loss that is more efficient than other counterparts (LPIPS, VGG16). Finally, an entropy model for inter coding with residual is also learned in the previously constructed latent space. Our method (SGANC) is simple, faster to train, and achieves competitive results for image and video coding compared to state-of-the-art codecs such as VTM, AV1, and recent deep learning techniques.",None
https://openreview.net/forum?id=aY5zi3TampL,Mimicking Randomized Controlled Trials to Learn End-to-End Patient Representations through Self-Supervised Covariate Balancing for Causal Treatment Effect Estimation,causal treatment effect estimation; representation learning; self-supervised learning; end-to-end causal effect estimation; randomized controlled trials,None,"A causal effect can be defined as a comparison of outcomes that result from two or more alternative actions, with only one of the action-outcome pairs actually being observed. The gold standard for causal effect measurements is Randomized Controlled Trials (RCTs), in which a target population is explicitly defined and each study sample is randomly assigned to either the treatment or control cohorts. The great potential to derive actionable insights from causal relationships has led to a growing body of machine-learning research applying causal effect estimators to Real World Data (RWD) in the fields of healthcare, education, and economics. The primary difference between causal effect studies utilizing RWD and RCTs is that for RWD the study occurs after the treatment, and therefore we do not have control over the treatment assignment mechanism. This can lead to massive differences in covariate distributions between control and treatment samples, making a comparison of causal effects confounded and unreliable. Classical approaches have sought to solve this problem piece meal, first by estimating treatment assignment and then treatment effect separately. Recent work extended part of these approaches to a new family of representation-learning based algorithms, revealing that the lower bound of the expected treatment effect estimation error is determined by two factors: the standard generalization-error of the representation and the distance between the treated and control distributions induced by the representation. Here we argue that to achieve minimal dissimilarity in learning such distributions, as it happens for RCTs, a specific auto-balancing self-supervised objective should be used. Experiments on real and simulated data revealed that our approach consistently produces less biased errors than previously published state-of-art methods. We demonstrate that our reduction in error can be directly attributed to the ability to learn representations that explicitly reduce such dissimilarity. Additionally, we show that error improvements between our approach and previously published state-of-art methods widen as a function of sample dissimilarity between treated and untreated covariate distributions. Thus, by learning representations that induce distributions analogous to RCTs, we provide empirical evidence to support the error bound dissimilarity hypothesis as well as providing a new state-of-the-art model for causal effect estimation.","We introduce BCAUSS, a multi-task deep neural network for causal treatment effect estimation able to achieve minimal dissimilarity between the treated and untreated distributions induced by its representation."
https://openreview.net/forum?id=6LHiNULIeiC,SOInter: A Novel Deep Energy-Based Interpretation Method for Explaining Structured Output Models,Structured Output Model; Interpretable Learning; Deep Learning,None,"We propose a novel interpretation technique to explain the behavior of structured output models, which learn mappings between an input vector to a set of output variables simultaneously. Because of the complex relationship between the computational path of output variables in structured models, a feature can affect the value of output through other ones. We focus on one of the outputs as the target and try to find the most important features utilized by the structured model to decide on the target in each locality of the input space. In this paper, we assume an arbitrary structured output model is available as a black-box and argue how considering the correlations between output variables can improve the explanation performance. The goal is to train a function as an interpreter for the target output variable over the input space. We introduce an energy-based training process for the interpreter function, which effectively considers the structural information incorporated into the model to be explained. The effectiveness of the proposed method is confirmed using a variety of simulated and real data sets.",Proposing a Novel Deep Energy-Based Interpretation Method for Explaining Structured Output Models
https://openreview.net/forum?id=6MFWE6u2b6R,Bandits for Black-box Attacks to Graph Neural Networks with Structure Perturbation,Graph neural networks; Black-box attacks; Structure perturbation; Bandits; Sublinear query complexity,None,"Graph neural networks (GNNs) have achieved state-of-the-art performance in many graph-based tasks such as node classification and graph classification. However, many recent works have demonstrated that an attacker can mislead GNN models by slightly perturbing the graph structure. Existing attacks to GNNs are either under the less practical threat model where the attacker is assumed to access the GNN model parameters, or under the practical black-box threat model but consider perturbing node features that are shown to be not enough effective. In this paper, we aim to bridge this gap and consider black-box attacks to GNNs with structure perturbation. We address this challenge motivated by bandits. Specifically, we formulate our attack as an online optimization with bandit feedback. This original problem is essentially NP-hard due to the fact that perturbing the graph structure is a binary optimization problem. We then propose a bandit convex optimization based attack which is proven to be {sublinear} to the query number $T$, i.e., $\mathcal{O}(\sqrt{N}T^{3/4})$ where $N$ is the number of nodes in the graph. Finally, we evaluate our proposed attack algorithm by conducting experiments over multiple datasets and GNN models. The experimental results on various citation graphs and image graphs show that our attack is both effective and efficient.",This paper studies the first state-of-the-art structure perturbation-based black-box attack to GNNs via bandit optimization.
https://openreview.net/forum?id=35-QqyfmjfP,AnoSeg: Anomaly Segmentation Network Using Self-Supervised Learning,Anomaly detection; Anomaly segmentation; Self-Supervised learning,None,"Anomaly segmentation, which localizes defective areas, is an important component in large-scale industrial manufacturing. However, most recent researches have focused on anomaly detection. This paper proposes a novel anomaly segmentation network (AnoSeg) that can directly generate an accurate anomaly map using self-supervised learning. For highly accurate anomaly segmentation, the proposed AnoSeg considers three novel techniques: Anomaly data generation based on hard augmentation, self-supervised learning with pixel-wise and adversarial losses, and coordinate channel concatenation. First, to generate synthetic anomaly images and reference masks for normal data, the proposed method uses hard augmentation to change the normal sample distribution. Then, the proposed AnoSeg is trained in a self-supervised learning manner from the synthetic anomaly data and normal data. Finally, the coordinate channel, which represents the pixel location information, is concatenated to an input of AnoSeg to consider the positional relationship of each pixel in the image. The estimated anomaly map can also be utilized to improve the performance of anomaly detection. Our experiments show that the proposed method outperforms the state-of-the-art anomaly detection and anomaly segmentation methods for the MVTec AD dataset. In addition, we compared the proposed method with the existing methods through the intersection over union (IoU) metric commonly used in segmentation tasks and demonstrated the superiority of our method for anomaly segmentation.",Anomaly segmentation using self-supervised learning
https://openreview.net/forum?id=coQhmtxr5SN,H-Entropy Search: Generalizing Bayesian Optimization with a Decision-theoretic Uncertainty Measure,Bayesian optimization; entropy search; knowledge gradient; Bayesian optimal experimental design,None,"Bayesian optimization (BO) is a popular method for efficiently inferring optima of an expensive black-box function via a sequence of queries. Existing information-theoretic BO procedures aim to make queries that most reduce the uncertainty about optima, where the uncertainty is captured by Shannon entropy. However, an optimal measure of uncertainty would, ideally, factor in how we intend to use the inferred quantity in some downstream procedure. In this paper, we instead consider the H-entropy, a generalization of Shannon entropy from work in statistical decision theory (DeGroot, 1962; Rao, 1984), which contains a broad class of uncertainty measures parameterized by a problem-specific loss function corresponding to a downstream task. We first show that special cases of the H-entropy lead to popular acquisition functions used in BO procedures such as knowledge gradient, expected improvement, and entropy search. We then show how alternative choices for the loss yield a flexible family of acquisition functions for a variety of specialized optimization tasks, including variants of top-k estimation, level set estimation, and multi-valued search. For special cases of the loss and design space, we develop gradient-based methods to efficiently optimize our proposed family of acquisition functions, and demonstrate that the resulting BO procedure shows strong empirical performance on a diverse set of optimization tasks.","We develop H-Entropy Search, a generalized Bayesian optimization procedure that makes use of a decision-theoretic uncertainty measure."
https://openreview.net/forum?id=E7rUJ4uRbzt,Extraneousness-Aware Imitation Learning,visual imitation learning; imitation learning from noisy video,None,"Visual imitation learning is an effective approach for intelligent agents to obtain control policies from visual demonstration sequences. However, standard visual imitation learning assumes expert demonstration that only contains the task-relevant frames. While previous works propose to learn from \textit{noisy} demonstration, it still remains challenging when there are locally consistent yet task irrelevant subsequences in the demonstration. We term this kind of imitation learning ``imitation-learning-with-extraneousness'' and introduce Extraneousness-Aware Imitation Learning (EIL), a self-supervised approach that learns visuomotor policies from third-person demonstrations where extraneous subsequences exist. EIL learns action-conditioned self-supervised frame embeddings and aligns task-relevant frames across videos while excluding the extraneous parts. Our method allows agents to learn from extraneousness-rich demonstrations by intelligently ignoring irrelevant components. Experimental results show that EIL significantly outperforms strong baselines and approaches the level of training from the perfect demonstration on various simulated continuous control tasks and a ``learning-from-slides'' task. The project page can be found here: https://sites.google.com/view/iclr2022eil/home.",We propose Extraneousness-Aware Imitation Learning (EIL) along with a new type of imitation learning that can learn from noisy yet temporally consistent demonstrations and outperforms baselines on various continuous and discrete control tasks.
https://openreview.net/forum?id=a4W0tSTN9Kn,MULTI-LEVEL  APPROACH TO ACCURATE AND SCALABLE HYPERGRAPH EMBEDDING,network embedding; hypergraph embedding; hyperedge classification; multi-level hypergraph embedding,None,"Many problems such as node classification and link prediction in network data
can be solved using graph embeddings, and a number of algorithms are known for constructing
such embeddings. However, it is difficult to use graphs to capture 
non-binary relations such as communities of nodes. These kinds of 
complex relations are expressed more naturally as hypergraphs.
While hypergraphs are a generalization of graphs, state-of-the-art graph
embedding techniques are not adequate for solving prediction and
classification tasks on large hypergraphs accurately in reasonable time.
In this paper, we introduce NetVec, a novel multi-level framework for scalable unsupervised hypergraph embedding, which outperforms state-of-the-art hypergraph embedding systems by up to 
15% in accuracy. 
We also show that NetVec is capable of generating high quality embeddings for real-world hypergraphs with millions of nodes and hyperedges in only a couple of minutes while existing hypergraph systems either fail for such large hypergraphs or may take days to produce the embeddings.","In this paper, we introduce NetVec, a novel multi-level framework for scalable unsupervised hypergraph embedding, which outperforms state-of-the-art hypergraph embedding systems by up to 15% in accuracy."
https://openreview.net/forum?id=yGNzJk_tYr4,Causally Estimating the Sensitivity of Neural NLP Models to Spurious Features,spurious feature; causality; robustness; data augmentation,None,"Recent work finds modern natural language processing (NLP) models relying on spurious features for prediction.  Mitigating such effects is thus important.  Despite this need, there is no quantitative measure to evaluate or compare the effects of different forms of spurious features in NLP. We address this gap in the literature by quantifying model sensitivity to spurious features with a causal estimand, dubbed CENT, which draws on the concept of {\it average treatment effect} from the causality literature. By conducting simulations with four prominent NLP models --- TextRNN, BERT, RoBERTa and XLNet --- we rank the models against their sensitivity to artificial injections of eight spurious features. We further hypothesize and validate that models that are more sensitive to a spurious feature will be less robust against perturbations with this feature during inference. Conversely, data augmentation with this feature improves robustness to similar perturbations. We find statistically significant inverse correlations between sensitivity and robustness, providing empirical support for our hypothesis. Our findings contribute to the interpretation of models and their robustness.",We quantify model sensitivity to spurious features with a causal term and find significant correlations between sensitivity and robustness.
https://openreview.net/forum?id=CA51pvZJ0xX,Robust Feature Selection using Sparse Centroid-Encoder,Feature Selection; Sparse Centroid-encoder; Non-linear feature Selection; Deep Feature Selection; Multi-class Feature Selection; Iterative Feature Selection,None,"We develop a sparse optimization problem for the determination of the total set of features that discriminate two or more classes. This is a sparse implementa- tion of the centroid-encoder for nonlinear data reduction and visualization called Sparse Centroid-Encoder (SCE). We also provide an iterative feature selection al- gorithm that first ranks each feature by its occurrence, and the optimal number of features is chosen using a validation set. The algorithm is applied to a wide vari- ety of data sets including, single-cell biological data, high dimensional infectious disease data, hyperspectral data, image data, and GIS data. We compared our method to various state-of-the-art feature selection techniques, including three neural network-based models (DFS, SG-L1-NN, G-L1-NN), Sparse SVM, and Random Forest. We empirically showed that SCE features produced better classi- fication accuracy on the unseen test data, often with fewer features.",Feature Selection Using Sparse Centroid-encoder.
https://openreview.net/forum?id=39Q__qgCpAH,Achieving Small-Batch Accuracy with Large-Batch Scalability via Adaptive Learning Rate Adjustment,deep learning; large-batch training,None,"We consider synchronous data-parallel neural network training with fixed large batch sizes. While the large batch size provides a high degree of parallelism, it likely degrades the generalization performance due to the low gradient noise scale. We propose a two-phase adaptive learning rate adjustment framework that tackles the poor generalization issue in large-batch training. Our empirical study shows that the number of training epochs before decaying the learning rate strongly affects the final accuracy. The framework performs extra epochs using the large learning rate even after the loss is flattened. After sufficient training under the noisy condition, the framework decays the learning rate based on the observed loss landscape at run-time. Our experimental results demonstrate that the proposed heuristics and algorithm enable to use an extremely large batch size while maintaining the model accuracy. For CIFAR-10 classification with ResNet20, our method achieves $92.66\%$ accuracy using $8,192$ batch size, which is close to $92.83\%$ achieved using $128$ batch size, at a negligible extra computational cost.",Adaptive learning rate adjustment framework for accurate large-batch neural network training.
https://openreview.net/forum?id=RCyHECZIUFb,Explaining Knowledge Graph Embedding via Latent Rule Learning,knowledge graph embedding; explainable AI; rule learning,None,"Knowledge Graph Embeddings (KGEs) embed entities and relations into continuous vector space following certain assumption, and are a powerful tools for representation learning of knowledge graphs. However, following vector space assumptions makes KGE a one step reasoner that directly predict final results without reasonable multi-hop reasoning steps. Thus KGEs are black-box models and explaining predictions made by KGEs remains unsolved. In this paper, we propose KGExplainer, the first general approach of providing explanations for predictions from KGE models.  KGExplainer is a multi-hop reasoner learning latent rules for link prediction and is encouraged to behave similarly to KGEs during prediction through knowledge distillation. For explanation, KGExplainer outputs a ranked list of rules for each relation. Experiments on benchmark datasets with two target KGEs show that our approach is faithfulness to replicate KGEs behaviors for link prediction and is good at outputting quality rules  for effective explanations.","KGExplainer, Explaining Knowledge Graph Embedding via Latent Rule Learning"
https://openreview.net/forum?id=LzBBxCg-xpa,NViT: Vision Transformer Compression and Parameter Redistribution,Vision transformer; structual pruning; latency aware; novel architecture,None,"Transformers yield state-of-the-art results across many tasks. However, they still impose huge computational costs during inference. We apply global, structural pruning with latency-aware regularization on all parameters of the Vision Transformer (ViT) model for latency reduction. Furthermore, we analyze the pruned architectures and find interesting regularities in the final weight structure. Our discovered insights lead to a new architecture called NViT (Novel ViT), with a redistribution of where parameters are used. This architecture utilizes parameters more efficiently and enables control of the latency-accuracy trade-off. On ImageNet-1K, we prune the DEIT-Base (Touvron et al., 2021) model to a 2.6$\times$ FLOPs reduction, 5.1$\times$ parameter reduction, and 1.9$\times$ run-time speedup with only 0.07% loss in accuracy. We achieve more than 1% accuracy gain when compressing the base model to the throughput of the Small/Tiny variants. NViT gains 0.1-1.1% accuracy over the hand-designed DEIT family when trained from scratch, while being faster.",This work applies global structural pruning on ViT models and finds novel efficient architectures
https://openreview.net/forum?id=swRxhFpK5ds,One Timestep Is All You Need: Training Spiking Neural Networks with Ultra Low Latency,Spiking Neural Networks; One timestep Inference; Iterative Initialization and Retraining; Ultra-high energy efficiency,None,"Spiking Neural Networks (SNNs) can be energy efficient alternatives to commonly used deep neural networks (DNNs). Through event-driven information processing, SNNs can considerably reduce the compute requirements of DNNs. However, high inference latency is a significant hindrance to their deployment. Computation over multiple timesteps increases latency and incurs memory access overhead of fetching membrane potentials, both of which lessen the energy benefits of SNNs. Hence, latency reduction is pivotal to obtain SNNs
with high energy efficiency. However, reducing latency can have an adverse effect on accuracy. To obtain solutions which optimize the accuracy-energy-latency trade-off, we propose an iterative training method which starts with an SNN of T (T>1) timesteps, and reduces T every iteration of training, with neuron threshold and leak as trainable parameters. This results in a continuum of SNNs, starting from an SNN trained with T timesteps, all the way up to unit latency. We use direct input encoding (analog inputs from pixels) with the first
convolutional layer of the network of leaky integrate and fire (LIF) neurons acting as spike generator. We choose T=5 as our starting point, since it is the minimum reported latency to achieve satisfactory performance on ImageNet. Training SNNs directly with 1 timestep results in convergence failure due to layerwise spike vanishing and difficulty in finding optimum thresholds. The proposed iterative
training approach overcomes this through enabling the learning of suitable layerwise thresholds with backpropagation by maintaining sufficient spiking activity, starting from T timesteps up to 1. Using the proposed training algorithm, we achieve top-1 accuracy of 93.05%, 70.15% and 67.71% on CIFAR-10, CIFAR-100 and ImageNet, respectively with VGG16, in just 1 timestep. Compared to a
5 timestep SNN, the 1 timestep SNN achieves ~5X enhancement in efficiency, with an accuracy drop of ~1%. In addition, 1 timestep SNNs perform inference with 5X reduced latency compared to state-of-the-art SNNs, and provide 25-33X higher energy efficiency compared to DNNs, while being comparable to them in performance. The proposed method also enables training reinforcement learning
agents on Cartpole and Atari pong environments which infer using 1 timestep.","We propose an iterative initialization and retraining method for SNNs, enabling SNNs to infer in just 1 timestep while maintaining comparable or even better accuracy compared to other state-of-the-art SNNs."
https://openreview.net/forum?id=m2MiIwuI0m,An Analysis of Attentive Walk-Aggregating Graph Neural Networks,graph neural network; graph representation learning; attention weighting; walk aggregation; representation power; learning guarantees; interpretability,None,"Graph neural networks (GNNs) have been shown to possess strong representation power, which can be exploited for downstream prediction tasks on graph-structured data, such as molecules and social networks. They typically learn representations by aggregating information from the K-hop neighborhood of individual vertices or from the enumerated walks in the graph. Prior studies have demonstrated the effectiveness of incorporating weighting schemes into GNNs; however, this has been primarily limited to K-hop neighborhood GNNs so far. In this paper, we aim to extensively analyze the effect of incorporating weighting schemes into walk-aggregating GNNs. Towards this objective, we propose a novel GNN model, called AWARE, that aggregates information about the walks in the graph using attention schemes in a principled way to obtain an end-to-end supervised learning method for graph-level prediction tasks. We perform theoretical, empirical, and interpretability analyses of AWARE. Our theoretical analysis provides the first provable guarantees for weighted GNNs, demonstrating how the graph information is encoded in the representation, and how the weighting schemes in AWARE affect the representation and learning performance. We empirically demonstrate the superiority of AWARE over prior baselines in the domains of molecular property prediction (61 tasks) and social networks (4 tasks). Our interpretation study illustrates that AWARE can successfully learn to capture the important substructures of the input graph.","Theoretical, empirical, and interpretability analysis of the effect of weighting schemes in walk-aggregating GNNs by introducing a novel algorithm (AWARE)"
https://openreview.net/forum?id=XuxAEYYGhV-,Improving Out-of-Distribution Robustness of Classifiers Through Interpolated Generative Models,None,None,"Out-of-distribution (OoD) generalization is one of the major challenges for deploying machine learning systems in the real world. Learning representations that disentangle the underlying structure of data is of key importance for improving OoD generalization. Recent works suggest the proprieties of disentangled representation in the latent space of GAN models. In this work, we investigate when and how GAN models can be used to improve OoD robustness in classifiers. Generative models are expected to be able to generate realistic images and increase the diversity of the training set to improve the model's ability to generalize. However, training the conventional GAN models for data augmentation preserves the correlations in the training data. This hampers training a robust classifier against distribution shifts since spurious correlations from the biased training data are unrelated to the causal features of interest. Besides, Training GAN models directly on multiple source domains are fallible and suffer from mode collapse. In this paper, we employ interpolated generative models to generate OoD samples at training time via data augmentation. Specifically, we use the StyleGAN2 model as the source of generative augmentation, which is pre-trained on one source training domain. We then fine-tune it on other source domains with frozen lower layers of the discriminator. Then, we apply linear interpolation in the parameter space of the multiple correlated networks on multiple source domains and control the augmentation in the training time via the interpolation coefficients. A style-mixing mechanism is further introduced to improve the diversity of the generated OoD samples. Our experiments show that our proposed framework explicitly increases the diversity of training domains and achieves consistent improvements over baselines on both synthesized MNIST and many real-world OoD datasets.",None
https://openreview.net/forum?id=sBHVNmCt3t,On The Vulnerability of Recurrent Neural Networks to Membership Inference Attacks,Privacy; Recurrent Neural Networks; Membership Inference Attack; Reinforcement Learning,None,"We study the privacy implications of deploying recurrent neural networks in machine learning.  We consider membership inference attacks (MIAs) in which an attacker aims to infer whether a given data record has been used in the training of a learning agent. Using existing MIAs that target feed-forward neural networks, we empirically demonstrate that the attack accuracy wanes for data records used earlier in the training history. Alternatively, recurrent networks are specifically designed to better remember their past experience; hence, they are likely to be more vulnerable to MIAs than their feed-forward counterparts.  We develop a pair of MIA layouts for two primary applications of recurrent networks, namely, deep reinforcement learning and sequence-to-sequence tasks. We use the first attack to provide empirical evidence that recurrent networks are indeed more vulnerable to MIAs than feed-forward networks with the same performance level. We use the second attack to showcase the differences between the effects of overtraining recurrent and feed-forward networks on the accuracy of their respective MIAs. Finally, we deploy a differential privacy mechanism to resolve the privacy vulnerability that the MIAs exploit. For both attack layouts, the privacy mechanism degrades the attack accuracy from above 80\% to 50\%, which is equal to guessing the data membership uniformly at random, while trading off less than 10\% utility.",We study the privacy implications of deploying recurrent neural networks in machine learning tasks.
https://openreview.net/forum?id=yJF-89OH94U,DICE: A Simple Sparsification Method for Out-of-distribution Detection,None,None,"Detecting out-of-distribution (OOD) inputs is a central challenge for safely deploying machine learning models in the real world. Previous methods commonly rely on an OOD score derived from the overparameterized weight space, while largely overlooking the role of sparsification. In this paper, we reveal important insights that reliance on unimportant weights and units can directly attribute to the brittleness of OOD detection. To mitigate the issue, we propose a sparsification-based OOD detection framework termed DICE. Our key idea is to rank weights based on a measure of contribution, and selectively use the most salient weights to derive the output for OOD detection. We provide both empirical and theoretical insights, characterizing and explaining the mechanism by which DICE improves OOD detection. By pruning away noisy signals, DICE provably reduces the output variance for OOD data, resulting in a sharper output distribution and stronger separability from ID data. DICE establishes state-of-the-art performance, reducing the FPR95 by up to 24.69% compared to the previous best method.",None
https://openreview.net/forum?id=RYTBAtyXqJ,Cartoon Explanations of Image Classifiers,Explainable AI; Image Classification; Wavelets,None,"We present CartoonX (Cartoon Explanation), a novel model-agnostic explanation method tailored towards image classifiers and based on the rate-distortion explanation (RDE) framework. Natural images are roughly piece-wise smooth signals---also called cartoon images---and tend to be sparse in the wavelet domain. CartoonX is the first explanation method to exploit this by requiring its explanations to be sparse in the wavelet domain, thus extracting the relevant piece-wise smooth part of an image instead of relevant pixel-sparse regions. We demonstrate experimentally that CartoonX is not only highly interpretable due to its piece-wise smooth nature but also particularly apt at explaining misclassifications.","We present CartoonX, the first explanation method to extract the relevant piece-wise smooth part of an image instead of relevant pixel sparse regions."
https://openreview.net/forum?id=f2zGmcA0bs7,Routing with Self-Attention for Multimodal Capsule Networks,multimodal; capsule networks; self-supervision; computer vision; self-attention; routing,None,"The task of multimodal learning has seen a growing interest recently as it allows for training neural architectures based on different modalities such as vision, text, and audio. One challenge in training such models is that they need to jointly learn semantic concepts and their relationships across different input representations. Capsule networks have been shown to perform well in context of capturing the relation between low-level input features and higher-level concepts. However, capsules have so far mainly been used only in small-scale fully supervised settings due to the resource demand of conventional routing algorithms. We present a new multimodal capsule network that allows us to leverage the strength of capsules in the context of a multimodal learning framework on large amounts of video data. To adapt the capsules to large-scale input data, we propose a novel routing by self-attention mechanism that selects relevant capsules which are then used to generate a final joint multimodal feature representation. This allows not only for robust training with noisy video data, but also to scale up the size of the capsule network compared to traditional routing methods while still being computationally efficient. We evaluate the proposed architecture by pretraining it on a large-scale multimodal video dataset and applying it on four datasets in two challenging downstream tasks. Results show that the proposed multimodal capsule network is not only able to improve results compared to other routing techniques, but also achieves competitive performance on the task of multimodal learning.",We propose a capsule network framework to learn multimodal joint representations in a self-supervised manner.
https://openreview.net/forum?id=qkpR1lriAKA,Vicinal Counting Networks,None,None,"We tackle the task of Few-Shot Counting. Given an image containing multiple objects of a novel visual category and few exemplar bounding boxes depicting the visual category of interest, we want to count all of the instances of the desired visual category in the image. A key challenge in building an accurate few-shot visual counter is the scarcity of annotated training data due to the laborious effort needed for collecting and annotating the data. To address this challenge, we propose Vicinal Counting Networks, which learn to augment the existing training data along with learning to count. A Vicinal Counting Network consists of a generator and a counting network. The generator takes as input an image along with a random noise vector and generates an augmented version of the input image. The counting network learns to count the objects in the original and augmented images. The training signal for the generator comes from the counting loss of the counting network, and the generator aims to synthesize images which result in a small counting loss. Unlike GANs which are trained in an adversarial setting, Vicinal Counting Networks are trained in a cooperative setting where the generator aims to help the counting network in achieving accurate predictions on the synthesized images. We also show that our proposed data augmentation framework can be extended to other counting tasks like crowd counting. Our code and trained model will be released for research usage.",None
https://openreview.net/forum?id=B31WdoD2VXQ,IDENTIFYING  CONCEALED OBJECTS FROM VIDEOS,None,None,"Concealed objects are often hard to identify from still images, as often camouflaged objects exhibit patterns seamless to the background. In this work, we propose a novel video concealed object detection (VCOD) framework, called \textbf{\Ourmodel}, as the concealed state is likely to break when the object moves. The proposed SLT-Net leverages on both short-term dynamics and long-term temporal consistency to detect concealed objects in continuous video frames. Unlike previous methods that often utilize homography or optical flows to explicitly represent motions, we build a dense correlation volume to implicitly capture motions between neighbouring frames. To enforce the temporal consistency within a video sequence, we utilize a spatial-temporal transformer to jointly refine the short-term predictions. Extensive experiments on existing image and VCOD benchmarks demonstrate the architectural effectiveness of our approach. We further collect a large-scale VCOD dataset named MoCA-Mask with pixel-level handcrafted ground-truth masks and construct a comprehensive VCOD benchmark with previous methods. Videos and codes can be found at:  https://anonymous.4open.science/r/long-short-vcod-C0AF/README.md.",None
https://openreview.net/forum?id=9poQ2m0R--,Green CWS: Extreme Distillation and Efficient Decode Method Towards Industrial Application,Chinese Word Segmentation; Knowledge Distillation; Decoding,None,"Benefiting from the strong ability of the pre-trained model, the research on Chinese Word Segmentation (CWS) has made great progress in recent years. However, due to massive computation, large and complex models are incapable of empowering their ability for industrial use. On the other hand, for low-resource scenarios, the prevalent decode method, such as Conditional Random Field (CRF), fails to exploit the full information of the training data. This work proposes a fast and accurate CWS framework that incorporates a light-weighted model and an upgraded decode method (PCRF) towards industrially low-resource CWS scenarios. First, we distill a Transformer-based student model as an encoder, which not only accelerates the inference speed but also combines open knowledge and domain-specific knowledge. Second, the perplexity score to evaluate the language model is fused into the CRF module to better identify the word boundaries.  Experiments show that our work obtains relatively high performance on multiple datasets with as low as 14% of time consumption compared with the original BERT-based model. Moreover, under the low-resource setting, we get superior results in comparison with the traditional decoding methods.",None
https://openreview.net/forum?id=q58E59ZPLp,Conceptron: a probabilistic deep one-class classification method,unsupervised learning; one-class learning; anomaly detection; nystrom method; kernel methods,None,"One-class learning through deep architectures is a particularly challenging task; in this scenario the crasis of kernel methods and deep networks can represent a viable strategy to empower already effective methods. In this contribution we present Conceptron, a probabilistic and deep one-class classification method. The proposed algorithm is a hybridization of the Nystrom version of the Import Vector Domain Description (IVDD) to deep learning layers rendering the approach highly scalable (via batch stochastic gradient optimization) and automatically learning the underlying feature space. Further we modify the cost function to allow to get a Laplace distribution of the samples probabilities. Experiments on MNIST, CIFAR-10 and other benchmark datasets show that Conceptron (and/or variations) performs comparably or better with competing state-of-the-art methods with the additional capability of providing probabilities (through a logistic model) and avoiding any degeneracy in the training process.","In this paper we introduce a one-class deep learning method, dubbed Conceptron, that bears state of the art prediction ability, explicit probability estimations and avoids degenerate solutions."
https://openreview.net/forum?id=djwnKXz1B2,EP-GAN: Unsupervised Federated Learning with Expectation-Propagation Prior GAN,Bayesian Deep learning; Expectation Propagation; Unsupervised Learning; Acoustic Modeling,None,"Generative Adversarial Networks (GANs) are overwhelming in unsupervised learning tasks due to their expressive power in modeling fine-grained data distributions. However, it is challenging for GANs to model distributions of separate non-i.i.d. data partitions as it usually adopts an over-general prior, limiting its capability in capturing the latent structure of multiple data partitions and thus leading to mode collapse. In this paper, we present a new Bayesian GAN, dubbed expectation propagation prior GAN (EP-GAN), which addresses the above challenge of modeling non-i.i.d. federated data through imposing a partition-invariant prior distribution on a Bayesian GAN. Furthermore, unlike most existing algorithms for deep-learning-based EP inference that require numerical quadrature, here we propose a closed-form solution for each update step of EP, leading to a more efficient solution for federated data modeling. Experiments on both synthetic extremely non-i.i.d. image data partitions and realistic non-i.i.d. speech recognition tasks demonstrate that our framework effectively alleviates the performance deterioration caused by non-i.i.d. data.","This paper derive an EP prior with closed-form update rules using deep neural networks, allowing  Bayesian GANs to capture latent structure over clients on non-i.i.d. cross-silo data."
https://openreview.net/forum?id=MQ12ln81Jje,RankedDrop: Enhancing Deep Graph Convolutional Networks Training,graph neural network; graph convolutional network; PageRank selection; spatial-aware selection; deep learning,None,"Graph Neural Networks (GNNs) are playing a more and more important role for analyzing unstructured data from the complex real world. Introducing random edge dropping from the input graph at training epochs could reduce over-fitting and over-smoothing phenomenon and increase the depth of GNNs. However, such method relies strongly on the chosen randomness. It makes the accuracy depend on the initialization of the randomness, which let the selection of hyper-parameters be even more difficult. We propose in this paper RankedDrop a novel method with a spatial-aware dropping-edge selection. The selection takes account of graph global information using PageRank, and graph local neighborhood information with node degree. RankedDrop provides a more stable training results comparing to the state-of-the-art solution, by maintaining the advantages of random edge dropping. Furthermore, RankedDrop is a general method that can be deployed on a deep learning framework for enhancing performance of GNNs.",None
https://openreview.net/forum?id=Ul3o26VB6KZ,Spiking Graph Convolutional Networks,Graph; spike; energy; neural network,None,"Graph Convolutional Networks (GCNs) achieve an impressive performance due to the remarkable representation ability in learning the graph information. However, GCNs, when implemented on a deep network, require expensive computation power, which makes them difficult to be deployed on battery-powered devices. In contrast, Spiking Neural Networks (SNNs), which perform a bio-fidelity inference process, offer an energy-efficient neural architecture. In this work, we propose SpikingGCN, an end-to-end framework that aims to integrate the embedding of GCNs with the biofidelity characteristics of SNNs. In particular, the original graph data are encoded into spike trains based on the incorporation of graph convolution. We further model biological information processing by utilizing a fully connected layer combined with neuron nodes. In a wide range of scenarios, including citation networks, image graph classification, and recommender systems, our experimental results show that the proposed method could gain competitive performance against state-of-art (SOTA) approaches. Furthermore, we show that SpikingGCN on a neuromorphic chip can bring a clear advantage of energy efficiency into graph data analysis, which demonstrates its great potential to construct environment-friendly machine learning models.",None
https://openreview.net/forum?id=q2ZaVU6bEsT,CONTEXT AUGMENTATION AND FEATURE REFINEMENT NETWORK FOR TINY OBJECT DETECTION,Tiny Object Detection; context augmentation; feature refinement; Data Enhancement,None,"Tiny objects are hard to detect due to their low resolution and small size. The poor detection performance of tiny objects is mainly caused by the limitation of network and the imbalance of training dataset. A new feature pyramid network is proposed to combine context augmentation and feature refinement. The features from multi-scale dilated convolution are fused and injected into feature pyramid network from top to bottom to supplement context information. The channel and spatial feature refinement mechanism is introduced to suppress the conflicting formation in multi-scale feature fusion and prevent tiny objects from being submerged in the conflict information. In addition, a data enhancement method called copy-reduce-paste is proposed, which can increase the contribution of tiny objects to loss during training, ensuring a more balanced training. Experimental results show that the mean average precision of target targets on the VOC dataset of the proposed network reaches 16.9% (IOU=0.5:0.95), which is 3.9% higher than YOLOV4, 7.7% higher than CenterNet, and 5.3% higher than RefineDet.",A new feature pyramid network is proposed to combine context augmentation and feature refinement for tiny object detection.
https://openreview.net/forum?id=RMv-5wMMrE3,Cell2State: Learning Cell State Representations From Barcoded Single-Cell Gene-Expression Transitions ,None,None,"Genetic barcoding coupled with single-cell sequencing technology enables direct measurement of cell-to-cell transitions and gene-expression evolution over a long timespan. This new type of data reveals explicit state transitions of cell dynamics. Motivated by dimension reduction methods for dynamical systems, we develop a *cell-to-state* (cell2state) learning method that, through learning from such multi-modal data, maps single-cell gene expression profiles to low-dimensional state vectors that are predictive of cell dynamics. We evaluate the cell2state method using barcoded stem cell dataset (Biddy et al. (2018)) and simulation studies, compared with baseline approaches using features that are not dynamic-aware. We demonstrate the merits of cell2state in challenging downstream tasks including cell state prediction and finding dynamically stable clusters. Further, our method reveals potentiallatent meta-states of the underlying evolution process. For each of the meta-states, we identify a set of marker genes and development pathways that are biologically meaningful and potentially expand existing knowledge.",None
https://openreview.net/forum?id=uecYQBshVYV,Revisiting transposed convolutions for interpreting raw waveform sound event recognition CNNs by sonification,convolutional neural networks; interpretability; sound event recognition; raw waveform; contrastive learning; self-supervised learning; sound classification; audioset,None,"The majority of recent work on the interpretability of audio and speech processing deep neural networks (DNNs) interprets spectral information modelled by the first layer, relying solely on visual means of interpretation. In this work, we propose \textit{sonification}, a method to interpret intermediate feature representations of sound event recognition (SER) convolutional neural networks (CNNs) trained on raw waveforms by mapping these representations back into the discrete-time input signal domain, highlighting substructures in the input that maximally activate a feature map as intelligible acoustic events. We use sonifications to compare supervised and self-supervised feature hierarchies and show how sonifications work synergistically with signal processing techniques and visual means of representation, aiding the interpretability of SER models.","We propose an adaptation of ""Visualizing and Understanding Convolutional Networks"" by Zeiler and Fergus, ECCV 2014, to interpret raw waveform SER CNNs in the audio input space and use it to compare self-supervised and supervised deep representations."
https://openreview.net/forum?id=_dDmyNX8aZV,RNAS: Robust Network Architecture Search beyond DARTS,None,None,"The vulnerability of Deep Neural Networks (DNNs) (i.e., susceptibility to adversarial attacks) severely limits the application of DNNs. Most of the existing methods improve the robustness of the model from weights optimization, such as adversarial training and regularization. However, the architecture of DNNs is also a key factor to robustness, which is often neglected or underestimated. We propose a Robust Network Architecture Search (RNAS) to address this problem. In our method, we define a network vulnerability metric based on the features’ deviation between clean examples and adversarial examples. Through constraining this vulnerability, we search the robust architecture and solve it by iterative optimization. The extensive experiments conducted on CIFAR-10/100 and SVHN show that our model achieves the best performance under various adversarial attacks compared with extensive baselines and state-of-the-art methods.",None
https://openreview.net/forum?id=tDw7Mmat8co,Towards Safe Reinforcement Learning via Constraining Conditional Value-at-Risk,None,None,"Though deep reinforcement learning (DRL) has obtained substantial success, it may encounter catastrophic failures due to the intrinsic uncertainty caused by stochasticity in both environments and policies. Existing safe reinforcement learning methods are often based on transforming the optimization criterion and adopting the variance of the return as a measure of uncertainty. However, the return variance introduces a bias for penalizing both positive and negative risk equally, deviated from the purpose of safe reinforcement learning to penalize negative ones only. To address this issue, we propose to use the conditional value-at-risk (CVaR) as an assessment of risk, which guarantees that the probability for reaching a catastrophic state is below a desired threshold. Furthermore, we present a novel reinforcement learning framework of CVaR-Proximal-Policy-Optimization (CPPO) which formalizes the risk-sensitive constrained optimization problem by keeping its CVaR under a given threshold. To evaluate the robustness of policies, we theoretically prove that performance degradation under observation disturbance and transition disturbance depends on the gap of value function between the best state and the worst state. We also show that CPPO can generate more robust policies under disturbance. Experimental results show that CPPO achieves higher cumulative reward and exhibits stronger robustness against observation disturbance and transition disturbance on a series of continuous control tasks in MuJoCo.",None
https://openreview.net/forum?id=gX9Ub6AwAd,ANOMALY DETECTION WITH FRAME-GROUP ATTENTION IN SURVEILLANCE VIDEOS,Anomaly detection; attention mechanism; frame-group; spatial-temporal feature,None,"The paper proposes an end-to-end abnormal behavior detection network to detect strenuous movements in slow moving crowds, such as running, bicycling, throwing from a height. The algorithm forms continuous video frames into a frame group and uses the frame-group feature extractor to obtain the spatio-temporal information. The implicit vector based attention mechanism will work on the extracted frame-group features to highlight the important features. We use fully connected layers to transform the space and reduce the computation. Finally, the group-pooling maps the processed frame-group features to the abnormal scores. The network input is flexible to cope with the form of video streams, and the network output is the abnormal score. The designed compound loss function will help the model improve the classification performance. This paper arranges several commonly used anomaly detection datasets and tests the algorithms on the integrated dataset. The experimental results show that the proposed algorithm has significant advantages in many objective metrics compared with other anomaly detection algorithms.",The paper proposes an end-to-end abnormal behavior detection network to detect strenuous movements in slow moving crowds.
https://openreview.net/forum?id=3zJVXU311-Q,Hopular: Modern Hopfield Networks for Tabular Data,deep learning; tabular data; gradient boosting; Hopfield networks; associative memory,None,"While Deep Learning excels in structured data as encountered in vision and natural language processing, it failed to meet its expectations on tabular data. In real world, however, most machine learning applications face tabular data with less than 10,000 samples. For tabular data, Support Vector Machines (SVMs), Random Forests, and Gradient Boosting are the best performing techniques, where Gradient Boosting has the lead. Recently, we saw a surge of Deep Learning methods that were tailored to tabular data. However, these methods still underperform compared to Gradient Boosting. We suggest ""Hopular"" to learn from tabular data with hundreds or thousands of samples. Hopular is a Deep Learning architecture, where each layer is equipped with continuous modern Hopfield networks. The modern Hopfield networks can store two types of data: (i) the whole training set and (ii) the feature embedding vectors of the actual input. The stored data allow the identification of feature-feature, feature-target, sample-sample, and sample-target dependencies. The stored training set enables to find similarities across input vectors and targets, while the stored actual input enables to determine dependencies between features and targets. Hopular's novelty is that the original training set and the original input are provided at each layer. Therefore, Hopular can improve the current prediction at every layer by re-accessing the original training set like standard iterative learning algorithms. In experiments on small-sized tabular datasets with less than 1,000 samples, Hopular surpasses Gradient Boosting, Random Forests, SVMs, and in particular several Deep Learning methods. In experiments on medium-sized tabular data with about 10,000 samples, Hopular outperforms XGBoost and a state-of-the art Deep Learning method designed for tabular data. Although Hopular needs more training time than Gradient Boosting, Random Forests, and SVMs, it is a strong alternative to these methods on small-sized and medium-sized tabular datasets as it yields higher performance.",A novel deep learning architecture based on continuous modern Hopfield networks is proposed for tackling small tabular datasets.
https://openreview.net/forum?id=QymmlaKpp_8,Inductive-Biases for Contrastive Learning of Disentangled Representations,None,None,"Learning disentangled representations is a core machine learning task. It has been shown that this task requires inductive biases. Recent work on class-content disentanglement has shown excellent performance, but required generative modeling of the entire dataset, which can be very demanding. Current discriminative approaches are typically based on adversarial-training and do not reach comparable accuracy. In this paper, we investigate how to transfer the inductive-biases implicit in generative-approaches to contrastive methods. Based on our findings we proposed a new,  non-adversarial and non-generative method named \modelName: Augmentation Based Contrastive Disentanglement. ABCD uses contrastive representation learning relying only on content-invariant augmentations to achieve domain-disentangled representations. The discriminative approach, makes ABCD much faster to train relative to other generative approaches. We evaluate ABCD on image translation and retrieval tasks, and obtain state-of-the-art results.",None
https://openreview.net/forum?id=P3SQi2EWeR,Integrating Large Circular Kernels into CNNs through Neural Architecture Search,circular kernel; Convolutional Neural Network; Neural Architecture Search; operation space; large kernel,None,"The square kernel is a standard unit for contemporary Convolutional Neural Networks (CNNs), as it fits well on the tensor computation for the convolution operation. However, the retinal ganglion cells in the biological visual system have approximately concentric receptive fields. Motivated by this observation, we propose using the circular kernel with a concentric and isotropic receptive field as an option for convolution operation. We first substitute the $3 \times 3$ square kernels with the corresponding circular kernels or our proposed integrated kernels in the typical ResNet architecture, and the modified models after training yield similar or even competitive performance.  We then show the advantages of large circular kernels over the corresponding square kernels in that the difference and the improvement are more distinct. Hence, we speculate that large circular kernels would help find advanced neural network models by the Neural Architecture Search (NAS). To validate our hypothesis, we expand the operation space in several typical NAS methods with convolutions of large circular kernels.  
Experimental results show that the searched new neural network models contain large circular kernels and significantly outperform the original searched models. The additional empirical analysis also reveals that the large circular kernel help the model to be more robust to rotated or sheared images due to its rotation invariance.","We propose to use circular kernels for convolution in neural networks, expand the operation space of Neural Architecture Search with large circular kernels, and demonstrate its effectiveness for neural architecture search."
https://openreview.net/forum?id=dXPou9HkXcZ,Spatiotemporal Characterization of Gait from Monocular Videos with Transformers,human pose estimation; explainable AI; kinematics; gait; rehabilitation; activity recognition,None,"Human pose estimation from monocular video is a rapidly advancing field that offers great promise to human movement science and rehabilitation. This potential is tempered by the smaller body of work ensuring the outputs are clinically meaningful and properly calibrated. Gait analysis, typically performed in a dedicated lab, produces precise measurements including kinematics and step timing. Using more than 9000 monocular video from an instrumented gait analysis lab, we evaluated the performance of existing algorithms for measuring kinematics. While they produced plausible results that resemble walking, the joint angles and step length were noisy and poorly calibrated. We trained a transformer to map 3D joint location sequences and the height of individuals onto interpretable biomechanical outputs including joint kinematics and phase within the gait cycle. This task-specific layer greatly reduced errors in the kinematics of the hip, knee and foot, and accurately detected the timing of foot down and up events. We show, for the first time, that accurate spatiotemporal gait parameters including walking speed, step length, cadence, double support time, and single support time can be computed on a cycle-by-cycle basis from these interpretable outputs. Our results indicate lifted 3D joint locations contain enough information for gait analysis, but their representation is not biomechanically accurate enough to use directly, suggesting room for improvement in existing algorithms.","By training a transformer on kinematic data from a gait laboratory, we can produce interpretable features from videos of walking that allow extracting several spatiotemporal parameters of gait."
https://openreview.net/forum?id=SHnXjI3vTJ,Self-Supervised Prime-Dual Networks for Few-Shot Image Classification,few-shot learning; prime-dual network; self-supervision,None,"We construct a prime-dual network structure for few-shot learning which establishes a commutative relationship between the support set and the query set, as well as a new self- supervision constraint for highly effective few-shot learning. Specifically, the prime network performs the forward label prediction of the query set from the support set, while the dual network performs the reverse label prediction of the support set from the query set. This forward and reserve prediction process with commutated support and query sets forms a label prediction loop and establishes a self-supervision constraint between the ground-truth labels and their predicted values. This unique constraint can be used to significantly improve the training performance of few-shot learning through coupled prime and dual network training. It can be also used as an objective function for optimization during the testing stage to refine the query label prediction results. Our extensive experimental results demonstrate that the proposed self-supervised commutative learning and optimization outperforms existing state-of the-art few-shot learning methods by large margins on various benchmark datasets.",None
https://openreview.net/forum?id=NRAZXJ9q3z,CDPS: Constrained DTW-Preserving Shapelets,Shapelets; Representational Learning; Clustering; Constrained Clustering; Constrained Learning,None,"The analysis of time series for clustering and classification is becoming ever more popular because of the increasingly ubiquitous nature of IoT, satellite constellations, and handheld and smart-wearable devices, etc. Euclidean distance is unsuitable because of potential phase shift, differences in sample duration, and compression and dilation of characteristic signals. As such, several similarity measures specific to time-series have been proposed, Dynamic Time Warping (DTW) being the most popular. Nevertheless, DTW does not respect the axioms of a metric and therefore DTW-preserving shapelets have been developed to regain these properties. This unsupervised approach to representation learning models DTW properties through the shapelet transform. This article proposes constrained DTW-preserving shapelets (CDPS), in which a limited amount of user knowledge is available in the form of must link and cannot link constraints, to guide the representation such that it better captures the user’s interpretation of the data rather than the algorithm’s bias. Subsequently, any unconstrained algorithm can be applied, e.g. K-means clustering, k-NN classification, etc, to obtain a result that fulfills the constraints (without explicit knowledge of them). Furthermore, this representation is generalisable to out-of-sample data, overcoming the limitations of standard transductive constrained-clustering algorithms. The proposed algorithm is studied on multiple time-series datasets, and its advantages over classical constrained clustering algorithms and unsupervised DTW-preserving shapelets are demonstrated. An open-source implementation based on PyTorch is available to take full advantage of GPU acceleration",Learning Time series representation based on constrained learning of shapelets.
https://openreview.net/forum?id=KdWnM6Xj8KX,Regularization for Strategy Exploration in Empirical Game-Theoretic Analysis,Multi-agent Learning; empirical game-theoretic analysis; policy space response oracle,None,"In iterative approaches to empirical game-theoretic analysis (EGTA), the strategy space is expanded incrementally based on analysis of intermediate game models. A common approach to strategy exploration, represented by the double oracle algorithm, is to add strategies that best-respond to a current equilibrium. This approach may suffer from overfitting and other limitations, leading the developers of the policy-space response oracle (PSRO) framework for iterative EGTA to generalize the target of best response, employing what they term meta-strategy solvers (MSSs). Noting that many MSSs can be viewed as perturbed or approximated versions of Nash equilibrium, we adopt an explicit regularization perspective to the specification and analysis of MSSs. We propose a novel MSS called regularized replicator dynamics (RRD), which simply truncates the process based on a regret criterion. We show that the regularization approach exhibits desired properties for strategy exploration and RRD outperforms existing MSSs in various games. We extend our study to three-player games, for which the payoff matrix is cubic in the number of strategies and so exhaustively evaluating profiles may not be feasible. We propose a profile search method that can identify solutions from incomplete models, and combine this with iterative model construction using a regularized MSS. Finally, we suggest an explanation for the effectiveness of regularization demonstrated in our experiments.",A regularization approach to double oracle method that speeds up game learning.
https://openreview.net/forum?id=A209HjoI2fq,POI-Transformers: POI Entity Matching through POI Embeddings by Incorporating Semantic and Geographic Information,POI entity matching; POI entity embedding; transformer-based model; POI-Transformers,None,"Point of Interest (POI) data is crucial to location-based applications and various user-oriented services. However, three problems are existing in POI entity matching. First, traditional approaches to general entity matching are designed without geographic location information, which ignores the geographic features when performing POI entity matching. Second, existing POI matching methods for feature design are heavily dependent on the experts’ knowledge. Third, current deep learning-based entity matching approaches require a high computational complexity since all the potential POI entity pairs need input to the network. A general and robust POI embedding framework, the POI-Transformers, is initially proposed in this study to address these problems of POI entity matching. The POI-Transformers can generate semantically meaningful POI embeddings through aggregating the text attributes and geographic location, and minimize the inconsistency of a POI entity by measuring the distance between the newly generated POI embeddings. Moreover, the POI entities are matched by the similarity of POI embeddings instead of directly comparing the POI entities, which can greatly reduce the complexity of computation. The implementation of the POI-Transformers achieves a high F1 score of 95.8% on natural scenes data sets (from the Gaode Map and the Tencent Map) in POI entity matching and is comparable to the state-of-the-art (SOTA) entity matching methods of DeepER, DeepMatcher, and Ditto (in entity matching benchmark data set). Compared with the existing deep learning methods, our method reduces the effort for identifying one million pairs from about 20 hours to 228 seconds. These demonstrate that the proposed POI-Transformers framework significantly outstrips traditional methods both in accuracy and efficiency.",None
https://openreview.net/forum?id=XC-nkaS4rcS,Accelerated Gradient-Free Method for Heavily Constrained Nonconvex Optimization,Constrained optimization; nonconvex; zeroth-order,None,"Zeroth-order (ZO) method has been shown to be a powerful method for solving the optimization problem where explicit expression of the gradients is difficult or infeasible to obtain. Recently, due to the practical value of the constrained problems, a lot of ZO Frank-Wolfe or projected ZO methods have been proposed. However, in many applications, we may have a very large number of nonconvex white/black-box constraints, which makes the existing zeroth-order methods extremely inefficient (or even not working) since they need to inquire function value of all the constraints and project the solution to the complicated feasible set. In this paper, to solve the nonconvex problem with a large number of white/black-box constraints, we proposed a doubly stochastic zeroth-order gradient method (DSZOG). Specifically, we reformulate the problem by using the penalty method with distribution probability and sample a mini-batch of constraints to calculate the stochastic zeroth/first-order gradient of the penalty function to update the parameters and distribution, alternately. To further speed up our method, we propose an accelerated doubly stochastic zeroth-order gradient method (ADSZOG) by using the exponential moving average method and adaptive stepsize. Theoretically, we prove DSZOG and ADSZOG can converge to the $\epsilon$-stationary point of the constrained problem. We also compare the performances of our method with several ZO methods in two applications, and the experimental results demonstrate the superiority of our method in terms of training time and accuracy.",We propose two zeroth-order method to solve the problem with a large number of nonconvex/convex white/black-box constraints.
https://openreview.net/forum?id=cJPkX1g9PQS,Rethinking Self-Supervision Objectives for Generalizable Coherence Modeling,None,None,"Although large-scale pre-trained neural models have shown impressive performances in a variety of tasks, their ability to generate coherent text that appropriately models discourse phenomena is harder to evaluate and less understood. Given the claims of improved text generation quality across various systems, we consider the coherence evaluation of machine generated text to be one of the principal applications of coherence models that needs to be investigated. We explore training data and self-supervision objectives that result in a model that generalizes well across tasks and can be used off-the-shelf to perform such evaluations.
Prior work in neural coherence modeling has primarily focused on devising new architectures, and trained the model to distinguish coherent and incoherent text through pairwise self-supervision on the permuted documents task. We instead use a basic model architecture and show significant improvements over state of the art within the same training regime. We then design a harder self-supervision objective by increasing the ratio of negative samples within a contrastive learning setup, and  enhance the model further through automatic hard negative mining coupled with a large global negative queue encoded by a momentum encoder. We show empirically that increasing the density of negative samples improves the basic model, and using a global negative queue further improves and stabilizes the model while training with hard negative samples. We evaluate the coherence model on task-independent test sets that resemble real-world use cases and show significant improvements in coherence evaluations of downstream applications.",None
https://openreview.net/forum?id=1sx0Drq4jfT,Training Meta-Surrogate Model for Transferable Adversarial Attack,None,None,"We consider adversarial attacks to a black-box model when no queries are allowed. In this setting, many methods directly attack surrogate models and transfer the obtained adversarial examples to fool the target model. Plenty of previous works investigated what kind of attacks to the surrogate model can generate more transferable adversarial examples, but their performances are still limited due to the mismatches between surrogate models and the target model. In this paper, we tackle this problem from a novel angle---instead of using the original surrogate models, can we obtain a Meta-Surrogate Model (MSM) such that attacks to this model can be easier transferred to other models? We show that this goal can be mathematically formulated as a well-posed (bi-level-like) optimization problem and design a differentiable attacker to make training feasible. Given one or a set of surrogate models, our method can thus obtain an MSM such that adversarial examples generated on MSM enjoy eximious transferability. Comprehensive experiments on Cifar-10 and ImageNet demonstrate that by attacking the MSM, we can obtain stronger transferable adversarial examples to fool black-box models including adversarially trained ones, with much higher success rates than existing methods.",This paper proposes a method to solve transferable adversarial attack from a promising and interesting angle
https://openreview.net/forum?id=8qQ48aMXR_g,On Locality in Graph Learning via Graph Neural Network,Graph Neural Network; Structural Behavior; Learning Process,None,"Theoretical understanding on the learning process of graph neural network (GNN) has been lacking. The common practice in GNN training is to adapt strategies from other machine learning families, despite the striking differences between learning non-graph and graph-structured data. This results in unstable learning performance (e.g., accuracy) for GNN. In this paper, we study how the training set in the input graph effects the performance of GNN.  Combining the topology awareness of GNN and the dependence (topology) of data samples, we formally derive a structural relation between the performance of GNN and the coverage of the training set in the graph. More specifically, the distance of the training set to the rest of the vertexes in the graph is negatively correlated to the learning outcome of GNN. We further validate our theory on different graph data sets with extensive experiments. Using the derived result as a guidance, we also investigate the initial data labelling problem in active learning of GNN, and show that locality-aware data labelling substantially outperforms the prevailing random sampling approach.",This paper studies the structural relation between training set and performance of GNN.
https://openreview.net/forum?id=ZocWLFKDN3a,Variational Disentangled Attention for Regularized Visual Dialog,attention mechanism; latent disentanglement; visual dialog; model regularization,None,"One of the most important challenges in a visual dialog is to effectively extract the information from a given image and its historical conversation which are related to the current question. Many studies adopt the soft attention mechanism in different information sources due to its simplicity and ease of optimization. However, some of visual dialogs are observed in a single round. This implies that there is no substantial correlation between individual rounds of questions and answers. This paper presents a unified approach to disentangled attention to deal with context-free visual dialogs. The question is disentangled in latent representation. In particular, an informative regularization is imposed to strengthen the dependence between vision and language by pretraining on the visual question answering before transferring to visual dialog. Importantly, a novel variational attention mechanism is developed and implemented by a local reparameterization trick which carries out a discrete attention to identify the relevant conversations in a visual dialog. A set of experiments are evaluated to illustrate the merits of the proposed attention and regularization schemes for context-free visual dialogs.",A novel variational attention mechanism with latent disentanglement is proposed for regularized visual dialog
https://openreview.net/forum?id=mJXARDIxVl6,Optimistic Policy Optimization is Provably Efficient in Non-stationary MDPs,None,None,"We study episodic reinforcement learning (RL) in non-stationary linear kernel  Markov decision processes (MDPs). In this setting, both the reward function and the transition kernel are linear with respect to the given feature maps and are allowed to vary over time, as long as their respective parameter variations do not exceed certain variation budgets. We propose the \underline{p}eriodically \underline{r}estarted \underline{o}ptimistic \underline{p}olicy \underline{o}ptimization algorithm (PROPO), which is an optimistic policy optimization algorithm with linear function approximation. PROPO features two mechanisms: sliding-window-based policy evaluation and periodic-restart-based policy improvement, which are tailored for policy optimization in a non-stationary environment. In addition, only utilizing the technique of sliding window, we propose a value-iteration algorithm. We establish dynamic upper bounds for the proposed methods and a matching minimax lower bound which shows the (near-) optimality of the proposed methods. To our best knowledge, PROPO is the first provably efficient policy optimization algorithm that handles non-stationarity.",None
https://openreview.net/forum?id=-r_OrYjUMJK,Reynolds Equivariant and Invariant Networks,None,None,"Invariant and equivariant networks are useful in learning data with symmetry, including images, sets, point clouds, and graphs. In this paper, we consider invariant and equivariant networks for symmetries of finite groups. Invariant and equivariant networks have been constructed by various researchers using Reynolds operators. However, Reynolds operators are computationally expensive when the order of the group is large because they use the sum over the whole group, which poses an implementation difficulty. To overcome this difficulty, we consider representing the Reynolds operator as a sum over a subset instead of a sum over the whole group. We call such a subset a Reynolds design, and an operator defined by a sum over a Reynolds design a reductive Reynolds operator. For example, in the case of a graph with $n$ nodes,  the computational complexity of the reductive Reynolds operator is reduced to $O(n^2)$,  while the computational complexity of the Reynolds operator is $O(n!)$. We construct a learning model based on the reductive Reynolds operator and prove that it has universal approximation property. Reynolds designs for equivariant models are derived from combinatorial observations with Young diagrams, while Reynolds designs for invariant models are derived from invariants called Reynolds dimensions defined on the set of invariant polynomials. Numerical experiments show that the performance of our models is comparable to state-of-the-art methods.",We construct universal and computationally efficient equivariant and invariant s based on the Reynolds operator.
https://openreview.net/forum?id=JzwLTPuG0fo,Knowledge-driven Active Learning,Active Learning; Deep Learning; FOL; Multi-label classification; Object-detection,None,"In the last few years, Deep Learning models have become increasingly popular. However, their deployment is still precluded in those contexts where the amount of supervised data is limited and manual labelling expensive. Active learning strategies aim at solving this problem by requiring supervision only on few unlabelled samples, which improve the most model performances after adding them to the training set. Most strategies are based on uncertain sample selection, and even often restricted to samples lying close to the decision boundary. Here we propose a very different approach, taking into consideration domain knowledge. Indeed, in the case of multi-label classification, the relationships among classes offer a way to spot incoherent predictions, i.e., predictions where the model may most likely need supervision. We have developed a framework where first-order-logic knowledge is converted into constraints and their violation is checked as a natural guide for sample selection. We empirically demonstrate that knowledge-driven strategy outperforms standard strategies, particularly on those datasets where domain knowledge is complete. Furthermore, we show how the proposed approach enables discovering data distributions lying far from training data. Finally, the proposed knowledge-driven strategy can be also easily used in object-detection problems where standard uncertainty-based techniques are difficult to apply.","Domain-knowledge, expressed in the form of logic constraints, is employed in the selection process of a novel active learning strategy, with experiments on image classification and object-detections."
https://openreview.net/forum?id=-JW-1Fg-v2,Language-Guided Image Clustering,Clustering,None,"Image clustering methods have rapidly improved their ability to discover object categories. However, unsupervised clustering methods struggle on other image attributes, e.g. age or activity. The reason is that most recent clustering methods learn deep features that are designed to be sensitive to object category, but less so to other image attributes. We propose to overcome this limitation by introducing the new setting of language-guided image clustering. In this setting, the model is provided with an exhaustive list of phrases describing all the possible values of a specific attribute,  together with a shared image-language embedding (e.g. CLIP). Our method then computes the subset of K attribute phrases that form the best clustering of the images. Differently from standard clustering methods, our method can cluster according to image attributes other than the object category. We evaluate our method on a attribute clustering tasks and demonstrate that our method significantly outperforms methods that do not use language-guidance.",Using language guidance for allowing image clustering methods to choose which attributes to cluster by
https://openreview.net/forum?id=oPON8TpOQVz,Chameleon Sampling: Diverse and Pure Example Selection for Online Continual Learning with Noisy Labels,Continual Learning; Robust Learning; Noisy Labels; Label Noise,None,"AI models suffer from continuously changing data distribution and noisy labels when applied to most real-world problems. Although many solutions have addressed issues for each problem of continual learning or noisy label, tackling both issues is of importance and yet underexplored. Here, we address the task of online continual learning with noisy labels, which is a more realistic, practical, and challenging continual learning setup by assuming ground-truth labels may be noisy. Specifically, we argue the importance of both diversity and purity of examples in the episodic memory of continual learning models. To balance diversity and purity in the memory, we propose to combine a novel memory management strategy and robust learning. Specifically, we propose a metric to balance the trade-off between diversity and purity in the episodic memory with noisy labels. We then refurbish or apply unsupervised learning by splitting noisy examples into multiple groups using the Gaussian mixture model for addressing label noise. We validate our approach on four real-world or synthetic benchmark datasets, including two CIFARs, Clothing1M, and mini-WebVision, demonstrate significant improvements over representative methods on this challenging task set-up.",We address the task of online continual learning with noisy labels.
https://openreview.net/forum?id=vMYCSy4VwvD,Multi-Domain Active Learning: A Comparative Study,active learning; multi-domain Learning,None,"Multi-domain learning (MDL) refers to learning a set of models simultaneously, with each one specialized to perform a task in a certain domain. Generally, high labeling effort is required in MDL, as data need to be labeled by human experts for every domain. Active learning (AL), which reduces labeling effort by only using the most informative data, can be utilized to address the above issue. The resultant paradigm is termed multi-domain active learning (MDAL). However, currently little research has been done in MDAL, not to mention any off-the-shelf solution. To fill this gap, we present a comprehensive comparative study of 20 different MDAL algorithms, which are established by combining five representative MDL models under different information-sharing schemes and four well-used AL strategies belonging to different categories. We evaluate the algorithms on five datasets, involving textual and visual classification tasks. We find that the models which capture both domain-dependent and domain-specific information are more likely to perform well in the whole AL loops. Besides, the simplest informativebased uncertainty strategy surprisingly performs well on most datasets. As our off-the-shelf recommendation, the combination of Multinomial Adversarial Networks (MAN) with the best vs second best (BvSB) uncertainty strategy shows its superiority in most cases, and this combination is also robust across datasets and domains.",None
https://openreview.net/forum?id=S2-p6QiTIxZ,Active Learning: Sampling in the Least Probable Disagreement Region,machine learning; active learning; uncertainty; hypothesis perturbation; disagreement region,None,"Active learning strategy to query samples closest to the decision boundary can be an effective strategy for sampling the most uncertain and thus informative samples. This strategy is valid only when the sample's ""closeness"" to the decision boundary can be estimated. As a measure for evaluating closeness to a given decision boundary of a given sample, this paper considers the least probable disagreement region (LPDR) which is a measure of the smallest perturbation on the decision boundary leading to altered prediction of the sample. Experimental results show that the proposed LPDR-based active learning algorithm consistently outperforms other high performing active learning algorithms and leads to state-of-the-art performance on various datasets and deep networks.",This paper defines a measure of sample's closeness to the decision boundary based on the disagree metric between hypotheses in active learning.
https://openreview.net/forum?id=Esk2g83ELUt,"UniNet: Unified Architecture Search with Convolution, Transformer, and MLP",Neural architecture search; transformer,None,"Recently, transformer and multi-layer perceptron (MLP) architectures have achieved impressive results on various vision tasks. A few works investigated manually combining those operators to design visual network architectures, and can achieve satisfactory performances to some extent. In this paper, we propose to jointly search the optimal combination of convolution, transformer, and MLP for building a series of all-operator network architectures with high performances on visual tasks. We empirically identify that the widely-used strided convolution or pooling based down-sampling modules become the performance bottlenecks when the operators are combined to form a network. To better tackle the global context captured by the transformer and MLP operators, we propose two novel context-aware down-sampling modules, which can better adapt to the global information encoded by transformer and MLP operators. To this end, we jointly search all operators and down-sampling modules in a unified search space. Notably, Our searched network UniNet (Unified Network) outperforms state-of-the-art pure convolution-based architecture, EfficientNet, and pure transformer-based architecture, Swin-Transformer, on multiple public visual benchmarks, ImageNet classification, COCO object detection, and ADE20K semantic segmentation.",We jointly search all operators and down-sampling modules in a unified search space.
https://openreview.net/forum?id=Rj2qQDm_rxe,KIMERA: Injecting Domain Knowledge into Vacant Transformer Heads,Transformer; Domain Adaption; Medical; Clinical; Attention,None,"Training transformer language models requires vast amounts of text and computational resources. This drastically limits the usage of these models in niche domains for which they are not optimized, or where domain-specific training data is scarce. We focus here on the clinical domain because of its limited access to training data in common tasks, while structured ontological data is often readily available. Recent observations in model compression of transformer models show optimization potential in improving the representation capacity of attention heads. We propose KIMERA (Knowledge Injection via Mask Enforced Retraining of Attention) for detecting, retraining and instilling attention heads with complementary structured domain knowledge. 
Our novel multi-task training scheme effectively identifies and targets individual attention heads that are least useful for a given downstream task and optimizes their representation with information from structured data. 
Due to its multi-task nature KIMERA generalizes well, thereby building the basis for an efficient fine-tuning.
KIMERA achieves significant performance boosts on seven datasets in the medical domain in Information Retrieval and Clinical Outcome Prediction settings. We apply KIMERA to BERT-base to evaluate the extent of the domain transfer and also improve on the already strong results of BioBERT in the clinical domain.",Using a selective attention approach we identify the least important attention heads of a transformer network and retrain them for domain adaptation.
https://openreview.net/forum?id=lUyvp-6V9G,Multi-Vector Embedding on Networks with Taxonomies,network embedding; heterogeneous network embedding; hyperbolic space,None,"Networks serve as efficient tools to describe close relationships among nodes. Taxonomies consist of labels organized into hierarchical structures and are often employed to describe rich attributes of the network nodes. Existing methods that co-embed nodes and labels in a low-dimensional space all encounter an obstacle called under-fitting, which occurs when the vector of a node is obliged to fit all its labels and neighbor nodes. In this paper, we propose HIerarchical Multi-vector Embedding (HIME), which allows multiple vectors of a node to fit different sets of its labels in a Poincare ball, where the label hierarchy is well preserved. Experiments show that HIME has comprehensive advantages over existing network embedding methods in preserving both node-node and node-label relationships.",We propose multi-vector embedding on networks with taxonomies in hyperbolic spaces to overcome the under-fitting problem.
https://openreview.net/forum?id=yx_uIzoHJv,Effect of Pressure for Compositionality on Language Emergence,Language Emergence; Neural Language Emergence; Compositionality,None,"Humans can use natural languages compositionally, where complicated concepts are expressed using expressions grounded in simpler concepts. Hence, it has been argued that compositionality increases the ability of generalization. This behavior is acquired during natural language learning. Natural languages contain a large number of compositional phrases that function as examples of how to construct compositional expressions for human learners.  However, in language emergence, neural agents do not have access to such compositional language expressions. It can be circumvent by optimizing a suitably devised metric of compositionality, which does not require supervising examples. In this paper, we present a learning environment where agents are pressured to make their emerging languages compositional by incorporating a metric of topological similarity into the loss function. We observe that when this pressure is carefully adjusted,  agents can achieve higher generalizations. The optimal level of this pressure is highly dependent on the agent architecture, input, and structure of the message space. However, we find no simple correlation between high compositionality and generalization. The advantage offered by compositional pressure is situational. We observe instances where moderately compositional languages are showing generalizing behavior to the extent of some highly compositional ones.","This paper explores the effects of externally introducing a compositionality pressure, on neural agents employed in language emergence,  by considering factors such as the structure of the message space, input space, agent architecture, etc."
https://openreview.net/forum?id=vjaGQ4cftD,Referring Self-supervised Learning on 3D Point Cloud,3D point cloud; self-supervised learning,None,"After observing a type of object, we humans could easily recognize similar objects on an unseen scene. However, such generalization ability for the neural network remains not fully explored in current researches. In this paper, we study a new problem named Referring Self-supervised Learning (RSL) on 3D scene understanding: Given the 3D synthetic models with labels and the unlabeled 3D real scene scans, our goal is to distinguish the identical semantic objects on an unseen scene according to the referring synthetic 3D models. Unlike current tasks, the purpose of RSL is to study how to transfer the neural network's knowledge from the 3D models to unseen 3D scenes, where the main challenge is solving the cross-scene  -domain and -task gap between the referring synthetic model and real unseen scene. To this end, we propose a simple yet effective self-supervised framework to perform two alignment operations. First, physical alignment aims to make the referring models match the scene with data processing techniques, and then convex-hull regularized feature alignment introduces learnable prototypes to project the point features of referring models to a convex hull space, where the feature acts as a convex combination of the learned prototypes (for both referring model and real scene) and this regularization eases the alignment. Experiments show that our method achieves the average mAP of 55.32% on the ScanNet dataset by referring only to the synthetic models from the ModelNet dataset. Furthermore, it can be regarded as a pretext task to improve the performance of the downstream tasks in 3D scene understanding.",None
https://openreview.net/forum?id=b4jq1xzirPS,An Attention-LSTM Hybrid Model for the Coordinated Routing of Multiple Vehicles,Reinforcement Learning; Combinatorial Optimization; Traveling Salesman Problem with Drones; Vehicle Routing Problem,None,"Reinforcement learning has recently shown promise in learning quality solutions in a number of combinatorial optimization problems. In particular, the attention-based encoder-decoder models show high effectiveness on various routing problems, including the Traveling Salesman Problem (TSP).  Unfortunately, they perform poorly for the TSP with Drones (TSP-D), requiring routing a heterogeneous fleet of vehicles in coordination. In TSP-D, two different types of vehicles are moving in tandem and may need to wait at a node for the other vehicle to join. State-less attention-based decoder fails to make such coordination between vehicles. We propose an attention encoder-LSTM decoder hybrid model, in which the decoder's hidden state can represent the sequence of actions made. We empirically demonstrate that such a hybrid model improves upon a purely attention-based model for both solution quality and computational efficiency. Our experiments on the min-max Capacitated Vehicle Routing Problem (mmCVRP) also confirm that the hybrid model is more suitable for coordinated routing of multiple vehicles than the attention-based model.",We propose an attention-LSTM hybrid model that can learn coordinated routing of multiple vehicles.
https://openreview.net/forum?id=01CDUB3v6H,LARGE: Latent-Based Regression through GAN Semantics,GAN; Latent Space; Latent semantics; Regression; Few-Shot,None,"We propose a novel method for solving regression tasks using few-shot or weak supervision. At the core of our method is the fundamental observation that GANs are incredibly successful at encoding semantic information within their latent space, even in a completely unsupervised setting. For modern generative frameworks, this semantic encoding manifests as smooth, linear directions which affect image attributes in a disentangled manner. These directions have been widely used in GAN-based image editing.
We show that such directions are not only linear, but that the magnitude of change induced on the respective attribute is approximately linear with respect to the distance traveled along them. By leveraging this observation, our method turns a pre-trained GAN into a regression model, using as few as two labeled samples. This enables solving regression tasks on datasets and attributes which are difficult to produce quality supervision for. Additionally, we show that the same latent-distances can be used to sort collections of images by the strength of given attributes, even in the absence of explicit supervision. 
Extensive experimental evaluations demonstrate that our method can be applied across a wide range of domains, leverage multiple latent direction discovery frameworks, and achieve state-of-the-art results in few-shot and low-supervision settings, even when compared to methods designed to tackle a single task.",Using latent space semantics to perform few-shot regression
https://openreview.net/forum?id=aQE7-2-0Ud5,Boosting Semantic Segmentation via Feature Enhancement,Deep learning; computer vision; semantic segmentation; feature enhancement,None,"Semantic segmentation aims to map each pixel of an image into its correspond-ing semantic label. Most existing methods either mainly concentrate on high-levelfeatures or simple combination of low-level and high-level features from backboneconvolutional networks, which may weaken or even ignore the compensation be-tween different levels. To effectively take advantages from both shallow (textural)and deep (semantic) features, this paper proposes a novel plug-and-play module,namelyfeature enhancement module(FEM). The proposed FEM first aligns fea-tures from different stages through a learnable filter to extract desired information,and then enhances target features by taking in the extracted message. Two types ofFEM,i.e.detail FEM and semantic FEM, are customized. Concretely, the formertype strengthens textural information to protect key but tiny/low-contrast detailsfrom suppression/removal, while the other one highlights structural informationto boost segmentation performance. By equipping a given backbone network withFEMs,  there might contain two information flows,i.e.detail flow and seman-tic flow.  Extensive experiments on Cityscapes, PASCAL Context, and ADE20Kdatasets are conducted to validate the effectiveness of our design, and reveal itssuperiority over other state-of-the-art alternatives.",A novel plug-and-play module to boost semantic segmentation via feature enhancement.
https://openreview.net/forum?id=8p5qvzrmMj,Confidence Score Weighting Adaptation for Source-Free Unsupervised Domain Adaptation,Unsupervised Domain Adaptation; Source-free Unsupervised Domain Adaptation; Confidence score,None,"Unsupervised domain adaptation (UDA) aims to achieve high performance within the unlabeled target domain by leveraging the labeled source domain.
Source-free UDA, which is a more challenging UDA task, can access the pre-trained model within the source domain.
The pre-trained model, however, provides a noisy pseudo-label; thus, source-free UDA requires robust training.
In this study, we propose a Confidence score Weighting Adaptation (CoWA), which is a simple yet effective source-free UDA method. 
CoWA utilizes the Joint Model-Data Structure (JMDS) confidence score designed for source-free UDA as a sample-wise weight.
As components of CoWA, we introduce Suppressed Cross Entropy (SCE) loss and a weight mixup to robustly leverage the low-confidence samples.
Experiment results show that CoWA achieves a superior performance compared to other source-free UDA methods on various UDA benchmarks including open-set and partial-set domain adaptation.
Furthermore, on several benchmarks, CoWA surpasses state-of-the-art conventional UDA methods that use labeled source domain data.",We propose a novel state-of-the-art source-free UDA method using sample reweighting.
https://openreview.net/forum?id=wX4Z5X5vpm,Plan Your Target and Learn Your Skills: State-Only Imitation Learning via Decoupled Policy Optimization,reinforcement learning; imitation learning,None,"State-only imitation learning (SOIL) enables agents to learn from massive demonstrations without explicit action or reward information.
However, previous methods attempt to learn the implicit state-to-action mapping policy directly from state-only data, which results in ambiguity and inefficiency.
In this paper, we overcome this issue by introducing hyper-policy as sets of policies that share the same state transition to characterize the optimality in SOIL. Accordingly, we propose Decoupled Policy Optimization (DPO) via explicitly decoupling the state-to-action mapping policy as a state transition predictor and an inverse dynamics model. Intuitively, we teach the agent to plan the target to go and then learn its own skills to reach. 
Experiments on standard benchmarks and a real-world driving dataset demonstrate the effectiveness of DPO and its potential of bridging the gap between reality and simulations of reinforcement learning.",We propose decoupled policy optimization (DPO) via explicitly decoupling the state-to-action mapping policy as a state transition predictor and an inverse dynamics model to solve the ambiguity in state-only imitation learning.
https://openreview.net/forum?id=9kBDWEmA6i,When high-performing models behave poorly in practice: periodic sampling can help,Periodic sampling; deep learning; computer vision; mammography,None,"Training a deep neural network (DNN) for breast cancer detection from medical images suffers from the (hopefully) low prevalence of the pathology.
For a sensible amount of positive cases, images must be collected from numerous places resulting in large heterogeneous datasets with different acquisition devices, populations, cancer incidences.
Without precaution, this heterogeneity may result in a DNN biased by latent variables a priori independent of the pathology.
This may be dramatic if this DNN is used inside a software to help radiologists to detect cancers.
This work mitigates this issue by acting on how mini-batches for Stochastic Gradient Descent (SGD) algorithms are constructed.
The dataset is divided into homogeneous subsets sharing some attributes (\textit{e.g.} acquisition device, source) called Data Segments (DSs).
Batches are built by sampling each DS periodically with a frequency proportional to the rarest label in the DS and by simultaneously preserving an overall balance between positive and negative labels within the batch.
Periodic sampling is compared to balanced sampling (equal amount of labels within a batch, independently of DS) and to balanced sampling within DS (equal amount of labels within a batch and each DS).
We show, on breast cancer prediction from mammography images of various devices and origins, that periodic sampling leads to better generalization than other sampling strategies.",None
https://openreview.net/forum?id=8Z7-NG11HY,Constrained Density Matching and Modeling for Effective Contextualized Alignment,Cross-lingual Alignment; Word Embeddings; NLP,None,"Multilingual representations pre-trained with monolingual data offer unmatched task performances between languages. While this has been tackled through the lens of contextualized alignments, these techniques require large parallel data, thereby leaving under-represented language communities behind. In this work, we analyze the limitations according to which previous alignments become very resource-intensive, \emph{viz.,} (i) the inability to sufficiently leverage data and (ii) that alignments are not trained properly. To address them, we present density based approaches to perform alignments, and we complement them with our validation criteria accounting for downstream task performances. Our experiments encompass 16 alignment techniques (including ours), evaluated across 6 language pairs, synthetic and 4 NLP tasks. We demonstrate that our solutions are particularly effective in the scenarios of limited and no parallel data. More importantly, we show, both theoretically and empirically, the advantages of our boostrapping procedures, by which unsupervised approaches rival supervised counterparts.","We present a systematic study of cross-lingual alignments based on multilingual representations for low-resource languages, and demonstrate our solutions are particularly effective to mitigate the data scarcity issue."
https://openreview.net/forum?id=k4jzOHrZ7F5,Interpreting Black-boxes Using Primitive Parameterized Functions,Interpretability; Symbolic Metamodeling; Symbolic Regression,None,"One approach for interpreting black-box machine learning models is to find a global approximation of the model using simple interpretable functions, which is called a metamodel (a model of the model). Approximating the black-box with a metamodel can be used to 1) estimate instance-wise feature importance; 2) understand the functional form of the model; 3) analyze feature interactions. In this work, we propose a new method for finding interpretable metamodels. Our approach utilizes Kolmogorov superposition theorem, which expresses multivariate functions as a composition of univariate functions (our primitive parameterized functions). This composition can be represented in the form of a tree. Inspired by symbolic regression, we use a modified form of genetic programming to search over different tree configurations. Gradient descent is used to optimize the parameters of a given configuration. Using several experiments, we show that our method outperforms recent metamodeling approaches suggested for interpreting black-boxes.",Interpreting black boxes by finding a metamodel using parameterized functions trained via gradient descent and genetic programming.
https://openreview.net/forum?id=ZWjEkv9rjo,Lattice Quantization,Convolutional neural networks; quantization; post-training,None,"Low bit quantization of weights in increasingly large deep convolutional neural networks (DCNNs) can be critical for their implementation in memory constrained hardware systems. Post-training quantization consists in quantizing a model without retraining, which is user-friendly, fast and data frugal. In this paper, we propose LatticeQ, a new post-training weight quantization method designed for DCNNs.  Instead of the standard scalar rounding widely used in state-of-the-art quantization methods, LatticeQ uses a quantizer based on lattices - discrete algebraic structures - which we show are able to exploit the inner correlations between the model parameters. LatticeQ allows us to achieve state-of-the-art results in post-training quantization, enabling us to approach full precision accuracies for bitwidths previously not accessible to post-training quantization methods. In particular, we achieve ImageNet classification results close to full precision on the popular Resnet-18/50, with only 0.5% and 5% accuracy drop for the 4-bit weights and 3-bit weights model architectures respectively.",None
https://openreview.net/forum?id=nG4DkcHDw_,Does Adversarial Robustness Really Imply Backdoor Vulnerability?,Adversarial training; backdoor attack,None,"Recent research has revealed a trade-off between the robustness against adversarial attacks and backdoor attacks. Specifically, with the increasing adversarial robustness obtained through adversarial training, the model easily memorizes the malicious behaviors embedded in poisoned data and becomes more vulnerable to backdoor attacks. Meanwhile, some studies have demonstrated that adversarial training can somewhat mitigate the effect of poisoned data during training. This paper revisits the trade-off and raises a question \textit{whether adversarial robustness really implies backdoor vulnerability.} Based on thorough experiments, we find that such trade-off ignores the interactions between the perturbation budget of adversarial training and the magnitude of the backdoor trigger. Indeed, an adversarially trained model is capable of achieving backdoor robustness as long as the perturbation budget surpasses the trigger magnitude, while it is vulnerable to backdoor attacks only for adversarial training with a small perturbation budget. To always mitigate the backdoor vulnerability, we propose an adversarial-training based detection strategy and a general pipeline against backdoor attacks, which consistently brings backdoor robustness regardless of the perturbation budget.",We investigate the interactions between adversarial training and backdoor attacks.
https://openreview.net/forum?id=EO4VJGAllb,Adversarial Training: A simple and efficient technique to Improving NLP Robustness,Adversarial training; NLP models; NLP robustness; adversarial attacks.,None,"NLP models are shown to be prone to adversarial attacks which undermines their robustness, i.e. a small perturbation to the input text can fool an NLP model to incorrectly classify text. In this study, we present a new Adversarial Text Generation technique that, given an input text, generates adversarial texts through quickly and efficiently. For example, in order to attack a model for sentiment classification, we can use the product categories as the attribute which should not change the sentiment of the reviews. We conducted experiments on real-world NLP datasets to demonstrate that our technique can generate more meaningful and diverse adversarial texts, compared to many existing adversarial text generation approaches. We further use our generated adversarial examples to improve models through adversarial training, and we demonstrate that our generated attacks are more robust against model re training and different model architectures.",Adversarial Training: A simple and efficient technique to Improving NLP Robustness
https://openreview.net/forum?id=MmXeLCOXL4R,Convolutional Networks on Enhanced Message-Passing Graph Improve Semi-Supervised Classification with Few Labels,Shallow Graph Networks; Multi-Channel Message Aggregation; Data Augmentation; Over-Smoothing; Overfitting,None,"Efficient message propagation is critical to node classification in sparse graph with few labels that remains largely unaddressed until now. Recently popularized Graph Convolutional Networks (GCNs) lack the ability to propagate message to distant nodes because of over-smoothing. Besides, GCNs with numerous parameters suffer from overfitting when labeled nodes are scarce. We attack this problem via building GCNs on Enhanced Message-Passing Graph (EMPG). The key idea is node classification can benefit from various variants of the original graph that are more efficient for message propagation, based upon the assumption that each variant is a potential structure as more nodes are properly labeled. Specifically, we first map nodes to a latent space through graph embedding that captures structure information. Considering node attributes together, we construct EMPG by adding connections between nodes in close proximity in the latent space. With the help of added connections, EMPG allows a node to propagate message to the right nodes at distance, so that GCNs on EMPG need not stack multiple layers and therefore avoid over-smoothing. However, adding connections may cause message propagation saturation or lead to overfitting. Seeing EMPG as an accumulation of the potential variants of the original graph, we apply dropout to EMPG and train GCNs on various dropout graphs. The features learned from different dropout EMPGs are aggregated to compute the final prediction. Experiments demonstrate a significant improvement on node classification in sparse graph with few labels.","Two seemingly contradictory strategies, adding links elaborately and dropping edges randomly, actually complement one another and make a difference in node classification."
https://openreview.net/forum?id=VdYTmPf6BZ-,Adversarial Robustness via Adaptive Label Smoothing,None,None,"Adversarial training (AT) has become a dominant defense paradigm by enforcing the model's predictions to be locally invariant to adversarial examples. Being a simple technique, Label smoothing (LS) has shown its potential for improving model robustness. However, the prior study shows the benefit of directly combining two techniques together is limited. In this paper, we aim to better understand the behavior of LS and explore new algorithms for more effective LS on improving adversarial robustness. We first show both theoretically and empirically that strong smoothing in AT increases local smoothness of the loss surface which is beneficial for robustness but sacrifices the training loss which influences the accuracy of samples near the decision boundary. Based on this result, we propose \textit{surface smoothing adversarial training} (SSAT). Specifically, much stronger smoothness is used on the perturbed examples farther away from the decision boundary to achieve better robustness, while weaker smoothness is on those closer to the decision boundary to avoid incorrect classification on clean samples. Meanwhile, LS builds a different representation space among data classes in which SSAT differs from other AT methods. We study such a distinction and further propose a cooperative defense strategy termed by Co-SSAT. Experimental results show that our Co-SSAT achieves the state-of-the-art performances on CIFAR-10 with $\ell_{\infty}$ adversaries and also has a good generalization ability of unseen attacks, i.e., other $\ell_p$ norms, or larger perturbations due to the smoothness property of the loss surface.",None
https://openreview.net/forum?id=VO7bAwdWRjg,Fourier Features in Reinforcement Learning with Neural Networks,Deep Reinforcement Learning; Fourier features; interference; sparsity; expressiveness; preprocessing,None,"In classic Reinforcement Learning (RL),  encoding the inputs with a Fourier feature mapping is a standard way to facilitate generalization and add prior domain knowledge. In Deep RL, such input encodings are less common, since they could, in principle, be learned by the network and may therefore seem less beneficial. In this paper, we present experiments on Multilayer Perceptron (MLP) that indicate that even in Deep RL, Fourier features can lead to significant performance gains, in both rewards and sample efficiency. Furthermore, we observe that they increase the robustness with respect to hyperparameters, lead to smoother policies, and benefit the training process by reducing learning interference, encouraging sparsity, and increasing the expressiveness of the learned features. According to our experiments, other input preprocessings, such as random Fourier features or Polynomial features, do not give similar advantages.But a major bottleneck with conventional Fourier features is that they exponentially increase the number of features with the state dimension. We remedy this by proposing a simple, light version that only has a linear number of features, yet still maintains the benefits. Our experiments cover both shallow/deep, discrete/continuous, and on/off-policy RL settings. To the best of our knowledge, this is the first reported application of Fourier features in Deep RL.","In this first reported application of Fourier features to Deep Reinforcement Learning, we observe better performance, empirically study the effects on the learned network, and propose a light version avoiding the exponential explosion of features."
https://openreview.net/forum?id=C8L4I381u2C,On The Transferability of Deep-Q Networks,Transfer Learning; Deep-Q Networks; Model-Free Deep Reinforcement Learning,None,"Transfer Learning (TL) is an efficient machine learning paradigm that allows overcoming some of the hurdles that characterize the successful training of deep neural networks, ranging from long training times to the needs of large datasets. While exploiting TL is a well established and successful training practice in Supervised Learning (SL), its applicability in Deep Reinforcement Learning (DRL) is rarer. In this paper, we study the level of transferability of three different variants of Deep-Q Networks on popular DRL benchmarks as well as on a set of novel, carefully designed control tasks. Our results show that transferring neural networks in a DRL context can be particularly challenging and is a process which in most  cases results in negative transfer.  In the attempt of understanding why Deep-Q Networks transfer so poorly, we gain novel insights into the training dynamics that characterizes this family of algorithms.",By thoroughly studying the transfer learning properties of model-free Deep Reinforcement Learning (DRL) algorithms we gain a better understanding of how this family of algorithms works.
https://openreview.net/forum?id=dZTJQdXh3Gw,ImageNet as a Representative Basis for Deriving Generally Effective CNN Architectures,ImageNet; CNN design; dataset representativeness; empirical study,None,"We investigate and improve the representativeness of ImageNet as a basis for deriving generally effective convolutional neural network (CNN) architectures that perform well on a diverse set of datasets and application domains. To this end, we conduct an extensive empirical study for which we train 500 CNN architectures, sampled from the broad AnyNetX design space, on ImageNet as well as 8 other image classification datasets. We observe that the performances of the architectures are highly dataset dependent. Some datasets even exhibit a negative error correlation with ImageNet across all architectures. We show how to significantly increase these correlations by utilizing ImageNet subsets restricted to fewer classes. We also identify the cumulative width across layers as well as the total depth of the network as the most sensitive design parameter with respect to changing datasets.",Based on an extensive empirical study we investigate the representativeness of ImageNet as a basis for generally effective CNN architectures and show how to increase said representativeness using class wise downsampling
https://openreview.net/forum?id=Y77aWEc17ln,Neural Shape Mating: Self-Supervised Object Assembly with Adversarial Shape Priors,Geometric Shape Assembly; Shape Matching; Pose Estimation; Implicit Representations,None,"Learning to autonomously assemble shapes is a crucial skill for many robotic applications. Whereas the majority of existing part assembly methods focus on correctly posing semantic parts to recreate a whole object, we interpret assembly more literally: as mating geometric parts together to achieve a snug fit. By focusing on shape alignment, rather than semantic cues, we can achieve across category generalization and scaling. In this paper, we introduce a novel task, pairwise 3D geometric shape assembly, and propose Neural Shape Mating (NSM) to tackle this problem. Given point clouds of two object parts, NSM learns to reason about their geometric structure and fit in order to predict a pair of 3D poses that tightly mate them together. In addition, we couple the training of NSM with an implicit shape reconstruction task, making NSM more robust to imperfect point cloud observations. To train NSM, we present a self-supervised data collection pipeline that generates pairwise shape assembly data with ground truth by randomly cutting an object mesh into two parts, resulting in a dataset that consists of 19,226 shape assembly pairs with numerous object meshes and diverse cut types. We train NSM on the collected dataset and compare it with several point cloud registration methods and one part assembly baseline approach. Extensive experimental results and ablation studies under various settings demonstrate the effectiveness of the proposed algorithm. Additional material available at: neural-shape-mating.github.io.",Neural Shape Mating (NSM) pairwise 3D geometric shape assembly problem without using part or shape semantics and without goal conditioning.
https://openreview.net/forum?id=jxdyknFeCqO,Full-Precision Free Binary Graph Neural Networks,Graph Neural Networks; Binary Neural Networks; Mixture of Experts,None,"Binary neural networks have become a promising research topic due to their fast inference speed and low energy consumption advantages. However, most existing works focus on binary convolutional neural networks, while less attention has been paid to binary graph neural networks. A common drawback of existing works on binary graph neural networks is that they still include lots of inefficient full-precision operations and hence are not efficient enough. In this paper, we propose a novel method, called full-precision free binary graph neural networks (FFBGN), to avoid full-precision operations for binarizing graph neural networks. To address the challenges introduced by re-quantization which is a necessary procedure for avoiding full-precision operations, in FFBGN we first study the impact of different computation orders to find an effective computation order and then introduce mixture of experts to increase the model capacity. Experiments on three large-scale datasets show that performing re-quantization in different computation orders significantly impacts the performance of binary graph neural network models, and FFBGN can outperform other baselines to achieve state-of-the-art performance.",This is a work for constructing effective binary graph neural networks.
https://openreview.net/forum?id=pk7XtG0ln6Z,Response-based Distillation for Incremental Object Detection,Incremental Object Detection; Incremental Learning; Knowledge Distillation,None,"Traditional object detection are ill-equipped for incremental learning. However, fine-tuning directly on a well-trained detection model with only new data will leads to catastrophic forgetting. Knowledge distillation is a straightforward way to mitigate catastrophic forgetting. In Incremental Object Detection (IOD), previous work mainly focuses on feature-level knowledge distillation, but the different response of detector has not been fully explored yet. In this paper, we propose a fully response-based incremental distillation method focusing on learning response from detection bounding boxes and classification predictions. Firstly, our method transferring category knowledge while equipping student model with the ability to retain localization knowledge during incremental learning. In addition, we further evaluate the qualities of all locations and provides valuable response by adaptive pseudo-label selection (APS) strategies. Finally, we elucidate that knowledge from different responses should be assigned with different importance during incremental distillation. Extensive experiments conducted on MS COCO demonstrate significant advantages of our method, which substantially narrow the performance gap towards full training.",None
https://openreview.net/forum?id=2wiaitACS_O,CUP: A Conservative Update Policy Algorithm for Safe Reinforcement Learning,reinforcement learning; constrained Markov decision processes; safety learning,None,"Safe reinforcement learning (RL) is still very challenging since it requires the agent to consider both return maximization and safe exploration.
In this paper, we propose CUP, a \textbf{C}onservative \textbf{U}pdate \textbf{P}olicy algorithm with a theoretical safety guarantee.
The derivation of CUP is based on surrogate functions w.r.t. our new proposed bounds.
Although using bounds as surrogate functions to design safe RL algorithms have appeared in some existing works, we develop them at least three aspects: 
\textbf{(i)} We provide a rigorous theoretical analysis to extend the bounds w.r.t. generalized advantage estimator (GAE).
GAE significantly reduces variance while maintains a tolerable level of bias, which is an efficient step for us to design CUP;
\textbf{(ii)} The proposed bounds are more compact than existing works, i.e., using the proposed bounds as surrogate functions are better local approximations to the objective and constraints.
\textbf{(iii)} The bound of worst-case safe constraint violation of CUP is more compact than the existing safe RL algorithms, which explains why CUP is so good in practice.
Finally, extensive experiments on continuous control tasks show the effectiveness of CUP where the agent satisfies safe constraints.",We propose a new approach to solve safe reinforcement learning.
https://openreview.net/forum?id=qgVYxyz2p7W,S2C2 - An orthogonal method for Semi-Supervised Learning on ambiguous labels,Semi-Supervised; Data-Centric; Clustering; Classification,None,"Semi-Supervised Learning (SSL) can decrease the required amount of labeled image data and thus the cost for deep learning. Most SSL methods assume a clear distinction between classes, but class boundaries are often ambiguous in real-world datasets due to intra- or interobserver variability. This ambiguity of annotations must be addressed as it will otherwise limit the performance of SSL and deep learning in general due to inconsistent label information. We propose SemiSupervised Classification & Clustering (S2C2) which can extend many deep SSL algorithms. S2C2 automatically estimates the ambiguity of an image and applies the respective SSL algorithm as a classification to certainly labeled data while partitioning the ambiguous data into clusters of visual similar images. We show that S2C2 results in a 7.6% better F1-score for classifications and 7.9% lower inner distance of clusters on average across multiple SSL algorithms and datasets. Moreover, the output of S2C2 can be used to decrease the ambiguity of labels with the help of human experts. Overall, a combination of Semi-Supervised Learning with our method S2C2 leads to better handling of ambiguous labels and thus realworld datasets.",None
https://openreview.net/forum?id=S-sYYe0P0Hd,SynCLR: A Synthesis Framework for Contrastive Learning of out-of-domain Speech Representations,Contrastive learning; Domain generalization; Speech Synthesis; Diffusion Probabilistic Models,None,"Learning generalizable speech representations for unseen samples in different domains has been a challenge with ever increasing importance to date. Although contrastive learning has been a prominent class of representation learning approaches, the state-of-the-art (SOTA) contrastive learning methods were found to have limited ability for learning unseen out-of-domain speech representations. This paper presents SynCLR, a synthesis framework for contrastive learning of speech representations that can be generalized over unseen domains. Specifically, instead of using data augmentation approach, SynCLR employs data synthesis for multi-view generation. To ensure a highly-varied conditional speech distribution in view generation, we design a novel diffusion-based speech synthesizer. A new contrastive loss is also proposed to construct multiple embedding spaces, each of which preserves view-sensitive information to reduce domain reliance for a better disentanglement. Our experiments showed that SynCLR outperformed the SOTA contrastive learning methods with a 17.2\% relative reduction of EER in speaker verification tested on an unseen speech corpus, and considerably reduced 50.8\% relative FIDs in a challenging speech-to-image translation task given out-of-domain test speeches.","We propose SynCLR, a synthesis framework for contrastive learning of speech representations that can be generalized over unseen domain."
https://openreview.net/forum?id=LsLW5JE7qtV,Learning to Learn across Diverse Data Biases in Deep Face Recognition,Imbalanced data classification; long-tailed classification; face recognition,None,"Convolutional Neural Networks have achieved remarkable success in face recognition, in part due to the abundant availability of data. However, the data used for training CNNs is often imbalanced. Prior works largely focus on the long-tailed nature of face datasets with respect to the number of instances per identity. In this paper, we show that besides the imbalanced class volume distribution, other variations such as ethnicity, head pose, occlusion and blur can also significantly affect accuracy. To address the problem, we propose a sample level weighting approach called Multi-variation Cosine Margin (MvCoM) which orthogonally enhances the conventional cosine loss function to incorporate the importance of training samples. Further, we leverage a learning to learn approach, guided by a held-out meta learning set and use an additive modeling to predict the MvCoM. Extensive experiments on challenging face recognition benchmarks demonstrate the advantages of our method in jointly handling imbalances due to multiple variations.",A novel MvCoM loss design via a meta-learning scheme to jointly target on multiple data bias factors for more balanced face reocgnition.
https://openreview.net/forum?id=GFRq2JxiI7d,How much pre-training is enough to discover a good subnetwork?,lottery ticket hypothesis; pruning; greedy selection,None,"Neural network pruning is useful for discovering efficient, high-performing subnetworks within pre-trained, dense network architectures. However, more often than not, it involves a three-step process—pre-training, pruning, and re-training—that is computationally expensive, as the dense model must be fully pre-trained. Luckily, several works have empirically shown that high-performing subnetworks can be discovered via pruning without fully pre-training the dense network. Aiming to theoretically analyze the amount of dense network pre-training needed for a pruned network to perform well, we discover a theoretical bound in the number of SGD pre-training iterations on a two-layer, fully-connected network, beyond which pruning via greedy forward selection (Ye et al., 2020) yields a subnetwork that achieves good training error. This threshold is shown to be logarithmically dependent upon the size of the dataset, meaning that experiments with larger datasets require more pre-training for subnetworks obtained via pruning to perform well. We empirically demonstrate the validity of our theoretical results across a variety of architectures and datasets, including fully-connected networks trained on MNIST and several deep convolutional neural network (CNN) architectures trained on CIFAR10 and ImageNet.","We provide a theoretical bound on the number of SGD pre-training iterations for a two-layer network, beyond which subnetworks pruned from this dense model perform well."
https://openreview.net/forum?id=e1GzwU4W2Kh,ConCoDE: Hard-constrained Differentiable Co-Exploration Method for Neural Architectures and Hardware Accelerators,accelerator; codesign; hard constraint; NAS,None,"While DNNs achieve over-human performances in a number of areas, it is often accompanied by the skyrocketing computational costs. 
Co-exploration of an optimal neural architecture and its hardware accelerator is an approach of rising interest which addresses the computational cost problem, especially in low-profile systems (e.g., embedded, mobile). 
The difficulty of having to search the large co-exploration space is often addressed by adopting the idea of differentiable neural architecture search. 
Despite the superior search efficiency of the differentiable co-exploration, it faces a critical challenge of not being able to systematically satisfy hard constraints, such as frame rate or power budget.
To handle the hard constraint problem of differentiable co-exploration, we propose ConCoDE,  
which searches for hard-constrained solutions without compromising the global design objectives.
By manipulating the gradients in the interest of the given hard constraint, high-quality solutions satisfying the constraint can be obtained.
Experimental results show that ConCoDE is able to meet the constraints even in tight conditions. 
We also show that the solutions searched by ConCoDE exhibit high quality compared to those searched without any constraint.",Hard-constrained differentiable co-exploration method for a neural network and its hardware accelerator.
https://openreview.net/forum?id=Wsif-S7ggTM,Cross-Stage Transformer for Video Learning,Transformer; video recognition,None,"Transformer network has been proved efficient in modeling long-range dependencies in video learning. However, videos contain rich contextual information in both spatial and temporal dimensions, e.g., scenes and temporal reasoning. In traditional transformer networks, stacked transformer blocks work in a sequential and independent way, which may lead to the inefficient propagation of such contextual information. To address this problem, we propose a cross-stage transformer paradigm, which allows to fuse self-attentions and features from different blocks. By inserting the proposed cross-stage mechanism in existing spatial and temporal transformer blocks, we build a separable transformer network for video learning based on ViT structure, in which self-attentions and features are progressively aggregated from one block to the next. Extensive experiments show that our approach outperforms existing ViT based video transformer approaches with the same pre-training dataset on mainstream video action recognition datasets of Kinetics-400 (Top-1 accuracy 81.8%) and Kinetics-600 (Top-1 accuracy 84.0%). Due to the effectiveness of cross-stage transformer, our proposed method achieves comparable performance with other ViT based approaches with much lower computation cost (e.g., 8.6% of ViViT’s FLOPs) in inference process. As an independent module, our proposed method can be conveniently added on other video transformer frameworks.","Novel transformer network, self-attention, feature fusion mechanisms for video recognition"
https://openreview.net/forum?id=wQDdEFPy6vi,Local Learning Matters: Rethinking Data Heterogeneity in Federated Learning,Federated Learning,None,"Federated learning (FL) is a promising strategy for performing privacy-preserving, distributed learning with a network of clients (i.e., edge devices). However, the data distribution among clients is often non-IID in nature, making efficient optimization difficult. To alleviate this issue, many FL algorithms focus on mitigating the effects of data heterogeneity across clients by introducing a variety of proximal terms, some incurring considerable compute and/or memory overheads, to restrain local updates with respect to the global model. Instead, we consider rethinking solutions to data heterogeneity in FL with a focus on local learning generality rather than proximal restriction. Inspired by findings from generalization literature, we employ second-order information to better understand algorithm effectiveness in FL, and find that in many cases standard regularization methods are surprisingly strong performers in mitigating data heterogeneity effects. Armed with key insights from our analysis, we propose a simple and effective method, FedAlign, to overcome data heterogeneity and the pitfalls of previous methods. FedAlign achieves comparable accuracy with state-of-the-art FL methods across a variety of settings while minimizing computation and memory overhead.","We study the data heterogeneity challenge of federated learning from the perspective of local learning generality, provide unique insights, and propose an effective method based on our findings."
https://openreview.net/forum?id=iy2b91gvZpf,LDDMM-Face: Large Deformation Diffeomorphic Metric Learning for Cross-annotation Face Alignment,Cross-annotation Face Alignment; Large Deformation Diffeomorphic Metric Mapping; Sparsely-supervised Learning,None,"We innovatively propose a flexible and consistent cross-annotation face alignment framework, LDDMM-Face, the key contribution of which is a deformation layer that naturally embeds facial geometry in a diffeomorphic way. Instead of predicting facial landmarks via heatmap or coordinate regression, we formulate the face alignment task in a diffeomorphic registration manner and predict momenta that uniquely parameterize the deformation between initial boundary and true boundary. We then perform large deformation diffeomorphic metric mapping (LDDMM) simultaneously for curve and landmark to localize the facial landmarks. Due to the novel embedding of LDDMM into a deep network, LDDMM-Face can consistently annotate facial landmarks without ambiguity and flexibly handle various annotation schemes, and can even predict dense annotations from sparse ones. Our method can be easily integrated into various face alignment networks. We extensively evaluate LDDMM-Face on four benchmark datasets: 300W, WFLW, HELEN and COFW-68. LDDMM-Face distinguishes itself with outstanding performance when dealing with within-dataset cross-annotation learning (sparse-to-dense) and cross-dataset learning (different training and testing datasets). In addition, LDDMM-Face shows promising results on the most challenging task of cross-dataset cross-annotation learning (different training and testing datasets with different annotations).",Large deformation diffeomorphic metric learning for cross-annotation face alignment.
https://openreview.net/forum?id=C_RTGckbu-A,Multi-Subspace Structured Meta-Learning,meta-learning,None,"Meta-learning aims to extract meta-knowledge from historical tasks to accelerate learning on new tasks. A critical challenge in meta-learning is to handle task heterogeneity, i.e., tasks lie in different distributions. Unlike typical meta-learning algorithms that learn a globally shared initialization, recent structured meta-learning algorithms formulate tasks into multiple groups and learn an initialization for tasks in each group using centroid-based clustering. However, those algorithms still require task models in the same group to be close together and fail to take advantage of negative correlations between tasks. In this paper, task models are formulated into a subspace structure. We propose a MUlti-Subspace structured Meta-Learning (MUSML) algorithm to learn the subspace bases. We establish the convergence and analyze the generalization performance. Experimental results confirm the effectiveness of the proposed MUSML algorithm.",We propose a new meta-learning algorithm to learn multiple subspaces for task models.
https://openreview.net/forum?id=fE-sp8USacG,DropAttack: A Masked Weight Adversarial Training Method to Improve Generalization of Neural Networks,Adversarial training; random mask; regularization; generalization; neural networks,None,"Adversarial training has been proven to be a powerful regularization method to improve generalization of models. In this work, a novel masked weight adversarial training method, DropAttack, is proposed for improving generalization potential of neural network models. It enhances the coverage and diversity of adversarial attack by intentionally adding worst-case adversarial perturbations to both the input and hidden layers and randomly masking the attack perturbations on a certain proportion weight parameters. It then improves the generalization of neural networks by minimizing the internal adversarial risk generated by exponentially different attack combinations. Further, the method is a general technique that can be adopted to a wide variety of neural networks with different architectures. To validate the effectiveness of the proposed method, five public datasets were used in the fields of natural language processing (NLP) and computer vision (CV) for experimental evaluating. This study compared DropAttack with other adversarial training methods and regularization methods. It was found that the proposed method achieves state-of-the-art performance on all datasets. In addition, the experimental results of this study show that DropAttack method can achieve similar performance when it uses only a half training data required in standard training. Theoretical analysis revealed that DropAttack can perform gradient regularization at random on some of the input and weight parameters of the model. Further, visualization experiments of this study show that DropAttack can push the minimum risk of the neural network model to a lower and flatter loss landscapes.",A novel masked weight adversarial training method to improve generalization of neural networks
https://openreview.net/forum?id=A9PXKSUYrJe,Robust Learning with Adaptive Sample Credibility Modeling,robust learning; label noise; divide-and-conquer,None,"Training deep neural network (DNN) with noisy labels is practically challenging since inaccurate labels severely degrade the generalization ability of DNN. Previous efforts tend to handle part or full data in a unified denoising flow to mitigate the noisy label problem, while they lack the consideration of intrinsic difference among difficulties of various noisy samples. In this paper, a novel and adaptive end-to-end robust learning method, called CREMA, is proposed. The insight behind is that the credibility of a training sample can be estimated by the joint distribution of its data-label pair, thus to roughly separate clean and noisy samples from original samples, which will be processed with different denoising process in a divide-and-conquer manner. For the clean set, we deliberately design a memory-based modulation scheme to dynamically adjust the contribution of each sample in terms of its historical credibility sequence during training, thus to alleviate the effect from potential hard noisy samples in clean set. Meanwhile, for those samples categorized into noisy set, we try to correct their labels in a selective manner to maximize data utilization and further boost performance. Extensive experiments on mainstream benchmarks, including synthetic (noisy versions of MNIST, CIFAR-10 and CIFAR-100) and real-world (Clothing1M and Animal-10N) noisy datasets demonstrate superiority of the proposed method.","We propose CREMA, a end-to-end robust training method that modeling the sample credibility and process the noisy data in a divide-and-conquer manner."
https://openreview.net/forum?id=D1hTwPPmMVv,Enhanced countering adversarial attacks via input denoising and feature restoring,None,None,"Despite the fact that deep neural networks (DNNs) have achieved prominent performance in various applications, it is well known that DNNs are vulnerable to adversarial examples/samples (AEs) with imperceptible perturbations in clean/original samples. To overcome the weakness of the existing defense methods against adversarial attacks, which damages the information on the original samples, leading to the decrease of the target classifier accuracy, this paper presents an enhanced countering  adversarial attack method IDFR (via Input Denoising and Feature Restoring). The proposed IDFR is made up of an enhanced input denoiser (ID) and a hidden lossy feature restorer (FR) based on the convex hull optimization. Extensive experiments conducted on benchmark datasets show that the proposed IDFR outperforms the various state-of-the-art defense methods, and is highly effective for protecting target models  against various adversarial black-box or white-box attacks.",None
https://openreview.net/forum?id=q5ru7alcpfM,Unsupervised Domain Adaptation  By Optimal Transportation  Of Clusters Between Domains,None,None,"Unsupervised domain adaptation (UDA) aims to transfer the knowledge from a labeled source domain to an unlabeled target domain. Typically, to guarantee desirable knowledge transfer, aligning the distribution  between source and target domain from a global perspective is widely adopted in UDA. Recent researchers further point out the importance of local-level alignment and borrow the experience from Optimal Transport (OT) theory to construct instance-pair alignment.
 However, existing OT-based algorithms are limited to resolve class imbalance challenge and require a huge computation cost when considering a  large-scale training situation. 
In this paper, we address these two issues by proposing a Clustering-based Optimal Transport (COT) algorithm, which formulates the alignment procedure as an Optimal Transport problem by capturing the fine-grained attribute alignment. Concretely, COT innovatively designs the loss derived from discrete Kantorovich dual form to construct a mapping between clustering centers in source and target domain, which simultaneously eliminates the negative effect brought by class imbalance and reduces the computation cost on the basis of theoretical analysis. Finally, our COT together with some previous UDA methods achieve superior performance on several benchmarks.",None
https://openreview.net/forum?id=tiQ5Zh2S3zV,A multi-domain splitting framework for time-varying graph structure,graph signal processing; time-varying structure; anomaly detection; multi-domain analysis; graph learning,None,"The Graph Signal Processing (GSP) methods are widely used to solve structured data analysis problems, assuming that the data structure is fixed. In the recent GSP community, anomaly detection on datasets with the time-varying structure is an open challenge. To address the anomaly detection problem for datasets with a spatial-temporal structure, in this work, we propose a novel graph multi-domain splitting framework, called GMDS, by integrating the time, vertex, and frequency features to locate the anomalies. Firstly, by introducing the discrete wavelet transform into vertex function, we design a splitting approach for separating the graph sequences into several sub-sequences adaptively. Then, we specifically design an adjacency function in the vertex domain to generate the adjacency matrix adaptively. At last, by utilizing the learned graphs to the spectral graph wavelet transform, we design a module to extract vertices features in the frequency domain. To validate the effectiveness of our framework, we apply GMDS in the anomaly detection of actual traffic flow and urban datasets and compare its performances with acknowledged baselines. The experimental results show that our proposed framework outperforms all the baselines, which distinctly demonstrate the validity of GMDS.","This paper propose a novel multi-domain splitting framework for time-varying graph structure analysis, and apply it to anomaly detection."
https://openreview.net/forum?id=xIAxm1b4pWc,Improving Sentiment Classification Using 0-Shot Generated Labels for Custom Transformer Embeddings,Sentiment Classification; Transformer; Natural Language Processing,None,"We present an approach to improve sentiment classification for transformers (based on BERT and DistilBERT) using additional embeddings to represent emotion inputs. We used HuggingFace's 0-shot prediction pipeline to generate probabilities of whether emotions apply to a given sample. We generated 0-shot probabilities for 1.6 million samples from a sentiment classification dataset and a smaller sentiment airline dataset using 63 emotions. Then we added custom tokens to BERT's embeddings and tokenizers representing various levels of emotion for each predicted emotion. Finally, depending on the probability of each emotion, the respective custom token representing that level was prepended to the text input of the model to process and train for classification. We additionally test direct classification layer addition of emotion inputs and an ensemble of BERT and DistilBERT models both using emotion inputs achieving a modest increase in sentiment prediction accuracy. Our results show modest improvement in all cases over the original model for both BERT and DistilBERT tested with added emotion inputs generated from 0-shot pretrained models.",We generate tabular emotion features using a 0-shot model and input them as embeddings to pretrained transformers such as BERT to improve sentiment classification tasks.
https://openreview.net/forum?id=K_PJXdshOao,Pre-training also Transfers Non-robustness,adversarial robustness; non-robust feature; transfer learning; pre-training,None,"Pre-training has enabled state-of-the-art results on many tasks. In spite of its recognized contribution to generalization, we observed in this study that pre-training also transfers adversarial non-robustness from pre-trained model into fine-tuned model in the downstream tasks. Using image classification as an example, we first conducted experiments on various datasets and network backbones to uncover the adversarial non-robustness in fine-tuned model. Further analysis was conducted on examining the learned knowledge of fine-tuned model and standard model, and revealed that the reason leading to the non-robustness is the non-robust features transferred from pre-trained model. Finally, we analyzed the preference for feature learning of the pre-trained model, explored the factors influencing robustness, and introduced a simple robust pre-traning solution.",Pre-training transfers adversarial non-robustness from pre-trained model into fine-tuned model in the downstream tasks.
https://openreview.net/forum?id=QkfMWTl520U,When do Convolutional Neural Networks Stop Learning?,Deep Learning; Convolutional Neural Network; CNN; Epoch; Training; Data,None,"Convolutional Neural Networks (CNNs) is one of the most essential architectures that has shown impressive performance in computer vision tasks such as image classification, detection, and segmentation. In training phase of CNN, an arbitrary number of epochs is used to train the neural networks. In a single epoch, the entire training data---divided by batch size---are fed to the network. However, the optimal number of epochs required to train a neural network is not well established. In practice, validation data is used to identify the generalization gap. To avoid overfitting, it is recommended to stop training when the generalization gap increases. However, this is a trial and error based approach. This raises a critical question: Is it possible to estimate when neural networks stop learning based on only the training data? In this research work, we introduce the stability property of data in layers and based on this property, we predict the near optimal epoch number of a CNN. We do not use any validation data to predict the near optimal epoch number. We experiment our hypothesis on six different CNN models and on three different datasets (CIFIR 10, CIFIR 100, SVHN). We save on average 58.49\% computational time to train a CNN model. Our code is available at https://github.com/PaperUnderReviewDeepLearning/Optimization.",When do Convolutional Neural Networks Stop Learning?
https://openreview.net/forum?id=iARgLYsH2P,Disentangled Mask Attention in Transformer,sequential learning; mask attention; latent disentanglement; transformer,None,"Transformer conducts self attention which has achieved state-of-the-art performance in many applications. Multi-head attention in transformer basically gathers the features from individual tokens in input sequence to form the mapping to output sequence. There are twofold weaknesses in learning representation using transformer. First, due to the natural property that attention mechanism would mix up the features of different tokens in input and output sequences, it is likely that the representation of input tokens contains redundant information. Second, the patterns of attention weights between different heads tend to be similar, the representation capacity of the model might be bounded. To strengthen the sequential learning representation, this paper presents a new disentangled mask attention in transformer where the redundant features are reduced and the semantic information is enriched. Latent disentanglement in multi-head attention is learned. The attention weights are filtered by a mask which is optimized by semantic clustering. The proposed attention mechanism is implemented for sequential learning according to the clustered disentanglement objective. The experiments on machine translation show the merit of this disentangled transformer in sequence-to-sequence learning tasks.",A new disentangled mask attention is proposed for sequence-to-sequence learning using transformer.
https://openreview.net/forum?id=ODdaICh-7dK,Neural Latent Traversal with Semantic Constraints,None,None,"Whilst Generative Adversarial Networks (GANs) generate visually appealing high resolution images, the latent representations (or codes) of these models do not allow controllable changes on the semantic attributes of the generated images. Recent approaches proposed to learn linear models to relate the latent codes with the attributes to enable adjustment of the attributes. However, as the latent spaces of GANs are learnt in an unsupervised manner and are semantically entangled, the linear models are not always effective. In this study, we learn multi-stage neural transformations of latent spaces of pre-trained GANs that enable more accurate modeling of the relation between the latent codes and the semantic attributes. To ensure identity preservation of images, we propose a sparsity constraint on the latent space transformations that is guided by the mutual information between the latent and the semantic space. We demonstrate our method on two face datasets (FFHQ and CelebA-HQ) and show that it outperforms current state-of-the-art baselines based on FID score and other numerical metrics.",None
https://openreview.net/forum?id=sKiAuHhc3w,Fine-grained Software Vulnerability Detection via Information Theory and Contrastive Learning,Cybersecurity; Fine-grained vulnerability detection; Mutual information; Contrastive learning.,None,"Software vulnerabilities existing in a program or function of computer systems have been becoming a serious and crucial concern. In a program or function consisting of hundreds or thousands of source code statements, there are only few statements causing the corresponding vulnerabilities. Vulnerability labeling on a function or program level is usually done by experts with the assistance of machine learning tools; however, it will be much more costly and time-consuming to do that on a statement level. In this paper, to tackle this challenging problem, we propose a novel end-to-end deep learning-based approach to obtain the vulnerability-relevant code statements of a specific function. Inspired from previous approaches, we first leverage the mutual information theory for learning a set of latent variables that can represent the relevance of the source code statements to the corresponding function's vulnerability. We then propose a novel clustered spatial contrastive learning in order to further improve the representation learning and robust the selection process of vulnerability-relevant code statements. The experimental results on real-world datasets show the superiority of our proposed method over other state-of-the-art baselines.",None
https://openreview.net/forum?id=f6R69En9_tH,Cross Project Software Vulnerability Detection via Domain Adaptation and Max-Margin Principle,Cybersecurity; Cross Project Software Vulnerability Detection; Domain Adaptation; Max-Margin Principle.,None,"Software vulnerabilities (SVs) have become a common, serious and crucial concern due to the ubiquity of computer software. Many machine learning-based approaches have been proposed to solve the software vulnerability detection (SVD) problem. However, there still have been two significant issues presenting for SVD in terms of i) learning automatic representations to improve the predictive performance of SVD, and ii) tackling the scarcity of labeled vulnerabilities datasets that conventionally need laborious labeling effort by experts. In this paper, we propose a novel end-to-end approach to tackle these two crucial issues. We first exploit the automatic representation learning with deep domain adaptation for software vulnerability detection. We then propose a novel cross-domain kernel classifier leveraging the max-margin principle to significantly improve the transfer learning process of software vulnerabilities from labeled projects into unlabeled ones. The experimental results on real-world software datasets show the superiority of our proposed method over state-of-the-art baselines.",None
https://openreview.net/forum?id=ejFdNNTSq1,Analyzing the Implicit Position Encoding Ability of Transformer Decoder,NLP; Transformer; BERT; Position Encodings,None,"A common limitation of Transformer Encoder's self-attention mechanism is that it cannot automatically capture the information of word order, so one needs to feed the explicit position encodings into the target model. On the other hand, Transformer Decoder with the auto-regressive attention masks is naturally sensitive to the word order information. In this work, based on the analysis of implicit position encoding power of Transformer Decoder, we obtain the conditions that at least two or more layers are required for the Decoder to encode word positions. To examine the correlations between the implicit and explicit position encodings respectively from the Transformer Encoder and Decoder, extensive experiments conducted on two large Wikipedia datasets demonstrate that all kinds of explicit position encoding mechanisms improve the performance of Decoder, but the gap of learnable position embeddings is smaller than the others. To make use of the power of implicit position encoding, we propose a new model, called \textit{DecBERT}, and fine-tune it on GLUE benchmarks. Experimental results show that (1) the implicit position encoding ability is strong enough to enhance language modeling and perform well on downstream tasks; and (2) our model accelerates the pre-training process and achieves superior performances than the baseline systems when pre-training with the same amount of computational resource.",Our paper analyzes the implicit position encoding ability of Transformer Decoder.
https://openreview.net/forum?id=otOZeCahAhL,Towards Robust Domain Generalization in 2D Neural Audio Processing,2D audio processing; Domain generalization; Explicit normalization; Frequency-wise normalization; Domain-invariant feature,None,"While using two-dimensional convolutional neural networks (2D-CNNs) in image processing, it is possible to manipulate domain information using channel statistics, and instance normalization has been a promising way to get domain-invariant features. Although 2D image features represent spatial information, 2D audio features like log-Mel spectrogram represent two different temporal and spectral information. Unlike image processing, we analyze that domain-relevant information in the audio feature is dominant in frequency statistics rather than channel statistics. Motivated by our analysis, we introduce RFN, a plug-and-play, explicit normalization module along the frequency axis, eliminating instance-specific domain discrepancy in the audio feature while relaxing undesirable loss of useful discriminative information. Empirically, simply adding RFN to networks shows clear margins compared to previous domain generalization approaches on acoustic scene classification, keyword spotting, and speaker verification tasks and yields improved robustness to audio-device, speaker-ID, or genre.","Domain information of 2D audio can be represented by frequency statistics rather than channel statistics, and RFN eliminates unnecessary domain information by explicit normalization along the frequency axis."
https://openreview.net/forum?id=11PMuvv3tEO,Lagrangian Generative Adversarial Imitation Learning with Safety,safe imitation learning; inverse reinforcement learning,None,"Imitation Learning (IL) merely concentrates on reproducing expert behaviors and could take dangerous actions, which is unbearable in safety-critical scenarios. In this work, we first formalize a practical task of safe imitation learning (Safe IL), which has been long neglected. Taking safety into consideration, we augment Generative Adversarial Imitation Learning (GAIL) with safety constraints and then relax it as an unconstrained saddle point problem by utilizing a Lagrange multiplier, dubbed LGAIL. Then, we apply a two-stage optimization framework to solve LGAIL. Specifically, a discriminator is firstly optimized to measure the similarity between the agent-generated state-action pairs and the expert ones, and then forward reinforcement learning is employed to improve the similarity while considering safety concerns via a Lagrange multiplier. Besides, we provide a theoretical interpretation of LGAIL, which indicates that the proposed LGAIL can be guaranteed to learn a safe policy from unsafe expert data. At last, extensive experiments in OpenAI Safety Gym conclude the effectiveness of our approach.",We propose a method to conduct safe imitation learning from expert data that are not guaranteed to be safe.
https://openreview.net/forum?id=uouGog2bW-F,Numerical Solution of Fredholm Integral Equations of the Second Kind using Neural Network Models,Neural network; Second kind Fredholm integral equation; Collocation NN,None,"We propose a novel method based on a neural network with one hidden layer and the collocation method for solving linear Fredholm integral equations of the second kind. We first choose the space of polynomials as the projection space for the collocation method, then approximate the solution of a integral equation by a linear combination of polynomials in that space. The coefficients of this linear combination are served as the weights between the hidden layer and the output layer of the neural network while the mean square error between the exact solution and the approximation solution at the training set as the cost function.  We train the neural network by the gradient decent method with Adam optimizer and find an optimal solution with the desired accuracy. This method provides  a stable and reliable solution with higher accuracy and saves computations comparing with previous neural network approaches for solving the Fredholm integral equations of the second kind.",A novel learning based method for solving second kind Fredholm integral equations.
https://openreview.net/forum?id=ZFWwI5ahxud,Learning to Adapt to Semantic Shift ,Adaptation; Incremental Learning; Deep Learning; Hebbian Learning; Synaptic Plasticity; Domain Adaptation; Continual Learning,None,"Machine learning systems are typically trained and tested on the same distribution of data. However, in the real world, models and agents must adapt to data distributions that change over time. Previous work in computer vision has proposed using image corruptions to model this change. 
In contrast, we propose studying models under a setting more similar to what an agent might encounter in the real world. In this setting, models must adapt online without labels to a test distribution that changes in semantics.
We define two types of semantic distribution shift, one or both of which can occur: \emph{static shift}, where the test set contains labels unseen at train time, and \emph{continual shift}, where the distribution of labels changes throughout the test phase.
Using a dataset that contains both class and attribute labels for image instances, we generate shifts by changing the joint distribution of class and attribute labels. We compare to previously proposed methods for distribution adaptation that optimize a fixed self-supervised criterion at test time or a meta-learning criterion at train time. Surprisingly, these provide little improvement in this more difficult setting, with some even underperforming a static model that does not change parameters at test time.
In this setting, we introduce two models that ``learn to adapt''---via recurrence and learned Hebbian update rules. These models outperform both previous work and static models under both \emph{static} and \emph{continual} semantic shifts, suggesting that ``learning to adapt'' is a useful capability for models and agents in a changing world.","We introduce a novel setting where models must adapt to semantically shifting distributions at test time, demonstrating that learning to adapt (via recurrence or hebbian updates) outperforms previous self-supervised and meta-learning based methods."
https://openreview.net/forum?id=pabrsHBfKU,Adapt to Adaptation: Learning to Personalize for Cross-Silo Federated Learning,Federated learning; Personalization; Optimization,None,"The goal of conventional federated learning (FL) is to train a global model for a federation of clients with decentralized data, reducing the systemic privacy risk of centralized training. The distribution shift across non-IID datasets, also known as the data heterogeneity, often poses a challenge for this one-global-model-fits-all solution. In this work, we propose APPLE, a personalized cross-silo FL framework that adaptively learns how much each client can benefit from other clients’ models. We also introduce a method to flexibly control the focus of training APPLE between global and local objectives. We empirically evaluate our method's convergence and generalization behavior and performed extensive experiments on two benchmark datasets and two medical imaging datasets under two non-IID settings. The results show that the proposed personalized FL framework, APPLE, achieves state-of-the-art performance compared to several other personalized FL approaches in the literature.","In this work, we propose APPLE, a novel personalized federated learning framework with non-IID data for cross-silo settings."
https://openreview.net/forum?id=8TnLOVrNRNp,Visual TransforMatcher: Efficient Match-to-Match Attention for Visual Correspondence,image matching; semantic correspondence; visual transformer; 4D attention,None,"Establishing correspondences between images remains a challenging task, especially under large appearance changes due to different viewpoints and intra-class variations. In this work, we introduce a strong image matching learner, dubbed \textit{Visual Transformatcher}, which builds on the success of the Transformers in vision domains. Unlike previous self-attention schemes over image matches, it performs match-to-match attention for precise match localization and dynamically updates matching scores in a global context. 
To handle a large number of candidate matches in a dense correlation map, we develop a light-weight architecture with an effective positional encoding technique for matching. In experiments, our method achieves the new state of the art on the SPair-71k dataset, while performing on par with existing state-of-the-art models on the PF-PASCAL and PF-WILLOW datasets, showing the effectiveness of the proposed approach. We also provide the results of extensive ablation studies to justify the design choices of our model. The code and trained weights will be released upon acceptance.","We propose a transformer-based, end-to-end learning pipeline for establishing semantic correspondences between a pair of images."
https://openreview.net/forum?id=6res1KC1Z3Z,Batch-Softmax Contrastive Loss for Pairwise Sentence Scoring Tasks,None,None,"The use of contrastive loss for representation learning has become prominent in computer vision, and it is now getting attention in natural language processing (NLP). Here, we explore the idea of using a batch-softmax contrastive loss when fine-tuning large-scale pre-trained transformer models to learn better task-specific sentence embeddings for pairwise sentence scoring tasks. We introduce and study a number of variations in the calculation of the loss as well as in the overall training procedure; in particular, we find that data shuffling can be quite important. Our experimental results show sizable improvements on a number of datasets and pairwise sentence scoring tasks including classification, ranking, and regression. Finally, we offer detailed analysis and discussion, which should be useful for researchers aiming to explore the utility of the contrastive loss in NLP.",None
https://openreview.net/forum?id=jFlWZEv6dv,AlignMix: Improving representations by interpolating aligned features,None,None,"Mixup is a powerful data augmentation method that interpolates between two or more examples in the input or feature space and between the corresponding target labels. However, how to best interpolate images is not well defined. Recent mixup methods overlay or cut-and-paste two or more objects into one image, which needs care in selecting regions. Mixup has also been connected to autoencoders, because often autoencoders generate an image that continuously deforms into another. However, such images are typically of low quality.

In this work, we revisit mixup from the deformation perspective and introduce AlignMix, where we geometrically align two images in the feature space. The correspondences allow us to interpolate between two sets of features, while keeping the locations of one set. Interestingly, this retains mostly the geometry or pose of one image and the appearance or texture of the other. We also show that an autoencoder can still improve representation learning under mixup, without the classifier ever seeing decoded images. AlignMix outperforms state-of-the-art mixup methods on five different benchmarks.","We introduce a novel mixup operation, called AlignMix where, we investigate geometric alignment for mixup based on explicit semantic correspondences in the feature space."
https://openreview.net/forum?id=UPwD79EleQ,Cyclic Test Time Augmentation with Entropy Weight Method,Data Augmentation; Test Time Augmentation; Uncertainty Estimation,None,"In the recent studies of data augmentation of neural networks, the application of test time augmentation has been studied to extract optimal transformation policies to enhance performance with minimum cost. The policy search method with the best level of input data dependency involves training a loss predictor network to estimate suitable transformations for each of the given input image in independent manner, resulting in instance-level transformation extraction. In this work, we propose a method to utilize and modify the loss prediction pipeline to further improve the performance with the cyclic search for suitable transformations and the use of the entropy weight method. The cyclic usage of the loss predictor allows refining each input image with multiple transformations with a more flexible transformation magnitude. For cases where multiple augmentations are generated, we implement the entropy weight method to reflect the data uncertainty of each augmentation to force the final result to focus on augmentations with low uncertainty. The experimental result shows convincing qualitative outcome and robust performance for the corrupted conditions of data.",We propose a method to utilize and modify the loss prediction pipeline for test time augmentation to improve the performance with the cyclic search for suitable transformations and the use of the entropy weight method.
https://openreview.net/forum?id=bBrmOMYVrh,LiST: Lite Self-training Makes Efficient Few-shot Learners,Prompt fine-tuning; Semi-supervised Learning; Few-shot; NLP,None,"We present a new method LiST for efficient fine-tuning of large pre-trained language models (PLMs) in few-shot learning settings. LiST significantly improves over recent methods that adopt prompt-tuning using two key techniques. The first one is the use of self-training to leverage large amounts of unlabeled data for prompt tuning to significantly boost the model performance in few-shot settings. We use self-training in conjunction with meta-learning for re-weighting noisy pseudo-prompt labels. However, traditional self-training is also quite expensive as it requires updating all the model parameters repetitively. Therefore, we introduce a second technique for light-weight fine-tuning where we only update a small number of the model parameters. To this end, we introduce a small number of task-specific adapter parameters that are tuned during self-training while keeping the PLM encoder frozen. This also significantly reduces the overall model footprint across several tasks that can now share a common PLM encoder as backbone for inference. Combining the above techniques, LiST not only improves the model performance for few-shot learning on target domains but also reduces the model memory footprint. We present a comprehensive study on six NLU tasks to validate the effectiveness of LiST . The results show that LiST improves by 35% over classic fine-tuning and 6% over prompt-tuning with 96% reduction in the number of trainable parameters when fine-tuned with only 30 labeled examples from the target domain.",Lite self-training on unlabeled data with prompts and adapters make efficient few-shot learners
https://openreview.net/forum?id=PQTkBlcrRs,AutoML to generate ensembles of deep neural networks,Deep Learning; Ensemble; AutoML,None,"Automated Machine Learning with ensembling seeks to automatically build ensembles of Deep Neural Networks (DNNs) to achieve qualitative predictions. 
AutoML and Ensemble of Deep Neural Network produce qualitative results but they are computing intensive methods in both building and inference run time. Therefore, an ideal method would produce at one AutoML run time different ensembles regarding accuracy and inference speed regarding the desired trade-off. 
Despite multiple initiative for non-deep machine learning have been proposed there still no consensus on how to automatically construct efficient ensembles of deep neural networks.
First, we propose a new multi-objective ensemble selection method to generate efficient ensembles by controlling their computing cost named SMOBF. Second, we propose an AutoML workflow using Hyperband to generate DNNs, SMOBF to combine DNNs and the simple averaging as combination rule. Finally we compare this AutoML workflow to several baselines and its inherent characteristics are discussed.
It shows robust results leveraging multiple GPUs on two datasets but can be applied beyond.",We propose an efficient and flexible AutoML workflow to generate an ensemble of deep neural networks.
https://openreview.net/forum?id=9mls_1dBQS,Model-based Reinforcement Learning with Ensembled Model-value Expansion,MBRL; Model-based Reinforcement Learning; Ensemble; Dynamics; Neural Network; Reinforcement Learning,None,"Model-based reinforcement learning (MBRL) methods are often more data-efficient and quicker to converge than their model-free counterparts, but typically rely crucially on accurate modeling of the environment dynamics and associated uncertainty in order to perform well. Recent approaches have used ensembles of dynamics models within MBRL to separately capture aleatoric and epistemic uncertainty of the learned dynamics, but many MBRL algorithms are still limited because they treat these dynamics models as a ""black box"" without fully exploiting the uncertainty modeling.
In this paper, we propose a simple but effective approach to improving the performance of MBRL by directly incorporating the ensemble prediction \emph{into} the RL method itself: we propose constructing multiple value roll-outs using different members of the dynamics ensemble, and aggregating the separate estimates to form a joint estimate of the state value.  Despite its simplicity, we show that this method substantially improves the performance of MBRL methods: we comprehensively evaluate this technique on common locomotion benchmarks, with ablative experiments to show the added value of our proposed components.","Incorporating ensemble dynamics models into ""Dyna-like"" MBRL methods."
https://openreview.net/forum?id=sZttLyMsfzb,Optimization Variance: Exploring Generalization Properties of DNNs,Double Descent; Generalization; Deep Neural Networks,None,"Unlike the conventional wisdom in statistical learning theory, the test error of a deep neural network (DNN) often demonstrates double descent: as the model complexity increases, it first follows a classical U-shaped curve and then shows a second descent. Through bias-variance decomposition, recent studies revealed that the bell-shaped variance is the major cause of model-wise double descent (when the DNN is widened gradually). This paper investigates epoch-wise double descent, i.e., the test error of a DNN also shows double descent as the number of training epoches increases. By extending the bias-variance analysis to epoch-wise double descent of the zero-one loss, we surprisingly find that the variance itself, without the bias, varies consistently with the test error. Inspired by this result, we propose a novel metric, optimization variance (OV), to measure the diversity of model updates caused by the stochastic gradients of random training batches drawn in the same iteration. OV can be estimated using samples from the \emph{training} set only but correlates well with the (unknown) test error, and hence early stopping may be achieved without using a validation set.",We propose a novel metric to indicate generalization of DNNs in the training procedure without using any validation set.
https://openreview.net/forum?id=FrJFF4YxWm,Learning Rational Skills for Planning from Demonstrations and Instructions,Learning for Planning; Compositional Generalization,None,"We present a framework for learning compositional, rational skill models (RatSkills) that support efficient planning and inverse planning for achieving novel goals and recognizing activities. In contrast to directly learning a set of policies that maps states to actions, in RatSkills, we represent each skill as a subgoal and can be executed based on a planning subroutine. RatSkills can be learned by observing expert demonstrations and reading abstract language descriptions of thecorresponding task (e.g.,collect wood then craft a boat then go across the river).The learned subgoal-based representation enables inference of another agent’s intended task from their actions via Bayesian inverse planning. It also supports planning for novel objectives given in the form of either temporal task descriptions or black-box goal tests. We demonstrate through experiments in both discrete and continuous domains that our learning algorithms recover a set of RatSkills by observing and explaining other agents’ movements, and plan efficiently for novel goals by composing learned skills.",None
https://openreview.net/forum?id=FVJTyOUJzti,Adaptive Differential Privacy in Federated Learning: A Priority-Based Approach,Federated Learning; Differential privacy; Feature importance; Deep neural networks,None,"Federated learning (FL) as one of the novel branches of distributed machine learning (ML), develops global models through a private procedure without direct access to local datasets. However, access to model updates (e.g. gradient updates in deep neural networks) transferred between clients and servers can reveal sensitive information to adversaries. Differential privacy (DP) offers a framework that gives a privacy guarantee by adding certain amounts of noise to parameters. This approach, although being effective in terms of privacy, adversely affects model performance due to noise involvement. Hence, it is always needed to find a balance between noise injection and the sacrificed accuracy. To address this challenge, we propose adaptive noise addition in FL which decides the value of injected noise based on features’ relative importance. Here, we first propose two effective methods for prioritizing features in deep neural network models and then perturb models' weights based on this information. Specifically, we try to figure out whether the idea of adding more noise to less important parameters and less noise to more important parameters can effectively save the model accuracy while preserving privacy. Our experiments confirm this statement under some conditions. The amount of noise injected, the proportion of parameters involved, and the number of global iterations can significantly change the output. While a careful choice of parameters by considering the properties of datasets can improve privacy without intense loss of accuracy, a bad choice can make the model performance worse.",We propose an approach for adaptive differential privacy in federated learning to lower the risk of accuracy loss due to noise injection.
https://openreview.net/forum?id=D7hX1d3ov2c,Ensembles and Encoders for Task-Free Continual Learning,continual learning; task-free continual learning; self-supervised learning; pre-training; ensemble methods,None,"We present an architecture that is effective for continual learning in an especially demanding setting, where task boundaries do not exist or are unknown, and where classes have to be learned online (with each presented only once). To obtain good performance under these constraints, while mitigating catastrophic forgetting, we exploit recent advances in contrastive, self-supervised learning, allowing us to use a pre-trained, general purpose image encoder whose weights can be frozen, which precludes forgetting. The pre-trained encoder also greatly simplifies the downstream task of classification, which we solve with an ensemble of very simple classifiers. Collectively, the ensemble exhibits much better performance than any individual classifier, an effect which is amplified through specialisation and competitive selection. We assess the performance of the encoders-and-ensembles architecture on standard continual learning benchmarks, where it out-performs prior state-of-the-art by a large margin on the hardest problems, as well as in less familiar settings where the data distribution changes gradually or the classes are presented one at a time.","We present an architecture comprising a pre-trained encoder and an ensemble of simple classifiers that is effective for task-free, online continual learning, surpassing current state-of-the-art on several benchmarks"
https://openreview.net/forum?id=3JvRnAzw_0,Robust Weight Perturbation for Adversarial Training,None,None,"Overfitting widely exists in adversarial robust training of deep networks. An effective and promising remedy is adversarial weight perturbation, which injects the worst-case weight perturbation during network training by maximizing the classification loss on adversarial examples. Adversarial weight perturbation helps reduce the robust generalization gap; however, it also undermines the robustness enhancement. A criterion that regulates the weight perturbation is therefore crucial for adversarial training. In this paper, we propose such a criterion, namely Loss Stationary Condition (LSC) for constrained perturbation. With LSC, we find that deep network first overfits the adversarial examples with small loss, and then gradually develops to overfit all adversarial examples in the later stage of training. Following this, we find that it is essential to conduct weight perturbation on adversarial data with small classification loss to eliminate overfitting in adversarial training. Weight perturbation on adversarial data with large classification loss is not necessary and may even lead to poor robustness. Based on these observations, we propose a robust perturbation strategy to constrain the extent of weight perturbation. The perturbation strategy prevents deep networks from overfitting while avoiding the side effect of excessive weight perturbation,  significantly improving the robustness of adversarial training. Extensive experiments demonstrate the superiority of the proposed method over the state-of-the-art adversarial training methods.",None
https://openreview.net/forum?id=dUHgnS1Tu13,Local-Global Shifting Vision Transformers,Visual transformers,None,"Recent work has shown the potential of transformers for computer vision applications. An image is first partitioned into patches, which are then used as input tokens for the attention mechanism. Due to the expensive quadratic cost of the attention mechanism, either a large patch size is used, resulting in coarse-grained global interactions, or alternatively, attention is applied only on a local region of the image at the expense of long-range interactions.  In this work, we propose an approach that allows for both coarse global interactions and fine-grained local interactions simultaneously. At the core of our method is the application of local and global attention layers.  In the local attention layer, we apply attention to each patch and its local shifts, resulting in virtually located local patches, which are not bound to a single, specific location. These virtually located patches are then used in global attention layers, where global coarse interactions are learned, using a pyramid of attention layers applied on decreasing resolution inputs. The separation of the attention layer into local and global counterparts allows for a low computational cost in the number of patches, while still supporting data-dependent localization, as opposed to the static positioning in other visual transformers. Our method is shown to be superior to both convolutional and transformer-based methods for image classification on CIFAR10, CIFAR100, and ImageNet.",Visual transformers that employ multiple overlapping patches in an efficient way
https://openreview.net/forum?id=H78NdTUTls8,A precortical module for robust CNNs to light variations,Neurogeometry; Deep Learning,None,"We present a simple mathematical model for the mammalian low visual pathway,  taking into account its key elements: retina, lateral
geniculate nucleus (LGN), primary visual cortex (V1). The analogies between the cortical level of the visual system and the  structure of popular CNNs, used in image classification tasks, suggests  the introduction of an additional preliminary convolutional module inspired  to  precortical neuronal circuits to improve robustness with respect  to global light intensity and contrast variations in the input images.  We validate our hypothesis on the popular databases MNIST, FashionMNIST and  SVHN, obtaining significantly more robust CNNs with respect  to these variations, once such extra module is added.",We improve CNN robustness with respect to light intensity and contrast variations by introducing a module based on models for the mammalian low visual system.
https://openreview.net/forum?id=KJHH22zIFxi,Robust and Data-efficient Q-learning by Composite Value-estimation,Compositional Value-learning; Noise Robustness; Data-efficient Reinforcement Learning; Off-policy Learning; Model-free Reinforcement Learning,None,"In the past few years, off-policy reinforcement learning methods have shown promising results in their application for robot control. Deep Q-learning, however, still suffers from poor data-efficiency and is susceptible to stochasticity or noise in transitions and reward, which is limiting with regard to real-world applications. We alleviate these problems by proposing two novel off-policy Temporal-Difference formulations: (1) Truncated Q-functions which represent the return for the first n steps of a target-policy rollout w.r.t. the full action-value and (2) Shifted Q-functions, acting as the farsighted return after this truncated rollout. This decomposition allows us to optimize both parts with their individual learning rates, achieving significant learning speedup and robustness to variance in the reward signal, leading to the Composite Q-learning algorithm. We employ Composite Q-learning within TD3 and compare Composite TD3 with TD3 and TD3(Delta), which we introduce as an off-policy variant of TD(Delta). Moreover, we show that Composite TD3 outperforms TD3 as well as TD3(Delta) significantly in terms of data-efficiency in multiple simulated robot tasks and that Composite Q-learning is robust to stochastic environments and reward functions.",The paper is about estimating the full return in off-policy Reinforcement Learning via a combination of short- and long-term predictions to allow for optimization of both parts with individual learning rates.
https://openreview.net/forum?id=Y-8bEgodif,Learning Dense NeRF Correspondence Through Generative Structural Priors,Dense Correspondence; Generative Model; Neural Radiance Field,None,"Neural radiance field (NeRF), a kind of 3D shape representation, has shown promising results over building geometry and textures from images. However, unlike mesh or signed distance function (SDF) based representation, it remains an open problem to build correspondences across radiance fields, limiting its application in many downstream tasks.
Assumptions of prior arts on the availability of either correspondence annotations or 3D shapes as supervision signals do not apply to NeRF.
This paper shows that by leveraging rich structural priors encapsulated in a pretrained NeRF generative adversarial network (GAN), we can learn correspondence in a self-supervised manner without using any correspondence or 3D supervision.
To exploit the priors, we devise a novel Bijective Deformation Field (BDF), a way to establish a bijective shape deformation field for 3D radiance fields.
Our experiments demonstrate that the GAN-derived priors are discriminative enough to guide the learning of  
accurate, smooth and robust 3D dense correspondence.
We also show that BDF can produce high-quality dense correspondences across different shapes belonging to the same object category.
We further demonstrate how the accurate correspondences facilitate downstream applications such as texture transfer, segmentation transfer, and deformation transfer. Code and models will be released.",None
https://openreview.net/forum?id=onqK4xDBYji,BERMo:  What can BERT learn from ELMo?,BERT; Pruning; Faster Convergence; Stable Pruning,None,"We propose BERMo, an architectural modification to BERT, which makes predictions based on a hierarchy of surface, syntactic and semantic language features. We use linear combination scheme proposed in Embeddings from Language Models (ELMo) to combine the scaled internal representations from different network depths. Our approach has two-fold benefits: (1) improved gradient flow for the downstream task as every layer has a direct connection to the gradients of the loss function and (2) increased representative power as the model no longer needs to copy the features learned in the shallower layer which are necessary for the downstream task. Further,  our model has a negligible parameter overhead as there is a single scalar parameter associated with each layer in the network. Experiments on the probing task from SentEval dataset show that our model performs up to $4.65\%$ better in accuracy than the baseline with an average improvement of $2.67\%$ on the semantic tasks. When subject to compression techniques, we find that our model enables stable pruning for compressing small datasets like SST-2, where the BERT model commonly diverges. We observe that our approach converges $1.67\times$ and $1.15\times$ faster than the baseline on MNLI and QQP tasks from GLUE dataset. Moreover, our results show that our approach can obtain better parameter efficiency for penalty based pruning approaches on QQP task.","In this work we improve the accuracy on the semantic tasks, enable faster and stable pruning by introducing ELMo type of skip connections to BERT."
https://openreview.net/forum?id=sMNvG2UMd_l,Mean-Shifted Contrastive Loss for Anomaly Detection,anomaly detection,None,"Deep anomaly detection methods learn representations that separate between normal and anomalous samples. It was previously shown that the most accurate anomaly detectors can be obtained when powerful externally trained feature extractors (e.g. ResNets pre-trained on ImageNet) are fine-tuned on the training data which consists of normal samples and no anomalies. Although contrastive learning is currently the state-of-the-art in self-supervised anomaly detection, we show that it achieves poor results when used to fine-tune pre-trained feature extractors. We investigate the reason for this collapse, and find that pre-trained feature initialization causes poor conditioning for standard contrastive objectives, resulting in bad optimization dynamics. Based on our analysis, we provide a modified contrastive objective named the \textit{Mean-Shifted Contrastive Loss}. Our method is highly effective and achieves a new state-of-the-art anomaly detection performance on multiple benchmarks including $97.2\%$ ROC-AUC on the CIFAR-10 dataset.",A novel feature adaptation approach for deep anomaly detection.
https://openreview.net/forum?id=g9hjVsv3lOC,Deep Neural Networks on EEG signals to predict Attention Score using Gramian Angular Difference Field,Auditory attention; Gramian Angular Difference Field; Electroencephalography,None,"Auditory attention is a selective type of hearing in which people focus their attention intentionally on a specific source of a sound or spoken words whilst ignoring or inhibiting other auditory stimuli. In some sense, the auditory attention score of an individual shows the focus the person can have in auditory tasks. The recent advancements in deep learning and in the non-invasive technologies recording neural activity beg the question, can deep learning along with technologies such as electroencephalography (EEG) be used to predict the auditory attention score of an individual? In this paper, we focus on this very problem of estimating a person's auditory attention level based on their brain's electrical activity captured using 14-channeled EEG signals. More specifically, we deal with attention estimation as a regression problem. The work has been performed on the publicly available Phyaat dataset. The concept of Gramian Angular Difference Field (GADF) has been used to convert time-series EEG data into an image having 14 channels, enabling us to train various deep learning models such as 2D CNN, 3D CNN, and convolutional autoencoders. Their performances have been compared amongst themselves as well as with the work done previously. Amongst the different models we tried, 2D CNN gave the best performance. It outperformed the existing methods by a decent margin of 0.22 mean absolute error (MAE).",None
https://openreview.net/forum?id=tvKdi-Nodsx,Relative Instance Credibility Inference for Learning with Noisy Labels,None,None,"The existence of noisy labels usually leads to the degradation of generalization and robustness of neural networks in supervised learning. In this paper, we propose to use a simple theoretically guaranteed sample selection framework as a plug-in module to handle noisy labels. Specifically, we re-purpose a sparse linear model with incidental parameters as a unified Relative Instance Credibility Inference (RICI) framework, which will detect and remove outliers in the forward pass of each mini-batch and use the remaining instances to train the network. The credibility of instances is measured by the sparsity of incidental parameters, which can be ranked among other instances within each mini-batch to get a relatively consistent training mini-batch. The proposed RICI framework yields two variants that enjoy superior performance on the symmetric and asymmetric noise settings, respectively. We prove that our RICI can theoretically recover the clean data. Experimental results on several benchmark datasets and a real-world noisy dataset show the effectiveness of our framework.",A theoretically guaranteed plug-in sample selection framework for learning with noisy labels.
https://openreview.net/forum?id=-7NOEQcD-xH,Deep Ensemble Policy Learning,None,None,"Ensemble learning, which can consistently improve the prediction performance in supervised learning, has drawn increasing attentions in reinforcement learning (RL). However, most related works focus on adopting ensemble methods in environment dynamics modeling and value function approximation, which are more essentially supervised learning tasks of the RL regime. Moreover, considering the inevitable difference between RL and supervised learning, the conclusions or theories of the existing ensemble supervised learning cannot be directly adopted to policy learning in RL. Adapting ensemble method to policy learning has not been well studied and still remains an open problem. In this work, we propose to learn the ensemble policies under the same RL objective in an end-to-end manner, in which sub-policy training and policy ensemble are combined organically and optimized simultaneously. We further theoretically prove that ensemble policy learning can improve exploration efficacy through increasing entropy of action distribution. In addition, we incorporate a regularization of diversity enhancement over the policy space which retains the ability of the ensemble policy to generalize to unseen states. The experimental results on two complex grid-world environments and one real-world application demonstrate that our proposed method achieves significantly higher sample efficiency and better policy generalization performance.",None
https://openreview.net/forum?id=QJeN_cqtxvC,DistProp: A Scalable Approach to Lagrangian Training via Distributional Approximation,None,None,"We develop a multiple shooting method for learning in deep neural networks based on the Lagrangian perspective on automatic differentiation. Our method leverages ideas from saddle-point optimization to derive stable first-order updates to solve a specific constrained optimization problem. Most importantly, we propose a novel solution allowing us to run our algorithm over mini-batches with stochastic gradient fashion and to decouple the number of auxiliary variables with the size of the dataset. We show empirically that our method reliably achieves higher accuracy than other comparable local (biologically plausible) learning methods on MNIST, CIFAR10 and ImageNet.",None
https://openreview.net/forum?id=TEKnz3B1jGF,Visio-Linguistic Brain Encoding,fMRI encoding; Vision Transformers; Multi-Modal Transformers,None,"Enabling effective brain-computer interfaces needs understanding how the human brain encodes stimuli across modalities such as visual, language (or text), etc. Brain encoding aims at constructing fMRI brain activity given a stimulus. There exist a plethora of neural encoding models which study brain encoding for single-mode stimuli: visual (pretrained CNNs) or text (pretrained language models). Few recent papers have also obtained separate visual and text representation models and performed late-fusion using simple heuristics. However, previous work has failed to explore: (a) the effectiveness of image Transformer models for encoding visual stimuli, and (b) co-attentive multi-modal modeling for visual and text reasoning. Further, as pretrained image Transformers and multi-modal Transformers have continued to evolve, it is important to understand if they are becoming more brain-like and hence lead to improved brain encoding. In this paper, we systematically explore the efficacy of image Transformers (ViT, DEiT, and BEiT) and multi-modal Transformers (VisualBERT, LXMERT, ViLBERT, and CLIP) for brain encoding. Extensive experiments on two popular datasets, BOLD5000 and Pereira, provide the following insights. (1) To the best of our knowledge, we are the first to investigate the effectiveness of image and multi-modal Transformers for brain encoding. (2) Surprisingly, we observe a better encoding correlation between Transformer model layers and the levels of visual processing in the human brain when compared to CNN architectures. (3) We find that multi-modal Transformers significantly outperform previously proposed single-mode CNNs, image Transformers as well as other previously proposed multi-modal models, thereby establishing new state-of-the-art. The supremacy of visio-linguistic models raises the question of whether the responses elicited in the visual regions are affected implicitly by linguistic processing even when passively viewing images. Future fMRI tasks can verify this computational insight in an appropriate experimental setting. We make our code publicly available.",None
https://openreview.net/forum?id=hopfHdHZGYe,TaCE: Time-aware Convolutional Embedding Learning for Temporal Knowledge Graph Completion,Representation learning; temporal knowledge graph completion; knowledge graph embedding; convolutional neural networks,None,"Temporal knowledge graph completion (TKGC) is a challenging task to infer the missing component for quadruples. The key challenge lies at how to integrate time information into the embeddings of entities and relations. Recent TKGC methods tend to capture temporal patterns via linear or multilinear models, which are fast but not expressive enough. In this study, we propose a novel time-aware convolutional embedding model (TaCE) to represent the time-dependent facts in the task of TKGC. It highlights its novelty to feasibly convert timestamps as temporal convolutional filters to fully interact with entities and relations and learn temporal patterns in knowledge graphs (KGs). An extensive comparison proves that our model outperforms the state-of-the-art models on three public benchmark datasets of ICEWS14, ICEWS05-15 and GDELT. Results also demonstrate good temporal expressiveness and computation efficiency performed by our TaCE.",None
https://openreview.net/forum?id=nZon4NT0WSw,TsmoBN: Interventional Generalization for Unseen Clients in Federated Learning,Federated Learning; Unseen Client Generalization; Structural Causal Model,None,"Generalizing federated learning (FL) models to unseen clients with non-iid data is a crucial topic, yet unsolved so far. In this work, we propose to tackle this problem from a novel causal perspective. Specifically, we form a training structural causal model (SCM) to explain the challenges of model generalization in a distributed learning paradigm. Based on this, we present a simple yet effective method using test-specific and momentum tracked batch normalization (TsmoBN) to generalize FL models to testing clients. We give a causal analysis by formulating another testing SCM and demonstrate that the key factor in TsmoBN is the test-specific statistics (i.e., mean and variance) of features. Such statistics can be seen as a surrogate variable for causal intervention. In addition, by considering generalization bounds in FL, we show that our TsmoBN method can reduce divergence between training and testing feature distributions, which achieves a lower generalization gap than standard model testing. Our extensive experimental evaluations demonstrate significant improvements for unseen client generalization on three datasets with various types of distribution shifts and numbers of clients. It is worth noting that our proposed approach can be flexibly applied to different state-of-the-art federated learning algorithms and is orthogonal to existing domain generalization methods.","We tackle the unseen client generalization problem via a new causal view for federated learning, which implicates using test-specific and momentum tracked BN as causal intervention and achieves significant generalizability improvement for FL methods."
https://openreview.net/forum?id=83grvoIJRnb,SGTR: Generating Scene Graph by Learning Compositional Triplets with Transformer,Computer Vision; Scene graph Generation; Scene Understanding,None,"In this work, we propose an end-to-end framework for the scene graph generation. Motivated by the recently introduced DETR, our method, termed SGTR, generating scene graphs by learning compositional queries with Transformers. We develop a decoding-and-assembling paradigm for the end-to-end scene graph generation. Based on a shared backbone, the overall structure first consists of two parallel branches: entity detector and triplet constructor, followed by a newly designed assembling mechanism. Specifically, each triplet is constructed by a set of the compositional queries in the triplet constructor. The predicate queries and entity queries are learned simultaneously with explicit information exchange. In the training phase, the grouping mechanism is learned by matching the decoded triplets with the outcome of the entity detector. Extensive experimental results show that SGTR can achieve state-of-the-art performance, surpassing most of the existing approaches. Moreover, the sparse queries significantly improving the efficiency of scene graph generation. We hope our SGTR can serve as a strong baseline for the Transformer-based scene graph generation.",We propose a transformer-based one-stage scene graph generation method achieves the state-of-the-art or comparable performance on all metrics.
https://openreview.net/forum?id=eBZsAZB8Rfh,Adaptive Unbiased Teacher for Cross-Domain Object Detection,None,None,"We tackle the problem of domain adaptation in object detection, where the main challenge lies in significant domain shifts between source (one domain with supervision) and target (a domain of interest without supervision).   Although the teacher-student framework (a student model learns from pseudo labels generated from a teacher model) has been adopted to enable domain adaptation and yielded accuracy  gains  on  the  target  domain,  the  teacher  model  still  generates  a  large number of low-quality pseudo labels (e.g.,false positives) due to its bias toward source domain. This leads to sub-optimal domain adaptation performance. To ad-dress this issue, we propose Adaptive Unbiased Teacher (AUT), a teacher-student framework leveraging adversarial learning (on features derived from backbone)and weak-strong data augmentation to address domain shifts. Specifically, we em-ploy feature-level adversarial training, ensuring features extracted from the source and target domains share similar statistics. This enables the student model to capture domain-invariant features. Furthermore, we apply weak-strong augmentation and mutual learning of the teacher for target domain and student model for both domains.  This enables the updated teacher model to gradually benefit from the student model without suffering domain shift.  We show that AUT demonstrates superiority over all existing approaches and even Oracle (fully-supervised) mod-els by a huge margin.  For example, we achieve 50.9% (49.3%) mAP on FoggyCityscape (Clipart1K), which is 9.2% (5.2%) and 8.2% (11.0%) higher than previous state of the arts and Oracle, respectively.",None
https://openreview.net/forum?id=VUcI0pKic8l,Attacking Perceptual Similarity Metrics,perceptual similarity metrics; computer vision; adversarial robustness; image quality assessment; transferable adversarial examples,None,"Perceptual similarity metrics have progressively become more correlated with human judgments on perceptual similarity; however, despite recent advances, the addition of an imperceptible distortion can still compromise these metrics. To the best of our knowledge, no study to date has systematically examined the robustness of these metrics to imperceptible adversarial perturbations. Following the two-alternative forced choice experimental design with two distorted images, and one reference image, we perturb the distorted image closer to the reference via an adversarial attack until the metric flips its judgment. We first show that all metrics are susceptible to perturbations generated via common adversarial attacks such as FGSM, PGD, and the One-pixel attack. Next, we attack the widely adopted LPIPS metric using FlowAdv, our flow-based spatial attack, in a white-box setting to craft adversarial examples that can effectively transfer to other similarity metrics in a black-box setting. In addition, we combine the spatial attack FlowAdv with PGD ($l_\infty$-bounded) attack, to increase transferability and use these adversarial examples to benchmark the robustness of both traditional and recently developed metrics. Our benchmark provides a good starting point for discussion and further research on the robustness of metrics to imperceptible adversarial perturbations.",We test the robustness of perceptual similarity metrics to imperceptible adversarial perturbations
https://openreview.net/forum?id=ZCB_kzXYhvB,An Improved Composite Functional Gradient Learning by Wasserstein Regularization for Generative adversarial networks,None,None,"Generative adversarial networks (GANs) are usually trained by a minimax game which is notoriously and empirically known to be unstable. Recently, a totally new methodology called 
Composite Functional Gradient Learning (CFG) provides an alternative
theoretical foundation for training GANs more stablely by employing
a strong discriminator with logistic regression and functional gradient learning for the generator. 
However, the discriminator using logistic regression from the CFG framework is gradually 
hard to discriminate between real and fake images while the training steps go on.
To address this problem, our key idea and contribution are to introduce
the Wasserstein distance regularization into the CFG framework for the discriminator. This gives us a novel
improved CFG formulation with more competitive generate image quality. In particular, we provide an intuitive explanation using logistic regression with Wasserstein regularization. The method helps to enhance the model gradients 
in training GANs to archives better image quality. Empirically, we compare our improved CFG with the original
version. We show that the standard CFG is easy to stick into mode collapse problem, while our improved CFG works much better
thanks to the newly added Wasserstein  distance regularization. We conduct extensive
experiments for image generation on different benchmarks, and it shows
the efficacy of our improved CFG method.",An Improved Composite Functional Gradient Learning by Wasserstein Regularization for Generative adversarial networks
https://openreview.net/forum?id=r5hq-Ooh_Ba,MutexMatch: Semi-supervised Learning with Mutex-based Consistency Regularization,Semi-supervised learning; Barely supervised Learning; Mutex-based consistency regularization,None,"The core issue in semi-supervised learning (SSL) lies in how to effectively leverage unlabeled data, whereas most existing methods usually concentrate on the utilization of high-confidence samples yet seldom fully explore the usage of low-confidence samples. Early SSL methods mostly require low-confidence samples to optimize the same loss function as high-confidence samples, but this setting might largely challenge the low-confidence samples especially at the early training stage. In this paper, we aim to utilize low-confidence samples in a novel way, which is realized by our proposed mutex-based consistency regularization, namely MutexMatch. To be specific, the high-confidence samples are required to exactly predict ""What it is"" by conventional True-Positive Classifier, while the low-confidence samples, for a much simpler goal, are employed to predict ""What it is not"" by True-Negative Classifier with ease. In this way, we not only mitigate the pseudo-labeling errors but also make full use of the low-confidence unlabeled data in the training stage. The proposed MutexMatch achieves superior performance on multiple benchmark datasets, i.e., CIFAR-10, CIFAR-100, SVHN, and STL-10. Particularly, our method shows further superiority under few quantities of labeled data, e.g., 91.77% accuracy with only 20 labeled data on CIFAR-10.",None
https://openreview.net/forum?id=SoiF5R9z6zQ,Sparse Fuse Dense: Towards High Quality 3D Detection With Depth Completion,computer vision; 3d detection; multi-modal; point clouds,None,"Current LiDAR-only 3D detection methods inevitably suffer from the sparsity of point clouds. Sparse point clouds can confuse detectors as they lack sufficient geometric and semantic information. Many multi-modal methods are proposed to alleviate this issue, while different representations of images and point clouds make it difficult to fuse them, resulting in suboptimal performance. In this paper, we present a new multi-modal framework named SFD (Sparse Fuse Dense) to tackle these issues. Specifically, we propose to enhance sparse point clouds generated from LiDAR with dense pseudo point clouds generated from depth completion. To make full use of information from different types of point clouds, we design a new RoI feature fusion method 3D-GAF (3D Grid-wise Attentive Fusion), which fuses 3D RoI features from the couple of point clouds in a grid-wise attentive way. In addition, we devise a CPFE (Color Point Feature Extractor) to extract both 3D geometric and 2D semantic features in pseudo point clouds. Moreover, we introduce a multi-modal data augmentation method named SynAugment to utilize all data augmentation approaches tailored to LiDAR-only methods. Our method holds the highest entry on the KITTI 3D object detection leaderboard∗, demonstrating the effectiveness of SFD. Codes will be public.",We propose a new multi-modal framework that enhances sparse raw point clouds with dense pseudo point clouds generated from depth completion.
https://openreview.net/forum?id=cav5FW0gy3C,Dataset Bias Prediction for Few-Shot Image Classification,Machine Learning; Few-Shot Learning; Image Classification; Dataset Bias,None,"One of the obstacles which negatively affect the image classification performance is dataset bias. In particular, if each class has only a few training data samples, the data are highly likely to have dataset bias. Therefore, dataset bias can be a serious issue in few-shot learning, but has rarely been studied so far. To address this issue, we propose a bias prediction network to help improve the performance of few-shot image classification models. Once the features are extracted from an image data, the bias prediction network tries to recover the bias of the raw image such as color from the features. However, if the bias prediction network can recover it easily, we can assume that the extracted features also contain the color bias. Therefore, in our proposed framework, the full model tries to extract features that are difficult for the bias prediction network to recover from. We validate our method by adding the bias prediction network to several existing models and evaluating the performance improvement. Our experimental results show that the bias prediction network can suppress the negative effect of the dataset color bias, resulting in the substantial improvements in existing few-shot classification models. The proposed bias prediction network, which can be integrated with other models very easily, could potentially benefit many existing models for various tasks.",The bias prediction network improves the performance of the original few-shot classification model by minimize the bias of datasets.
https://openreview.net/forum?id=zou-Ry64vqx,FedMorph: Communication Efficient Federated Learning via Morphing Neural Network,Federated Learning; Communication efficient,None,"The two fundamental bottlenecks in Federated Learning (FL) are communication and computation on heterogeneous edge networks, restricting both model capacity and user participation. 
To address these issues, we present FedMorph, an approach to automatically morph the global neural network to a sub-network to reduce both the communication and local computation overloads. 
FedMorph distills a fresh sub-network from the original one at the beginning of each communication round while keeps its `knowledge' as similar as the aggregated model from local clients in a federated average (FedAvg) like way.
The network morphing process considers the constraints, e.g., model size or computation flops, as an extra regularizer to the objective function.
To make the objective function solvable, we relax the model with the concept of soft-mask.
We empirically show that FedMorph, without any other tricks, reduces communication and computation overloads and increases the generalization accuracy.
E.g., it provides an $85\times$ reduction in server-to-client communication and $18\times$ reduction in local device computation on the MNIST dataset with ResNet8 as the training network.
With benchmark compression approaches, e.g., TopK sparsification, FedMorph collectively provides an $847\times$ reduction in upload communication.",We proposed that sharing a sub-network among the clients and the server can reduce edge devices' communication and computation overloads and increase the generalization accuracy by avoiding over-fitting of FL on local datasets.
https://openreview.net/forum?id=drRnrGMZ3ze,Novel Policy Seeking with Constrained Optimization,Novel Policy Discovery; Policy Diversity in Reinforcement Learning,None,"In problem-solving, we humans tend to come up with different novel solutions to the same problem. 
However, conventional reinforcement learning algorithms ignore such a feat and only aim at producing a set of monotonous policies that maximize the cumulative reward. The resulting policies usually lack diversity and novelty. In this work, we aim at enabling the learning algorithms with the capacity of solving the task with multiple solutions through a practical novel policy generation workflow that can generate a set of diverse and well-performing policies. Specifically, we begin by introducing a new metric to evaluate the difference between policies. On top of this well-defined novelty metric, we propose to rethink the novelty-seeking problem through the lens of constrained optimization,  to address the dilemma between the task performance and the behavioral novelty in existing multi-objective optimization approaches, we then propose a practical novel policy seeking algorithm, Interior Policy Differentiation (IPD), which is derived from the interior point method commonly known in the constrained optimization literature. Experimental comparisons on benchmark environments show IPD can achieve a substantial improvement over previous novelty-seeking methods in terms of both the novelty of generated policies and their performances in the primal task.",We apply novelty-gradient-free constrained optimization in diverse policy seeking tasks to generate well-performing novel policies.
https://openreview.net/forum?id=uymKrQiVuPg,Learning From Unpaired Data: A Variational Bayes Approach,Unpaired degradation modeling; Variational auto-encoder; Real-world image restoration,None,"Collecting the paired training data is a difficult task in practice, but the unpaired samples broadly exist. Thus, current approaches aim at generating synthesized training data from the unpaired samples by exploring the relationship between the corrupted and clean data. In this work, we propose LUD-VAE, a method to learn the joint probability density function from the data sampled from marginal distributions. Our method is based on the variational inference framework and maximizes the evidence lower bound (ELBO), the lower bound of the joint probability density function. Furthermore, we show that the ELBO is computable without paired samples under the inference invariant assumption. This property provides the mathematical rationale of our approach in the unpaired setting. Finally, we apply our method to the real-world image denoising and super-resolution tasks and train the models using the synthetic data generated by the LUD-VAE. Experimental results on four datasets validate the advantages of our method over other learnable approaches.",We proposed a variational auto-encoder based degradation modeling method from unpaired data.
https://openreview.net/forum?id=6Dz7RiRiMFd,3D-Transformer: Molecular Representation with Transformer in 3D Space ,structural biology; self-attention; transformer; proteins; small molecules; crystals; geometric deel learning,None,"Spatial structures in the 3D space are important to determine molecular properties. Recent papers use geometric deep learning to represent molecules and predict properties. These papers, however, are computationally expensive in capturing long-range dependencies of input atoms; and more importantly, they have not considered the non-uniformity of interatomic distances, thus failing to learn context-dependent representations at different scales. To deal with such issues, we introduce 3D-Transformer, a variant of the Transformer for molecular representations that incorporates 3D spatial information. 3D-Transformer operates on a fully-connected graph with direct connections between atoms. To cope with the non-uniformity of interatomic distances, we develop a multi-scale self-attention module that exploits local fine-grained patterns with increasing contextual scales. As molecules of different sizes rely on different kinds of spatial features, we design an adaptive position encoding module that adopts different position encoding methods for small and large molecules. Finally, to attain the molecular representation from atom embeddings, we propose an attentive farthest point sampling algorithm that selects a portion of atoms with the assistance of attention scores, overcoming handicaps of the virtual node and previous distance-dominant downsampling methods. We validate 3D-Transformer across three important scientific domains: quantum chemistry, material science, and proteomics. Our experiments show significant improvements over state-of-the-art models on the crystal property prediction task and the protein-ligand binding affinity prediction task, and show better or competitive performance in quantum chemistry molecular datasets. This work provides clear evidence that biochemical tasks can gain consistent benefits from 3D molecular representations and different tasks require different position encoding methods.",We present a universal neural architecture designed for 3D molecular representations.
https://openreview.net/forum?id=1LVeBXpLohL,Network calibration by weight scaling,network calibration; temperature scaling; Expected Calibration Error (ECE),None,"Calibrating neural networks is crucial in applications where the decision making depends on the predicted probabilities. Modern neural networks are not well calibrated and they tend to overestimate probabilities when compared to the expected accuracy. This results in a misleading reliability that corrupts our decision policy. We define a weight scaling calibration method that computes a convex combination of the network output class distribution and the uniform distribution. The weights controls the confidence of the calibrated prediction. Since the goal of calibration is making the confidence prediction more accurate, the most suitable
weight is found as a function of the given confidence. We derive an optimization method that is based on a closed form solution for the optimal weight scaling in each bin of a discretized value of the prediction confidence. We report extensive experiments on a variety of image datasets and network architectures. This approach achieves state-of-the-art calibration with a guarantee that the classification accuracy is not altered.",A network calibration method based on a convex combination of the network output and the uniform distribution.
https://openreview.net/forum?id=8dF_13D2SmD,RoDesigner: Variation-Aware Optimization for Robust Analog Design with Multi-Task RL,multi-task reinforcement learning; circuit automation,None,"Analog/mixed-signal circuit design is one of the most complex and time-consuming stages in the chip design process. Due to various process, voltage, and temperature (PVT) variations from chip manufacturing, analog circuits inevitably suffer from performance degradations. Although there has been plenty of work on automating analog circuit design under the typical condition, limited research has been done on exploring robust designs under the real and unpredictable silicon variations.  To address these challenges, we present RoDesigner, a robust circuit design framework that involves the variation information in the optimization process. Specifically, circuit optimizations under different variations are considered as a set of tasks. Similarities among tasks are leveraged and competitions are alleviated to realize a sample-efficient multi-task training. Moreover, RoDesigner prunes the task space before multi-task training to reduce simulation costs. In this way, RoDesigner can rapidly produce a set of circuit parameters that satisfies diverse constraints (e.g., gain, bandwidth, noise...) across variations. We compare our method with Bayesian optimization, evolutionary algorithm, and Deep Deterministic Policy Gradient (DDPG) and demonstrate that RoDesigner can significantly reduce required optimization time by14×-30×.  We also show that RoDesigner’s circuit performance is as good as a state-of-the-art human design, while the design time is reduced from several days by an expert to an hour.",The proposed variation-aware optimization framework brings down the computation cost to address the variation issue in the circuit design.
https://openreview.net/forum?id=dKVsqZOGOHL,How and When Adversarial Robustness Transfers in Knowledge Distillation?,adversarial robustness; knowledge distillation; adversarial training; vision transformer,None,"Knowledge distillation (KD) has been widely used in teacher-student training, with applications to model compression in resource-constrained deep learning. Current works mainly focus on preserving the accuracy of the teacher model. However, other important model properties, such as adversarial robustness, can be lost during distillation. This paper studies how and when the adversarial robustness can be transferred from a teacher model to a student model in KD. We show that standard KD training fails to preserve adversarial robustness, and we propose KD with input gradient alignment (KDIGA) for remedy. Under certain assumptions, we prove that the student model using our proposed KDIGA can achieve at least the same certified robustness as the teacher model. Our experiments of KD contain a diverse set of teacher and student models with varying network architectures and sizes evaluated on ImageNet and CIFAR-10 datasets, including residual neural networks (ResNets) and vision transformers (ViTs). Our comprehensive analysis shows several novel insights that (1) With KDIGA, students can preserve or even exceed the adversarial robustness of the teacher model, even when their models have fundamentally different architectures; (2) KDIGA enables robustness transfer to pre-trained students, such as KD from an adversarially trained ResNet to a pre-trained ViT, without loss of clean accuracy; and (3) Our derived local linearity bounds for characterizing adversarial robustness in KD are consistent with the empirical results.",This paper studies how and when the adversarial robustness can be transferred from a teacher model to a student model in knowledge distillation.
https://openreview.net/forum?id=ZB8vwY8cg6Y,Using a Cross-Task Grid of Linear Probes to Interpret CNN Model Predictions On Retinal Images,linear probes; interpretability; medical imaging,None,"We analyze the relationships and shared structure among different prediction tasks on a dataset of retinal images using linear probes: linear regression models trained on some ""target'' task, using embeddings from a deep convolutional (CNN) model trained on some ""source'' task as input. We use this method across all possible pairings of 101 tasks in the UK Biobank dataset of retinal images, leading to $\sim$193k different models. We analyze the performance of these linear probes by source and target task and by layer depth. 

We observe that representations from the middle layers of the network are more generalizable. 
We find that some target tasks are easily predicted irrespective of the source task, and that some other target tasks are more accurately predicted from correlated source tasks than from embeddings trained on the same task.

We then try to understand the principles that might be at work using synthetic experiments: images generated based on a ""dead leaves"" model.",We use linear probes as a tool to interpret CNN model predictions on retinal images.
https://openreview.net/forum?id=rLARdZ3FxCM,Projective Manifold Gradient Layer for Deep Rotation Regression,regression; rotation; manifold,None,"Regressing rotations on SO(3) manifold using deep neural networks is an important yet unsolved problem. The gap between Euclidean network output space and the non-Euclidean SO(3) manifold imposes a severe challenge for neural network learning in both forward and backward passes. While several works have proposed different regression-friendly rotation representations, very few works have been devoted to improving the gradient backpropagating in the backward pass. In this paper, we propose a manifold-aware gradient that directly backpropagates into deep network weights. Leveraging the Riemannian gradient and a novel projective gradient, our proposed regularized projective manifold gradient (RPMG) helps networks achieve new state-of-the-art performance in a variety of rotation estimation tasks. The proposed gradient layer can also be applied to other smooth manifolds such as the unit sphere.",We design a gradient layer that significantly improves deep rotation regression.
https://openreview.net/forum?id=kW05eAYtOma,Rethinking Pareto Approaches in Constrained Reinforcement Learning,Constrained Reinforcement Learning; Pareto optimization; Constrained Markov Decision Process,None,"Constrained Reinforcement Learning (CRL) burgeons broad interest in recent years, which pursues both goals of maximizing long-term returns and constraining costs. Although CRL can be cast as a multi-objective optimization problem, it is still largely unsolved using standard Pareto optimization approaches. The key challenge is that gradient-based Pareto optimization agents tend to stick to known Pareto-optimal solutions even when they yield poor returns (i.e., the safest self-driving car that never moves) or violates the constraints (i.e., the record breaking racer that crashes the car). In this paper, we propose a novel Pareto optimization method for CRL with two gradient recalibration techniques to overcome the challenge. First, to explore around feasible Pareto optimal solutions, we use gradient re-balancing to let the agent improve more on under-optimized objectives at each policy update. Second, to escape from infeasible solutions, we propose gradient perturbation to temporarily sacrifice return to save costs. Experiments on the SafetyGym benchmarks show that our method consistently outperforms previous CRL methods in return while satisfying the cost constraints.",We propose a novel Constrained Reinforcement Learning paradigm from the perspective of searching Pareto-optimal policy.
https://openreview.net/forum?id=aedexcMXbKK,Larger Model Causes Lower Classification Accuracy Under Differential Privacy: Reason and Solution,Differential privacy; feature selection; generalization; high dimension.,None,"Differential privacy (DP) is an essential technique for privacy-preserving, which works by adding random noise to the data. In deep learning, DP-stochastic gradient descent (SGD) is a popular technique to build privacy-preserving models. With a small noise, however, the large model (such as ResNet50) trained by DP-SGD cannot perform better than the small model (such as ResNet18). To better understand this phenomenon, we study high dimensional DP learning from the viewpoint of generalization. Theoretically, we first demonstrate that for the Gaussian mixture model with even small DP noise, if excess features are used, classification can be as bad as the random guessing since the noise accumulation for the estimation in high dimensional feature space. Then we propose a robust measure to select the important features, which trades off the model accuracy and privacy preserving. Moreover, the conditions under which important features can be selected by the proposed measure are established. Simulation on the real data (such as CIFAR-10) supports our theoretical results and reveals the advantage of the proposed classification and privacy preserving procedure.",The larger models cause lower classification accuracy under  differential privacy.
https://openreview.net/forum?id=LhbD74dsZFL,D$^2$ETR: Decoder-Only DETR with Computationally Efficient Cross-Scale Attention,None,None,"DETR is the first fully end-to-end detector that predicts a final set of predictions without post-processing. However, it suffers from problems such as low performance and slow convergence. A series of works aim to tackle these issues in different ways, but the computational cost is yet expensive due to the sophisticated encoder-decoder architecture. To alleviate this issue, we propose a decoder-only detector called D$^2$ETR. In the absence of encoder, the decoder directly attends to the fine-fused feature maps generated by the Transformer backbone with a novel computationally efficient cross-scale attention module. D$^2$ETR demonstrates low computational complexity and high detection accuracy in evaluations on the COCO benchmark, outperforming DETR and its variants.",None
https://openreview.net/forum?id=TJF4wbKTxJf,Learning Lightweight Neural Networks via Channel-Split Recurrent Convolution,None,None,"Lightweight neural networks refer to deep networks with small numbers of parameters, which are allowed to be implemented in resource-limited hardware such as embedded systems. To learn such lightweight networks effectively and efficiently, in this paper we propose a novel convolutional layer, namely {\em Channel-Split Recurrent Convolution (CSR-Conv)}, where we split the output channels to generate data sequences with length $T$ as the input to the recurrent layers with shared weights. As a consequence, we can construct lightweight convolutional networks by simply replacing (some) linear convolutional layers with CSR-Conv layers. We prove that under mild conditions the model size decreases with the rate of $O(\frac{1}{T^2})$. Empirically we demonstrate the state-of-the-art performance using VGG-16, ResNet-50, ResNet-56, ResNet-110, DenseNet-40, MobileNet, and EfficientNet as backbone networks on CIFAR-10 and ImageNet.",None
https://openreview.net/forum?id=BvowzJp_Yl6,Homogeneous Learning: Self-Attention Decentralized Deep Learning,supervised representation learning; reinforcement learning; privacy; decentralized learning; data heterogeneity; communication efficiency,None,"Federated learning (FL) has been facilitating privacy-preserving deep learning in many walks of life such as medical image classification, network intrusion detection, and so forth. Whereas it necessitates a central parameter server for model aggregation, which brings about delayed model communication and vulnerability to adversarial attacks. A fully decentralized architecture like Swarm Learning allows peer-to-peer communication among distributed nodes, without the central server. One of the most challenging issues in decentralized deep learning is that data owned by each node are usually non-independent and identically distributed (non-IID), causing time-consuming convergence of model training.To this end, we propose a decentralized learning model called Homogeneous Learning (HL) for tackling non-IID data with a self-attention mechanism. In HL, training performs on each round’s selected node, and the trained model of a node is sent to the next selected node at the end of each round. Notably, for the selection, the self-attention mechanism leverages reinforcement learning to observe a node’s inner state and its surrounding environment’s state, and find out which node should be selected to optimize the training. We evaluate our method with various scenarios for an image classification task. The result suggests that HL can produce a better performance compared with standalone learning and greatly reduce both the total training rounds by 50.8% and the communication cost by 74.6% compared with random policy-based decentralized learning for training on non-IID data.",We proposed a decentralized learning model called Homogeneous Learning (HL) for tackling non-IID data with a self-attention mechanism.
https://openreview.net/forum?id=5x7J3WXasqy,Spatially and Seamlessly Hierarchical Reinforcement Learning for State Space and Policy Space in Autonomous Driving,Hierarchical Reinforcement Learning; Spatial Hierarchy; Autonomous Driving; Path Planning,None,"Despite advances in hierarchical reinforcement learning, its applications to path planning in autonomous driving on highways are challenging. One reason is that conventional hierarchical reinforcement learning approaches are not amenable to autonomous driving due to its riskiness: the agent must move avoiding multiple obstacles such as other agents that are highly unpredictable, thus safe regions are small, scattered, and changeable over time. To overcome this challenge, we propose a spatially hierarchical reinforcement learning method for state space and policy space. The high-level policy selects not only behavioral sub-policy but also regions to pay mind to in state space and for outline in policy space. Subsequently, the low-level policy elaborates the short-term goal position of the agent within the outline of the region selected by the high-level command. The network structure and optimization suggested in our method are as concise as those of single-level methods. Experiments on the environment with various shapes of roads showed that our method finds the nearly optimal policies from early episodes, outperforming a baseline hierarchical reinforcement learning method, especially in narrow and complex roads. The resulting trajectories on the roads were similar to those of human strategies on the behavioral planning level.",We propose a spatially and seamlessly hierarchical reinforcement learning method for state space and policy space that is suitable for path planning in autonomous driving and gives good performance.
https://openreview.net/forum?id=P9TDsg-AoEK,Zero-Shot Dense Retrieval with Momentum Adversarial Domain Invariant Representation,dense retrieval; zero-shot; unsupervised domain adaptation,None,"Dense retrieval (DR) methods conduct text retrieval by first encoding texts in the embedding space and then matching them by nearest neighbor search. This requires strong locality properties from the representation space, i.e, the close allocations of each small group of relevant texts, which is hard to generalize to domains without sufficient training data. In this paper, we aim to improve the generalization ability of DR models from source training domains with rich supervision signals to target domains without any relevant labels, in the zero-shot setting. To achieve that, we propose Momentum adversarial Domain Invariant Representation learning (MoDIR), which introduces a momentum method in the DR training process to train a domain classifier on the source versus target, and then adversarially updates the DR encoder to learn domain invariant representations. Our experiments show that MoDIR robustly outperforms its baselines on 10+ ranking datasets from the BEIR benchmark in the zero-shot setup, with more than 10% relative gains on datasets where the evaluation of DR models is sensitive enough. Source code of this paper will be released.",We present a new method that uses mommentum adversarial learning to enforce domain invariant representations and thus improves zero-shot accuracy of dense retrieval.
https://openreview.net/forum?id=OQo6Tuyo0ih,Interpretable Multi-hop Reasoning for Forecasting Future Links on Temporal Knowledge Graphs,Temporal knowledge graphs; Forecasting; Question matching degree; Answer completing level; Path confidence,None,"Temporal knowledge graphs (KGs) have recently attracted growing attention. The temporal KG forecasting task, which plays a crucial role in applications such as event prediction, is predicting future links based on historical facts. The interpretability of the current temporal KG forecasting models is manifested in providing the reasoning paths. However, the comparison of reasoning paths is operated under the black box. Inspired by the observation that reasoning based on multi-hop paths is equivalent to answering questions step by step, this paper designs an Interpretable Multi-hop Reasoning (IMR) model for temporal KG forecasting. IMR transforms reasoning based on path searching into step-by-step question answering. Moreover, IMR designs three indicators according to the characteristics of temporal KGs and reasoning paths: question matching degree, answer completing level and path confidence. Unlike other models that can only utilize paths with a specified hop, IMR can effectively integrate paths of different hops; IMR can provide the reasoning paths like other interpretable models and further explain the basis for path comparison. While being more explainable, IMR has achieved state-of-the-art on four baseline datasets.",We provide a new explainable method for temporal knowledge graph forecasting.
https://openreview.net/forum?id=APS9U4pNiI8,Secure Byzantine-Robust Federated Learning with Dimension-free Error,Federated Learning; Robust Mean Estimator; Secure Aggregation,None,"In the present work, we propose a federated learning protocol with bi-directional security guarantees. First, our protocol is Byzantine-robust against malicious clients. Additionally, it is the first federated learning protocol with a per-round mean estimation error that is independent of the update size (e.g., the size of the model being trained). Second, our protocol is secure against a semi-honest server, as it only reveals sums of the updates. The code for evaluation is provided in the supplementary material.","In the present work, we propose a federated learning protocol with both Byzantine-robustness and security."
https://openreview.net/forum?id=-_1NWqlnaGH,A Compositional Approach to Occlusion in Panoptic Segmentation,None,None,"This paper concerns image segmentation, with emphasis on correctly classifying objects that are partially occluded. We present a novel approach based on compositional modeling that has proven to be effective at classifying separate instances of foreground objects. We demonstrate the efficacy of the approach by replacing the object detection pipeline in UPSNet with a compositional element that utilizes a mixture of distributions to model parts of objects. We also show extensive experimental results for the  COCO and Cityscapes datasets. The results show an improvement of 2.6 points in panoptic quality for the top “thing” classes of COCO, and a 3.43% increase in overall recall, using standard UPSNet as a baseline. Moreover, we present qualitative results to demonstrate that improved metrics and datasets are needed for proper characterization of panoptic segmentation systems.",We present a new approach to panoptic image segmentation that is based on compositional modeling.
https://openreview.net/forum?id=vi9nRayoeaS,ASAP DML: Deep Metric Learning with Alternating Sets of Alternating Proxies,Deep Metric Learning; Alternating Projections; Generalization,None,"Deep metric learning (DML) aims to minimize empirical expected loss of the pairwise intra-/inter- class proximity violations in the embedding image. We relate DML to feasibility problem of finite chance constraints. We show that minimizer of proxy-based DML satisfies certain chance constraints, and that the worst case generalization performance of the proxy-based methods can be characterized by the radius of the smallest ball around a class proxy to cover the entire domain of the corresponding class samples, suggesting multiple proxies per class helps performance. To provide a scalable algorithm as well as exploiting more proxies, we consider the chance constraints implied by the minimizers of proxy-based DML instances and reformulate DML as finding a feasible point in intersection of such constraints, resulting in a problem to be approximately solved by alternating projections. Simply put, we repeatedly train a regularized proxy-based loss and re-initialize the proxies with the embeddings of the deliberately selected new samples. We apply our method with the well-accepted losses and evaluate on four popular benchmark datasets for image retrieval. Outperforming state-of-the-art, the proposed approach consistently improves the performance of the applied losses.",Reformulation of DML with chance constraints suggests a mechanism in which we iteratively re-initialize class proxies and solve the related proxy-based DML with a regularization term relating consecutive problem instances to improve generalization.
https://openreview.net/forum?id=BJ-NSus8wXk,Towards Unknown-aware Deep Q-Learning,None,None,"Deep reinforcement learning (RL) has achieved remarkable success in known environments where the agents are trained, yet the agents do not necessarily know what they don’t know. In particular, RL agents deployed in the open world are naturally subject to environmental shifts and encounter unknown out-of-distribution (OOD) states---i.e., states from outside the training environment. Currently, the study of handling OOD states in the RL environment remains underexplored. This paper bridges this critical gap by proposing and exploring an unknown-aware RL framework, which improves the safety and reliability of deep Q-learning. Our key idea is to regularize the training of Q-learning so that OOD states will have higher OOD uncertainty, while in-distribution states will have lower OOD uncertainty; therefore making them distinguishable. This is in contrast with vanilla Q-learning which does not take into account unknowns during training. Furthermore, we provide theoretical guarantees that our method can improve OOD uncertainty estimation while ensuring the convergence performance of the in-distribution environment. Empirically, we demonstrate state-of-the-art performance on six diverse environments, achieving near-optimal OOD detection performance.",None
https://openreview.net/forum?id=L2a_bcarHcF,Linear algebra with transformers,Mathematics; Transformers; Computation; Numerical; Linear algebra,None,"Most applications of transformers to mathematics, from integration to theorem proving, focus on symbolic computation. In this paper, we show that transformers can be trained to perform numerical calculations with high accuracy. We consider problems of linear algebra:  matrix transposition, addition, multiplication, eigenvalues and vectors, singular value decomposition, and inversion. Training small transformers (up to six layers) over datasets of random matrices, we achieve high accuracies (over 90%) on all problems. We also show that trained models can generalize out of their training distribution, and that out-of-domain accuracy can be greatly improved by working from more diverse datasets (in particular, by training from matrices with non-independent and identically distributed coefficients). Finally, we show that few-shot learning can be leveraged to retrain models to solve larger problems.","We train transformers to solve problems of linear algebra (eigenvalues, matrix inversion), with high accuracy"
https://openreview.net/forum?id=RFGkzxMFqby,Adversarially Trained Models with Test-Time Covariate Shift Adaptation,Adversarial Training; Certified Robustness,None,"Existing defense models against adversarial examples typically provide either empirical or certified robustness. Adversarially trained models empirically demonstrate state-of-the-art defense while providing no robustness guarantees for large classifiers or higher-dimensional inputs.
In contrast, a randomized smoothing framework provides state-of-the-art certification while significantly degrades the empirical performance against adversarial attacks. 
In this work, we propose a novel \textit{certification through adaptation} technique that transforms an adversarially trained model into a randomized smoothing classifier during inference to provide certified robustness for $\ell_2$ norm without affecting their empirical robustness against adversarial attacks. One advantage of our proposed technique is that it allows us to separately choose the appropriate noise level for certifying each test example during inference. It also leads to outperform the existing randomized smoothing models for $\ell_2$ certification on CIFAR-10. Therefore, our work is a step towards bridging the gap between the empirical and certified robustness against adversarial examples by achieving both using the same classifier for the first time.",Transforms an adversarially trained model into a randomized smoothing classifier during inference to provide certified robustness for $\ell_2$ without affecting their state-of-the-art empirical robustness against adversarial attacks.
https://openreview.net/forum?id=IRLKq_V1lt9,Dict-BERT: Enhancing Language Model Pre-training with Dictionary,None,None,"Pre-trained language models (PLMs) aim to learn universal language representations by conducting self-supervised training tasks on large-scale corpora. Since PLMs capture word semantics in different contexts, the quality of word representations highly depends on word frequency, which usually follows a heavy-tailed distributions in the pre-training corpus. Therefore, the embeddings of rare words on the tail are usually poorly optimized. In this work, we focus on enhancing language model pre-training by leveraging definitions of the rare words in dictionaries (e.g., Wiktionary). To incorporate a rare word definition as a part of input, we fetch its definition from the dictionary and append it to the end of the input text sequence. In addition to training with the masked language modeling objective, we propose two novel self-supervised pre-training tasks on word and sentence-level alignment between input text sequence and rare word definitions to enhance language modeling representation with dictionary. We evaluate the proposed Dict-BERT model on the language understanding benchmark GLUE and eight specialized domain benchmark datasets. Extensive experiments demonstrate that Dict-BERT can significantly improve the understanding of rare words and boost model performance on various NLP downstream tasks.","We propose two novel pre-training tasks for integrating dictionary into language model pre-training,"
https://openreview.net/forum?id=zNlkpFBT9aD,Automatic Portrait Video Matting via Context Motion Network,None,None,"Automatic portrait video matting is an under-constrained problem. Most state-of-the-art methods only exploit the semantic information and process each frame individually. Their performance is compromised due to the lack of temporal information between the frames. To solve this problem, we explore the optical flow between video frames for the automatic portrait video matting. Specifically, we propose the context motion network to leverage semantic information and motion information. To capture the motion information, we estimate the optical flow and design a context-motion updating operator to integrate features between frames recurrently. Our experiments show that our network outperforms state-of-the-art matting methods significantly on the Video240K SD dataset.",None
https://openreview.net/forum?id=rUPMwMfrVvb,Improving Discriminative Visual Representation Learning via Automatic Mixup,representation learning; classification; mixup,None,"Mixup, a convex interpolation technique for data augmentation, has achieved great success in deep neural networks. However, the community usually confines it to supervised scenarios or applies it as a predefined augmentation strategy in various fields, grossly underestimating its capacity for modeling relationships between two classes or instances. In this paper, we decompose mixup into two sub-tasks of mixup generation and classification and formulate it for discriminative representations as class- and instance-level mixup. We first analyze and summarize the properties of instance-level mixup as local smoothness and global discrimination. Then, we improve mixup generation with these properties from two aspects: we enhance modeling non-linear mixup relationships between two samples and discuss learning objectives for mixup generation. Eventually, we propose a general mixup training method called AMix to improve discriminative representations on various scenarios. Extensive experiments on supervised and self-supervised scenarios show that AMix consistently outperforms leading methods by a large margin.",Improve discriminative visual representation learning via automatic mixup
https://openreview.net/forum?id=qfGcsAGhFbc,Rethinking Client Reweighting for Selfish Federated Learning,Federated Learning; Sample Reweighting; Variance Reduction; Medical Image,None,"Most federated learning (FL) algorithms aim to learn a model which achieves optimal overall performance across all clients. However, for some clients, the model obtained by conventional federated training may perform even worse than that obtained by local training. Therefore, for a stakeholder who only cares about the performance of a few $\textit{internal clients}$, the outcome of conventional federated learning may be unsatisfactory. To this end, we study a new $\textit{selfish}$ variant of federated learning, in which the ultimate objective is to learn a model with optimal performance on internal clients $\textit{alone}$ instead of all clients. We further propose Variance Reduction Selfish Learning (VaRSeL), a novel algorithm that reweights the external clients based on variance reduction for learning a model desired in this setting. Within each round of federated training, it guides the model to update towards the direction favored by the internal clients. We give a convergence analysis for both strongly-convex and non-convex cases, highlighting its fine-tune effect. Finally, we perform extensive experiments on both synthesized and real-world datasets, covering image classification, language modeling, and medical image segmentation. Experimental results empirically justify our theoretical results and show the advantage of VaRSeL over related FL algorithms.",This work studys a novel setting in FL to consider biased objectives and internal/external partitions and we also propose a novel algorithm for solving it via gradients variance reduction.
https://openreview.net/forum?id=Ud7G0LtrHVD,Are Vision Transformers Robust to Patch-wise Perturbations?,Vision Transformer; Adversarial Robustness,None,"The recent advances in Vision Transformer (ViT) have demonstrated its impressive performance in image classification, which makes it a promising alternative to Convolutional Neural Network (CNN). Unlike CNNs, ViT represents an input image as a sequence of image patches. The patch-wise input image representation makes the following question interesting: How does ViT perform when individual input image patches are perturbed with natural corruptions or adversarial perturbations, compared to CNNs? In this work, we conduct a comprehensive study on the robustness of vision transformers to patch-wise perturbations. Surprisingly, we find that vision transformers are more robust to naturally corrupted patches than CNNs, whereas they are more vulnerable to adversarial patches. Based on extensive qualitative and quantitative experiments, we discover that ViT's stronger robustness to natural corrupted patches and higher vulnerability against adversarial patches are both caused by the attention mechanism. Specifically, the attention model can help improve the robustness of vision transformers by effectively ignoring natural corrupted patches. However, when vision transformers are attacked by an adversary, the attention mechanism can be easily fooled to focus more on the adversarially perturbed patches and cause a mistake.","Vision Transformer is more robust to natural patch corruptions than CNNs, whereas it is more vulnerable against adversarial patch attacks."
https://openreview.net/forum?id=WQX6Zel-ZS1,Camera Bias Regularization for Person Re-identification,Person Re-identification; Image Retrieval,None,"Person re-identification (Re-ID) is to match persons captured by non-overlapping cameras. Due to the discrepancies between cameras caused by illumination, background, or viewpoint, the underlying difficulty for Re-ID is the camera bias problem, which leads to the large gap of within-identity features from different cameras. With limited cross-camera annotated data, Re-ID models tend to learn camera-related features, instead of identity-related features. Consequently, Re-ID models suffer from poor transfer ability from seen domains to unseen domains. In this paper, we investigate the camera bias problem in supervised learning, unsupervised learning, and their variants. In particular, we propose a novel Camera Bias Regularization (CBR) term to reduce the feature distribution gap between cameras by enlarging the intra-camera distance and reducing the inter-camera distance simultaneously. Extensive experiments on person Re-ID tasks validate the effectiveness and universality of the proposed CBR.",We propose a Camera Bias Regularization (CBR) term to improve the generalization and transfer ability of Re-ID models by reducing the feature distribution gap between different cameras.
https://openreview.net/forum?id=n7bD7_GSsce,Knowledge is reward: Learning optimal exploration by predictive reward cashing,Optimal exploration; Bayes-adaptive; Belief-augmented; Information; Reinforcement Learning,None,"There is a strong link between the general concept of intelligence and the ability to collect and use information. The theory of Bayes-adaptive exploration offers an attractive optimality framework for training machines to perform complex information gathering tasks. However, the computational complexity of the resulting optimal control problem has limited the diffusion of the theory to mainstream deep AI research. In this paper we exploit the inherent mathematical structure of Bayes-adaptive problems in order to dramatically simplify the problem by making the reward structure denser while simultaneously decoupling the learning of exploitation and exploration policies. The key to this simplification comes from the novel concept of cross-value (i.e. the value of being in an environment while acting optimally according to another), which we use to quantify the value of currently available information. This results in a new denser reward structure that ""cashes in"" all future rewards that can be predicted from the current information state. In a set of experiments we show that the approach makes it possible to learn challenging information gathering tasks without the use of shaping and heuristic bonuses in situations where the standard RL algorithms fail.",A reformulation of (Bayes-adaptive) optimal exploration learning that decouples the exploitation and exploration part of the policy and densifies the reward structure.
https://openreview.net/forum?id=jf3q5f-uedA,Autonomous Shaping of Latent-Spaces from Reduced PDEs for Physical Neural Networks,latent space representations; reduced PDE solvers; partial differential equations; differentiable physics,None,"Numerical simulations using partial differential equations (PDEs) are a central tool for a wide variety of scientific and engineering applications. Due to their challenging nature, many numerical methods rely on a reduced representation of degrees of freedom and adopt an efficient solver that solves the PDEs in the reduced space. In general, however, it is extremely challenging to faithfully preserve the correct solutions over long timespans with reduced representations. This problem is particularly pronounced for solutions with large amounts of small scale features. To address this, data-driven methods can learn to restore the details as required for accurate solutions of the underlying PDE problem. This paper studies the training of deep neural network models that autonomously interact with a PDE solver to achieve the desired solutions. In contrast to previous work, we do not constrain the PDE solver but instead give the neural network complete freedom to shape the PDE solutions as degrees of freedom of a latent space. Surprisingly, this autonomy allows the neural network to discover new physical dynamics that allow for better performance in the given learning objectives. We showcase that this approach allows the trained encoder to transform accurate solutions into abstract yet physical reduced representations, which are significantly different from conventional down-sampling results. Moreover, we demonstrate that our decoder outperforms models trained with different methodologies in terms of  restoration accuracy.",This paper studies the autonomous shaping of latent spaces that interact with a reduced PDE solver for spatio-temporal PDE problems with the task of restoring detailed solutions.
https://openreview.net/forum?id=mPlm356yMIP,Digging Into Output Representation for  Monocular 3D Object Detection,Computer vision; monocular 3D object detection; output representation,None,"Monocular 3D object detection aims to recognize and localize objects in 3D space from a single image. Recent researches have conducted remarkable advancements, while all of them follow a typical output representation in LiDAR-based 3D detection. However, in this paper, we argue that the existing discrete output representation is not suitable for monocular 3D detection. Specifically, monocular 3D detection has only two-dimensional information input while is required to output three-dimensional detections. This characteristic indicates that monocular 3D detection is inherently different from other typical detection tasks that have the same dimensional input and output. The dimension gap causes a large lower bound for the error of estimated depth. Therefore, we propose to reformulate the existing discrete output representation as a spatial probability distribution according to depth. This probability distribution considers the uncertainty caused by the absent depth dimension, allowing us to accurately and comprehensively represent objects in 3D space. Extensive experiments exhibit the superiority of our output representation. As a result, we have applied our method to 12 SOTA monocular 3D detectors, consistently boosting their average precision (AP) by ~ 20% relative improvements. The source code will be publicly available soon.",None
https://openreview.net/forum?id=pSbqyZRKzbw,WHICH SAMPLES SHOULD BE LEARNED FIRST：EASY OR HARD？,Sample weighting; Priority mode; Unified weighting scheme; Focal loss; Self-paced learning,None,"An effective weighting scheme for training samples is essential for learning tasks. Numerous weighting schemes have been proposed. Some schemes take the easy-first mode on samples, whereas some others take the hard-first mode. Naturally, an interesting yet realistic question is raised. Which samples should be learned first given a new learning task, easy or hard? To answer this question, three aspects of research are carried out. First, a high-level unified weighted loss is proposed, providing a more comprehensive view for existing schemes. Theoretical analysis is subsequently conducted and preliminary conclusions are obtained. Second, a flexible weighting scheme is proposed to overcome the defects of existing schemes. The three modes, namely, easy/medium/hard-first, can be flexibly switched in the proposed scheme. Third, a wide range of experiments are conducted to further compare the weighting schemes in different modes. On the basis of these works, reasonable answers are obtained. Factors including prior knowledge and data characteristics determine which samples should be learned first in a learning task.","This paper describes our investigation for an interesting and important question about the choices of priority modes on easy, medium, and hard samples for learning tasks."
https://openreview.net/forum?id=27aftiBeius,$$Research on fusion algorithm of multi-attribute decision making and reinforcement learning based on intuitionistic fuzzy number in wargame environment$$,Wargame; Reinforcement learning; Multiple attribute decision making; Intelligent game,None,"Intelligent games have seen an increasing interest within the research community on artificial intelligence. The article proposes an algorithm that combines the multi-attribute management and reinforcement learning methods, and that joined their effect on wargaming, it solves the problem of the agent’s low rate of winning against specific rules and its inability to quickly converge during intelligent wargame training. At the same time, this paper studied a multi-attribute decision making and reinforcement learning algorithm in a wargame simulation environment, yielding data on the conflict between red and blue sides. We calculate the weight of each attribute based on the intuitionistic fuzzy number weight calculations. And then we determine the threat posed by each opponent’s game agents . Using the red side reinforcement learning reward function, the AC framework is trained on the reward function, and an algorithm combining multi-attribute decision making with reinforcement learning is obtained. A simulation experiment confirms that the algorithm of multi-attribute decision making combined with reinforcement learning presented in this paper is significantly more intelligent than the pure reinforcement learning algorithm. By resolving the shortcomings of the agent’s neural network, coupled with sparse rewards in large-map combat games, this robust algorithm effectively reduces the difficulties of convergence. It is also the first time in this field that an algorithm design for intelligent wargaming combines multi-attribute decision making with reinforcement learning. Finally, another novelty of this research is the interdisciplinary, like designing intelligent wargames and improving reinforcement learning algorithms.","The reinforcement learning algorithm in management method and control theory is combined for the first time, and the fusion algorithm is verified to be feasible and intelligent by wargame simulation environment."
https://openreview.net/forum?id=uXpTNpkXFLB,Towards Predictable Feature Attribution: Revisiting and Improving Guided BackPropagation,explanation; interpretation; BP-based attributions; predictability,None,"Recently, backpropagation(BP)-based feature attribution methods have been widely adopted to interpret the internal mechanisms of convolutional neural networks (CNNs), and expected to be human-understandable (lucidity) and faithful to decision-making processes (fidelity). In this paper, we introduce a novel property for feature attribution: predictability, which means users can forecast behaviors of the interpretation methods. With the evidence that many attribution methods have unexpected and harmful phenomena like class-insensitivity, the predictability is critical to avoid over-trust and misuse from users. Observing that many intuitive improvements for lucidity and fidelity tend to sacrifice predictability, we propose a new visual explanation method called TR-GBP (Theoretical Refinements of Guided BackPropagation) which revisits and improves GBP from theoretical perspective rather than solely optimizing the attribution performance. Qualitative and quantitative experiments show that TR-GBP is more visually sharpened, gets rid of the fidelity problems in GBP, and effectively predicts the possible behaviors so that we can easily discriminate some prediction errors from interpretation errors. The codes of TR-GBP are available in supplementary and will be open source.",A preliminary introduction and study of predictability for attribution methods and a new predictable attribution method TR-GBP.
https://openreview.net/forum?id=OdnNBNIdFul,A Closer Look at Loss Weighting in Multi-Task Learning,None,None,"Multi-Task Learning (MTL) has achieved great success in various fields, however, how to balance different tasks to avoid negative effects is still a key problem. To achieve the task balancing, there exist many works to balance task losses or gradients. In this paper, we unify eight representative task balancing methods from the perspective of loss weighting and provide a consistent experimental comparison. Moreover, we surprisingly find that training a MTL model with random weights sampled from a distribution can achieve comparable performance over state-of-the-art baselines. Based on this finding, we propose a simple yet effective weighting strategy called Random Loss Weighting (RLW), which can be implemented in only one additional line of code over existing works. Theoretically, we analyze the convergence of RLW and reveal that RLW has a higher probability to escape local minima than existing models with fixed task weights, resulting in a better generalization ability. Empirically, we extensively evaluate the proposed RLW method on six image datasets and four multilingual tasks from the XTREME benchmark to show the effectiveness of the proposed RLW strategy when compared with state-of-the-art strategies.",None
https://openreview.net/forum?id=ECzghp9oujq,Look at here : Utilizing supervision to attend subtle key regions,Medical image diagnosis; Deep learning; Regularization strategy; Data augmentation,None,"Despite the success of deep learning in computer vision, algorithms to recognize subtle and small objects (or regions) is still challenging. For example, recognizing a baseball or a frisbee on a ground scene or a bone fracture in an X-ray image can easily result in overfitting, unless a huge amount of training data is available. To mitigate this problem, we need a way to force a model should identify subtle regions in limited training data. In this paper, we propose a simple but efficient supervised augmentation method called Cut&Remain. It achieved better performance in multi-class classification tasks (clavicle and pelvic X-ray) and a multi-label classification task of small objects (MS-COCO$_s$) than other supervised augmentation and the explicit guidance methods. In addition, using the class activation map, we identified that the Cut&Remain methods drive a model to focus on relevant subtle and small regions efficiently. We also show that the performance monotonically increased along the Cut&Remain ratio, indicating that a model can be improved even though only limited amount of Cut&Remain is applied for, so that it allows low supervising(annotation) cost for improvement.","We proposed a simple augmentation strategy utilizing supervision, called Cut&Remain, to allow a model to focus on subtle key regions."
https://openreview.net/forum?id=a_nR4BPPJF1,Blessing of Class Diversity in Pre-training,representation learning; statistical learning theory,None,"This paper presents a new statistical analysis aiming to explain the recent superior achievements of the pre-training techniques in natural language processing (NLP).
We prove that when the classes of the pre-training task (e.g., different words in masked language model task) are sufficiently diverse, in the sense that the least singular value of the last linear layer in pre-training is large, then pre-training can significantly improve the sample efficiency of downstream tasks. Inspired by our theory, we propose a new regularization technique that targets the multi-class pre-training: a \emph{diversity regularizer only to the last linear layer} in the pre-training phase.
Our empirical results show that this technique consistently boosts the performance of the pre-trained BERT model on different downstream tasks.",This paper presents a new statistical analysis aiming to explain the recent superior achievements of the pre-training techniques in NLP.
https://openreview.net/forum?id=nZXmDrV5OA2,Assumption-Free Survival Analysis Under Local Smoothness Prior,Survival analysis; time-to-event modeling; Neural ODE; regularization,None,"Survival analysis appears in various fields such as medicine, economics, engineering, and business. Due to the difficulty of integration that naturally arises in continuous-time modeling, previous works either made a strong assumption or discretized the time domain, thus limits their practical usages. In this paper, we propose assumption-free survival analysis, which models continuous-time survival function without any assumption. Our model obtains an assumption-free survival function by integrating an assumption-free hazard function using Neural Ordinary Differential Equations. Inspired by smoothness prior from semi-supervised learning literature, we further propose a regularizer that encourages the survival function to be locally smooth by minimizing the variation of the survival function in the covariate space. We found this regularizer increases the predictive power of the survival function as it propagates high-quality local information to the neighborhoods of data points. Experimental results on three public benchmarks show that our approach has better predictive power and is well-calibrated compared to strong baselines. Moreover, the proposed regularizer is superior to global regularizers and insensitive to hyperparameters.",None
https://openreview.net/forum?id=oEV21dutJ0L,Joint Self-Supervised Learning for Vision-based Reinforcement Learning,reinforcement learning; self-supervised learning; data efficiency; generalization,None,"Vision-based reinforcement learning requires efficient and robust representations of image-based observations, especially when the images contain distracting (task-irrelevant) elements such as shadows, clouds, and light. It becomes even more difficult if those distractions are not exposed during training. Although several recent studies have shown that representation robustness can be improved, they still suffer from relatively low performance even in simple and static backgrounds. To enhance the quality of representation, we design an RL framework that combines three different self-supervised learning methods; 1) Adversarial Representation, 2) Forward Dynamics, and 3) Inverse Dynamics. For a set of continuous control tasks on the DeepMind Control suite, our joint self-supervised RL (JS2RL) efficiently learns the task control in both simple and distracting backgrounds, and significantly improves generalization performance for unseen backgrounds. In an autonomous driving task, CARLA, our JS2RL also achieved the best performance on complex and realistic observations containing a lot of task-irrelevant information.",Joint self-supervised learning can significantly improve data efficiency and generalization performance in vision-based control tasks.
https://openreview.net/forum?id=IeYEepOLsFT,Bayesian Imbalanced Regression Debiasing,Imbalanced Regression; Bayesian Debiasing,None,"Imbalanced regression, where the training data has an uneven distribution on its range, is widely encountered in the real world, e.g., age estimation (uni-dimensional regression) and pose estimation (multi-dimensional regression). Compared to imbalanced and long-tailed classification, imbalanced regression has its unique challenges as the regression label space can be continuous, boundless, and high-dimensional. In this work, we present a principled framework, Bayesian Posterior Debiasing (Bayesian-PD), for re-balancing the regression among frequent and rare observations. Our key insight is that a balanced posterior can be obtained by debiasing the conditional probability with a regression label space prior. Importantly, through a normalization reparameterization technique, we derive a general debiasing function between the empirical posterior and the balanced posterior without relying on task-specific assumptions. We show that the Bayesian-PD framework has multiple instantiations in both training and testing time, with either closed-form or numerical implementations. We further uncover that several existing methods in imbalanced classification/regression serve as special cases of our Bayesian-PD framework. Extensive experiments on both uni- and multi-dimensional regression benchmarks demonstrate the effectiveness of the Bayesian-PD framework on various real-world tasks. Notably, Bayesian-PD exhibits strong robustness to different skewness of the training distributions.",We present a principled Bayesian framework for debiasing the imbalanced regression among frequent and rare observations.
https://openreview.net/forum?id=34k1OWJWtDW,Sample-specific and Context-aware Augmentation for Long Tail Image Classification,Long-tail image classification; Semantic augmentation,None,"Recent long-tail classification methods generally adopt the two-stage pipeline and focus on learning the classifier to tackle the imbalanced data in the second stage via re-sampling or re-weighting, but the classifier is easily prone to overconfidence in head classes. Data augmentation is a natural way to tackle this issue. Existing augmentation methods either perform low-level transformations or apply the same semantic transformation for all samples. However, meaningful augmentations for different samples should be different. In this paper, we propose a novel sample-specific and context-aware augmentation learning method for long-tail image classification. We model the semantic within-class transformation range for each sample by a specific Gaussian distribution and design a semantic transformation generator (STG) to predict the distribution from the sample itself. To encode the context information accurately, STG is equipped with a memory-based structure. We train STG by constructing ground-truth distributions for samples of head classes in the feature space. We apply STG to samples of tail classes for augmentation in the classifier-tuning stage. Extensive experiments on four imbalanced datasets show the effectiveness of our method.",None
https://openreview.net/forum?id=qhqxE0z3r3y,A Decidability-Based Loss Function,Metric Learning; Deep Learning,None,"Computer vision problems often use deep learning models to extract features from images, also known as embeddings. 
Moreover, the loss function used during training strongly influences the quality of the generated embeddings.
In this work, a loss function based on the decidability index is proposed to improve the quality of embeddings for the verification routine.
Our proposal, the D-loss, avoids some Triplet-based loss disadvantages such as the use of hard samples and tricky parameter tuning, which can lead to slow convergence.
The proposed approach is compared against the Softmax (cross-entropy), Triplets Soft-Hard, and the Multi Similarity losses in four different benchmarks: MNIST, Fashion-MNIST, CIFAR10 and CASIA-IrisV4.
The achieved results show the efficacy of the proposal when compared to other popular metrics in the literature. The D-loss computation, besides being simple, non-parametric and easy to implement, favors both the inter-class and intra-class scenarios. Our code will be available at GitHub.",None
https://openreview.net/forum?id=hNgDQPe8Uj,Learning Graph Augmentations to Learn Graph Representations,None,None,"Devising augmentations for graph contrastive learning is challenging due to their irregular structure, and drastic distribution shifts and nonequivalent feature spaces across datasets. To address this, we propose LG2AR, Learning Graph Augmentations to Learn Graph Representations, which is an end-to-end automatic graph augmentation framework that helps encoders learn generalizable representations on both node and graph levels. LG2AR consists of a probabilistic policy that learns a distribution over augmentations and a set of probabilistic augmentation heads that learn distributions over augmentation parameters. Under linear evaluation protocol, LG2AR achieves state-of-the-art results on 8 out of 8 graph classification tasks and 6 out of 7 node classification benchmarks.","We propose LG2AR, the first fully-automated end-to-end graph contrastive learning framework"
https://openreview.net/forum?id=ib8vMnQPQ2,PIM-QAT: Neural Network Quantization For Processing-In-Memory (PIM) Systems,Processing In-Memory System; Neuromorphic System; Deep Learning; Training Dynamics; Neural Network Quantization,None,"Processing-in-memory (PIM), an increasingly studied neuromorphic hardware, promises orders of energy and throughput improvements for deep learning inference. Leveraging the massively parallel and efﬁcient analog computing inside memories, PIM circumvents the bottlenecks of data movements in conventional digital hardware. However, an extra quantization step (i.e. PIM quantization), typically with limited resolution due to hardware constraints, is required to convert the analog computing results into digital domain. Meanwhile, non-ideal effects extensively exist in PIM quantization because of the imperfect analog-to-digital interface, which further compromises the inference accuracy. Due to hardware limitations, PIM systems decompose the bulky matrix multiplication into smaller subsets, making the computing ﬂow fundamentally different from the conventionally quantized models. In this paper, we propose a method for training quantized networks to incorporate PIM quantization, which is ubiquitous to all PIM systems. Speciﬁcally, we propose a PIM quantization aware training (PIM-QAT) algorithm, and introduce rescaling techniques during backward and forward propagation by analyzing the training dynamics to facilitate training convergence. We also propose two techniques, namely batch normalization (BN) calibration and adjusted precision training, to suppress the adverse effects of non-ideal linearity and stochastic thermal noise involved in real PIM chips. Our method is validated on three mainstream PIM decomposition schemes, and physically on a prototype chip. Comparing with directly deploying conventionally trained quantized model on PIM systems, which does not take into account this extra quantization step and thus fails, our method provides signiﬁcant improvement. It also achieves comparable inference accuracy on PIM systems as that of conventionally quantized models on digital hardware, across CIFAR10 and CIFAR100 datasets using various network depths for the most popular network topology.",We propose a method for training quantized neural networks applied in processing-in-memory systems.
https://openreview.net/forum?id=ww6-vH7LgV,FastEnsemble: Benchmarking and Accelerating Ensemble-based Uncertainty Estimation for Image-to-Image Translation,uncertainty estimation; confidence calibration; biomedical imaging,None,"Estimating prediction uncertainty and confidence of deep learning models is crucial for mission-critical machine learning applications, such as biomedical imaging for diagnostics or therapy, and self-driving cars. However, making robust uncertainty estimation is complicated given the variety of learning objectives, data modalities, types of data corruption. Previous studies often addressed such a challenge by restricting datasets to standard ones like CIFAR or ImageNet. While convenient, it is doubtful whether the same conclusion holds for real-life datasets, in which more complicated image generation tasks are involved. This paper presents a different perspective to evaluate how confidence and uncertainty estimators behave under distribution shifts, focusing on the biomedical imaging domain. Specifically, we test a series of pair-wise cell imaging datasets using a new metric to compare existing models. In addition, we introduce FastEnsemble, a fast ensemble method which only requires less than $8\%$ of the full-ensemble training time to generate a new ensemble member. Our experiments show that the proposed fast ensemble method is able to substantially improve the speed vs. quality trade-off.","We design a comprehensive benchmark to test uncertainty estimation robustness in image to image generation task, including our efficient ensemble method."
https://openreview.net/forum?id=roaUjIvWD8j,Fingerprints of Super Resolution Networks,super resolution; model attribution; model parsing; GAN; image forensics,None,"Several recent studies have demonstrated that deep-learning based image generation models, such as GANs, can be uniquely identified, and possibly even reverse engineered, by the fingerprints they leave on their output images. We extend this research to a previously unstudied type of image generator: single image super-resolution (SISR) networks. Compared to previously studied models, SISR networks are a uniquely challenging class of image generation model from which to extract and analyze fingerprints, as they can often generate images that closely match the corresponding ground truth and thus likely leave little flexibility to embed signatures. We take SISR models as examples to investigate if the findings from the previous work on fingerprints of GAN-based networks are valid for general image generation models. In this paper, we present an analysis of the capabilities and limitations of model fingerprinting in this domain. We show that SISR networks with a high upscaling factor or trained using adversarial loss leave highly distinctive fingerprints, and show promising results for reverse engineering some hyperparameters of SISR networks, including scale and loss function.",We study what can be inferred about a single-image super resolution network by looking at its output images.
https://openreview.net/forum?id=tJtOObu7Hxk,FINDING AND FIXING SPURIOUS PATTERNS WITH EXPLANATIONS,explainability; interpretability; debugging; spurious patterns; spurious correlations; image classification,None,"Machine learning models often use spurious patterns such as ""relying on the presence of a person to detect a tennis racket,"" which do not generalize.  In this work, we present an end-to-end pipeline for identifying and mitigating spurious patterns for image classifiers.   We start by finding patterns such as ""the model's prediction for tennis racket changes 63% of the time if we hide the people.""  Then, if a pattern is spurious, we mitigate it via a novel form of data augmentation.   We demonstrate that this approach identifies a diverse set of spurious patterns and that it mitigates them by producing a model that is both more accurate on a distribution where the spurious pattern is not helpful and more robust to distribution shift.",We use counterfactual images to find (via explanations) and fix (via data augmentation) spurious patterns in image classifiers.
https://openreview.net/forum?id=VuEqOs9Yp7Q,Temporal Action Localization with Global Segmentation Mask Transformers,Temporal Action Localization; Transformer; Global Contextual Learning; Self-attention Learning,None,"Inspired by the promising results of Transformers in object detection in images, it is interesting to formulate Transformer based methods for temporal action localization (TAL) in videos. Nonetheless, this is non-trivial to adapt recent object detection transformers  due to two unique challenges with TAL: (1) more complex spatio-temporal visual observations, and (2)  less training data availability . In this paper, to address the above two challenges, a novel {\em Global Segmentation Mask Transformer} (GSMT) is proposed. Compared to object detection transformers, it is architecturally reformulated with the core idea to drive the transformer to learn {\em global segmentation masks} of all action instances jointly at the full video length. Supervised by such global temporal structure signals, GSMT  allows to more effectively train from limited complex video data. Due to modeling TAL holistically rather than locally to each individual proposal,  our model also differs significantly to the conventional proposal-based TAL methods that learn to detect local start and end points of action instances using more complex architectures. Extensive experiments show that despite its simpler design, GSMT outperforms existing TAL methods, achieving new state-of-the-art performance on two benchmarks.  Importantly, it is around $\bf{100\times}$ faster to train and twice as efficient for inference.",None
https://openreview.net/forum?id=xmrtP-ADzk,Self-Supervised Learning for Binary Networks by Joint Classifier Training,binary networks; unsupervised representation learning,None,"Despite the great success of self-supervised learning with large floating point networks, such networks are not readily deployable to edge devices.
To accelerate deployment of models to edge devices for various downstream tasks by unsupervised representation learning, we propose a self-supervised learning method for binary networks.
In particular, we propose to use a randomly initialized classifier attached to a pretrained floating point feature extractor as targets and jointly train it with a binary network.
For better training of the binary network, we propose a feature similarity loss, a dynamic balancing scheme of loss terms, and modified multi-stage training.
We call our method as BSSL.
Our empirical validations show that BSSL outperforms self-supervised learning baselines for binary networks in various downstream tasks and outperforms supervised pretraining in certain tasks.",The first SSL method specifically for binary networks with no label required in any training procedure.
https://openreview.net/forum?id=-GU1sfGnM5K,A Reinforcement Learning Environment for Mathematical Reasoning via Program Synthesis,None,None,"We convert the DeepMind Mathematics Dataset into a reinforcement learning environment by interpreting it as a program synthesis problem. Each action taken in the environment adds an operator or an input into a discrete compute graph. Graphs which compute correct answers yield positive reward, enabling optimization of a policy to construct compute graphs conditioned on problem statements. Baseline models are trained using Double DQN on various subsets of problem types, demonstrating the capability to learn to correctly construct graphs despite the challenges of combinatorial explosion and noisy rewards.",None
https://openreview.net/forum?id=ZTZa78mCbie,"For Manifold Learning, Deep Neural Networks Can be Locality Sensitive Hash Functions",theory of deep learning; theory of representation learning; manifold learning; locality sensitive hash functions; interpretability,None,"It is well established that training deep neural networks gives useful representations that capture essential features of the inputs. However, these representations are poorly understood in theory and practice. In the context of supervised learning an important question is whether these representations capture features informative for classification, while filtering out non-informative noisy ones. We present a formal framework to study this question by considering a generative process where each class is associated with a high-dimensional manifold and different classes define different manifolds. Under this model, each input is produced using two latent vectors: (i) a ``manifold identifier""  $\gamma$ and; (ii)~a ``transformation parameter"" $\theta$ that shifts examples along the surface of a manifold. E.g., $\gamma$ might represent a canonical image of a dog, and $\theta$ might stand for variations in pose, background or lighting. We provide theoretical evidence that neural representations can be viewed as LSH-like functions that map each input to an embedding that is a function of solely the informative $\gamma$ and invariant to $\theta$, effectively recovering the manifold identifier . We formally show that we get one-shot learning to unseen classes as an important consequence of this behavior.",We show that representations learnt by neural networks in supervised learning can provably separate useful latent features from noisy ones leading to effective transfer learning as a side-benefit.
https://openreview.net/forum?id=O-l4bthTxno,Not All Regions are Worthy to be Distilled: Region-aware Knowledge Distillation Towards Efficient Image-to-Image Translation,Knowledge Distillation; Image-to-Image Translation; GAN; CycleGAN; Pix2Pix,None,"Recent progress in image-to-image translation has witnessed the success of generative adversarial networks (GANs). However, GANs usually contain a huge number of parameters, which lead to intolerant memory and computation consumption and limit their deployment on edge devices. To address this issue, knowledge distillation is proposed to transfer the knowledge learned by a cumbersome teacher model to an efficient student model. However, previous knowledge distillation methods directly train the student to learn teacher knowledge in all the spatial regions of the images but ignore the fact that in image-to-image translation a large number of regions (e.g. background regions) should not be translated and teacher features in these regions are not worthy to be distilled. To tackle this challenge,  in this paper, we propose Region-aware Knowledge Distillation which first localizes the crucial regions in the images with attention mechanism. Then, teacher features in these crucial regions are distilled to students with a region-wise contrastive learning framework. Besides distilling teacher knowledge in features, we further introduce perceptual distillation to distill teacher knowledge in the generated images. Experiments with four comparison methods demonstrate the substantial effectiveness of our method on both paired and unpaired image-to-image translation. For instance, our 7.08X compressed and 6.80X accelerated CycleGAN student outperforms its teacher by 1.36 and 1.16 FID scores on Horse to Zebra and Zebra to Horse, respectively. Codes have been released in the supplementary material and will be released on GitHub soon.",We propose to distill the curcial regions in image-to-image translation with region-wise contrastive learning and perceptual knowledge distillation.
https://openreview.net/forum?id=3ByLvyOSyan,A Robust Initialization of Residual Blocks for Effective ResNet Training without Batch Normalization,Normalization-Free ResNets; Weights Initialization; Exploding Gradient; Residual Blocks,None,"Batch Normalization is an essential component of all state-of-the-art neural networks architectures. However, it introduces many practical issues so that in recent years a lot of research has been devoted to designing normalization-free architectures. In this paper, we show that weights initialization is key to train ResNet-like normalization-free networks. In particular, we propose a slight modification of the summation operation of a block output with the skip-connection branch so that the whole network is correctly initialized. We show that this modified architecture achieves competitive results on CIFAR-10 without additional regularization or algorithmic modifications.",We propose a suitable initialization strategy to train Normalization-Free Residual Networks without additional tricks.
https://openreview.net/forum?id=qR4qv6_113C,Exploring the Optimality of Tight-Frame Scattering Networks,Scattering Transforms; Wavelets; Few-sample learning,None,"The wavelet scattering transform creates geometric invariants and deformation stability. In multiple signal domains, it has been shown to yield more discriminative representations compared to other non-learned representations, and to outperform learned representations in certain tasks, particularly on limited labeled data and highly structured signals. The wavelet filters used in the scattering transform are typically selected to create a tight frame via a parameterized mother wavelet. In this work, we investigate if such a tight frame construction is optimal. Focusing on Morlet wavelets, we propose to learn the scales, orientations, and aspect ratios of the filters to produce problem-specific parameterizations of the scattering transform. We show that our learned versions of the scattering transform yield significant performance gains in small-sample classification settings over the standard scattering transform.  Moreover, our empirical results suggest that tight-frames may not always be necessary for scattering transforms to extract effective representations.",A parametrized 2D Scattering transform is proposed and used to study the importance of the wavelet tight frame construction and improve results in few sample datasets.
https://openreview.net/forum?id=mOXHnLqR7AC,Causal Scene BERT: Improving object detection by searching for challenging groups,object detection; computer vision; masked language modeling; autonomous vehicles; causality,None,"Autonomous vehicles (AV) rely on learning-based perception modules parametrized with neural networks for tasks like object detection. These modules frequently have low expected error overall but high error on atypical groups of data due to biases inherent in the training process. Multiple heuristics are employed to identify ""failures"" in AVs, a typical example being driver interventions. After identification, a human team combs through the associated data to group perception failures that share common causes. More data from these groups is then collected and annotated before retraining the model to fix the issue. In other words, error groups are found and addressed in hindsight as they appear. Our main contribution is a pseudo-automatic method to discover such groups in foresight by performing causal interventions on simulated driving scenes. To keep our interventions on the data manifold, we use masked language models. We verify that the prioritized groups found via intervention are challenging for the object detector and show that retraining with data collected from these groups helps inordinately compared to adding more IID data. We also release software to run interventions in simulated scenes, which we hope will benefit the causality community.",The status quo in object detection finds error groups like difficult vehicle types or weather patterns in hindsight. Let’s find them in foresight using masked language models to take causal interventions on scene graphs.
https://openreview.net/forum?id=v9iBLdSkFiP,TADA: Taxonomy Adaptive Domain Adaptation,None,None,"Traditional domain adaptation addresses the task of adapting a model to a novel target domain under limited or no additional supervision. While tackling the input domain gap, the standard domain adaptation settings assume no domain change in the output space. In semantic prediction tasks, different datasets are often labeled according to different semantic taxonomies. In many real-world settings, the target domain task requires a different taxonomy than the one imposed by the source domain. We therefore introduce the more general taxonomy adaptive domain adaptation (TADA) problem, allowing for inconsistent taxonomies between the two domains. We further propose an approach that jointly addresses the image-level and label-level domain adaptation. On the label-level, we employ a bilateral mixed sampling strategy to augment the target domain, and a relabelling method to unify and align the label spaces. We address the image-level domain gap by proposing an uncertainty-rectified contrastive learning method, leading to more domain-invariant and class discriminative features. We extensively evaluate the effectiveness of our framework under different TADA settings: open taxonomy, coarse-to-fine taxonomy, and partially-overlapping taxonomy. Our framework outperforms previous state-of-the-art by a large margin, while capable of adapting to target taxonomies.",None
https://openreview.net/forum?id=kiwu8tcVf38,Momentum as Variance-Reduced Stochastic Gradient,momentum; variance reduction,None,"Stochastic gradient descent with momentum (SGD+M) is widely used to empirically improve the convergence behavior and the generalization performance of plain stochastic gradient descent (SGD) in the training of deep learning models, but our theoretical understanding for SGD+M is still very limited.  Contrary to the conventional wisdom that sees the momentum in SGD+M as a way to extrapolate the iterates, this work provides an alternative view that interprets the momentum in SGD+M as a (biased) variance-reduced stochastic gradient.  We rigorously prove that the momentum in SGD+M converges to the real gradient, with the variance vanishing asymptotically.  This reduced variance in gradient estimation thus provides better convergence behavior and opens up a different path for future analyses of momentum methods.  Because the reduction of the variance in the momentum requires neither a finite-sum structure in the objective function nor complicated hyperparameters to tune, SGD+M works on complicated deep learning models with possible involvement of data augmentation and dropout, on which many other variance reduction methods fail.","We prove that the variance of the momentum term in SGD+M vanishes asymptotically, so SGD+M can be interpreted as a variance-reduction stochastic method without any modification to the algorithm"
https://openreview.net/forum?id=jkpT8c7jal4,On Deep Neural Network Calibration by Regularization and its Impact on Refinement,calibration; refinement,None,"Deep neural networks have been shown to be highly miscalibrated. often they tend to be overconfident in their predictions. It poses a significant challenge for safety-critical systems to utilise deep neural networks  (DNNs), reliably. Many recently proposed approaches  to mitigate this have demonstrated substantial progress in improving DNN calibration. However, they hardly touch upon refinement, which historically has been an essential aspect of calibration. Refinement indicates separability of a network's correct and incorrect predictions. This paper presents a theoretically and empirically supported exposition reviewing refinement of a calibrated model. Firstly, we show the breakdown of expected calibration error  (ECE), into predicted confidence and refinement under the assumption of over-confident predictions. Secondly, linking with this result, we highlight that regularisation based calibration only focuses on naively reducing a model's confidence. This logically has a severe downside to a model's refinement as correct and incorrect predictions become tightly coupled. Lastly, connecting refinement with ECE also provides support to existing refinement based approaches which improve calibration but do not explain the reasoning behind it. We support our claims through rigorous empirical evaluations of many state of the art calibration approaches on widely used datasets and neural networks. We find that many calibration approaches with the likes of label smoothing, mixup etc. lower the usefulness of a DNN by degrading its refinement. Even under natural data shift, this calibration-refinement trade-off holds for the majority of calibration methods.",Many regularization based calibration approaches lead to poorly refined predictions
https://openreview.net/forum?id=tzefRCscZXZ,Adversarial Visual Robustness by Causal Intervention,Adversarial Robustness; Causality; Instrumental Variable,None,"Adversarial training is the de facto most promising defense against adversarial examples. Yet, its passive nature inevitably prevents it from being immune to unknown attackers. To achieve a proactive defense, we need a more fundamental understanding of adversarial examples, beyond the popular bounded threat model. In this paper, we provide a causal viewpoint of adversarial vulnerability: the cause is the spurious correlations ubiquitously existing in learning, i.e., the confounding effect, where attackers are precisely exploiting these effects. Therefore, a fundamental solution for adversarial robustness is by causal intervention. As visual confounders are imperceptible in general, we propose to use the instrumental variable that achieves causal intervention without the need for confounder observation. We term our robust training method as Causal intervention by instrumental Variable (CiiV). It's a causal regularization that 1) augments the image with multiple retinotopic centers and 2) encourages the model to learn causal features rather than local confounding patterns by favoring features linearly responding to spatial interpolations. Extensive experiments on a wide spectrum of attackers and settings applied in CIFAR-10, CIFAR-100, and mini-ImageNet demonstrate that CiiV is robust to adaptive attacks, including the recent Auto-Attack. Besides, as a general causal regularization, it can be easily plugged into other methods to further boost their robustness. Codes are available in supplementary materials.","This paper proposes a plug-and-play causal regularization method to improve the adversarial robustness, which is inspired by the causal intervention using instrumental variable."
https://openreview.net/forum?id=9rr7pFeIEuq,A general sample complexity analysis of vanilla policy gradient,Reinforcement learning; policy optimization; policy gradient; sample complexity,None,"We adapt recent tools developed for the analysis of Stochastic Gradient Descent (SGD) in non-convex optimization to obtain convergence guarantees and sample complexities for the vanilla policy gradient (PG) -- REINFORCE and GPOMDP. Our only assumptions are that the expected return is smooth w.r.t. the policy parameters and that the second moment of its gradient satisfies a certain ABC assumption. The ABC assumption allows for the second moment of the gradient to be bounded by $A\geq 0$ times the suboptimality gap,  $B \geq 0$ times the norm of the full batch gradient and an additive constant $C \geq 0$, or any combination of aforementioned. We show that the ABC assumption is more general than the commonly used assumptions on the policy space to prove convergence to a stationary point. We provide a single convergence theorem under the ABC assumption, and show that, despite the generality of the ABC assumption, we recover the $\widetilde{\mathcal{O}}(\epsilon^{-4})$ sample complexity of PG. Our convergence theorem also affords greater flexibility in the choice of hyper parameters such as the step size and places no restriction on the batch size $m$. Even the  single trajectory case (i.e., $m=1$) fits within our analysis. We believe that the generality of the ABC assumption may provide theoretical guarantees for PG to a much broader range of problems that have not been previously considered.",We present a general sample complexity analysis for vanilla policy gradient and provide new insights of the algorithm.
https://openreview.net/forum?id=ktHKpsbsxx,WeaveNet: A Differentiable Solver for Non-linear Assignment Problems,Non-linear assignment; Deep Learning; Stable Matching; 3D Point Cloud Matching,None,"Assignment, a task to match a limited number of elements, is a fundamental problem in informatics. Traditionally, non-linear assignment is discussed as a combinatorial optimization problem with its calculation complexity. On the other hand, it is often a sub-problem of image processing tasks, such as 3D point cloud matching. This paper proposes WeaveNet, a differentiable solver for diverse non-linear assignment problems. Traditional graph convolutional networks (GCNs) suffer from an over-smoothing problem when characterizing nodes with their relationship. WeaveNet overcomes this problem by forwarding edge-wise features at each layer rather than aggregated node features.
To deal with the exponentially large input space of combinatorial optimization problems, we designed WeaveNet to be highly parameter efficient while characterizing edges through stacked set-encoder with cross-concatenation operations. Experimental results show that WeaveNet approximates two strongly NP-hard variants of stable matching in a comparative performance with the gold standard hand-crafted algorithms under the limited size of problem instances. We have also confirmed that it can boost 3D point cloud matching performance significantly.","This paper provides a differentiable combinatorial optimization solver applicable to both NP-hard problems (e.g., fair stable matching) and image processing (e.g., 3D point cloud matching)."
https://openreview.net/forum?id=g-xTi8MYSM,Improving Learning from Demonstrations by Learning from Experience,Behavior Cloning; Learning from demonstration,None,"How to make imitation learning more general when demonstrations are relative limited has been a persistent problem in reinforcement learning (RL). Poor demonstrations leads to narrow and biased date distribution, non-Markovian human expert demonstration makes it difficult for the agent to learn, and over-reliance on sub-optimal trajectories can make it hard for the agent to improve its performance. To solve these problems we propose a new algorithm named TD3fG that can smoothly transition from learning from experts to learning from experience. Our algorithm achieve good performance in mujoco environment with limited and sub-optimal demonstrations.
    We use behavior cloning to train network as a reference action generator and utilize it in terms of both loss function and exploration noise. This innovation can help agents extract a priori knowledge from demonstrations while reducing the detrimental effects of the poor Markovian properties of the demonstrations. It has better performance compared to the BC+ fine-tuning and DDPGfD approach, especially when the demonstrations are relatively limited. We call our method TD3fG meaning TD3 from a generator.","Using the smooth transition from learning from demonstrations to learning from experience significantly improved performance in some tasks in gym mujoco, especially in situations where demonstrations were relatively limited and sub-optimal."
https://openreview.net/forum?id=N3fJsZ7ghc,Deep Encryption: Protecting Pre-Trained Neural Networks with Confusion Neurons,Encryption; Confusion Neurons,None,"Having consumed huge amounts of training data and computational resource, large-scale pre-trained models are often considered key assets of AI service providers. This raises an important problem: how to prevent these models from being maliciously copied when they are running on customers' computing device? We answer this question by adding a set of confusion neurons into the pre-trained model, where the position of these neurons is encoded into a few integers that are easy to be encrypted. We find that most often, a small portion of confusion neurons are able to effectively contaminate the pre-trained model. Thereafter, we extend our study to a bigger picture that the customers may develop algorithms to eliminate the effect of confusion neurons and recover the original network, and we show that our simple approach is somewhat capable of defending itself against the fine-tuning attack.","We firstly proposed a confusion neurons based methods for network architecture encryption, which is common to various network architectures."
https://openreview.net/forum?id=UXrVIKDbsb_,Unleash the Potential of Adaptation Models via Dynamic Domain Labels,Adversarial Domain Adaptation; Dynamic Domain Labels,None,"In this paper, we propose an embarrassing simple yet highly effective adversarial domain adaptation (ADA) method for effectively training models for alignment. We view ADA problem primarily from a neural network memorization perspective and point out a fundamental dilemma, in that the real-world data often exhibits an imbalanced distribution where the majority data clusters typically dominate and biase the adaptation process. Unlike prior works that either attempt loss re-weighting or data re-sampling for alleviating this defect, we introduce a new concept of dynamic domain labels (DDLs) to replace the original immutable domain labels on the fly. DDLs adaptively and timely transfer the model attention from over-memorized aligned data to those easily overlooked samples, which allows each sample can be well studied and fully unleashes the potential of adaption model. Albeit simple, this dynamic adversarial domain adaptation (DADA) framework with DDLs effectively promotes adaptation. We demonstrate through empirical results on real and synthetic data as well as toy games that our method leads to efficient training without bells and whistles, while being robust to different backbones.","We introduce a simple (only two lines of code) modification, termed as dynamic domain labels (DDLs), to the standard adversarial domain adaptation (ADA) frameworks that materially improves results without any increase in computational cost."
https://openreview.net/forum?id=IXrQxlxr0iB,ERNIE-SPARSE: Robust Efficient Transformer Through Hierarchically Unifying Isolated Information,sparse transformer; robustness; language model; dropout; regularization,None,"Sparse Transformer has recently attracted a lot of attention since the ability for reducing the quadratic dependency on the sequence length. In this paper, we argue that two factors could affect the robustness and causing performance degradation of the Sparse Transformer. The first factor is information bottleneck sensitivity, which is caused by the key feature of Sparse Transformer — only a small number of global tokens can attend to all other tokens. The second factor is sparse pattern sensitivity, which is caused by different token connections in different sparse patterns. To address these issues, we propose a well-designed model, named ERNIE-SPARSE. It consists of two distinctive parts: (i) a Hierarchical Sparse Transformer (HST) mechanism, which introduces special tokens to sequentially model local and global information. This method is not affected by bottleneck size and improves model robustness and performance. (ii) Sparse-Attention-Oriented Regularization (SAOR) method, the first robust training method designed for Sparse Transformer, which increases model robustness by forcing the output distributions of transformers with different sparse patterns to be consistent with each other. To evaluate the effectiveness of ERNIE-SPARSE, we perform extensive evaluations. Firstly, we perform experiments on a multi-modal long sequence modeling task benchmark, Long Range Arena (LRA). Experimental results demonstrate that ERNIE-SPARSE significantly outperforms a variety of strong baseline methods including the dense attention and other efficient sparse attention methods and achieves improvements by 2.7% (55.01% vs. 57.78%). Secondly, to further show the effectiveness of our method, we pretrain ERNIE-SPARSE and verified it on 3 text classification and 2 QA downstream tasks, achieve improvements on classification benchmark by 0.83% (91.63% vs.  92.46%), on QA benchmark by 3.27% (74.7% vs. 71.43%). Experimental results continue to demonstrate its superior performance.",A new Sparse Transformer proposes two improved mechanisms and achieves the performance of Sparse Transformer.
https://openreview.net/forum?id=XgS9YPYtdj,Improved Generalization Risk Bounds for Meta-Learning with PAC-Bayes-kl Analysis,PAC-Bayes bounds; meta-learning; localized PAC-Bayes analysis,None,"By incorporating knowledge from observed tasks, PAC-Bayes meta-learning algorithms aim to construct a hyperposterior from which an informative prior is sampled for fast adaptation to novel tasks. The goal of PAC-Bayes meta-learning theory is thus to propose an upper bound on the generalization risk over a novel task of the learned hyperposterior. In this work, we first generalize the tight PAC-Bayes-kl bound from independently and identically distributed (i.i.d.) setting to non-i.i.d. meta-learning setting. Based on the extended PAC-Bayes-kl bound, we further provide three improved PAC-Bayes generalization bounds for meta-learning, leading to better asymptotic behaviour than existing results. By minimizing objective functions derived from the improved bounds, we develop three PAC-Bayes meta-learning algorithms for classification. Moreover, we employ localized PAC-Bayes analysis for meta-learning to yield insights into the role of hyperposterior for learning a novel task. In particular, we identify that when the number of training task is large, utilizing a prior generated from an informative hyperposterior can achieve the same order of PAC-Bayes-kl bound as that obtained through setting a localized distribution-dependent prior for a novel task. Experiments with deep neural networks show that minimizing our bounds can achieve competitive performance on novel tasks w.r.t. previous PAC-Bayes meta-learning methods as well as PAC-Bayes single-task learning methods with localized prior.","We provide three improved PAC-Bayes bounds for meta-learning, and demonstrate the ability of meta-learning to adapt to unseen task via localized PAC-Bayes analysis."
https://openreview.net/forum?id=rmMOupN1Sqp,Don't Take It Literally: An Edit-Invariant Sequence Loss for Text Generation,text generation; edit invariance; natural language processing; text stytle transfer; learning with noise,None,"Neural text generation models are typically trained by maximizing log-likelihood with the sequence cross entropy loss, which encourages an \emph{exact} token-by-token match between a target sequence with a generated sequence. Such training objective is sub-optimal when the target sequence is not perfect, e.g., when the target sequence is corrupted with noises, or when only weak sequence supervision is available. To address this challenge, we propose a novel Edit-Invariant Sequence Loss (EISL), which computes the matching loss of a target $n$-gram with all $n$-grams in the generated sequence. Drawing inspirations from the classical convolutional networks (ConvNets) which capture shift-invariance in image modeling, EISL is designed to be robust to the shift of $n$-grams to tolerate various noises and edits in the target sequences. Moreover, the EISL computation is essentially a convolution operation with target $n$-grams as kernels, which is easy to implement and efficient to compute with existing libraries. To demonstrate the effectiveness of EISL, we conduct experiments on a wide range of tasks, including machine translation with noisy target sequences, unsupervised text style transfer with only weak training signals, and non-autoregressive generation with non-predefined generation order. Experimental results show our method significantly outperforms the common cross-entropy loss and other strong baselines on all the tasks.",None
https://openreview.net/forum?id=3t0ZcNhBs5,Beyond Message Passing Paradigm: Training Graph Data with Consistency Constraints,Graph Learning; Multilayer Perceptrons; Consistency Constraints,None,"Recent years have witnessed great success in handling graph-related tasks with Graph Neural Networks (GNNs). However, most existing GNNs are based on powerful message passing to guide feature aggregation among neighbors. Despite their success, there still exist three weaknesses that limit their capacity to train graph data: weak generalization with severely limited labeled data, poor robustness to label noise and structure disturbation, and high computation and memory burden for keeping the entire graph. In this paper, we propose a simple yet effective Graph Consistency Learning (GCL) framework, which is based purely on multilayer perceptrons, where structure information is only implicitly incorporated as prior knowledge in the computation of supervision signals but does not explicitly involve the forward. Specifically, the GCL framework is optimized with three well-designed consistency constraints: neighborhood consistency, label consistency, and class-center consistency. More importantly, we provide theoretical analysis on the connections between message passing and consistency constraints. Extensive experiments show that GCL produces truly encouraging performance with better generalization and robustness compared with other leading methods.","We propose a novel framework, which is based purely on MLP, where structure information is only implicitly incorporated as prior knowledge in the computation of supervision signals but does not explicitly involve the forward."
https://openreview.net/forum?id=2PSrjVtj6gU,Graph Attention Multi-layer Perceptron,Graph Neural Network; Attention; Scalability,None,"Recently, graph neural networks (GNNs) have achieved a stride of success in many graph-based applications. However, most GNNs suffer from a critical issue: representation learned is constructed based on a fixed k-hop neighborhood and insensitive to individual needs for each node, which greatly hampers the performance of GNNs. To satisfy the unique needs of each node, we propose a new architecture -- Graph Attention Multi-Layer Perceptron (GAMLP). This architecture combines multi-scale knowledge and learns to capture the underlying correlations between different scales of knowledge with two novel attention mechanisms: Recursive attention and Jumping Knowledge (JK) attention. Instead of using node feature only, the knowledge within node labels is also exploited to reinforce the performance of GAMLP. Extensive experiments on 12 real-world datasets demonstrate that GAMLP achieves state-of-the-art performance while enjoying high scalability and efficiency.",The first work to explore both node-adaptive feature and label propagation schemes for scalable GNNs.
https://openreview.net/forum?id=2e7Bf6b-v_P,ES-ENAS: Blackbox Optimization over Hybrid Spaces via Combinatorial and Continuous Evolution,ES; ENAS; hybrid; search; space; blackbox; combinatorial; optimization; reinforcement; learning; mujoco; policies; evolutionary; computation; neuroevolution; high; dimension; supernet; one-shot; nas; neural; architecture; search; efficient,None,"We consider the problem of efficient blackbox optimization over a large hybrid search space, consisting of a mixture of a high dimensional continuous space and a complex combinatorial space. Such examples arise commonly in evolutionary computation, but also more recently, neuroevolution and architecture search for Reinforcement Learning (RL) policies. Unfortunately however, previous mutation-based approaches suffer in high dimensional continuous spaces both theoretically and practically. We thus instead propose ES-ENAS, a simple joint optimization procedure by combining Evolutionary Strategies (ES) and combinatorial optimization techniques in a highly scalable and intuitive way, inspired by the \textit{one-shot} or \textit{supernet} paradigm introduced in Efficient Neural Architecture Search (ENAS). Through this relatively simple marriage between two different lines of research, we are able to gain the best of both worlds, and empirically demonstrate our approach by optimizing BBOB functions over hybrid spaces as well as combinatorial neural network architectures via edge pruning and quantization on popular RL benchmarks. Due to the modularity of the algorithm, we also are able incorporate a wide variety of popular techniques ranging from use of different continuous and combinatorial optimizers, as well as constrained optimization.","We combine ES/ARS (Gaussian smoothed gradient techniques for continuous inputs) with a variety of combinatorial optimizers (Evolutionary and Policy Gradient) in an ENAS-like fashion, producing a strong joint optimizer over hybrid search spaces."
https://openreview.net/forum?id=LdVQGdXkkG,Modular Action Concept Grounding in Semantic Video Prediction,action-conditional video prediction; self-supervised learning; counterfactual generation,None,"Recent works in video prediction have mainly focused on passive forecasting and low-level action-conditional prediction, which sidesteps the learning of interaction between agents and objects. We introduce the task of semantic action-conditional video prediction, which uses semantic action labels to describe those interactions and can be regarded as an inverse problem of action recognition. The challenge of this new task primarily lies in how to effectively inform the model of semantic action information. Inspired by the idea of Mixture of Experts, we embody each abstract label by a structured combination of various visual concept learners and propose a novel video prediction model, Modular Action Concept Network (MAC). Our method is evaluated on two newly designed synthetic datasets, CLEVR-Building-Blocks and Sapien-Kitchen, and one real-world dataset called Tower-Creation. Extensive experiments demonstrate that MAC can correctly condition on given instructions and generate corresponding future frames without need of bounding boxes. We further show that the trained model can make out-of-distribution generalization, be quickly adapted to new object categories and exploit its learnt features for object detection, showing the progression towards higher-level cognitive abilities. More visualizations can be found at https://iclr-mac.github.io/MAC/.","We present a novel video prediction model, MAC, for a new task called semantic action-conditional video prediction and evaluate it on three new datasets."
https://openreview.net/forum?id=VTGygqhwRXX,An Optics Controlling Environment and Reinforcement Learning Benchmarks,Reinforcement learning; Optical simulation; Machine Learning for Optics,None,"Deep reinforcement learning has the potential to address various scientific problems. In this paper, we implement an optics simulation environment for reinforcement learning based controllers. The environment incorporates nonconvex and nonlinear optical phenomena as well as more realistic time-dependent noise. Then we provide the benchmark results of several state-of-the-art reinforcement learning algorithms on the proposed simulation environment. In the end, we discuss the difficulty of controlling the real-world optical environment with reinforcement learning algorithms. We will make the code of the paper publicly available.",We implement an optics simulation environment and provide the benchmark results of several state-of-the-art reinforcement learning algorithms.
https://openreview.net/forum?id=f-LuEgBQUg,Language-Driven Image Style Transfer,Artistic Style Transfer; Language-based Image Editing,None,"Despite having promising results, style transfer, which requires preparing style images in advance, may result in lack of creativity and accessibility. Following human instruction, on the other hand, is the most natural way to perform artistic style transfer that can significantly improve controllability for visual effect applications. We introduce a new task—language-driven image style transfer (LDIST)—to manipulate the style of a content image, guided by a text. We propose contrastive language visual artist (CLVA) that learns to extract visual semantics from style instructions and accomplish LDIST by the patch-wise style discriminator. The discriminator considers the correlation between language and patches of style images or transferred results to jointly embed style instructions. CLVA further compares contrastive pairs of content image and style instruction to improve the mutual relativeness between transfer results. The transferred results from the same content image can preserve consistent content structures. Besides, they should present analogous style patterns from style instructions that contain similar visual semantics. The experiments show that our CLVA is effective and achieves superb transferred results on LDIST.",We introduce language-driven image style transfer (LDIST) to manipulate colors and textures of a content image by a style instruction.
https://openreview.net/forum?id=UIQxciuYcon,Revisiting Contrastive Learning through the Lens of Neighborhood Component Analysis: an Integrated Framework ,representation learning,None,"As a seminal tool in self-supervised representation learning, contrastive learning has gained unprecedented attention in recent years. In essence, contrastive learning aims to leverage pairs of positive and negative samples for representation learning, which relates to exploiting neighborhood information in a feature space. By investigating the connection between contrastive learning and neighborhood component analysis (NCA), we provide a novel stochastic nearest neighbor viewpoint of contrastive learning and subsequently propose a series of contrastive losses that outperform the existing ones. Under our proposed framework, we show a principled way to design integrated contrastive losses that simultaneously achieve good accuracy and robustness on downstream tasks.",None
https://openreview.net/forum?id=QyX0pa4CDRM,Continual Learning via Low-Rank Network Updates,continual learning; low-rank networks; rank-one update; multitask learning; task-incremental learning,None,"Continual learning seeks to train a single network for multiple tasks (one after another), where training data for each task is only available during the training of that task. Neural networks tend to forget older tasks when they are trained for the newer tasks; this property is often known as catastrophic forgetting. To address this issue, continual learning methods use episodic memory, parameter regularization, masking and pruning, or extensible network structures. In this paper, we propose a new continual learning framework based on low-rank factorization. In particular, we represent the network weights for each layer as a linear combination of several low-rank (or rank-1) matrices. To update the network for a new task, we learn a low-rank (or rank-1) matrix and add that to the weights of every layer. We also introduce an additional selector vector that assigns different weights to the low-rank matrices learned for the previous tasks. We show that our approach performs better than the current state-of-the-art methods in terms of accuracy and forgetting. Our method also offers better memory efficiency compared to episodic memory-based approaches.",Rank one update of the network layers enables continual learning of new tasks without any forgetting.
https://openreview.net/forum?id=vnOHGQY4FP1,Rethinking Temperature in Graph Contrastive Learning,self-supervised learning; graph contrastive learning; uniformity,None,"Due to not relying on the rare human-labeled information, self-supervised learning, especially contrastive learning, attracted much attention from researchers. It has begun to show its strong advantages on both IID data (independent and identically distributed data, such as images and texts) and Non-IID data (such as nodes in graphs). Recently, researchers begin to explore the interpretability of contrastive learning and have proposed some metrics for measuring the learned representations' qualities of IID data, such as alignment, uniformity, and semantic closeness. It is very important to understand the relationships among node representations, which is helpful to design algorithms with stronger interpretability. However, few studies focus on evaluating good node representations in graph contrastive learning. In this paper, we investigate and discuss what a good representation should be for a general loss (InfoNCE) in graph contrastive learning. By theoretical analysis, we argue that global uniformity and local separation are both necessary to the learning quality. We find that the two new metrics can be regulated by the temperature coefficient in InfoNCE loss. Based on this characteristic, we develop a simple but effective algorithm GLATE to dynamically adjust the temperature value in the training phase. GLATE outperforms the state-of-the-art graph contrastive learning algorithms 2.8 and 0.9 percent on average under the transductive and inductive learning tasks, respectively. The code is available at: https://github.com/anonymousICLR22/GLATE.","We argue that global uniformity and local separation are both necessary to the learning quality of graph contrastive learning, and develop a simple but effective GLATE algorithm."
https://openreview.net/forum?id=NE8B5RQkau,Self-Distilled Pruning Of Neural Networks,pruning; knowledge distillation; compression; transformers; neural networks; language models,None,"Pruning aims to reduce the number of parameters while maintaining performance close to the original network. This work proposes a novel \emph{self-distillation} based pruning strategy, whereby the representational similarity between the pruned and unpruned versions of the same network is maximized. Unlike previous approaches that treat distillation and pruning separately, we use distillation to inform the pruning criteria, without requiring a separate student network as in knowledge distillation. We show that the proposed {\em cross-correlation objective for self-distilled pruning} implicitly encourages sparse solutions, naturally complementing magnitude-based pruning criteria.  Experiments on the GLUE and XGLUE benchmarks show that self-distilled pruning increases mono- and cross-lingual language model performance. Self-distilled pruned models also outperform smaller Transformers with an equal number of parameters and are competitive against (6 times) larger distilled networks. We also observe that self-distillation (1) maximizes class separability, (2) increases the signal-to-noise ratio, and (3) converges faster after pruning steps, providing further insights into why self-distilled pruning improves generalization.",This paper combines self-distillation with magnitude-based pruning to improve performance across 16 NLP tasks and provides 3 main observations of how self-distillation improves pruning.
https://openreview.net/forum?id=GQcB1D2bxSC,SHAQ: Incorporating Shapley Value Theory into Multi-Agent Q-Learning,multi-agent reinforcement learning; Shapley value; value factorisation; Q-learning,None,"Value factorisation proves to be a useful technique in multi-agent reinforcement learning (MARL), but the underlying mechanism is not yet fully understood. This paper explores a theoretical framework for value factorisation with interpretability. We generalise Shapley value in coalitional game theory to Markov convex game (MCG) and use it as a value factorisation method for MARL. We show that the generalised Shapley value possesses several features such as (1) efficiency: the sum of optimal local values is equal to the optimal global value, (2) fairness in factorisation of the global value, and (3) sensitiveness to dummy agents. Moreover, we show that MCG with the grand coalition and the generalised Shapley value is within $\epsilon$-core, which means no agents would deviate from the grand coalition. Since MCG with the grand coalition is equivalent to global reward game, it is the first time that Shapley value is rigorously proved to be rationally applied as a value factorisation method for global reward game. Moreover, extending from the Bellman operator we propose Shapley-Q operator that is proved to converge to the optimal generalised Shapley value. With stochastic approximation, a new MARL algorithm called Shapley Q-learning (SHAQ) is yielded. We show the performance of SHAQ on Predator-Prey for modelling relative overgeneralisation and StarCraft Multi-Agent Challenge (SMAC). In experiments, we also demonstrate the interpretability of SHAQ that is lacking in other state-of-the-art baselines.","In this paper, we propose the generalised Shapley value and incorporate it into multi-agent Q-learning for solving cooperative games."
https://openreview.net/forum?id=hDQ-dYA8vB4,Towards Human-Understandable Visual Explanations: Human Imperceptible Cues Can Better Be Removed,None,None,"Explainable AI (XAI) methods focus on explaining what a neural network has learned - in other words, identifying the features that are the most influential to the prediction. In this paper, we call them ""distinguishing features"". 
However, whether a human can make sense of the generated explanation also depends on the perceptibility of these features to humans.
To make sure an explanation is human-understandable, we
argue that the capabilities of humans, constrained by the Human Visual System (HVS) and psychophysics, need to be taken into account. 
We propose the human perceptibility principle for XAI, stating that, to generate human-understandable explanations, neural networks should be steered towards focusing on human-understandable cues during training.
We conduct a case study 
regarding the classification of real vs. fake face images, where many of the distinguishing features picked up by standard neural networks turn out not to be perceptible to humans. By applying the proposed principle, a neural network with human-understandable explanations is trained which, in a survey, is shown to better align with human intuition. This is likely to make the AI more trustworthy and open the door to humans learning from machines. 
In the case study, we specifically investigate and analyze the behaviour of the human-imperceptible high spatial frequency features in neural networks and XAI methods.",None
https://openreview.net/forum?id=qmf56RZbzFJ,State-Only Imitation Learning by Trajectory Distribution Matching,Imitation Learning; Normalising Flows; Learning from Observations; Density Models,None,"The best performing state-only imitation learning approaches are based on adversarial imitation learning. The main drawback, however, is that adversarial training is often unstable and lacks a reliable convergence estimator. When the true environment reward is unknown and cannot be used to select the best-performing model, this can result in bad real-world policy performance. We propose a non-adversarial learning-from-observations approach, with an interpretable convergence and performance metric. 
 
Our training objective minimizes the Kulback-Leibler divergence between the policy and expert state transition trajectories which can be optimized in a non-adversarial fashion. For this, additional density models estimate the expert state transition distribution and the environment's forward and backward dynamics. We demonstrate the effectiveness of our approach on well-known continuous control environments, where our method can generalize to expert performance. We demonstrate that our method and loss are better suited to select the best-performing policy compared to objectives from adversarial methods by being competitive to or outperforming the state-of-the-art learning-from-observation approach in these environments.","We propose a non-adversarial learning-from-observations approach using density models to estimate environment transition distributions from the expert and the policy, resulting in an interpretable convergence and performance metric."
https://openreview.net/forum?id=qXBs0jmQkqx,FIFO: Learning Fog-invariant Features for Foggy Scene Segmentation,Foggy scene understanding; Fog-invariant feature learning; Semantic segmentation,None,"Robust visual recognition under adverse weather conditions is of great importance in real-world applications. In this context, we propose a new method for learning semantic segmentation models robust against fog. Its key idea is to consider the fog condition of an image as its style and close the gap between images with different fog conditions in neural style spaces of a segmentation model. In particular, since the neural style of an image is in general affected by other factors as well as fog, we introduce a fog-pass filter module that learns to extract a fog-relevant factor from the style. Optimizing the fog-pass filter and the segmentation model alternately gradually closes the style gap between different fog conditions and allows to learn fog-invariant features in consequence. Our method substantially outperforms previous work on three real foggy image datasets. Moreover, it improves performance on both foggy and clear weather images, while existing methods often degrade performance on clear scenes.","We present a new perspective on the effect of fog in semantic segmentation and propose FIFO, a new method based on fog-invariant feature learning for semantic foggy scene segmentation."
https://openreview.net/forum?id=xzeGP-PtPMI,Sequential Communication in Multi-Agent Reinforcement Learning ,multi-agent communication; multi-agent reinforcement learning,None,"Coordination is one of the essential problems in multi-agent reinforcement learning. Communication provides an alternative for agents to obtain information about others so that better coordinated behavior can be learned. Some existing work communicates predicted future trajectory with others, hoping to get clues about what others would do for better coordination. However, circular dependencies can inevitably occur when agents are treated equally so that it is impossible to coordinate decision-making. In this paper, we propose a novel communication scheme Sequential Communication (SeqComm). In more detail, we treat agents unequally (the upper-level agents make decisions prior to the lower-level) and have two communication phases. In the negotiation phase, agents share observations with others and obtain their intention by modeling the environment dynamics. Agents determine the priority of decision-making by comparing the value of intention. In the launching phase, the upper-level agents take the lead in making decisions and share their actions with the lower-level agents. Empirically, we show that SeqComm improves the performance in a variety of multi-agent cooperative scenarios, comparing to existing methods.",None
https://openreview.net/forum?id=eR5TdQpRMCP,General Incremental Learning with Domain-aware Categorical Representations,Incremental learning; Domain-aware; EM algorithm,None,"Incremental learning is necessary to achieve human-like intelligence system since the model must continuously accumulate knowledge in response to real-world streaming data.
In this work, we consider a general and yet under-explored incremental learning problem in which both the class distribution and class-specific domain distribution vary over sequential sessions.
Apart from the challenges discussed extensively in the class incremental learning, the problem also faces an intra-class stability-plasticity dilemma and intra-class domain imbalance issue. 
To address above issues, we develop a novel domain-aware learning framework.
Concretely, we introduce a flexible class representation based on the von Mises-Fisher mixture model to capture the intra-class structure as well as a bi-level balanced memory to deal with data imbalances within and between classes.
In particular, we build a mixture model on deep features of each class and devise an expansion-and-reduction strategy for dynamically increasing the number of components according to the concept complexity.
Combining with distillation loss, our design encourages the model to learn a domain-ware representation, which aids in achieving inter- and intra-class stability-plasticity trade-off. 
We conduct exhaustive experiments on three benchmarks, each with three representative splits.
The results show that our method consistently outperforms other methods with a significant margin, suggesting its superiority.",We develop a domain-aware representation based on mixture model and a bi-level balanced strategy for the rarely explored general incremental learning problem.
https://openreview.net/forum?id=C1lXY_T1LTs,Shap-CAM: Visual Explanations for Convolutional Neural Networks based on Shapley Value,None,None,"Explaining deep convolutional neural networks has been recently drawing increasing attention since it helps to understand the networks' internal operations and why they make certain decisions. Saliency maps, which emphasize salient regions largely connected to the network's decision-making, are one of the most common ways for visualizing and analyzing deep networks in the computer vision community. However, saliency maps generated by existing methods cannot represent authentic information in images due to the unproven proposals about the weights of activation maps which lack solid theoretical foundation and fail to consider the relations between each pixels. In this paper, we develop a novel post-hoc visual explanation method called Shap-CAM based on class activation mapping. Unlike previous class activation mapping based approaches, Shap-CAM gets rid of the dependence on gradients by obtaining the importance of each pixels through Shapley value. We demonstrate that Shap-CAM achieves better visual performance and fairness for interpreting the decision making process. Our approach outperforms previous methods on both recognition and localization tasks.",None
https://openreview.net/forum?id=7uSajQt2ki,Zero-shot Cross-lingual Conversational Semantic Role Labeling,None,None,"While conversational semantic role labeling (CSRL) has shown its usefulness on Chinese conversational tasks, it is still under-explored in non-Chinese languages due to the lack of multilingual CSRL annotations for the parser training. To avoid expensive data collection and error-propagation of translation-based methods, we present a simple but effective approach to perform zero-shot cross-lingual CSRL. Our model implicitly learns language-agnostic, conversational structure-aware and semantically rich representations with the hierarchical encoders and elaborately designed pre-training objectives. Through comprehensive experiments, we find that, our cross-lingual model not only outperforms baselines by large margins but it is also robust to low-resource scenarios. More impressively, we attempt to use CSRL information to help downstream English conversational tasks, including question-in-context rewriting and multi-turn dialogue response generation. Although we have obtained competitive performance on these tasks without CSRL information, substantial improvements are further achieved after introducing CSRL information, which indicates the effectiveness of our cross-lingual CSRL model and the usefulness of CSRL to English dialogue tasks.",we present a simple but effective approach to perform zero-shot cross-lingual CSRL and further confirm the usefulness of CSRL to non-Chinese dialogue tasks.
https://openreview.net/forum?id=MjbdO3_ihp,Iterative Bilinear Temporal-Spectral Fusion for Unsupervised Representation Learning in Time Series,Time Series; Unsupervised Learning; Representation Learning,None,"Unsupervised representation learning for multivariate time series has practical significances, but it is also a challenging problem because of its complex dynamics and sparse annotations. Existing works mainly adopt the framework of contrastive learning and involve the data augmentation techniques to sample positives and negatives for contrastive training. However, their designs of representation learning framework have two drawbacks. First, we revisit the augmentation methods for time series of existing works and note that they mostly use segment-level augmentation derived from time slicing, which may bring about sampling bias and incorrect optimization with false negatives due to the loss of global context. Second, they all pay no attention to incorporate the spectral information and temporal-spectral relations in feature representation. To address these problems, we propose a novel framework, namely Bilinear Temporal-Spectral Fusion (BTSF).
In contrast to segment-level augmentation, we utilize the instance-level augmentation by simply applying dropout on the entire time series for better preserving global context and capturing long-term dependencies. Also, an iterative bilinear temporal-spectral fusion module is devised to explicitly encode the affinities of abundant time-frequency pairs and iteratively refine representations of time series through cross-domain interactions with Spectrum-to-Time (S2T) and Time-to-Spectrum (T2S) Aggregation modules. Finally, we make sufficient assessments including alignment and uniformity to prove the effectiveness of our bilinear feature representations produced by BTSF. Extensive experiments are conducted on three major practical tasks for time series such as classification, forecasting and anomaly detection, which is the first to evaluate on all three tasks. Results shows that our BTSF achieves the superiority over the state-of-the-art methods and surpasses them by a large margin across downstream tasks. Code will be released.",A general and novel unsupervised representation learning framework for time series.
https://openreview.net/forum?id=hfjbX1UKNx,MCL-GAN: Generative Adversarial Networks with Multiple Specialized Discriminators,None,None,"We propose a generative adversarial network with multiple discriminators, which collaborate to represent a real dataset more effectively. This approach facilitates learning a generator consistent with the underlying data distribution based on real images and thus mitigates the chronic mode collapse problem. From the inspiration of multiple choice learning, we guide each discriminator to have expertise in the subset of the entire data and allow the generator to find reasonable correspondences between the latent and real data spaces automatically without the extra supervision for training examples. Despite the use of multiple discriminators, the backbone networks are shared across the discriminators and the increase of training cost is marginal. We demonstrate the effectiveness of our algorithm using multiple evaluation metrics in the standard datasets for diverse tasks.",None
https://openreview.net/forum?id=AXXohj2qWlw,Discovering Novel Customer Features with Recurrent Neural Networks for Personality Based Financial Services,AI in finance; micro-segmentation; personality traits; explainability; recurrent neural networks; trajectory clustering; attractors,None,"The micro-segmentation of customers in the finance sector is a non-trivial task and has been an atypical omission from recent scientific literature. Where traditional segmentation classifies customers based on coarse features such as demographics, micro-segmentation depicts more nuanced differences between individuals, bringing forth several advantages including the potential for improved personalization in financial services. AI and representation learning offer a unique opportunity to solve the problem of micro-segmentation. Although ubiquitous in many industries, the proliferation of AI in sensitive industries such as finance has become contingent on the imperatives of responsible AI. We had previously solved the micro-segmentation problem by extracting temporal features from the state space of a recurrent neural network (RNN). However, due to the inherent opacity of RNNs our solution lacked an explanation - one of the imperatives of responsible AI. In this study, we address this issue by extracting an explanation for and providing an interpretation of our temporal features. We investigate the state space of our RNN and through a linear regression model reconstruct the trajectories in the state space with high fidelity. We show that our linear regression coefficients have not only learned the rules used to create the RNN’s output data but have also learned the relationships that were not directly evident in the raw data.","We use a novel approach to learn, explain, and interpret features from the states of a recurrent neural network trained on spending personality for the unsolved problem of responsible micro-segmentation of financial customers."
https://openreview.net/forum?id=eubJ4rgnN3,OUT-OF-DISTRIBUTION CLASSIFICATION WITH ADAPTIVE LEARNING OF LOW-LEVEL CONTEXTUAL FEATURES,Out-of-Distribution; Adaptive Learning; Contextual Features,None,"Humans can inherently identify what is unknown to them, but the existing Neural Network (NN) is still lacking in this aspect. Out-of-Distribution (OOD) classification is an incredibly challenging problem for any NN model. In General, any model tries to predict the OOD samples from the labels used for training only, but that is not acceptable for AGI (Artificial General Intelligence) [Fjelland(2020)]. There are several kinds of research already done to avoid this issue and build a model to predict the OOD samples, existing baseline work like 1) Thresholding SoftMax, 2) train model by adding extra OOD class as a label, or 3) Mahalanobis distance-based approach. All existing approach uses the CNN to get the spatial feature information and channel-wise information within the local receptive field at each layer. Here in this paper, we have proposed a method to learn the features of In-class and OOD sample’s features with global receptive field among channels to learn the spatial relationship with modified SEnet block. Broadly, our model learns the interdependencies between channels with adaptive recalibration of the weights of stacked channels at each layer. To give more weightage to the In-class samples, we uniformly normalized the OOD samples with the total number of known class samples and trained our model to suppress the OOD class probability with a simple and effective loss function. We did our experiments for our model with MNIST and F-MNIST as In-class samples and EMNIST, KMNIST, not-MNIST, Omniglot, Uniform Noise, Gaussian Noise as OOD samples.",OUT-OF-DISTRIBUTION CLASSIFICATION WITH ADAPTIVE LEARNING OF LOW-LEVEL CONTEXTUAL FEATURES
https://openreview.net/forum?id=o8gZlfQNZDJ,An Integrated System Architecture for Generative Audio Modeling,audio textures; sound synthesis; generative adversarial network; recurrent neural network; self organizing map,None,"We introduce a new system for data-driven audio sound model design built around two different neural network architectures, a Generative Adversarial Network(GAN) and a Recurrent Neural Network (RNN), that takes advantage of the unique characteristics of each to achieve the system objectives that neither is capable of addressing alone. The objective of the system is to generate interactively controllable sound models given (a) a range of sounds the model should be able to synthesize, and (b) a specification of the parametric controls for navigating that space of sounds. The range of sounds is defined by a dataset provided by the designer, while the means of navigation is defined by a combination of data labels and the selection of a sub-manifold from the latent space learned by the GAN. Our proposed system takes advantage of the rich latent space of GAN that consists of sounds that fill out the spaces “between” real data-like sounds. This augmented data from GAN is then used to train an RNN, that has the capability of immediate parameter response, and generation of audio over unlimited periods of time. Furthermore, we develop a self organizing map technique for ”smoothing” the latent space of GAN that results in perceptually smooth interpolation between audio timbres. We validate this process through user studies. Our system contributes advances to the state of the art for generative sound model design that include system configuration and components for improving interpolation and the expansion of audio modeling capabilities beyond musical pitch and percussive instrument sounds into the more complex space of audio textures.",We develop a system for creating audio texture models based on data and designer input to define the audio range and navigation characteristics.
https://openreview.net/forum?id=pSy3DZV3PGJ,Safe Multi-Task Learning,multi-task learning,None,"In recent years, Multi-Task Learning (MTL) attracts much attention due to its good performance in many applications. However, many existing MTL models cannot guarantee that its performance is no worse than its single-task counterpart on each task. Though this phenomenon has been empirically observed by some works, little work aims to handle the resulting problem, which is formally defined as negative sharing in this paper. To achieve safe multi-task learning where no negative sharing}occurs, we propose a Safe Multi-Task Learning (SMTL) model, which consists of a public encoder shared by all the tasks, private encoders, gates, and private decoders. Specifically, each task has a private encoder, a gate, and a private decoder, where the gate is to learn how to combine the private encoder and public encoder for the downstream private decoder.  To reduce the storage cost during the inference stage, a lite version of SMTL is proposed to allow the gate to choose either the public encoder or the corresponding private encoder. Moreover, we propose a variant of SMTL to place all the gates after decoders of all the tasks. Experiments on several benchmark datasets demonstrate the effectiveness of the proposed methods.",None
https://openreview.net/forum?id=n2EEbUzETI,Contextual Text Detection,Scene Text Detection; Contextual Text Detection,None,"Most existing scene text detectors focus on the detection of characters or words which capture partial textual messages only in most cases due to the missing of contextual information. For a better understanding of text in scenes, it is more desired to detect contextual text blocks which consist of one or multiple integral text units (e.g., characters, words, or phrases) in a specific order, delivering certain independent and complete textual messages. This paper presents Contextual Text Detection, a new setup that detects contextual text blocks for better understanding of texts in scenes. We formulate the new setup by a dual detection task that first detects integral text units and then groups them into a contextual text block. Specifically, we design a novel scene text grouping technique which treats each integral text unit as a token and groups multiple integral tokens belonging to the same contextual text block into an ordered token sequence. To facilitate the future research, we create two new datasets SCUT-CTW-Context and ReCTS-Context where each contextual text block is well annotated by an ordered sequence of integral text units. In addition, we introduce three evaluation metrics that measure contextual text detection in local accuracy, continuity, and global accuracy, respectively. Extensive experiments show that the proposed method detects contextual text blocks effectively. This development including codes, datasets and annotation tools will be published at http://xxxxxxx.",This paper presents a new problem Contextual Text Detection and a novel network that aims to detect contextual text blocks for better understanding of texts in scenes.
https://openreview.net/forum?id=Ln5BeHxhVA3,FLBoost: On-the-Fly Fine-tuning Boosts Federated Learning via Data-free Distillation,federated learning; adversarial learning; on-the-fly fine-tuning,None,"Federated Learning (FL) is an emerging distributed learning paradigm for protecting privacy. Data heterogeneity is one of the main challenges in FL, which causes slow convergence and degraded performance. Most existing approaches tackle the heterogeneity challenge by restricting the local model update in client, ignoring the performance drop caused by direct global model aggregation. On the contrary, we propose a new solution: on-the-fly fine-tuning the global model in server via data-free distillation to boost its performance, dubbed FLBoost to relieve the issue of direct model aggregation. Specifically, FLBoost adopts an adversarial distillation scheme to continually transfer the knowledge from local models to fine-tune the global model. In addition, focused distillation and attention-based ensemble techniques are developed to balance the extracted pseudo-knowledge to adapt the data heterogeneity scenario, which implicitly mitigates the distribution discrepancy across clients. Extensive experiments show that our FLBoost can achieve superior performance against the state-of-the-art FL algorithms and can serve as a strong plugin for enhancing FedAvg, FedProx, FedDyn, and SCAFFOLD.",we propose a new solution that  fine-tunes the global model in server via data-free distillation to boost its performance.
https://openreview.net/forum?id=JAJozcf0Kb,Memory-Driven Text-to-Image Generation,Generative Adversarial Networks; Text-to-Image Generation; Memory Bank; Semi-parametric,None,"We introduce a memory-driven semi-parametric approach to text-to-image generation, which is based on both parametric and non-parametric techniques. The non-parametric component is a memory bank of image features constructed from a training set of images. The parametric component is a generative adversarial network. Given a new text description at inference time, the memory bank is used to selectively retrieve image features that are provided as basic information of target images, which enables the generator to produce realistic synthetic results. We also incorporate the content information into the discriminator, together with semantic features, allowing the discriminator to make a more reliable prediction. Experimental results demonstrate that the proposed memory-driven semi-parametric approach produces more realistic images than purely parametric approaches, in terms of both visual fidelity and text-image semantic consistency.","We introduce a memory-driven semi-parametric approach to text-to-image generation, which is based on both parametric and non-parametric techniques."
https://openreview.net/forum?id=Hfw5Q2Zn1w,Modeling and Eliminating Adversarial Examples using Function Theory of Several Complex Variables,adversarial examples; learning theory; robust training; complex analysis,None,"The reliability of a learning model is key to the successful deployment of machine learning in various industries. Training a robust model, unaffected by adversarial attacks, requires a comprehensive understanding of the adversarial examples phenomenon. This paper presents a model and a solution for the existence and transfer of adversarial examples in analytic hypotheses. Grounded in the function theory of several complex variables, we propose the class of complex-valued holomorphic hypotheses as a natural way to represent the submanifold of the samples and the decision boundary simultaneously. To describe the mechanism in which the adversarial examples occur and transfer, we specialize the definitions of the optimal Bayes and the maximum margin classifiers to this class of hypotheses. The approach is validated initially on both synthetic and real-world classification problems using polynomials. Backed by theoretical and experimental results, we believe the analysis to apply to other classes of analytic hypotheses such as neural networks.","We provide an analysis of the adversarial examples phenomenon, explaining existence and transfer of these samples and propose a solution to mitigate its effects."
https://openreview.net/forum?id=pTJKCACq6tM,Robust Training in High Dimensions via Block Coordinate Geometric Median Descent,robust; optimization; efficient; geometric median; median; breakdown point,None,"Geometric median (GM) is a classical method in statistics for achieving a robust estimation of the  uncorrupted data; under gross corruption, it achieves the optimal breakdown point of 0.5. However, its computational complexity makes it infeasible for robustifying stochastic gradient descent (SGD) for high-dimensional optimization problems. In this paper, we show that by applying GM to only a judiciously chosen block of coordinates at a time and using a memory mechanism, one can retain the breakdown point of 0.5 for smooth non-convex problems, with non-asymptotic convergence rates comparable to the SGD with GM.

We validate both the runtime and the robustness of our approach empirically on three neural network settings including ResNet-18 on CIFAR-10 and MLP / LeNet on Fashion-MNIST.",We propose BGMD an efficient robust optimization method that achieves optimal breakdown point of 1/2.
https://openreview.net/forum?id=1_s0_W2V7R,Amortized Posterior on Latent Variables in Gaussian Process,meta-learning; uncertainty estimation,None,"Deep neural networks have achieved impressive performance on a variety of domains. However, performing tasks in partially observed, dynamic environments is still an open problem. Gaussian Process (GPs) is well-known for capturing uncertainty in model parameters. However, it simply assumes a fixed Gaussian prior on latent variables. Thus, agents are not able to update their beliefs about latent variables as observing data points. Instead, in this paper, we propose to replace the prior with an amortized posterior, which enables quick adaptation, especially to abrupt changes. Experiments show that our proposed method can adjust behaviors on the fly (e.g., blind “Predator” take 56% more chance to approach “Prey”), correct mistakes to escape bad situations (e.g., 25% ↑ on avoiding repeating to hit objects with negative rewards), and update beliefs quickly (e.g., 9% faster convergence rate on learning new concepts).",None
https://openreview.net/forum?id=nzqZufLU1v,Lidar Range Image Compression with Deep Delta Encoding,lidar; point cloud; range image; compression; delta encoding,None,"Lidars are widely used in applications such as autonomous driving and augmented reality. However, the large volume of data produced by lidars can lead to high cost in data storage and transmission. Besides rising standards in point cloud compression from the MPEG (G-PCC and V-PCC), recent works also explore using deep networks to improve the compression rates. However, most prior work focus on the generic point cloud representation, neglecting the spatial patterns of the points from lidar range images. In this work, we leverage the range image representation and propose a novel deep delta encoding model to compress lidar data. Our deep model takes in local range image patches and predicts the next pixel value in a raster-scanning manner. The residuals between the prediction and the original value can be entropy encoded to achieve lossless compression under certain quantization rates. Evaluated on the Waymo Open Dataset and KITTI, our method demonstrates significant improvement compared to widely algorithms as well as recent deep methods based on the point cloud representation, in both the point cloud reconstruction quality and the downstream perception model performance.","A novel deep delta encoding method for lidar range image compression, achieving significant bitrate improvements over prior art."
https://openreview.net/forum?id=AfeeU77SUx,Learning with Few-Shot Complementary Labels,Complementary-label learning; Few-shot learning,None,"Complementary-label (CL) learning deals with the weak supervision scenario where each training instance is associated with one complementary label, which specifies the class label that the instance does not belong to. Since these CL algorithms rely on the assumption of a large amount of labeled/unlabeled training data, they cannot be applied in few-shot scenarios and perform well. To bridge the gap, we propose a Few-shot Complementary-Label (FsCL) training pattern with three kinds of surrogate loss, which is based on the Model-Agnostic Meta-Learning (MAML) and bilevel optimization. FsCL firstly modifies the inductive bias of the  meta-learner apart from the misleading of complementary label and insufficient sample diversity in the outer loop. Next, the inner loop is used to solve the target FsCL classification problem with base learner initialized from meta-learner. Accordingly, an unseen example can be precisely classified via the maximize probability output of base learner. We demonstrate the effectiveness of our approach in an extensive empirical study and theoretical analysis.",Our paper proposes complementary-label learning in few-shot scenarios.
https://openreview.net/forum?id=NsyO8nGpaGG,Comparing Human and Machine Bias in Face Recognition,None,None,"Much recent research has uncovered and discussed serious concerns of bias in facial analysis technologies, finding performance disparities between groups of people based on perceived gender, skin type, lighting condition, etc. These audits are immensely important and successful at measuring algorithmic bias but have two major challenges: the audits (1) use facial recognition datasets which lack quality metadata, like LFW and CelebA, and (2) do not compare their observed algorithmic bias to the biases of their human alternatives. In this paper, we release improvements to the LFW and CelebA datasets which will enable future researchers to obtain measurements of algorithmic bias that are not tainted by major flaws in the dataset (e.g. identical images appearing in both the gallery and test set). We also use these new data to develop a series of challenging facial identification and verification questions that we administered to various algorithms and a large, balanced sample of human reviewers. We find that both computer models and human survey participants perform significantly better at the verification task, generally obtain lower accuracy rates on dark-skinned or female subjects for both tasks, and obtain higher accuracy rates when their demographics match that of the question. Computer models are observed to achieve a higher level of accuracy than the survey participants on both tasks and exhibit bias to similar degrees as the human survey participants.",None
https://openreview.net/forum?id=f5ggjj9Rfq,Faking Interpolation Until You Make It,Deep Learning; Optimisation; Step-size selection,None,"Deep over-parameterized neural networks exhibit the interpolation property on many data sets. That is, these models are able to achieve approximately zero loss on all training samples simultaneously. Recently, this property has been exploited to develop novel optimisation algorithms for this setting. These algorithms use the fact that the optimal loss value is known to employ a variation of a Polyak step-size calculated on a stochastic batch of data. We introduce a novel extension of this idea to tasks where the interpolation property does not hold. As we no longer have access to the optimal loss values a priori, we instead estimate these for each sample online. To realise this, we introduce a simple but highly effective heuristic for approximating the optimal value based on previous loss evaluations. This heuristic starts by setting the approximate optimal values to a known lower bound on the loss function, typically zero. It then updates them at fixed intervals through training in the direction of the best iterate visited so far. We provide rigorous experimentation on a wide range of problems including two natural language processing tasks, popular vision benchmarks and the challenging ImageNet classification data set. From our empirical analysis we demonstrate the effectiveness of our approach, which in the non-interpolating setting, outperforms state of the art baselines, namely adaptive gradient and line search methods.",We present an optimisation method that uses a Polyak Step-size in combination with a heuristic to approximate online the optimal function value for each example in the training set.
https://openreview.net/forum?id=T3_cV3-zbg,ENHANCE THE DYNAMIC REGRET VIA OPTIMISM,online convex optimization; dynamic regret upper bound; normalized exponentiated gradient; adaptive trick,None,"In this paper, we study the enhancement method for dynamic regret in online convex optimization. Existing works have shown that adaptive learning for dynamic environment (Ader) enjoys an $O\big(\sqrt{\left(1+P_T\right)T}\,\big)$ dynamic regret upper bound, where $T$ is the number of rounds and $P_T$ is the path length of the reference strategy sequence. The basic idea of Ader is to maintain a group of experts, where each expert obtains the best dynamic regret of a specific path length by running Mirror Descent (MD) with specific parameter, and then tracks the best expert by Normalized Exponentiated Subgradient (NES). However, Ader is not environmental adaptive. By introducing the estimated linear loss function $\widehat{x}_{t}^*$, the dynamic regret for Optimistic Mirror Descent (OMD) is tighter than MD if the environment is not completely adversarial and $\widehat{x}_{t}^*$ is well-estimated. Based on the fact that optimism can enhance dynamic regret, we develop an algorithm to replace MD and NES in Ader with OMD and Optimistic Normalized Exponentiated Subgradient (ONES) respectively, and utilize the adaptive trick to achieve $O\big(\sqrt {\left(1+P_T\right)M_T}\,\big)$ dynamic regret upper bound, where $M_T\leqslant O\left(T\right)$ is a measure of estimation accuracy. In particular, if $\widehat{x}_t^*\in\partial\widehat{\varphi}_t$, where $\widehat{\varphi}_t$ represents the estimated convex loss function and $\partial\widehat{\varphi}_t$ is Lipschitz continuous, then the dynamic regret upper bound of OMD has a subgradient variation type. Based on this fact, we develop a variant algorithm whose upper bound has a subgradient variation type. All our algorithms are environmental adaptive.",None
https://openreview.net/forum?id=SawkGZ3oR2J,Accelerating Federated Split Learning via Local-Loss-Based Training,Federated Learning; Split Learning,None,"Federated learning (FL) operates based on model exchanges between the server and the clients, and suffers from significant communication as well as client-side computation burden. Emerging split learning (SL) solutions can reduce the clientside computation burden by splitting the model architecture between the server and the clients. However, SL-based ideas still require significant time delay, since each participating client should wait for the backpropagated gradients from the server in order to update its model. Also, the communication burden can still be substantial, depending on various factors like local dataset size and shape of cut layer activations/gradients. In this paper, we propose a new direction to FL/SL based on updating the client/server-side models in parallel, via local-loss-based training specifically geared to split learning. The parallel training of split models substantially shortens latency while obviating server-to-clients communication. We provide latency analysis that leads to optimal model cut as well as general guidelines for splitting the model. We also provide a theoretical analysis for guaranteeing convergence and understanding interplay among different hyperparameters and system constraints. Extensive experimental results indicate that our scheme has significant communication and latency advantages over existing FL and SL ideas.","We propose a fast and communication-efficient algorithm that provides a new direction to federated/split learning, via local-loss-based training highly tailored to split learning."
https://openreview.net/forum?id=tiWbMTFS57A,A partial theory of Wide Neural Networks using WC functions and its practical implications,None,None,"We present a framework based on the theory of Polyak-Łojasiewicz functions to explain the properties of convergence and generalization of overparameterized feed-forward neural networks. We introduce the class of Well-Conditioned (WC) reparameterizations, which are closed under composition and preserve the class of Polyak-Łojasiewicz functions, thus enabling compositionality of the framework results which can be studied separately for each layer and in an architecture-neutral way. We show that overparameterized neural layers are WC and can therefore be composed to build easily optimizable functions. We expose a pointwise stability bound implying that overparameterization in WC models leads to a tighter convergence around a global minimizer. Our framework allows to derive quantitative estimates for the terms that govern the optimization process of neural networks.  We leverage this aspect to empirically evaluate the predictions set forth by some relevant published theories concerning conditioning, training speed, and generalization of the neural networks training process.  Our contribution aims to encourage the development of mixed theoretical-practical approaches, where the properties postulated by the theory can also find empirical confirmation.",None
https://openreview.net/forum?id=ZN5fOmir9Uk,TexRel: a Green Family of Datasets for Emergent Communication with Relations,emergent communication; compositionality; metrics; language model; dataset; green; relations,None,"We propose a new dataset TexRel as a playground for the study of emergent communications, in particular for relations.
TexRel  provides rapid training and experimentation, whilst being sufficiently large to avoid overfitting.
We use TexRel to compare Sender models, compare with a related dataset, examine the effect of changing meaning space size, and perform a case-study for using \sys/ in place of symbolic input.","TexRel is a dataset for the study of emergent communications, in particular for relations."
https://openreview.net/forum?id=1eGFH6yYAJn,Modality Laziness: Everybody's Business is Nobody's Business,multi-modal learning,None,"Models fusing multiple modalities receive more information and can outperform their uni-modal counterparts. However, existing multi-modal training approaches often suffer from learning insufficient representations of each modality.  We theoretically analyze this phenomenon and prove that with more modalities, the models quickly saturate and ignore the features that are hard-to-learn but important. We name this problem of multi-modal training, \emph{Modality Laziness}. The solution to this problem depends on a notion called paired feature. If there exist no paired features in the data, one may simply run independent training on each modality. Otherwise, we propose Uni-Modal Teacher (UMT), which distills the pre-trained uni-modal features to the corresponding parts in multi-modal models, as a pushing force to tackle the laziness problem. We empirically verify that we can achieve competitive performance on various multi-modal datasets in light of this dichotomy.",None
https://openreview.net/forum?id=B4uS3efOEW,Confidence Adaptive Regularization for Deep Learning with Noisy Labels,noisy labels; regularization; label correction,None,"Recent studies on the memorization effects of deep neural networks on noisy labels show that the networks first fit the correctly labeled training samples before memorizing the mislabeled samples. Motivated by this early-learning phenomenon, we propose a novel method to prevent memorization of the mislabeled samples. Unlike the existing approaches which use confidence (captured by winning score from model prediction) to identify or ignore the mislabeled samples, we introduce an indicator branch to the original model and enable the model to produce a new confidence (i.e. indicates whether a sample is clean or mislabeled) for each sample. The confidence values are incorporated in the proposed loss function which is learned to assign large values to correctly-labeled samples and small values to mislabeled ones. We also discuss the limitation of our approach and propose an auxiliary regularization term to enhance the robustness of the model in challenging cases. Our empirical analysis shows that the model predicts correctly for both clean and mislabeled samples in the early learning phase. Based on the predictions in each iteration, we correct the noisy labels to steer the model towards corrected targets. Further, we provide the theoretical analysis and conduct numerous experiments on synthetic and real-world datasets, demonstrating that our approach achieves comparable and even better results to the state-of-the-art methods.",An approach that used to mitigate the negative influence of when training deep neural networks with noisy labels
https://openreview.net/forum?id=DnG8f7gweH4,Piecing and Chipping: An effective solution for the information-erasing view generation in Self-supervised Learning,Data Augmentation; Self-supervised; Contrastive Learning; Deep Learning,None,"In self-supervised learning frameworks, deep networks are optimized to align different views of an instance that contains the similar visual semantic information. The views are generated by conducting series of data augmentation to the anchor samples. Although the data augmentation operations are often designed to be aggressive and extensive to lower the mutual information between views, the family of Information-Erasing data augmentation that masks out region of images is barely considered. In this work, we propose the Piecing and Chipping enhanced Erasing Augmentation (PCEA) approach to making the self-supervised learning algorithms benefit from the effectiveness of Information-Erasing data augmentation.  Specifically, we design a pipeline to generate mutually weakly related transformed views using random erasing and build corresponding loss terms to take advantage of these views. Extensive experiments demonstrate the effectiveness of our method. Particularly, applying our PCEA to MoCo v2 improves the baseline by 12.84\%, 3.3\% in terms of linear classification on ImageNet-100 and ImageNet-1K.",None
https://openreview.net/forum?id=hP-SILoczR,NAS-Bench-Zero: A Large Scale Dataset for Understanding Zero-Shot Neural Architecture Search,None,None,"Zero-shot Neural Architecture Search (ZS-NAS) is a recently developed low-cost NAS framework which identifies top-performer neural architectures from a large candidate pool without training their parameters. Despite its popularity in recent NAS literatures, the effectiveness of ZS-NAS has not been comprehensively understood. Previous works analyze ZS-NAS methods on NAS benchmark datasets such as NAS-Bench-101/201/301 which are initially designed for learning network topology with irregular connections. However, most modern state-of-the-art networks as well as popular classical ones are designed in more conventional, well-established search spaces such as ResNet (RS) and MobileNet (MB) search space. This imposes a significant gap between the benchmark dataset and real-world practice, hindering a deeper understanding of ZS-NAS. In this work, we aim to bridge the gap systematically. First, we collect a novel large-scale dataset termed NAS-Bench-Zero for benchmarking and understanding popular ZS-NAS methods in the conventional RS/MB search spaces. Then the characteristics of these ZS-NAS methods are extensively examined from various aspects. Notably, we find that: 1) the performance of ZS-NAS on NAS-Bench-101/201/301 cannot transfer to RS/MB search spaces; 2) A proxy with higher ranking correlation score may actually perform worse in constrained NAS; 3) existing zero-shot proxies cannot outperform naive proxies such as FLOPs/params in RS/MB search spaces; 4) Top best zero-shot proxies as well as FLOPs/params compensate each other. Based on these new discoveries, we propose i) a novel hybrid zero-shot proxy which outperforms existing ones by a large margin and is transferable among popular search spaces; ii) a new index for better measuring the true performance of ZS-NAS proxies in constrained NAS. Source code and the NAS-Bench-Zero dataset will be released after publication.",None
https://openreview.net/forum?id=I7Tuih6s7Dj,"Towards Axiomatic, Hierarchical, and Symbolic Explanation for Deep Models",None,None,"This paper proposes a hierarchical and symbolic And-Or graph (AOG) to objectively explain the internal logic encoded by a well-trained deep model for inference. We first define the objectiveness of an explainer model in game theory, and we develop a rigorous representation of the And-Or logic encoded by the deep model. The objectiveness and trustworthiness of the AOG explainer are both theoretically guaranteed and experimentally verified. Furthermore, we propose several techniques to boost the conciseness of the explanation.",None
https://openreview.net/forum?id=11aY89G7YY4,Data-centric Semi-supervised Learning,Data-centric; semi-supervised learning,None,"We study unsupervised data selection for semi-supervised learning (SSL), where a large-scale unlabeled data is available and a small subset of data is budgeted for label acquisition.  Existing SSL methods focus on learning a model that effectively integrates information from given small labeled data and large unlabeled data, whereas we focus on selecting the right data for SSL without any label or task information, in an also stark contrast to supervised data selection for active learning. Intuitively, instances to be labeled shall collectively have maximum diversity and coverage for downstream tasks, and individually have maximum information propagation utility for SSL. We formalize these concepts in a three-step data-centric SSL method that improves FixMatch in stability and accuracy by 8% on CIFAR-10 (0.08% labeled) and 14% on ImageNet-1K (0.2% labeled). Our work demonstrates that a small compute spent on careful labeled data selection brings big annotation efficiency and model performance gain without changing the learning pipeline. Our completely unsupervised data selection can be easily extended to other weakly supervised learning settings.",None
https://openreview.net/forum?id=fNCVBsB-N9p,MECATS: Mixture-of-Experts for Probabilistic Forecasts of Aggregated Time Series,Time Series; Mixture-of-Experts; Data Aggregation; Uncertainty Estimation,None,"We introduce a mixture of heterogeneous experts framework called MECATS, which simultaneously forecasts the values of a set of time series that are related through an aggregation hierarchy. Different types of forecasting models can be employed as individual experts so that the form of each model can be tailored to the nature of the corresponding time series. MECATS learns hierarchical relationships during the training stage to help generalize better across all the time series being modeled and also mitigates coherency issues that arise due to constraints imposed by the hierarchy. We further build multiple quantile estimators on top of the point forecasts. The resulting probabilistic forecasts are nearly coherent, distribution-free, and independent of the choice of forecasting models. We conduct a comprehensive evaluation on both point and probabilistic forecasts and also formulate an extension for situations where change points exist in sequential data. In general, our method is robust, adaptive to datasets with different properties, and highly configurable and efficient for large-scale forecasting pipelines.",We propose a mixture of heterogeneous experts approach for probabilistic forecasts of hierarchically aggregated time series data.
https://openreview.net/forum?id=3XcEQTRyxhp,Object-Aware Cropping for Self-Supervised Learning,Object cropping; Self-Supervised learning for multi-object dataset.,None,"A core component of the recent success of self-supervised learning is cropping data augmentation, which selects sub-regions of an image to be used as positive views in the self-supervised loss. The underlying assumption is that randomly cropped and resized regions of a given image share information about the objects of interest, which the learned representation will capture. This assumption is mostly satisfied in datasets such as ImageNet where there is a large, centered object, which is highly likely to be present in random crops of the full image. However, in other datasets such as OpenImages or COCO, which are more representative of real world uncurated data, there are typically multiple small objects in an image. In this work, we show that self-supervised learning based on the usual random cropping performs poorly on such datasets. We propose replacing one or both of the random crops with crops obtained from an object proposal algorithm. This encourages the model to learn both object and scene level semantic representations. Using this approach, which we call object-aware cropping, results in significant improvements over scene cropping on classification and object detection benchmarks. For example, on OpenImages, our approach achieves an improvement of 8.8% mAP over random scene-level cropping using MoCo-v2 based pre-training. We also show significant improvements on COCO and PASCAL-VOC object detection and segmentation tasks over the state-of-the-art self-supervised learning approaches.
Our approach is efficient, simple and general, and can be used in most existing contrastive and non-contrastive self-supervised learning frameworks.",We investigate issues with current SSL approaches on uncurated multi-object datasets and propose object-aware cropping strategies to mitigate the issues
https://openreview.net/forum?id=87ULMOeCnE-,From Graph Local Embedding to Deep Metric Learning,metric learning; fine-grained retrieval,None,"Deep metric learning continues to play a crucial role in many computer vision applications, while its various mining and weighting strategies have been extensively investigated. Techniques based on pairwise learning often use excessive random sampling and end up in slow convergence and model degradation. Further, neural network approaches mostly employ MLP layers for metric learning. The tactic can indeed be thought of as graph convolutions with only self-connections, indicating that local neighborhood relationships are neglected. We comprehensively identify the missing neighborhood  relationships issue of conventional embedding and propose a novel approach, termed as Graph Local Embedding (GLE), to deep metric learning. Our method explores the local relationships and draws on the graph convolution networks to construct a discriminative mapping for embedding learning. The strategy can enhance metric learning by exploring the manifold-to-manifold relationships. By focusing on an essential variety of neighboring relations within GLE, burdens of redundant pairs can be substantially eased, and the context of each encoded data is greatly enriched. We demonstrate in the experiments that coupling GLE with existing metric learning techniques can yield impressive performance gains on popular benchmark datasets for fine-grained retrieval.","We comprehensively identify the missing neighborhood  relationships issue of conventional embedding and propose a novel approach, termed as Graph Local Embedding (GLE), to deep metric learning."
https://openreview.net/forum?id=4ApXq4y81kY,Co-variance: Tackling Noisy Labels with Sample Selection by Emphasizing High-variance Examples,noisy labels; sample selection; high variances,None,"The sample selection approach is popular in learning with noisy labels, which tends to select potentially clean data out of noisy data for robust training. The state-of-the-art methods train two deep networks simultaneously for sample selection, which aims to employ their different learning abilities. To prevent two networks from converging to a consensus, their divergence should be maintained during training. Typically, the divergence is kept by ﬁrst locating the disagreement data on which the prediction labels of two networks are different, and then selecting clean data out of such data. However, this procedure is sample-inefﬁcient for network weight updates, which means that a few clean examples can be utilized in training. In this paper, to address the issues, we propose a simple yet effective method called Co-variance. In particular, we select possibly clean data that simultaneously have high-variance prediction probabilities between two networks. As selected data have high variances, the divergence of two networks can be maintained by training on such data. Additionally, the condition of high variances is milder than the condition of disagreement in sample selection, which allows more data to be considered for training, and makes our method more sample-efﬁcient. Moreover, we show that the proposed method enables to mine enough hard clean examples to help generalization. A series of empirical results show that Co-variance is superior to multiple baselines in the robustness of trained models, especially on class-imbalanced and real-world noisy datasets.",None
https://openreview.net/forum?id=mYaOK2og0tf,A Practical PAC-Bayes Generalisation Bound for Deep Learning,generalisation; hessian; pac-bayesian,None,"Under a PAC-Bayesian framework, we derive an implementation efficient parameterisation invariant metric to measure the difference between our true and empirical risk. We show that for solutions of low training loss, this metric can be approximated at the same cost as a single step of SGD. We investigate the usefulness of this metric on pathological examples, where traditional Hessian based sharpness metrics increase but generalisation also increases and find good experimental agreement. As a consequence of our PAC-Bayesian framework and theoretical arguments on the effect of sub-sampling the Hessian, we include a trace of Hessian term into our structural risk. We find that this term promotes generalisation on a variety of experiments using Wide-Residual Networks on the CIFAR datasets.",Practical generalisation measure for deep neural networks and hessian based regularisation term to increase regularisation.
https://openreview.net/forum?id=KGJ2qTzPlJ,Provably Robust Transfer,Transfer Learning; Robustness; Verification,None,"Knowledge transfer is an effective tool for learning, especially when labeled data is scarce or when training from scratch is prohibitively costly. The overwhelming majority of transfer learning literature is focused on obtaining accurate models, neglecting the issue of adversarial robustness. Yet, robustness is essential, particularly when transferring to safety-critical domains. We analyze and improve the robustness of a popular transfer learning framework consisting of two parts: a feature extractor and a classifier which is re-trained on the target domain. Our experiments show how adversarial training on the source domain affects robustness on source and target domain, and we propose the first provably robust transfer learning models. We obtain strong robustness guarantees by bounding the worst-case change in the extracted features while controlling the Lipschitz constant of the classifier. Our models maintain high accuracy while significantly improving provable robustness.",We analyze analyze robustness of a transfer learning framework and propose an approach that provably preserves robustness during transfer from the source to the target domain.
https://openreview.net/forum?id=00UIZu1IRU,Learning mixture of neural temporal point processes for event sequence clustering,temporal point process; event sequence clustering; deep learning,None,"Event sequence clustering applies to many scenarios e.g. e-Commerce and electronic health. Traditional clustering models fail to characterize complex real-world processes due to the strong parametric assumption. While Neural Temporal Point Processes (NTPPs) mainly focus on modeling similar sequences instead of clustering. To fill the gap, we propose Mixture of Neural Temporal Point Processes (NTPP-MIX), a  general framework that can utilize many existing NTPPs for event sequence clustering. In NTPP-MIX, the prior distribution of coefficients for cluster assignment is modeled by a Dirichlet distribution. When the assignment is given, the conditional probability of a sequence is modeled by the mixture of series of NTPPs. We combine variational EM algorithm and Stochastic Gradient Descent (SGD) to efficiently train the framework. Moreover, to further improve its capability, we propose a fully data-driven NTPP based on the attention mechanism named Fully Attentive Temporal Point Process (FATPP). Experiments on both synthetic and real-world datasets show the effectiveness of NTPP-MIX against state-of-the-arts, especially when using FATPP as a basic NTPP module.",A general framework that mixes series of neural temporal point processes to perform event sequence clustering.
https://openreview.net/forum?id=sCrKKSWtFl5,Neural Photometric Stereo for Shape and Material Estimation,None,None,"This paper addresses a challenging Photometric-Stereo problem where the object to be reconstructed has unknown, non-Lambertian, and possibly spatially-varying surface materials. This problem becomes even more challenging when the shape of the object is highly complex so that shadows cast on the surface are inevitable.  To overcome these challenges, we propose a simple coordinate-based deep MLP (multilayer perceptron) neural network to parameterize both the unknown 3D shape and the unknown spatially-varying reflectance at every image pixel. This network is able to leverage the observed specularities and shadows on the surface, and recover both surface shape, normal and generic non-Lambertian reflectance via an inverse differentiable rendering process.  We explicitly predict cast shadows, mitigating possible artifacts on these shadowing regions, leading to higher estimation accuracy. Our framework is entirely self-supervised, in the sense that it requires neither ground truth shape nor known svBRDF. Tests on real-world images demonstrate that our method achieves state-of-the-art accuracy in both shape recovery and material estimation. Thanks to the small size of the MLP-net, our method is also an order of magnitude faster than previous competing deep-learning based photometric stereo methods.",None
https://openreview.net/forum?id=snJ1WYQOR5,Neural Plenoptic Sampling: Capture Light-field from Imaginary Eyes,None,None,"The Plenoptic function describes the light rays observed from any given position in every viewing direction. It is often parameterized as a 5-D function $L(x, y, z, \theta, \phi)$ for a static scene.  Capturing all the plenoptic functions in the space of interest is paramount for Image-Based Rendering (IBR) and Novel View Synthesis (NVS). It encodes a complete light-field (\ie, lumigraph) therefore allows one to freely roam in the space and view the scene from any location in any direction.  However, achieving this goal by conventional light-field capture technique is expensive, requiring densely sampling the ray space using arrays of cameras or lenses. This paper proposes a much simpler solution to address this challenge by using only a small number of sparsely configured camera views as input.  Specifically, we adopt a simple Multi-Layer Perceptron (MLP) network as a universal function approximator to learn the plenoptic function at every position in the space of interest. By placing virtual viewpoints (dubbed `imaginary eyes') at thousands of randomly sampled locations and leveraging multi-view geometric relationship, we train the MLP to regress the plenoptic function for the space.  Our network is trained on a per-scene basis, and the training time is relatively short (in the order of tens of minutes). When the model is converged, we can freely render novel images. Extensive experiments demonstrate that our method well approximates the complete plenoptic function and generates high-quality results.",None
https://openreview.net/forum?id=S352vriz3G,Icy: A benchmark for measuring compositional inductive bias of emergent communication models,emergent communication; compositionality; metrics; language model,None,"We present a benchmark \textsc{Icy} for measuring the compositional inductive bias of models in the context of emergent communications. We devise corrupted compositional grammars that probe for limitations in the compositional inductive bias of frequently used models. We use these corrupted compositional grammars to compare and contrast a wide range of models. We propose a hierarchical model, HU-RNN, which might show an inductive bias towards relocatable atomic groups of tokens, thus potentially encouraging the emergence of words. We experiment with probing for the compositional inductive bias of sender networks in isolation, and also placed end-to-end, with a receiver, as an auto-encoder. We propose a metric of compositionality, Compositional Entropy, that is fast to calculate, and broadly applicable.",\textsc{Icy} is a benchmark for measuring the compositional inductive bias of models in the context of emergent communications.
https://openreview.net/forum?id=VNdFPD5wqjh,Generalizable Person Re-identification Without Demographics,Generalizable Person Re-Identification; Distributionally robust optimization,None,"Generalizable Person Re-Identification (DG ReID) aims to learn ready-to-use cross-domain representations for direct cross-data evaluation. It typically fully exploit demographics information, e.g. the domain information and camera IDs to learn features that are domain-invariant. However, the protected demographic features are not often accessible due to privacy and regulation issues. Under this more realistic setting, distributionally robust optimization (DRO) provides a promising way for learning robust models that are able to perform well on a collection of possible data distributions (the ``uncertainty set”) without demographics. However, the convex condition of KL DRO may not hold for overparameterized neural networks, such that applying KL DRO often fails to generalize under distribution shifts in real scenarios. Instead, by applying the change-of-measure technique and the analytical solution of KL DRO, we propose a simple yet efficient approach, Unit DRO. Unit DRO minimizes the loss over a reweighted dataset where important samples (i.e. samples on which models perform poorly) will be upweighted and others will be downweighted. Empirical results show that Unit DRO achieves superior performance on large-scale DG ReID and cross-domain ReID benchmarks compared to standard baselines.","Introduce a novel setting in the Person ReID, that is learning invariant features without demographics. We reformulate the DRO problem as an importance sampling problem, termed Unit DRO, achieving superior performance compared to standard baselines."
https://openreview.net/forum?id=3UeYAgzUe3,Encouraging Disentangled and Convex Representation with Controllable Interpolation Regularization,None,None,"We focus on controllable disentangled representation learning (C-Dis-RL), where users can control the partition of the disentangled latent space to factorize dataset attributes (concepts) for downstream tasks. Two general problems remain underexplored in current methods: (1) They lack comprehensive disentanglement constraints, especially missing the minimization of mutual information between different attributes across latent and observation domains. (2) They lack convexity constraints in disentangled latent space, which is important for meaningfully manipulating specific attributes for downstream tasks. To encourage both comprehensive C-Dis-RL and convexity simultaneously, we propose a simple yet efficient method: Controllable Interpolation Regularization (CIR), which creates a positive loop
where the disentanglement and convexity can help each other. Specifically, we conduct controlled interpolation in latent space during training and ’reuse’ the encoder to help form a ’perfect disentanglement’ regularization. In that case, (a) disentanglement loss implicitly enlarges the potential ’understandable’ distribution to encourage convexity; (b) convexity can in turn improve robust and precise disentanglement. CIR is a general module and we merge CIR with three different algorithms: ELEGANT, I2I-Dis, and GZS-Net to show the compatibility and effectiveness. Qualitative and quantitative experiments show improvement in C-Dis-RL and latent convexity by CIR. This further improves downstream tasks: controllable image synthesis, cross-modality image translation and zero-shot synthesis. More
experiments demonstrate CIR can also improve other downstream tasks, such as new attribute value mining, data augmentation, and eliminating bias for fairness.","We propose a simple yet efficient method: Controllable Interpolation Regularization (CIR), which creates a positive loop where the disentanglement and convexity can help each other."
https://openreview.net/forum?id=RunqFdkPuS,Self-Supervised Modality-Invariant and Modality-Specific Feature Learning for 3D Objects,3D Representation Learning; 3D Self-supervised Learning,None,"While most existing self-supervised 3D feature learning methods mainly focus on point cloud data, this paper explores the inherent multimodal attributes of 3D objects. We propose to jointly learn effective features from different modalities including image, point cloud, and mesh with heterogeneous networks from unlabeled 3D data. Our proposed novel self-supervised model learns two types of distinct features: modality-invariant features and modality-specific features. The modality-invariant features capture high-level semantic information across different modalities with minimum modality discrepancy, while the modality-specific features capture specific characteristics preserved in each modality. These two types of features provide a more comprehensive representation of 3D data. The quality of the learned features is evaluated on different downstream tasks including 3D object recognition, 3D within-modal retrieval, and 3D cross-modal retrieval tasks with three data modalities including image, point cloud, and mesh. Our proposed method significantly outperforms the state-of-the-art self-supervised methods for all three tasks and even achieves comparable performance with the state-of-the-art supervised methods on the ModelNet10 and ModelNet40 datasets.",A novel self-supervised method to jointly learn modality-invariant and modality-specific features for 3D objects.
https://openreview.net/forum?id=TlPNpabaoV,On the Efficiency of Deep Neural Networks,Deep learning; Neural networks; Computation Efficiency; Weight pruning; Overfitting; Softmax; Log likelihood ratio (LLR),None,"The efficiency of neural networks is very important in large-scale deployment scenarios such as mobile applications, internet of things, and edge computing. For given performance requirement, an efficient neural network should use the simplest network architecture with minimal number of parameters and connections. In this paper, we discuss several key issues and a new procedure for obtaining efficient networks that minimize total number of parameters and computation requirement. Our first contribution is identifying and analyzing several key components in training efficient networks with the backpropagation (BP) algorithm: 1) softmax normalization in output layers may be one major cause of parameter explosion; 2) using log likelihood ratio (LLR) representation in output layers can reduce overfitting; 3) weight decaying and structural regularization can effectively reduce overfitting when ReLU activation is used. The second contribution is discovering that a well-trained network without overfitting can be effectively pruned using a simple snapshot-based procedure -- after pruning unimportant weights and connections, simply adjust remaining non-weight parameters using the BP algorithm. The snapshot-based pruning method could also be used to evaluate and analyze the efficiency of neural networks. Finally, we hypothesize that there exist lower-bounds of total number of bits for representing parameters and connections with regard to performance metrics for a given optimization problem. Rather than focusing on improving the sole accuracy metric with more complex network architectures, we should also explore the trade-offs between accuracy and total number of representation bits when comparing different network architectures and implementations.",Efficient deep neural networks can be obtained by reducing overfitting in training and a simple snapshot-based pruning procedure.
https://openreview.net/forum?id=Xr6-DAhePa,Understanding Self-supervised Learning via Information Bottleneck Principle,contrastive learning; unsupervised learning; variational information bottleneck,None,"Self-supervised learning alleviates the massive demands for annotations in deep learning, and recent advances are mainly dominated by contrastive learning. Existed contrastive learning methods narrows the distance between positive pair while neglect the redundancy shared by positive pairs. To address this issue, we introduce the information bottleneck principle and propose the Self-supervised Variational Information Bottleneck (SVIB) learning framework. Specifically, We apply Gaussian Mixture Model (GMM) as the parametric approximate posterior distribution to the real feature distribution and introduce the categorical latent variable. Features from different augmentations are forced to infer the other one and the latent variable together. Then,  
we propose variational information bottleneck as our objective, which is composed of two parts. The first is maximizing the mutual information between the inferred feature and the latent variable. The second is minimizing the mutual information between the other feature and the latent variable. Compare to previous works, SVIB provides the self-supervised learning field with a novel perspective from the variational information bottleneck, while also highlighting a long-neglected issue. Experiments show that SVIB outperforms current SOTA methods in multiple benchmarks.",None
https://openreview.net/forum?id=9r4_7GxTLnS,"PolyViT: Co-training Vision Transformers on Images, Videos and Audio",transformers; multi-task learning; image classification; video; audio; co-training,None,"Can we train a single transformer model capable of processing multiple modalities and datasets, whilst sharing the majority of its learnable parameters? We present PolyViT, a model trained on image, audio and video which answers this question. By co-training different tasks on a single modality we are able to improve the accuracy of each individual task and achieve state-of-the-art results on 5 standard video- and audio-classification datasets. Co-training PolyViT on multiple modalities and tasks leads to a model that is even more parameter-efficient, and learns representations that generalize across multiple domains. Finally, we show that co-training is simple and practical to implement, as we do not need to tune hyperparameters for each combination of datasets, but can simply adapt those from standard, single-task training.","We present a PolyViT, a single ViT model co-trained on three modalities (image, audio and video) and multiple datasets per modality."
https://openreview.net/forum?id=LWXNlPyggUG,Arbitrary-Depth Universal Approximation Theorems for Operator Neural Networks,operator neural networks; universal approximation theorems; deep learning; truncation,None,"The standard Universal Approximation Theorem for operator neural networks (NNs) holds for arbitrary width and bounded depth. Here, we prove that operator NNs of bounded width and arbitrary depth are universal approximators for continuous nonlinear operators. In our main result, we prove that for non-polynomial activation functions that are continuously differentiable at a point with a nonzero derivative, one can construct an operator NN of width five, whose inputs are real numbers with finite decimal representations, that is arbitrarily close to any given continuous nonlinear operator. We derive an analogous result for non-affine polynomial activation functions. We also show that depth has theoretical advantages by constructing operator ReLU NNs of depth $2k^3+8$ and constant width that cannot be well-approximated by any operator ReLU NN of depth $k$, unless its width is exponential in $k$.","We prove universal approximation theorems for deep, narrow operator neural networks."
https://openreview.net/forum?id=ZC1s7bdR9bD,Path Integrals for the Attribution of Model Uncertainties,bayesian neural networks; path integrals; uncertainty attribution,None,"Understanding model uncertainties is of key importance in Bayesian machine learning applications. This often requires to meaningfully attribute a model's predictive uncertainty to its input features, however, popular attribution methods are primarily targeted at model scores for classification and regression tasks. Thus, in order to explain uncertainties, state-of-the-art alternatives commonly procure counterfactual feature vectors associated with low uncertainty and proceed by making direct comparisons. Here, we present a novel algorithm for uncertainty attribution in differentiable models, via path integrals which leverage in-distribution curves connecting feature vectors to counterfactual counterparts. We validate our method on benchmark image data sets with varying resolution, and demonstrate that (i) it produces meaningful attributions that significantly simplify interpretability over the existing alternatives and (ii) retains desirable properties from popular attribution methods.","We present a novel algorithm for uncertainty attribution in Bayesian differentiable models via in-distribution path integrals, which significantly simplifies interpretability over existing alternatives."
https://openreview.net/forum?id=qiSE7datah,Training Deep Neural Networks with Joint Quantization and Pruning of Features and Weights,Deep Learning; Quantization; Pruning; Feature Sparsity; Model Compression; Unstructured Feature Pruning,None,"Quantization and pruning are widely used to reduce the inference costs of deep neural networks. In this work, we propose a framework to train deep neural networks using novel methods for uniform quantization and unstructured pruning on both the features and weights. We demonstrate that our method delivers an increased performance per memory footprint over existing state-of-the-art solutions. Using our framework, we empirically evaluate the prune-then-quantize paradigm and independence assumption across a wide range of computer vision tasks and observe the non-commutativity of quantization and pruning when applied to both features and weights.",We propose a framework to train deep neural networks using novel methods for uniform quantization and unstructured pruning on both the features and weights.
https://openreview.net/forum?id=Lr1iAFrtMcZ,Tuning Confidence Bound for Stochastic Bandits with Bandit Distance,Multi-Armed Bandits; Stochastic Bandits; Upper Confidence Bound; Exploration-Exploitation Trade-off,None,"We propose a novel modification of the standard upper confidence bound (UCB) method for the stochastic multi-armed bandit (MAB) problem which tunes the confidence bound of a given bandit based on its distance to others. Our UCB distance tuning (UCB-DT) formulation enables improved performance as measured by expected regret by preventing the MAB algorithm from focusing on non-optimal bandits which is a well-known deficiency of standard UCB.  ""Distance tuning"" of the standard UCB is done using a proposed distance measure, which we call bandit distance, that is parameterizable and which therefore can be optimized to control the transition rate from exploration to exploitation based on problem requirements. We empirically demonstrate increased performance of UCB-DT versus many existing state-of-the-art methods which use the UCB formulation for the MAB problem. Our contribution also includes the development of a conceptual tool called the Exploration Bargain Point which gives insights into the tradeoffs between exploration and exploitation.  We argue that the Exploration Bargain Point  provides an intuitive perspective that is useful for comparatively analyzing the performance of UCB-based methods.","We propose a novel and effective modification of the standard UCB method based on bandit distance, and a new concept called ""Exploration Bargain Point"" that provides an intuitive perspective on analyzing the performance of UCB-based methods."
https://openreview.net/forum?id=zxm7rzEPaj,Treatment effect estimation with confounder balanced instrumental variable regression,treatment effect; unmeasured confounders; instrumental variable; confounder balance; representaion learning,None,"This paper considers the challenge of estimating treatment effects from observational data in the presence of unmeasured confounders. A popular way to address this challenge is to utilize an instrumental variable (IV) for two-stage regression, i.e., 2SLS and variants, but they need to assume the additive separability of noise and are limited to the linear setting. Recently, many nonlinear IV regression variants were proposed by regressing the treatment with IVs and confounders in the first stage, leading to confounding bias between the predicted treatment and outcome in the second stage. In this paper, we propose a Confounder Balanced IV Regression (CB-IV) algorithm to jointly remove the bias from the unmeasured confounders with IV regression and reduce the bias from the observed confounders by balancing for treatment effect estimation. Specifically, CB-IV algorithm consists of three main modules: (1) treatment regression: regressing the treatment with IVs and confounders like previous nonlinear IV methods for removing the confounding from unmeasured confounders; (2) confounder balancing: learning a balanced representation of confounders to eliminate the bias induced by the observed confounders  (3) outcome regression: regressing the outcome with the predicted treatment and the balanced confounders representation for treatment effect estimation. To the best of our knowledge, this is the first work to combine confounder balancing in IV regression for treatment effect estimation. Moreover, we theoretically prove that CB-IV algorithm is also effective even without the additive separability assumption on noise. Extensive experiments demonstrate that the CB-IV algorithm outperforms the state-of-the-art methods, including IV regression and confounder balancing methods, for treatment effect estimation.",Our algorithm jointly remove the bias from the unmeasured confounders with IV regression and reduce the bias from the observed confounders with balancing for treatment effect estimation without the additive separability assumption.
https://openreview.net/forum?id=MmC5WTB-z7,A HYPOTHESIS FOR THE COGNITIVE DIFFICULTY OF IMAGES,cognitive difficulty; multi-variate interaction,None,"This paper proposes a hypothesis to analyze the underlying reason for the cognitive difficulty of an image from two perspectives, i.e. a cognitive image usually makes a DNN strongly activated by cognitive concepts; discarding massive non-cognitive concepts may also help the DNN focus on cognitive concepts. Based on this hypothesis, we use multi-variate interactions to represent cognitive concepts and non-cognitive concepts contained in an image, and further design a set of image revision operations to decrease the cognitive difficulty of the image. In experiments, we found that the revised image was usually more cognitive than the original one. Besides, we also discovered that strengthening cognitive concepts and weakening non-cognitive concepts could improve the aesthetic level of an image.",This paper proposes a hypothesis to analyze the underlying reason for the cognitive difficulty of an image.
https://openreview.net/forum?id=A89KIvRYooT,FoxInst: A Frustratingly Simple Baseline for Weakly Few-shot Instance Segmentation,few-shot learning; instance segmentation; weakly supervised learning,None,"We propose the first weakly-supervised few-shot instance segmentation task and a frustratingly simple but strong baseline model, FoxInst. Our work is distinguished from other approaches in that our method is trained with weak annotations, i.e., class and box annotations, during all phases, which leads to further data efficiency and practicality. Considering the challenging regime of our problem, we design the network to be an anchor-free architecture to avoid anchor box restriction, and train the network in a simple and stable way that first trains the whole network on the base classes, and then only fine-tunes the heads partially with few novel class data. To establish the foundation as a strong baseline, we carefully design evaluation setups by correcting the existing problems in the evaluation metric and test set, so that the effects of each component are well revealed. We show that FoxInst achieves comparable or even higher performance with the prior fully-supervised FSIS networks on COCO and PASCAL VOC datasets. We will release the code if accepted for reproduction.",A weakly supervised few-shot instance segmentation network performs comparable to the fully supervised few-shot models
https://openreview.net/forum?id=_lmjQL6kcG,Improving the Transferability of Supervised Pretraining with an MLP Projector,transferability; supervised learning; MLP projector,None,"The pretrain-finetune paradigm is a classical pipeline in visual learning. Recent progress on unsupervised pretraining methods showed superior transfer performance to their supervised counterparts. While a few works attempted to explore the underlying mechanisms, the reasons behind the transferability gaps still have not been fully explored. This paper reveals that the multilayer perceptron (MLP) projector is a key factor for the better transferability of unsupervised pretraining. Based on this observation, we attempt to close the transferability gap between supervised pretraining and unsupervised pretraining by adding an MLP projector before the classifier of supervised pretraining. Our analysis indicates that the MLP projector can help retain intra-class variation of visual features, decrease the feature distribution distance between pretraining dataset and evaluation dataset, and reduce feature redundancy for effective adaptation to new tasks. Extensive experiments demonstrate that the added MLP projector significantly boosts the transferability of supervised pretraining, \emph{e.g.,} \textbf{+7.2\%} top-1 accuracy on the unseen class generalization task and \textbf{+5.7\%} top-1 accuracy on 12-domain classification tasks, making supervised pretraining even better than unsupervised pretraining.",None
https://openreview.net/forum?id=lifRwnIuAv0,PGD-2 can be better than FGSM + GradAlign,None,None,"One major issue of adversarial training (AT) with the fast gradient sign method (FGSM AT) is the phenomenon of catastrophic overfitting, meaning that the trained model suddenly loses its robustness over a single epoch. In addition to FGSM AT, Andriushchenko & Flammarion (2020) observed that two-step projected gradient descent adversarial training (PGD-2 AT) also suffers from catastrophic overfitting for large $\ell_\infty$ perturbations. To prevent catastrophic overfitting, Andriushchenko & Flammarion (2020) proposed a gradient alignment regularization method (GradAlign) and claimed that GradAlign can prevent catastrophic overfitting in FGSM AT and PGD-2 AT. In this paper, we show that PGD-2 AT with random initialization (PGD-2-RS AT) and attack step size $\alpha=1.25\epsilon/2$ only needs approximately a half computational cost of FGSM + GradAlign AT and actually can avoid catastrophic overfitting for large $\ell_\infty$ perturbations. We hypothesize that, if FGSM-RS AT with $\alpha=1.25\epsilon/2$ can avoid catastrophic overfitting for $\ell_\infty$ perturbation size $\epsilon/2$, then PGD-2-RS AT with $\alpha=1.25\epsilon/2$ may be able to avoid catastrophic overfitting for $\ell_\infty$ perturbation size $\epsilon$. Our intuitions to justify this empirical hypothesis induce a more unexpected finding: If we apply random noise from the uniform distribution $\mathcal{U}(-\epsilon/2, \epsilon/2)$ to the perturbations before each step of PGD-2 with $\alpha=1.25\epsilon/2$, instead of initializing the perturbations with random noise from $\mathcal{U}(-\epsilon, \epsilon)$ at the beginning ({\em i.e.,} the conventional random initialization scheme), the corresponding AT method can also avoid catastrophic overfitting and even achieve better robust accuracy in most cases. We refer to this AT method as Qusai-PGD-2-RS AT. Extensive evaluations demonstrate that PGD-2-RS AT and Qusai-PGD-2-RS AT with $\alpha=1.25\epsilon/2$ achieve better performance and efficiency than FGSM + GradAlign AT. Notably, Qusai-PGD-2-RS AT achieves comparable robust accuracy against PGD-50-10 as PGD-3-RS AT on CIFAR10 and SVHN, and it also achieves approximately $18\%$ top-1 and $38\%$ top-5 robust accuracy against PGD-50-10 at $\epsilon=8/255$ on ImageNet.",None
https://openreview.net/forum?id=JMri406Cb-,Decoupling Strategy and Surface Realization for Task-oriented Dialogues,Strategy Optimization; Surface Realization; Task-oriented Dialogue,None,"Task-oriented dialogue systems assist users in completing various tasks by generating appropriate responses. The key lies in effective strategy learning and surface realization, which are largely mixed together by the cutting-edge methods. They thus face two problems: a) the learning of high-level strategy could easily be misled by the detailed word sequence optimization, and b) directly emphasizing the agent's goal through reinforcement learning (RL) also leads to corrupted solutions like ungrammatical or repetitive responses. In this work, we propose to decouple the strategy learning and surface realization in a general framework, called DSSR. The core is to construct a latent content space for strategy optimization and disentangle the surface style from it. Specifically, we optimize the latent content distribution for strategy towards task completion, and assume that such distribution is shared across different surface style realizations. By further constructing an encoder-decoder scheme for the surface part, it not only facilitates decoupled optimization via RL for both strategy and surface asynchronously, but also supports controllable surface style transfer of responses. We test DSSR on the multi-domain dialogue datasets MultiWoz 2.0 and MultiWoz 2.1 in comparison with methods mixing strategy and surface realization in different levels, showing improvements in the performance evaluated by various evaluation metrics. Finally, we demonstrate the semantic meanings of latent content distributions to show the disentangling effect of DSSR, and show that it can do effective surface style transfer as by-products.","For response generation in task-oriented dialogues, we decouple the strategy learning and surface realization to facilitate more targeted optimization and acheive better interpretability and controllability."
https://openreview.net/forum?id=pu-8VNGljir,Learning to Affiliate: Mutual Centralized Learning for Few-shot Classification,None,None,"Few-shot learning (FSL) aims to learn a classifier that can be easily adapted to accommodate new tasks not seen during training, given only a few examples. To handle the limited-data problem in few-shot regimes, recent methods tend to collectively use a set of local features to densely represent an image instead of using a mixed global feature. They generally explore a unidirectional query-to-support paradigm in FSL, e.g., find the nearest/optimal support feature for each query feature and aggregate these local matches for a joint classification. In this paper, we propose a new method \emph{Mutual Centralized Learning} (MCL) to fully affiliate the two disjoint sets of dense features in a bidirectional paradigm. We associate each local feature with a particle that can bidirectionally random walk in a discrete feature space by the affiliations. To estimate the class probability, we propose the features' accessibility that measures the expected number of visits to the support features of that class in a Markov process. We relate our method to learning a centrality on an affiliation network and demonstrate its capability to be plugged in existing methods by highlighting centralized local features. Experiments show that our method achieves the state-of-the-art on both miniImageNet and tieredImageNet.",None
https://openreview.net/forum?id=V8UTvwzUOcX,Biased Multi-Domain Adversarial Training,adversarial training; adversarial robustness,None,"Several recent studies have shown that the use of extra in-distribution data can lead to a high level of adversarial robustness. However, there is no guarantee that it will always be possible to obtain sufficient extra data for a selected dataset. In this paper, we propose a biased multi-domain adversarial training (BiaMAT) method that induces training data amplification using freely available auxiliary datasets. The proposed method can achieve increased adversarial robustness on a primary dataset by leveraging auxiliary datasets via multi-domain learning. Specifically, data amplification on both robust and non-robust features can be accomplished through the application of BiaMAT as demonstrated through an additional analysis based on shuffle testing. Our experimental results indicate that BiaMAT can effectively utilize the robust and non-robust features present in various auxiliary datasets. Moreover, we demonstrate that while existing methods are vulnerable to negative transfer due to the distributional discrepancy between auxiliary and primary data, the proposed method enables neural networks to flexibly leverage diverse image datasets for adversarial training by successfully handling the domain discrepancy through the application of a confidence-based selection strategy.",we propose a biased multi-domain adversarial training (BiaMAT) method that can achieve increased adversarial robustness on a primary dataset by leveraging auxiliary datasets via multi-domain learning.
https://openreview.net/forum?id=eH8Jie3uiI,Vote for Nearest Neighbors Meta-Pruning of Self-Supervised Networks,network pruning; meta pruning; self-supervision; multi-task pruning,None,"Pruning plays an essential role in deploying deep neural nets (DNNs) to the hardware of limited memory or computation. However, current high-quality iterative pruning can create a terrible carbon footprint when compressing a large DNN for a wide variety of devices and tasks. Can we reuse the pruning results on previous tasks to accelerate the pruning for a new task? Can we find a better initialization for a new task, e.g., a much smaller network closer to the final pruned model, by exploiting its similar tasks? We study this ``nearest neighbors meta-pruning'' problem by first investigating different choices of pre-trained models for pruning under limited iterations. Our empirical study reveals several advantages of the self-supervision pre-trained model when pruned for multiple tasks. We further study the overlap of pruned models for similar tasks and how the overlap changes for different layers. Inspired by these discoveries, we develop a simple but strong baseline ``Meta-Vote Pruning (MVP)'' that significantly reduces the pruning iterations for a new task by initializing a sub-network from the pruned models for tasks similar to it. In experiments, we demonstrate the advantages of MVP by extensive empirical studies and comparisons with popular pruning methods.",A simple yet effective ''nearest neighbors meta-pruning'' method accelerates the pruning for a new task using models pruned for other tasks based on a self-supervised pre-trained model .
https://openreview.net/forum?id=tk1eA4lvVRC,Robust Meta-learning with Sampling Noise and Label Noise via Eigen-Reptile,meta-learning; few-shot; noisy label,None,"Recent years have seen a surge of interest in meta-learning techniques for tackling the few-shot learning (FSL) problem. However, the meta-learner is prone to overfitting since there are only a few available samples with sampling noise on a clean dataset. More importantly, when handling the data sampled with noisy labels, meta-learner could be extremely sensitive to label noise on a corrupted dataset. To address these two challenges, we present Eigen-Reptile (ER) that updates the meta-parameters with the main direction of historical task-specific parameters to alleviate sampling and label noise. Specifically, the main direction is computed in a fast way for the required large-scale matrix. Furthermore, to obtain a more accurate main direction for Eigen-Reptile in the presence of label noise, we further propose Introspective Self-paced Learning (ISPL). We have theoretically and experimentally demonstrated the soundness and effectiveness of the proposed Eigen-Reptile and ISPL. Particularly, our experiments on different tasks show that the proposed method is able to outperform or achieve highly competitive performance compared with other gradient-based methods with or without noisy labels.",We have theoretically and experimentally demonstrated the soundness and effectiveness of the proposed methods for few-shot learning with or without noisy labels.
https://openreview.net/forum?id=PKdNRKjwL4,DAIR: Data Augmented Invariant Regularization,data augmentation; domain shift; adversarial training,None,"While deep learning through empirical risk minimization (ERM) has succeeded at achieving human-level performance at a variety of complex tasks, ERM generalizes poorly to distribution shift. This is partly explained by overfitting to spurious features such as background in images or named entities in natural language. Synthetic data augmentation followed by empirical risk minimization (DA-ERM) is a simple yet powerful solution to remedy this problem. In this paper, we propose data augmented invariant regularization (DAIR). The idea of DAIR is based on the observation that the model performance (loss) is desired to be consistent on the augmented sample and the original one. DAIR introduces a regularizer on DA-ERM to penalize such loss inconsistency. Both theoretically and through empirical experiments, we show that a particular form of the DAIR regularizer consistently performs well in a variety of settings. We prove convergence guarantees for DAIR. We apply it to multiple real-world unsupervised and supervised learning problems involving  domain shift. Our experiments show that DAIR consistently outperforms ERM and DA-ERM with little marginal cost. Furthermore, DAIR is competitive with state-of-the-art methods specifically designed for these problems.","We propose a simple regularization technique for imposing invariance, that is competitive with state-of-the-art problem-specific techniques in a variety of problem setups including domain shift and adversarial learning."
https://openreview.net/forum?id=WlPPBKnOB4w,One Stage Autoencoders for Multi-Domain Learning,energy-based models; probabilistic models; autoencoders; optimization; learning representations; unsupervised learning,None,"Autoencoders (AEs) are widely being used for representation learning. Empirically AEs are capable of capturing hidden representations of a given domain precisely. However, in principle AEs’ latent representation might be misleading, especially in the presence of weak encoding constraints. In this paper, we introduce one stage autoencoders (OSAs) to induce searching for patterns while training artificial neural networks. We propose two different frameworks for OSAs; Autoclave Restricted Boltzmann Machines (ACRBMs) and Local Observer Convolution (LOC). Both frameworks are compatible with artificial neural networks and trained via direct backpropagation (end-to-end training). Furthermore, they are scalable and require significantly less number of parameters than traditional AEs. ACRBMs are extensions of RBMs that are able to describe a given domain symmetrically. LOC is a density based clustering algorithm that implicitly draws a spatial graph from input domains. Unlike standard clustering algorithms that require specifying the expected number of clusters, we believe that LOC is the first neural network compatible algorithm capable of dynamically choosing the appropriate number of clusters that best fit a given domain. Both ACRBMs and LOC were evaluated in terms of unsupervised learning. Experiments showed that both structures of shallow ACRBMs and AE-based ACRBMs outperformed K-means for image clustering using the same number of clusters. Similarly, LOC outperformed K-means in terms of unsupervised image segmentation.",None
https://openreview.net/forum?id=gMJhuI6RGmv,Neural Face Identification in a 2D Wireframe Projection of a Manifold Object,Face Identification; Wireframe; Line Drawing; 3D Reconstruction,None,"In computer-aided design (CAD) systems, 2D line drawings are commonly used to illustrate 3D object designs. To reconstruct the 3D models depicted by a single 2D line drawing, an important key is finding the edge loops in the line drawing which correspond to the actual faces of the 3D object. In this paper, we approach the classical problem of face identification from a novel data-driven point of view. We cast it as a sequence generation problem: starting from an arbitrary edge, we adopt a variant of the popular Transformer model to predict the edges associated with the same face in a natural order. This allows us to avoid searching the space of all possible edges loops with various hand-crafted rules and heuristics as most existing methods do, deal with challenging cases such as curved surfaces and nested edge loops, and leverage additional cues such as face types. We further discuss how possibly imperfect predictions can be used for 3D object reconstruction.",A first attempt to find face loops in a 2D wireframe projection of a manifold object via data-driven methods.
https://openreview.net/forum?id=VFDDn-7_NRZ,Sliced Recursive Transformer,Recursive Operation; Vision Transformer; Efficient Model; Approximating Self-Attention; Sliced Group Self-Attention,None,"We present a neat yet effective recursive operation on vision transformers that can improve parameter utilization without involving additional parameters. This is achieved by sharing weights across depth of transformer networks. The proposed method can obtain a substantial gain (~2%) simply using naive recursive operation, requires no special or sophisticated knowledge for designing principles of networks, and introduces minimum computational overhead to the training procedure. To reduce the additional computation caused by recursive operation while maintaining the superior accuracy, we propose an approximating method through multiple sliced group self-attentions across recursive layers which can reduce the cost consumption by 10~30% with minimal performance loss. We call our model Sliced Recursive Transformer (SReT), which is compatible with a broad range of other designs for efficient vision transformers. Our best model establishes significant improvement on ImageNet over state-of-the-art methods while containing fewer parameters. The proposed sliced recursive operation allows us to build a transformer with more than 100 or even 1000 layers effortlessly under a still small size (13~15M), to avoid difficulties in optimization when the model size is too large. The flexible scalability has shown great potential for scaling up and constructing extremely deep and large dimensionality vision transformers.",This work introduces a sliced recursive vision transformer for the efficient transformer design.
https://openreview.net/forum?id=x-YLAN2wJI,ESCo: Towards Provably Effective and Scalable Contrastive Representation Learning,Contrastive Learning; Unsupervised Representation Learning,None,"InfoNCE-based contrastive learning models (e.g., MoCo, SimCLR, etc.) have shown inspiring power in unsupervised representation learning by maximizing a tight lower bound of the mutual information of two views' representations. However, its quadratic complexity makes it hard for scaling to larger batch sizes, and some recent research suggests that it may exploit superfluous information that is useless for downstream prediction tasks. In this paper, we propose ESCo (Effective and Scalable Contrastive), a new contrastive framework which is essentially an instantiation of the Information Bottleneck principle under self-supervised learning settings. Specifically, ESCo targets a new objective that seeks to maximize the similarity between the representations of positive pairs and minimize the pair-wise kernel potential of negative pairs, with a provable guarantee of effective representations that preserve task-relevant information and discard the irrelevant one. Furthermore, to escape from the quadratic time complexity and memory cost, we propose to leverage the Random Features to achieve accurate approximation with linear scalability. We show that the vanilla InfoNCE objective is a degenerated case of ESCo, which implies that ESCo can potentially boost existing InfoNCE-based models. To verify our method, we conduct extensive experiments on both synthetic and real-world datasets, showing its superior performance over the InfoNCE-based baselines in (unsupervised) representation learning tasks for images and graphs.",None
https://openreview.net/forum?id=l5HdwFu2Ttp,Tabula: Efficiently Computing Nonlinear Activation Functions for Private Neural Network Inference,private neural network inference; privacy; security; performance,None,"Multiparty computation approaches to private neural network inference require significant communication between server and client, incur tremendous runtime penalties, and cost massive storage overheads. The primary source of these expenses is garbled circuits operations for nonlinear activation functions (typically ReLU), which require on the order of kilobytes of data transfer for each individual operation and tens of kilobytes of preprocessing storage per operation per inference. We propose a replacement for garbled circuits: Tabula, an algorithm to securely and efficiently perform single operand nonlinear functions for private neural network inference. Tabula performs a one time client initialization procedure with the help of a trusted third party (or via using fully homomorphic encryption), operates over smaller finite fields whose elements are representable with less than 16 bits, and employs a lookup table which stores the encrypted results of nonlinear operations over secretly shared values. We show Tabula is secure under a semi-honest threat model, allowing it to be used as a replacement for garbled circuits operations. Our results show that for private neural network inference, Tabula eliminates communication  by a factor of more than $50 \times$, enables speedups over $10 \times$, and reduces storage costs from $O(n)$ to $O(1)$.",Reduce private neural network inference communication by over $50\times$ and runtime by over $10\times$ by using a lookup table to securely compute neural network nonlinear activation functions
https://openreview.net/forum?id=BpUXKoZM0J,Rethinking Rehearsal in Lifelong Learning: Does An Example Contribute the Plasticity or Stability?,Lifelong Learning; Rehearsal,None,"Lifelong Learning (LL) is the sequential transformation of Multi-Task Learning, which learns new tasks in order like human-beings.
Traditionally, the primary goal of LL is to achieve the trade-off between the Stability (remembering past tasks) and Plasticity (adapting to new tasks). Rehearsal, seeking to remind the model by storing examples from old tasks in LL, is one of the most effective ways to get such trade-off. However, the Stability and Plasticity (SP) are only evaluated when a model is trained well, and it is still unknown what leads to the final SP in rehearsal-based LL. In this paper, we study the cause of SP from the perspective of example difference. First, we theoretically analyze the example-level SP via the influence function and deduce the influence of each example on the final SP. Moreover, to avoid the calculation burden of Hessian for each example, we propose a simple yet effective MetaSP algorithm to simulate the acquisition of example-level SP. Last but not least, we find that by adjusting the weights of each training example, a solution on the SP Pareto front can be obtained, resulting in a better SP trade-off for LL. Empirical results show that our algorithm significantly outperforms state-of-the-art methods on benchmark LL datasets.",None
https://openreview.net/forum?id=9WJ-fT_92Hp,Efficient Reinforcement Learning Experimentation in PyTorch,Deep Reinforcement Learning; Python library,None,"Abstract: Deep reinforcement learning (RL) has proved successful at solving challenging environments but often requires long training times and very many samples. Furthermore, advancing artificial intelligence requires to easily prototype new methods, yet avoiding impractically slow experimental turnaround times. To this end, we present a PyTorch-based library for RL with a modular design that allows composing agents based on three components types: actors, storages and algorithms. Additionally, the definition of synchronous and asynchronous architectures is permitted with flexibility and independence of the components. We present several standard use-cases of the library and showcase its potential by obtaining the highest to-date test performance on the Obstacle Tower Unity3D challenge environment. In summary, we believe that this work helps accelerate experimentation of new ideas, simplifying research and enabling to tackle more challenging RL problems.",PyTorch-based library for RL that allows decomposing agents into independent reusable components for faster method research and exploring accelerated training with multiple distributed training schemes.
https://openreview.net/forum?id=lzg1FIdbPht,Denoised Internal Models: a Brain-Inspired Autoencoder against Adversarial Attacks,adversarial attacks; robustness of neural network; autoencoder; visual cortex; engram cell,None,"Despite its great success, deep learning severely suffers from robustness; that is, deep neural networks are very vulnerable to adversarial attacks, even the simplest ones. Inspired by recent advances in brain science, we propose the Denoised Internal Models (DIM), a novel generative autoencoder-based model to tackle this challenge. Simulating the pipeline in the human brain for visual signal processing, DIM adopts a two-stage approach. In the first stage, DIM uses a denoiser to reduce the noise and the dimensions of inputs, reflecting the information pre-processing in the thalamus. Inspired from the sparse coding of memory-related traces in the primary visual cortex, the second stage produces a set of internal models, one for each category. We evaluate DIM over 42 adversarial attacks, showing that DIM effectively defenses against all the attacks and outperforms the SOTA on the overall robustness.","Inspired by the visual process system of the brain, we propose the Denoised Internal Models as an overall robust model defensed on all the attacks."
https://openreview.net/forum?id=4PzEuW0JxAB,Disentangled Representations using Trained Models,disentangled representation,None,"We propose a novel method to learn disentangled representations. The ability to compute a disentangled representation is useful for many tasks because it contains information about samples from a dataset in an interpretable and compact structure. Thus development of a method that learns disentangled representations is an active area of research. In contrast to previously proposed methods, we neither require access to the values of the interpretable factors, nor to information about groups of data samples which share the values of some interpretable factors. Our proposed algorithm uses only a set of models which already have been trained on the data. With the help of the implicit function theorem we show how, using a diverse set of models that have already been trained on the data, to select a pair of data points that have a common value of interpretable factors. We prove that such an auxiliary sampler is sufficient to obtain a disentangled representation. Based on this theoretical result, we propose a loss function that the method should optimize to compute the disentangled representation. Our approach is easy to implement and shows promising results in simulations.",We propose a method for computing a disentangled representation using trained models without the requirement of labels.
https://openreview.net/forum?id=qiBTPIoQ0lz,Improving OOD Generalization with Causal Invariant Transformations,domain generalization; minimax problem; structural model,None,"In real-world applications, it is important and desirable to learn a model that performs well on out-of-distribution (OOD) data. Recently, causality has become a powerful tool to tackle the OOD generalization problem, with the core idea resting on the causal mechanism that is invariant across the domains of interest. To leverage the generally unknown causal mechanism, existing works assume the linear form of causal feature or require sufficiently many and diverse training domains, which are usually restrictive in practice. In this work, we obviate these assumptions and tackle the OOD problem without explicitly recovering the causal feature. Our approach is based on transformations that modify the non-causal feature but leave the causal part unchanged, which can be either obtained from prior knowledge or learned from the training data. Under the setting of invariant causal mechanism, we theoretically show that if all such transformations are available, then we can learn a minimax optimal model across the domains using only single domain data. Noticing that knowing a complete set of these causal invariant transformations may be impractical, we further show that it suffices to know only an appropriate subset of these transformations. Based on the theoretical findings,  a regularized training procedure is proposed to improve the OOD generalization capability. Extensive experimental results on both synthetic and real datasets verify the effectiveness of the proposed algorithm, even with only a few causal invariant transformations.",We propose new theories and a new algorithm based on causality to improve OOD generalization.
https://openreview.net/forum?id=0qpEfoNObj,Weight Expansion: A New Perspective on Dropout and Generalization,dropout; generalization; PAC-Bayes,None,"While dropout is known to be a successful regularization technique, insights into the mechanisms that lead to this success are still lacking. We introduce the concept of “weight expansion”, an increase in the signed volume of a parallelotope spanned by the column or row vectors of the weight covariance matrix, and show that weight expansion is an effective means of increasing the generalization in a PAC-Bayesian setting. We provide a theoretical argument that dropout leads to weight expansion and extensive experimental support for the correlation between dropout and weight expansion. To support our hypothesis that weight expansion should be regarded as the cause for the increased generalization capacity obtained by using dropout, and not just as a mere by-product, we have studied other methods that achieve weight expansion (resp. contraction), and found that they generally lead to an increased (resp. decreased) generalization ability. This suggests that dropout is an attractive regularizer because it is a computationally cheap method for obtaining weight expansion. This insight justifies the role of dropout as a regularizer, while paving the way for identifying regularizers that promise improved generalization through weight expansion.",None
https://openreview.net/forum?id=Gnh9rFw6ff0,What Makes for Good Representations for Contrastive Learning,Unsupervised learning; Self-supervised learning; Contrastive learning; Minimal sufficient representation,None,"Contrastive learning between different views of the data achieves outstanding success in the field of self-supervised representation learning and the learned representations are useful in various downstream tasks. Since all supervision information for one view comes from the other view, contrastive learning tends to obtain the minimal sufficient representation which contains the shared information and eliminates the non-shared information between views. Considering the diversity of the downstream tasks, it can not be guaranteed that all task-relevant information is shared between views. Therefore, we assume the task-relevant information that is not shared between views can not be ignored and theoretically prove that the minimal sufficient representation in contrastive learning is not sufficient for the downstream tasks, which causes performance degradation. This reveals a new problem that the contrastive learning models have the risk of over-fitting to the shared information between views. To alleviate this problem, we propose to increase the mutual information between the representation and input as regularization to approximately introduce more task-relevant information since we can not utilize any downstream task information during training. Extensive experiments verify the rationality of our analysis and the effectiveness of our method. It significantly improves the performance of several classic contrastive learning models in downstream tasks.",This paper theoretically and empirically verifies that the minimal sufficient representation in contrastive learning is not sufficient for downstream tasks and contrastive learning has the risk of over-fitting to the shared information between views.
https://openreview.net/forum?id=eWNpRVcfzi,MURO: Deployment Constrained Reinforcement Learning with Model-based Uncertainty Regularized Batch Optimization,Deployment Constrained Reinforcement Learning; Deep Reinforcement Learning; Model-based Reinforcement Learning,None,"In many contemporary applications such as healthcare, finance, robotics, and recommendation systems, continuous deployment of new policies for data collection and online learning is either cost ineffective or impractical. We consider a setting that lies between pure offline reinforcement learning (RL) and pure online RL called deployment constrained RL in which the number of policy deployments for data sampling is limited. To solve this challenging task, we propose a novel algorithmic learning framework called Model-based Uncertainty Regularized batch Optimization (MURO). Our framework discovers novel and high quality samples for each deployment to enable efficient data collection. During each offline training session, we bootstrap the policy update by quantifying the amount of uncertainty within our collected data. In the high support region (low uncertainty), we encourage our policy by taking an aggressive update. In the low support region (high uncertainty) when the policy bootstraps into the out-of-distribution region, we downweight it by our estimated uncertainty quantification. Experimental results show that MURO achieves state-of-the-art performance in the deployment constrained RL setting.",We propose MURO (Model-based Uncertainty Regularized batch Optimization) a novel framework for deployment constrained reinforcement learning.
https://openreview.net/forum?id=JzFyNx7-SyS,Interpreting Graph Neural Networks via Unrevealed Causal Learning,Model Explainability; Graph Neural Networks; Structural Casual Model,None,"This paper proposes a new explanation framework, called OrphicX, for generating causal explanations for any graph neural networks (GNNs) based on learned latent causal factors. Specifically, we construct a distinct generative model and design an objective function that encourages the generative model to produce causal, compact, and faithful explanations. This is achieved by isolating the causal factors in the latent space of graphs by maximizing the information flow measurements. We theoretically analyze the cause-effect relationships in the proposed causal graph, identify node attributes as confounders between graphs and GNN predictions, and circumvent such confounder effect by leveraging the backdoor adjustment formula. Our framework is compatible with any GNNs, and it does not require access to the process by which the target GNN produces its predictions. In addition, it does not rely on the linear-independence assumption of the explained features, nor require prior knowledge on the graph learning tasks. Empirically, we show that OrphicX can effectively identify the causal semantics for generating causal explanations, significantly outperforming its alternatives.",This paper proposes a new explanation framework  for generating causal explanations for any graph neural networks based on learned latent causal factors.
https://openreview.net/forum?id=pXNXwaLu5MN,Domain-Invariant Representation Learning with Global and Local Consistency,Domain adaptation; Wasserstein distance; Contrastive loss; Information theory,None,"In this paper, we give an analysis of the existing representation learning framework of unsupervised domain adaptation and show that the learned feature representations of the source domain samples are with discriminability, compressibility, and transferability. However, the learned feature representations of the target domain samples are only with compressibility and transferability. To address this challenge, we propose a novel framework and show from the information theory view that this framework can effectively improve the discriminability of the target domain sample representation. We also propose a method, namely domain-invariant representation learning with global and local consistency (RLGLC), under this framework. In particular, to maintain the global consistency, RLGLC proposes a new metric called asymmetrically-relaxed Wasserstein of Wasserstein distance (AR-WWD), AR-WWD can not only extract the transferability and compressibility of the feature representation of two domains, but also correlates well with human perception. To impose the local consistency structures, we propose a regularized contrastive loss, which can not only keep as much as possible predictive information contained in the feature representation of the target domain, but also alleviates the problem that semantically similar instances are undesirable pushed apart in training processing. Finally, we verify the effectiveness of RLGLC from both theoretical analyses on Bayes error rate and experimental validation on several benchmarks.",None
https://openreview.net/forum?id=CdBDMQkx3hU,DAAS: Differentiable Architecture and Augmentation Policy Search,None,None,"Neural architecture search (NAS) has been an active direction of automatic machine learning (Auto-ML), aiming to explore efficient network structures. The searched architecture is evaluated by training on datasets with fixed data augmentation policies. However, recent works on auto-augmentation show that the suited augmentation policies can vary over different structures. Therefore, this work considers the possible coupling between neural architectures and data augmentation and proposes an effective algorithm jointly searching for them. Specifically, 1) for the NAS task, we adopt a single-path based differentiable method with Gumbel-softmax reparameterization strategy due to its memory efficiency; 2) for the auto-augmentation task, we introduce a novel search method based on policy gradient algorithm, which can significantly reduce the computation complexity. Our approach achieves 97.91% accuracy on CIFAR-10 and 76.6% Top-1 accuracy on ImageNet dataset, showing the outstanding performance of our search algorithm.",None
https://openreview.net/forum?id=Osoo_n9cMZ3,CRAFTING BETTER CONTRASTIVE VIEWS FOR SIAMESE REPRESENTATION LEARNING,contrastive learning; data augmentation; Siamese representation learning,None,"Recent self-supervised contrastive learning methods greatly benefit from the Siamese structure that aims at minimizing distances between positive pairs. For high performance Siamese representation learning, one of the keys is to design good contrastive pairs. Most previous works simply apply random sampling to make different crops of the same image, which overlooks the semantic information that may degrade the quality of views. In this work, we propose ContrastiveCrop, which could effectively generate better crops for Siamese representation learning. Firstly, a semantic-aware object localization strategy is proposed within the training process in a fully unsupervised manner. This guides us to generate contrastive views which could avoid most false positives (i.e. object v.s. background). Moreover, we empirically find that views with similar appearances are trivial for the Siamese model training. Thus, a center-suppressed sampling is further designed to enlarge the variance of crops. Remarkably, our method takes a careful consideration of positive pairs for contrastive learning with negligible extra training overhead. As a plug-and-play and framework-agnostic module, ContrastiveCrop consistently improves SimCLR, MoCo, BYOL, SimSiam by 0.4% ∼ 2.0% classification accuracy on CIFAR-10, CIFAR-100, Tiny ImageNet and STL-10. Superior results are also achieved on downstream detection and segmentation tasks when pre-trained on ImageNet-1K.","In this work, we propose ContrastiveCrop, that is tailored to make better contrastive views for Siamese representation learning."
https://openreview.net/forum?id=AAHL45-O7tV,TransTCN: An Attention-based TCN Framework for Sequential Modeling,sequential modeling; multi-head attention; TCN; Transformer,None,"Among the sequential modeling issues, the ability to model the long-term dependency remains a significant issue yet to be overcome. Although, recurrent networks extract this information via a recurrent connection, the training step also considers the temporal connection, which reduces the efficiency. However, a temporal connection network (TCN) exploits the benefit of parallelization of convolution and consequently models the sequential information via causal-dilated connection of layers. Moreover, Transformer has exhibited great ability to capture long-term dependency. Thus, in this study, based on the TCN model, the attention blocks in Transformer were introduced to form a model called TransTCN. TransTCN models the sequential information considering attention modules. The model was evaluated across a wide range of the tasks in time series, which are commonly used to the benchmark of TCN and recurrent networks. To the best of our knowledge, TransTCN is the first framework to combine the attention in transformer with TCN to achieve a SOTA performance. The experimental results showed that the perplexity of the word-level prediction on PennTreebank reached only $1.33$ while TCN achieved $87.90$, which is $66$ times of the original TCN. In addition, nearly all loss and perplexity/bpc was improved on other datasets that are commonly used in TCN, except for several datasets wherein our approach maintained performance similar to the original TCN. Furthermore, the training process of TransTCN converges faster than that of TCN.",TransTCN achieves $66$ times of perplexity better than that of the original TCN by taking the attention as the long-term dependency module.
https://openreview.net/forum?id=F7nD--1JIC,Shapley-NAS: Discovering Operation Contribution for Neural Architecture Search,None,None,"In this paper, we propose a Shapley value based operation contribution evaluation method (Shapley-NAS) for neural architecture search. Differentiable architecture search (DARTS) acquires the expected architectures by optimizing the architecture parameters with gradient descent, which benefits from the high efficiency due to the significantly reduced search cost. However, DARTS leverages the learnable architecture parameters of the supernet to represent the operation importance during the search process, which fails to reveal the actual impacts of operations on the task performance and therefore harms the effectiveness of obtained architectures. On the contrary, we evaluate the direct influence of operations on accuracy via Shapley value for supernet optimization and architecture discretization, so that the optimal architectures are acquired by selecting the operations that contribute significantly to the tasks. Specifically, we iteratively employ Monte-Carlo sampling based algorithm with early truncation to efficiently approximate the Shapley value of operations, and update weights of the supernet whose architecture parameters are assigned with the operation contribution evaluated by Shapley value. At the end of the search process, operations with the largest Shapley value are preserved to form the final architecture. Extensive experiments on CIFAR-10 and ImageNet for image classification and on NAS-Bench-201 for optimal architecture search show that our Shapley-NAS outperforms the state-of-the-art methods by a sizable margin with light search cost.",None
https://openreview.net/forum?id=X4vBK5BBtQY,Enhancing the Transferability of Adversarial Attacks via Scale Ensemble,adversarial examples; adversarial attack; transferability; scale ensemble; image classification,None,"There is a line of works on adversarial example generation in computer vision, which makes deep learning suffers a lot. Driven by the transferability decrease among models with different input sizes, we present a novel attack method by using a scale input ensemble framework to enhance the transferability of adversarial images, which is named Scale Ensemble Method(SEM). Our method can preserve the characteristic textures of the original image via zooming the surrogate model's input in and out in a specific sequence during generating adversarial examples. The superior texture feature highlights the important attacking region and increases the diversity of adversarial perturbations for assisting a more aggressive attack. The experiments on ImageNet show that our method successfully mitigates the gap of transferability between models with different input sizes and achieves about 8% higher success rate comparing with the state-of-the-art input transformation methods. And we also demonstrate that our method can integrate with existing methods and bypass a variety of defense methods with over 90% success rate.","We present a novel attack method (SEM) by using a scale input ensemble framework to enhance the transferability of adversarial images, which outperforms SOTA methods 8% in attacking and bypass a variety of defense methods with over 90% success rate."
https://openreview.net/forum?id=sBHGzpXndG,Collaborative Three-Stream Transformers for Video Captioning,Video captioning; transformer; cross-modality,None,"As the most critical components in a sentence, subject, predicate, and object require special attention in the video captioning task. In this paper, we design the collaborative three-stream transformers to model the interactions of objects, and the actions/relations of objects between different modalities. Specifically, it is formed by three branches of transformers used to exploit the visual-linguistic interactions of different granularities in spatio-temporal domain between videos and text, detected objects and text, and actions and text. Meanwhile, we design a cross-modality attention module to align the interactions modeled by the three branches of transformers. That is, an affinity matrix is computed to help align visual modalities by injecting the information from other interactions. In this way, the three branches of transformers can support each other to exploit the most discriminative semantic information in different modalities for accurate predictions of captions, especially for the subject, predicate, and object parts in a sentence. The whole model is trained in an end-to-end fashion. Extensive experiments conducted on two large-scale challenging datasets, i.e., YouCookII and ActivityNet Captions, demonstrate that the proposed method performs favorably against the state-of-the-art methods.",None
https://openreview.net/forum?id=_YkSZbA7ptn,Structural Optimization Makes Graph Classification Simpler and Better,Structural Optimization; Graph Classification; Encoding Tree Kernel; Encoding Tree Learning,None,"In deep neural networks, better results can often be obtained by increasing the complexity of previously developed basic models. However, it is unclear whether there is a way to boost performance by decreasing the complexity of such models. Here, based on an optimization method, we investigate the feasibility of improving graph classification performance while simplifying the model learning process. Inspired by progress in structural information assessment, we optimize the given data sample from graphs to encoding trees. In particular, we minimize the structural entropy of the transformed encoding tree to decode the key structure underlying a graph. This transformation is denoted as structural optimization. Furthermore, we propose a novel feature combination scheme, termed hierarchical reporting, for encoding trees. In this scheme, features are transferred from leaf nodes to root nodes by following the hierarchical structures of encoding trees. We then present an implementation of the scheme in a tree kernel and a convolutional network to perform graph classification. The tree kernel follows label propagation in the Weisfeiler-Lehman (WL) subtree kernel, but it has a lower runtime complexity $O(n)$. The convolutional network is a special implementation of our tree kernel in the deep learning field and is called Encoding Tree Learning (ETL). We empirically validate our tree kernel and convolutional network with several graph classification benchmarks and demonstrate that our methods achieve better performance and lower computational consumption than competing approaches.",None
https://openreview.net/forum?id=fJ9iNyekd-,Positive and Unlabeled Federated Learning,Positive and Unlabeled Learning; Federated Learning,None,"We study the problem of learning from positive and unlabeled (PU) data in the federated setting, where each client only labels a little part of their dataset due to the limitation of resources and time. Different from the settings in traditional PU learning where the negative class consists of a single class, the negative samples which cannot be identified by a client in the federated setting may come from multiple classes which are unknown to the client. Therefore, existing PU learning methods can be hardly applied in this situation. To address this problem, we propose a novel framework, namely Federated learning with Positive and Unlabeled data (FedPU), to minimize the expected risk of multiple negative classes by leveraging the labeled data in other clients. We theoretically prove that the proposed FedPU can achieve a generalization bound which is no worse than $C\sqrt{C}$ times (where $C$ denotes the number of classes) of the fully-supervised model. Empirical experiments show that the FedPU can achieve much better performance than conventional learning methods which can only use positive data.",None
https://openreview.net/forum?id=TLgW66V2CbP,Self-Supervised Learning by Estimating Twin Class Distributions,self-supervised learning; unsupervised learning; representation learning,None,"We present TWIST, a novel self-supervised representation learning method by classifying large-scale unlabeled datasets in an end-to-end way. We employ a siamese network terminated by a softmax operation to produce twin class distributions of two augmented images. Without supervision, we enforce the class distributions of different augmentations to be consistent. In the meantime, we regularize the class distributions to make them sharp and diverse. Specifically, we minimize the entropy of the distribution for each sample to make the class prediction for each sample assertive and maximize the entropy of the mean distribution to make the predictions of different samples diverse. In this way, TWIST can naturally avoid the trivial solutions without specific designs such as asymmetric network, stop-gradient operation, or momentum encoder. Different from the clustering-based methods which alternate between clustering and learning, our method is a single learning process guided by a unified loss function. As a result, TWIST outperforms state-of-the-art methods on a wide range of tasks, including unsupervised classification, linear classification, semi-supervised learning, transfer learning, and some dense prediction tasks such as detection and segmentation.",a novel self-supervised learning method by classifying large-scale unlabeled dataset in an end-to-end way
https://openreview.net/forum?id=egkbgeGcGtj,Multi-dataset Pretraining: A Unified Model for Semantic Segmentation,Multi-dataset; semantic segmentation; contrastive learning,None,"Collecting annotated data for semantic segmentation is time-consuming and hard to scale up. In this paper, we propose a unified framework, termed as Multi-Dataset Pretraining, to efficiently integrate the fragmented annotations of different datasets. The highlight is that the annotations from different datasets can be shared and consistently boost performance for each specific one. Towards this goal, we propose a pixel-to-prototype contrastive learning strategy over multiple datasets regardless of their taxonomy labels. In this way, the pixel level embeddings with the same labels are well clustered, which we find is beneficial for downstream tasks. In order to model the relationship among images and classes from different datasets, we extend the pixel level embeddings via cross-dataset mixing and propose a pixel-to-prototype consistency regularization for better transferability. MDP can be seamlessly extended to semi-supervised setting and utilize the widely available unlabeled data to further boost the feature representation. Experiments conducted on several benchmarks demonstrate its superior performance, and MDP consistently outperforms the pretrained models over ImageNet by a considerable margin.","This paper for the first time proposes a unified semantic segmentation framework to facilitate multi-dataset pretraining, and the pretrained model consistently outperforms the one pretrained over ImageNet by a large margin."
https://openreview.net/forum?id=T2F5aBbSEUQ,Dataset Condensation with Distribution Matching,Dataset Condensation; Data-efficient Learning; Distribution Matching; Continual Learning; Neural Architecture Search,None,"Computational cost to train state-of-the-art deep models in many learning problems is rapidly increasing due to more sophisticated models and larger datasets. A recent promising direction to reduce training time is dataset condensation that aims to replace the original large training set with a significantly smaller learned synthetic set while preserving its information. While training deep models on the small set of condensed images can be extremely fast, their synthesis remains computationally expensive due to the complex bi-level optimization and second-order derivative computation. In this work, we propose a simple yet effective dataset condensation technique that requires significantly lower training cost with comparable performance by matching feature distributions of the synthetic and original training images in sampled embedding spaces. Thanks to its efficiency, we apply our method to more realistic and larger datasets with sophisticated neural architectures and achieve a significant performance boost while using larger synthetic training set. We also show various practical benefits of our method in continual learning and neural architecture search.",A simple dataset condensation method without bi-level optimization can achieve sate-of-the-art generalization performance.
https://openreview.net/forum?id=ABv1puMlSgp,On Neurons Invariant to Sentence Structural Changes in Neural Machine Translation,None,None,"To gain insight into the role neurons play, we study the activation patterns corresponding to meaning-preserving paraphrases (e.g., active-passive). We compile a dataset of controlled syntactic paraphrases in English with their reference German translations and demonstrate our model-agnostic approach with the Transformer translation model. First, we identify neurons that correlate across paraphrases and dissect the observed correlation into possible confounds. Although lower-level components are found as the cause of similar activations, no sentence-level semantics or syntax are detected locally. Later, we manipulate neuron activations to influence translation towards a particular syntactic form. We find that a simple value shift is effective, and more so when many neurons are modified. These suggest that complex syntactic constructions are indeed encoded in the model.  We conclude by discussing how to better manipulate it using the correlations we first obtained.",None
https://openreview.net/forum?id=lsljy2bG3n,$m$-mix: Generating hard negatives via multiple samples mixing for contrastive learning,Graph learning; self supervised learning,None,"Negative pairs are essential in contrastive learning, which plays the role of avoiding degenerate solutions. Hard negatives can improve the representation ability on the basis of common negatives. Inspired by recent hard negative mining methods via mixup operation in vision, we propose $m$-mix, which generates hard negatives dynamically. Compared with previous methods, $m$-mix mainly has three advantages: 1) adaptively chooses samples to mix; 2) simultaneously mixes multiple samples; 3) automatically and comprehensively assigns different mixing weights to the selected mixing samples. We evaluate our method on two image classification datasets, five node classification datasets (PPI, DBLP, Pubmed, etc), five graph classification datasets (IMDB, PTC\_MR, etc), and downstream combinatorial tasks (graph edit distance and clustering). Results show that our method achieves state-of-the-art performance on most benchmarks under self-supervised settings.",A new method to mine hard negative samples by mixing multiple samples.
https://openreview.net/forum?id=URNZQmbxpwh,Fishr: Invariant Gradient Variances for Out-of-distribution Generalization ,Deep Learning; Computer Vision; Domain Generalization,None,"Learning robust models that generalize well under changes in the data distribution is critical for real-world applications. To this end, there has been a growing surge of interest to learn simultaneously from multiple training domains - while enforcing different types of invariance across those domains. Yet, all existing approaches fail to show systematic benefits under controlled evaluation protocols. In this paper, we introduce a new regularization - named Fishr - that enforces domain invariance in the space of the gradients of the loss: specifically, the domain-level variances of gradients are matched across training domains. Our approach is based on the close relations between the gradient covariance, the Fisher Information and the Hessian of the loss: in particular, we show that Fishr eventually aligns the domain-level loss landscapes locally around the final weights. Extensive experiments demonstrate the effectiveness of Fishr for out-of-distribution generalization. Notably, Fishr improves the state of the art on the DomainBed benchmark and performs consistently better than Empirical Risk Minimization. Our code is available anonymously at https://anonymous.4open.science/r/fishr-anonymous-EBB6/.","To improve the generalization properties of deep networks when data comes from multiple domains, we introduce a new invariance criterion that matches the domain-level variances of gradients."
https://openreview.net/forum?id=VppWsjXgBY6,TLDR: Twin Learning for Dimensionality Reduction,dimensionality reduction; manifold learning; image retrieval; document retrieval; PCA,None,"Dimensionality reduction methods are unsupervised approaches which learn low-dimensional spaces where some properties of the initial space, typically the notion of ``neighborhood'', are preserved. They are a crucial component of diverse tasks like visualization, compression, indexing, and retrieval.  Aiming for a totally different goal, self-supervised visual representation learning has been shown to produce  transferable representation functions by learning models that encode invariance to artificially created distortions, eg a set of hand-crafted image transformations. Unlike manifold learning methods that usually require propagation on large k-NN graphs or complicated solvers, self-supervised learning approaches rely on simpler and  more scalable frameworks for learning.
In this paper, we unify these two families of approaches from the angle of manifold learning and propose TLDR, a dimensionality reduction method for generic input spaces that is porting a simple self-supervised learning framework to a setting where it is hard or impossible to define an appropriate set of distortions by hand. We propose to use nearest neighbors to build pairs from a training set and a redundancy reduction loss borrowed from the self-supervised literature to learn an encoder that produces representations invariant across such pairs. TLDR is a method that is simple, easy to implement and train, and of broad applicability; it consists of an offline nearest neighbor computation step that can be highly approximated, and a straightforward learning process that does not require mining negative samples to contrast, eigendecompositions, or cumbersome optimization solvers. Aiming for scalability, the Achilles' heel of manifold learning, we focus on improving linear dimensionality reduction, a technique that is still an integral part of many large-scale systems. By simply replacing PCA with TLDR, we are able to increase the performance of GeM-AP, a state-of-the-art landmark recognition method by 4% mAP for 128 dimensions, and to retain its performance with 16 times fewer dimensions.",TLDR is a dimensionality reduction method for learning neighborhood-preserving embeddings with a simple and scalable optimization framework
https://openreview.net/forum?id=kocM6lVTIfJ,Feature Shapley: A general framework to discovering useful feature interactions,Feature Learning; Shapley Value; Click-through Rate; Asset Pricing,None,"A machine learning system is typically composed of model and data.  In many applications, feature is the input of models so as to generate a meaningful prediction. While a large amount of model-centric solutions are proposed to improve the capabilities of models, there is very limited exploration on how to discover useful feature interactions from a data-centric perspective.  In this work, we propose a general framework named Feature Shapley with the purpose of discovering useful high-order feature interactions based on Feature Shapely values and thereby generating new features.  Since computing exact Feature Shapley values is computationally infeasible, Monte-Carlo approximation and early truncation trick are applied for efficient estimation of Feature Shapley values in this work.  Experimental results indicate that the decisive feature interactions exploited by Feature Shapley are of vital importance for the Click-through rate (CTR) prediction and asset pricing task.  With decisive feature interactions exploited by Feature Shapley, even simple models (e.g., linear regression (LR) or shallow neural network) could achieve similar or even better performance comparing with more complex approaches and keep their superior interpretability at the same time.",We  present  a general framework named Feature Shapley with the purpose of discovering useful feature interactions and thereby generating new features.
https://openreview.net/forum?id=7VYh_3ZD84,Sharpness-Aware Minimization in Large-Batch Training: Training Vision Transformer In Minutes,Distributed Machine Learning; Large-Batch Training,None,"Large-batch training is an important direction for distributed machine learning, which can improve the utilization of large-scale clusters and therefore accelerate the training process. However, recent work illustrates that large-batch training is prone to converge to sharp minima and cause a huge generalization gap. Sharpness-Aware Minimization (SAM) tries to narrow the generalization gap by seeking parameters that lie in a flat region. However, it requires two sequential gradient calculations that doubles the computational overhead. In this paper, we propose a novel algorithm LookSAM to significantly reduce its additional training cost. We further propose a layer-wise modification for adapting LookSAM to the large-batch training setting (Look-LayerSAM). Equipped with our enhanced training algorithm, we are the first to successfully scale up the batch size when training Vision Transformers (ViTs). With a 64k batch size, we are able to train ViTs from scratch within an hour while maintaining competitive performance.",None
https://openreview.net/forum?id=AK9LrCKUp9,Towards Robust Point Cloud Models with Context-Consistency Network and Adaptive Augmentation,None,None,"3D point cloud models based on deep neural networks were proven to be vulnerable to adversarial examples, with a quantity of novel attack techniques proposed by researchers recently. It is of paramount importance to preserve the robustness of 3D models under adversarial environments, considering their broad application in safety- and security-critical tasks. Unfortunately, defenses for 3D models are much less studied compared to 2D image models. In this paper, we reason about the vulnerability of 3D models based on the mutual information theory.  Furthermore, we design an effective defense methodology, consisting of two innovations. (1) We introduce CCDGN, a novel 3D DNN architecture which includes robust and light-weight modules to alleviate adversarial examples. (2) We propose AA-AMS a novel data augmentation strategy to adaptively balance the model usability and robustness. Extensive evaluations indicate the integration of the two techniques provides much more robustness than existing defense solutions for 3D models.",None
https://openreview.net/forum?id=5LYsQ7kkb57,Dynamically Decoding Source Domain Knowledge For Unseen Domain Generalization,None,None,"Domain generalization is an important problem which has gain much attention recently. While most existing studies focus on learning domain-invariant feature representations, some researchers try ensemble learning of multi experts and demonstrate promising performance. However, in existing multi-expert learning frameworks, the source domain knowledge has not yet been much explored, resulting in sub-optimal performance. In this paper, we propose to adapt Transformers for the purpose of dynamically decoding source domain knowledge for domain generalization. Specifically, we build one domain-specific local expert per source domain, and one domain-agnostic feature branch as query. Then, all local-domain features will be encoded by Transformer encoders, as source domain knowledge in memory. While in the Transformer decoders, the domain-agnostic query will interact with the memory in the cross-attention module, where similar domains with the input will contribute more in the attention output. This way, the source domain knowledge will be dynamically decoded for the inference of the current input from unseen domain. Therefore, this mechanism makes the proposed method well generalizable to unseen domains. The proposed method is evaluated on three benchmarks in the domain generalization field. The comparison with the state-of-the-art methods shows that the proposed method achieves the best performance, outperforming the others with a clear gap.",None
https://openreview.net/forum?id=TYqb6EXphrr,Space Time Recurrent Memory Network,None,None,"Transformers have recently been popular for learning and inference in the spatial-temporal domain. However, their performance relies on storing and applying attention to the feature tensor of each frame. Hence, their space and time complexity increase linearly as the sequence length grows, which could be very costly for long videos.
We propose a novel visual memory network architecture for the learning and inference problem in the spatial-temporal domain. We maintain a fixed set of memory slots in our memory network and explore different designs to input new information into the memory, combine the information in different memory slots and decide how to discard old information. 
Finally, this architecture is benchmarked on the video object segmentation and video prediction problems. Through the experiments, we show that our memory architecture can achieve competitive results compared to state-of-the-art transformer-based methods while maintaining constant memory capacity independent of sequence length.",This paper introduces a new spatial-temporal memory serving multiple purposes.
https://openreview.net/forum?id=JTbUTe0B0J1,Network Pruning Spaces,network pruning; convolutional neural network; deep learning,None,"Network pruning techniques, including weight pruning and filter pruning, reveal that most state-of-the-art neural networks can be accelerated without a significant performance drop. This work focuses on filter pruning which enables accelerated inference with any off-the-shelf deep learning library and hardware. We propose the concept of network pruning spaces that parametrize populations of subnetwork architectures. Based on this concept, we explore the structure aspect of subnetworks that result in minimal loss of accuracy in different pruning regimes and arrive at a series of observations by comparing subnetwork distributions. We conjecture through empirical studies that there exists an optimal FLOPs-to-parameter-bucket ratio related to the design of original network in a pruning regime. Statistically, the structure of a winning subnetwork guarantees an approximately optimal ratio in this regime. Upon our conjectures, we further refine the initial pruning space to reduce the cost of searching a good subnetwork architecture. Our experimental results on ImageNet show that the subnetwork we found is superior to those from the state-of-the-art pruning methods under comparable FLOPs.","In this paper, we present network pruning spaces that parametrize populations of subnetworks and empirically study the general pruning principles by comparing subnetwork distributions."
https://openreview.net/forum?id=5Bw_CZer00j,Self-supervised Discovery of Human Actons from Long Kinematic Videos,Self-supervised Learning; Video Analysis,None,"For human action understanding, a popular research direction is to analyze short video clips with unambiguous semantic content, such as jumping and drinking. However, methods for understanding short semantic actions cannot be directly translated to long kinematic sequences such as dancing, where it becomes challenging even to semantically label the human movements. To promote analysis of long videos of complex human motions, we propose a self-supervised method for learning a representation of such motion sequences that is similar to words in a sentence, where videos are segmented and clustered into recurring temporal patterns, called actons. Our approach first obtains a frame-wise representation by contrasting two augmented views of video frames conditioned on their temporal context. The frame-wise representations across a collection of videos are then clustered by K-means. Actons are then automatically extracted by forming a continuous motion sequence from frames within the same cluster. We evaluate the self-supervised representation by temporal alignment metrics, and the clustering results by normalized mutual information and language entropy. We also study an application of this tokenization by using it to classify dance genres. On AIST++ and PKU-MMD datasets, actons are shown to bring significant performance improvements compared to several baselines.","We present a self-supervised technique for discovering recurring temporal patterns, called actons, in long kinematic sequences like human dance."
https://openreview.net/forum?id=LOzFt62SemS,Object-Region Video Transformers,Vision Transformers; Video Transformers; Video Understanding,None,"Evidence from cognitive psychology suggests that understanding spatio-temporal object interactions and dynamics can be essential for recognizing actions in complex videos. Therefore, action recognition models are expected to benefit from explicit modeling of objects, including their appearance, interaction, and dynamics. Recently, video transformers have shown great success in video understanding, exceeding CNN performance. Yet, existing video transformer models do not explicitly model objects. In this work, we present Object-Region Video Transformers (ORViT), an \emph{object-centric} approach that extends video transformer layers with a block that directly incorporates object representations. The key idea is to fuse object-centric spatio-temporal representations throughout multiple transformer layers. Our ORViT block consists of two object-level streams: appearance and dynamics. In the appearance stream, an ``Object-Region Attention'' element applies self-attention over the patches and \emph{object regions}. In this way, visual object regions interact with uniform patch tokens and enrich them with contextualized object information. We further model object dynamics via a separate ``Object-Dynamics Module'', which captures trajectory interactions, and show how to integrate the two streams. We evaluate our model on standard and compositional action recognition on Something-Something V2, standard action recognition on Epic-Kitchen100 and Diving48, and spatio-temporal action detection on AVA. We show strong improvement in performance across all tasks and datasets considered, demonstrating the value of a model that incorporates object representations into a transformer architecture.","We present ORViT, an object-centric approach that extends video transformer layers with a block that directly incorporates object representations."
https://openreview.net/forum?id=XizHAfgfd3J,Semantic-aware Representation Learning Via Probability Contrastive Loss,contrastive learning; semi-supervised learning; unsupervised domain adaptation; semi-supervised domain adaptation,None,"Recent feature contrastive learning (FCL) has shown promising performance in unsupervised representation learning. For the close-set representation learning where labeled data and unlabeled data belong to the same semantic space,  however, FCL cannot show overwhelming gains due to not involving the class semantics during optimization. Consequently, the produced features do not guarantee to be easily classified by the class weights learned from labeled data  although they are information-rich. To tackle this issue, we propose a novel probability contrastive learning (PCL) in this paper, which not only produces rich features but also enforces them to be distributed around the class prototypes. Specifically, we propose to use the output probabilities after softmax to perform contrastive learning instead of the extracted features in FCL. Evidently, such a way can exploit the class semantics during optimization. Moreover, we propose to remove the L2 normalization in the traditional FCL and directly use the L1-normalized probability for contrastive learning. Our proposed PCL is simple and effective. We conduct extensive experiments on three close-set image classification tasks, \textit{i.e.}, unsupervised domain adaptation, semi-supervised learning, and semi-supervised domain adaptation. The results on multiple datasets demonstrate that our PCL can consistently get considerable gains and achieves the state-of-the-art  performance for all three tasks.","Directly applying feature contrastive learning cannot bring obvious benefit on close-set representation learning tasks, thus we propose a contrastive learning paradigm based on output probabilities, and achieve the state-of-the-art performance."
https://openreview.net/forum?id=jm0Ppu7xvok,An Optimally Weighted Echo State Neural Network for Highly Chaotic Time Series Modelling,time series; neural networks; young stellar objects,None,"We demonstrate the development and implementation of a series of echo state neural networks in conjunction with optimal weighted averaging to produce robust, model-free predictions of highly chaotic time series. We deploy our model on simulated mass accretion data sets governing the formation of a protostar, accretion disk and gas envelope. Our methodology extends the parallel series approach of averaging all reservoir outputs by instead selecting an optimal set of weights for each realization representative of what we believe constructs the optimal output signal that best represents the data’s underlying temporal dynamics. The method is demonstrated by modelling hydrodynamic and stellar evolution simulations that are representative of highly chaotic systems.",We utilize an optimized form of echo state neural networks to model and predict highly chaotic time series.
https://openreview.net/forum?id=PVB_t0HCMVC,Towards Defending Multiple $\ell_p$-Norm Bounded Adversarial Perturbations via Gated Batch Normalization,adversarial examples; multiple $\ell_p$-norm bounded adversarial peturbations; adversarial robustness,None,"There has been extensive evidence demonstrating that deep neural networks are vulnerable to adversarial examples, which motivates the development of defenses against adversarial attacks. Existing adversarial defenses typically improve model robustness against individual-specific perturbation types. However, adversaries are likely to generate multiple perturbations in practice. Some recent methods improve model robustness against adversarial attacks in multiple $\ell_p$ balls, but their performance against each perturbation type is still far from satisfactory. We observe that different $\ell_p$ bounded adversarial perturbations induce different statistical properties that can be separated and characterized by the statistics of Batch Normalization (BN). We thus propose Gated BN (GBN) to adversarially train a perturbation-invariant predictor for defending multiple  $\ell_p$ bounded adversarial perturbations. GBN consists of a multi-branch BN layer and a gated sub-network. Each BN branch in GBN is in charge of one perturbation type to ensure that the normalized output is aligned towards learning perturbation-invariant representation. Meanwhile, the gated sub-network is designed to separate inputs added with different perturbation types. We perform an extensive evaluation of our approach on MNIST, CIFAR-10, and Tiny-ImageNet, and demonstrate that GBN outperforms previous defense proposals against multiple perturbation types (\ie, $\ell_1$, $\ell_2$, and $\ell_{\infty}$ perturbations) by large margins of 10-20\%.","To defend multiple $\ell_p$ adversarial examples, we propose the multi-domain hypothesis; guided by that, we propose Gated Batch Normalization (GBN), a novel method for DNNs that improves robustness against multiple $\ell_p$ adversarial examples."
https://openreview.net/forum?id=JvGzKO1QLet,Intervention-based Recurrent Casual Model for Non-stationary Video Causal Discovery,None,None,"Non-stationary casual structures are prevalent in real-world physical systems. For example, the stacked blocks interacted with one another until they fall apart, while the billiard balls are moving independently until they collide. However, most video causal discovery methods can not discover such non-stationary casual structures due to the lack of modeling for the instantaneous change and the dynamics of the casual structure. In this work, we propose the Intervention-based Recurrent Casual Model (IRCM) for non-stationary video casual discovery. First, we extend the existing intervention-based casual discovery framework for videos to formulate the instantaneous change of the casual structure in a principled manner. Then, we use a recurrent model to sequentially predict the causal structure model based on previous observations to capture the non-stationary dynamic of the casual structure. We evaluate our method on two popular physical system simulation datasets with various types of multi-body interactions. Experimental results show that the proposed IRCM achieves the state-of-the-art performance on both the counterfactual reasoning and future forecasting tasks.",None
https://openreview.net/forum?id=uR77O7SL55h,Scalable Sinkhorn Backpropagation,Optimal Transport; Implicit Differentiation,None,"Optimal transport has recently gained increasing attention in the context of deep learning. A major contributing factor is the line of work on smooth relaxations that make the classical optimal transport problem differentiable. The most prominent example is entropy regularized optimal transport which can be optimized efficiently via an alternating scheme of Sinkhorn projections. We thus experienced a surge of deep learning techniques that use the Sinkhorn operator to learn matchings, permutations, sorting and ranking, or to construct a geometrically motivated loss function for generative models. The prevalent approach to training such a neural network is first-order optimization by algorithmic unrolling of the forward pass. Hence, the runtime and memory complexity of the backward pass increase linearly with the number of Sinkhorn iterations. This often makes it impractical when computational resources like GPU memory are scarce. A more efficient alternative is computing the derivative of a Sinkhorn layer via implicit differentiation. Our main contribution is deriving a simple and efficient algorithm that performs this backward pass in closed form. It is based on the Sinkhorn operator in its most general form -- with learnable cost matrices and target capacities. We further provide a theoretical analysis with error bounds for approximate inputs. Finally, we demonstrate that, for a number of applications, replacing automatic differentiation with our module often improves the stability and accuracy of the obtained gradients while drastically reducing the computation cost.",None
https://openreview.net/forum?id=MpJjrfSJ-Xs,Cross-Domain Cross-Set Few-Shot Learning via Learning Compact and Aligned Representations,few-shot learning; representation learning; domain alignment,None,"Few-shot learning (FSL) aims to recognize novel query examples with a small support set through leveraging prior knowledge learned from a large-scale training set. In this paper, we extend this task to a more practical setting where the domain shift exists between the support set and query examples and additional unlabeled data in the target domain can be adopted in the meta-training stage. Such new setting, termed cross-domain cross-set FSL (CDSC-FSL), requires the learning system not only to adapt to new classes with few examples but also to be consistent between different domains. To address this paradigm, we propose a novel approach, namely \textit{stab}PA, to learn prototypical compact and cross-domain aligned representations, so that domain shift and few-shot adaptation can be addressed simultaneously. We evaluate our approach on two new CDCS-FSL benchmarks adapted from the DomainNet and Office-Home datasets, respectively. Remarkably, our approach outperforms multiple elaborated baselines by a large margin and improves 5-shot accuracy by up to 4.7 points.",We aim to address the domain shift problem between the support set and the query set of a few-shot learning task.
https://openreview.net/forum?id=5N4bCRdqHAw,MFE-NER: Multi-feature Fusion Embedding for Chinese Named Entity Recognition,Named Entity Recognition; Natural Language Processing,None,"Pre-trained language models lead Named Entity Recognition (NER) into a new era, while some more knowledge is needed to improve their performance in specific problems. In Chinese NER, character substitution is a complicated linguistic phenomenon. Some Chinese characters are quite similar for sharing the same components or having similar pronunciations. People replace characters in a named entity with similar characters to generate a new collocation but referring to the same object. It becomes even more common in the Internet age and is often used to avoid Internet censorship or just for fun. Such character substitution is not friendly to those pre-trained language models because the new collocations are occasional. As a result, it always leads to unrecognizable or recognition errors in the NER task. In this paper, we propose a new method, Multi-Feature Fusion Embedding (MFE) for Chinese Named Entity Recognition, to strengthen the language pattern of Chinese and handle the character substitution problem in Chinese Named Entity Recognition. MFE fuses semantic, glyph, and phonetic features together. In the glyph domain, we disassemble Chinese characters into components to denote structure features so that characters with similar structures can have close embedding space representation. Meanwhile, an improved phonetic system is also proposed in our work, making it reasonable to calculate phonetic similarity among Chinese characters. Experiments demonstrate that our method improves the overall performance of Chinese NER and especially performs well in informal language environments.",We propose a method fusing different features of Chinese characters to improve the performance of Chinese Named Entity Recognition models.
https://openreview.net/forum?id=UVtVRcurOYv,KGRefiner: Knowledge Graph Refinement for Improving Accuracy of Translational Link Prediction Methods,Knowledge Graph Embedding; Link Prediction; Representation Learning,None,"The Link Prediction is the task of predicting missing relations between entities of the knowledge graph. Recent work in link prediction has attempted to provide a model for increasing link prediction accuracy by using more layers in neural network architecture. In this paper, we propose a novel method of refining the knowledge graph so that link prediction operation can be performed more accurately using relatively fast translational models. Translational link prediction models, such as TransE, TransH, TransD, have less complexity than deep learning approaches. Our method uses the hierarchy of relationships and entities in the knowledge graph to add the entity information as auxiliary nodes to the graph and connect them to the nodes which contain this information in their hierarchy. Our experiments show that our method can significantly increase the performance of translational link prediction methods in H@10, MR, MRR.",A novel method of using side information for better representation learning for link prediction on knowledge graphs and especially graph structures.
https://openreview.net/forum?id=VZAgsLaP3or,Practical No-box Adversarial Attacks with Training-free Hybrid Image Transformation,no-box attack; training-free; hybrid image transformation,None,"In recent years, the adversarial vulnerability of deep neural networks (DNNs) has raised increasing attention. 
		Among all the threat models, no-box attacks are the most practical but extremely challenging since they neither rely on any knowledge of the target model or similar substitute model, nor access the dataset for training a new substitute model. Although a recent method has attempted such an attack in a loose sense, its performance is not good enough and the computational overhead of training is expensive.
		In this paper, we move a step forward and show the existence of a \textbf{training-free} adversarial perturbation under the no-box threat model, which can be successfully used to attack different DNNs in real-time.
		Motivated by our observation that high-frequency component (HFC) domains in low-level features and plays a crucial role in classification, we attack an image mainly by manipulating its frequency components. Specifically, the perturbation is combined by the suppression of the original HFC and the adding of noisy HFC.
		We empirically and experimentally analyze the requirements of effective noisy HFC and show that it should be regionally homogeneous, repeating and dense.
		Extensive experiments on the ImageNet dataset demonstrate the effectiveness of our proposed no-box method. It attacks ten well-known models with a success rate of \textbf{98.13\%} on average, which outperforms state-of-the-art no-box attacks by \textbf{29.39\%}. Furthermore, our method is even competitive to mainstream transfer-based black-box attacks. Our code is available in our appendix.",Rethinking the classification logic of DNNs and propose a no-box training-free attack
https://openreview.net/forum?id=vUvEyDA30k,Staircase Sign Method for Boosting Adversarial Attacks,black-box; transferable perturbation; simple but effective; non-targeted&targeted attacks.,None,"Crafting adversarial examples for the transfer-based attack is challenging and remains a research hot spot. Currently, such attack methods are based on the hypothesis that the substitute model and the victim's model learn similar decision boundaries, and they conventionally apply Sign Method (SM) to manipulate the gradient as the resultant perturbation. Although SM is efficient, it only extracts the sign of gradient units but ignores their value difference, which inevitably leads to a serious deviation. Therefore, we propose a novel Staircase Sign Method (S$^2$M) to alleviate this issue, thus boosting transfer-based attacks. Technically, our method heuristically divides the gradient sign into several segments according to the values of the gradient units, and then assigns each segment with a staircase weight for better crafting adversarial perturbation. As a result, our adversarial examples perform better in both white-box and black-box manner without being more visible. Since S$^2$M just manipulates the resultant gradient, our method can be generally integrated into any transfer-based attacks, and the computational overhead is negligible. Extensive experiments on the ImageNet dataset demonstrate the effectiveness of our proposed methods, which significantly improve the transferability (i.e., on average, \textbf{5.1\%} for normally trained models and \textbf{11.2\%} for adversarially trained defenses). Our code is available in the supplementary material.",Staircase Sign Method for enhancing both non-targeted and targeted transferability of adversarial examples
https://openreview.net/forum?id=K1m0oSiGasn,Adaptive Region Pooling for Fine-Grained Representation Learning,Fine-grained representation learning; Re-identification; Pooling operation,None,"Fine-grained recognition aims to discriminate the sub-categories of the images within one general category. It is fundamentally difficult due to the requirement to extract fine-grained features from subtle regions. Nonetheless, a Convolutional Neural Network typically applies strided operations to downsample the representation, which would excessively spoil the feature resolution and lead to a significant loss of fine-grained information. In this paper, we propose Adaptive Region Pooling (ARP): a novel downsampling algorithm that makes the network only focus on a smaller but more critical region, and simultaneously increase the resolution of sub-sampled feature. ARP owns a trade-off mechanism that allows users to actively balance the scale of receptive field and the granularity of feature. Also, without any learning-based parameters, ARP provides the network a stabler training process and an earlier convergence. Extensive experiments qualitatively and quantitatively validate the effectiveness and efficiency of the proposed pooling operation and show superior performance against the state-of-the-arts in both the tasks of image classification and image retrieval.",This paper introduces a novel pooling operation which would automatically focus on a smaller but more critical region and enrich the granularity of the sub-sampled representations simultaneously.
https://openreview.net/forum?id=B9LUI0pZFGc,The KFIoU Loss for Rotated Object Detection,Rotation Detection; SkewIoU loss; Kalman Filter,None,"As a fundamental building block for visual analysis across aerial images, scene text etc., rotated object detection has established itself an emerging area, which is more general than classic horizontal object detection. Differing from the horizontal detection case whereby the alignment between final detection performance and regression loss is well kept thanks to the differentiable IoU loss, rotation detection involves the so-called SkewIoU that is undifferentiable. In this paper, we design a novel approximate SkewIoU loss based on Kalman filter, namely KFIoU loss. To avoid the standing and well-known boundary discontinuity and square-like problems, we convert the rotating bounding box into a Gaussian distribution, in line with recent Gaussian-based rotation detection works. Then we use the center loss to narrow the distance between the center of the two Gaussian distributions, followed by calculating the overlap area under the new position through Kalman filter. We qualitatively show the value consistency between KFIoU loss and the SkewIoU loss for rotation detection in different cases. We further extend our technique to the 3-D case which also suffers from the same issues as 2-D object detection. Extensive experimental results on various public datasets (2-D/3-D, aerial/text images) with different base detectors show the effectiveness of our approach. The source code will be made public available.",A novel approximate SkewIoU loss based on Gaussian modeling and Kalman filter.
https://openreview.net/forum?id=Xk1kE26xYS9,Learning Pessimism for Robust and Efficient Off-Policy Reinforcement Learning,Reinforcement learning; Off-policy learning; Continuous control; Machine learning,None,"Popular off-policy deep reinforcement learning algorithms compensate for overestimation bias during temporal-difference learning by utilizing pessimistic estimates of the expected target returns. In this work, we propose a novel learnable penalty to enact such pessimism, based on a new way to quantify the critic's epistemic uncertainty. Furthermore, we propose to learn the penalty alongside the critic with dual TD-learning, a strategy to estimate and minimize the bias magnitude in the target returns. Our method enables us to accurately counteract overestimation bias throughout training without incurring the downsides of overly pessimistic targets. Empirically, by integrating our method and other orthogonal improvements with popular off-policy algorithms, we achieve state-of-the-art results in continuous control tasks from both proprioceptive and pixel observations.",Improving off-policy reinforcement learning by adaptively recovering a penalty to accurately counteract overestimation bias.
https://openreview.net/forum?id=32KyhxmvmO,Learning Representations of Partial Subgraphs by Subgraph InfoMax,Graph Neural Network; Subgraph; Mutual Information Maximization,None,"Subgraphs are important substructures of graphs, but learning their representations has not been studied well. Particularly, when we have partial subgraphs, existing node- or subgraph-level message-passing is likely to produce suboptimal representations. In this paper, we propose Intra- and Inter-Subgraph InfoMax, a model that learns subgraph representations under incomplete observation. Our model employs subgraph summaries at two different levels while maximizing the mutual information between the subgraph summaries and the node representations. By doing so, we reconstruct the representation of the underlying subgraph and improve its expressiveness from different angles of the local-global structure. We conduct experiments on three real-world datasets under training and evaluation protocols designed for this problem. Experimental results show that our model outperforms baselines in all settings.","We propose Intra- and Inter-Subgraph InfoMax, a model that learns a subgraph representation under partial observation."
https://openreview.net/forum?id=aUkOeKsGe2X,Autoencoder for Synthetic to Real Generalization: From Simple to More Complex Scenes,Autoencoder; sim2real; mpi3d; sviro,None,"Learning on synthetic data and transferring the resulting properties to their real counterparts is an important challenge for reducing costs and increasing safety in machine learning. In this work, we focus on autoencoder architectures and aim at learning latent space representations that are invariant to inductive biases caused by the domain shift between simulated and real images showing the same scenario. We train on synthetic images only, present approaches to increase generalizability and improve the preservation of the semantics to real datasets of increasing visual complexity. We show that pre-trained feature extractors (e.g. VGG) can be sufficient for generalization on images of lower complexity, but additional improvements are required for visually more complex scenes. To this end, we demonstrate that a sampling technique, which matches semantically important parts of the image, while randomizing the other parts, leads to salient feature extraction and a neglection of unimportant parts. This helps the generalization to real data and can further be improved via triplet-loss structuring of the latent space. We show that our approach outperforms classification models fine-tuned on the same data.",We investigate autoencoder architecture improvements on several datasets (from visually simple to more complex) for learning only on synthetic data and generalizing to real data of an industrial application..
https://openreview.net/forum?id=X5S3pEGPZv8,Revisiting Skeleton-based Action Recognition,action; skeleton; video; recognition,None,"Human skeleton, as a compact representation of human action, has received increasing attention in recent years. Many skeleton-based action recognition methods adopt GCNs to extract features on top of human skeletons. Despite the positive results shown in these attempts, GCN-based methods are subject to limitations in robustness, interoperability, and scalability. In this work, we propose PoseConv3D, a new approach to skeleton-based action recognition. PoseConv3D relies on a 3D heatmap stack instead of a graph sequence as the base representation of human skeletons. Compared to GCN-based methods, PoseConv3D is more effective in learning spatiotemporal features, more robust against pose estimation noises, and generalizes better in cross-dataset settings. Also, PoseConv3D can handle multiple-person scenarios without additional computation cost, and its features can be easily integrated with other modalities at early fusion stages, providing a great design space to boost the performance. PoseConv3D achieves the state-of-the-art on five of six standard skeleton-based action recognition benchmarks. Once fused with other modalities, it achieves the state-of-the-art on all eight multi-modality action recognition benchmarks.","We propose an alternative 3D-CNN-based approach for skeleton-based action recognition, which achieves state-of-the-art performance and has many good characteristics."
https://openreview.net/forum?id=eoShjXqWkr,STransGAN: An Empirical Study on Transformer in GANs,GAN; Transformer; generative models,None,"Transformer becomes prevalent in computer vision, especially for high-level vision tasks. However, deploying Transformer in the generative adversarial network (GAN) framework is still an open yet challenging problem. In this paper, we conduct a comprehensive empirical study to investigate the intrinsic properties of Transformer in GAN for high-fidelity image synthesis. Our analysis highlights the importance of feature locality in image generation. We first investigate the effective ways to implement local attention. We then examine the influence of residual connections in self-attention layers and propose a novel way to reduce their negative impacts on learning discriminators and conditional generators. Our study leads to a new design of Transformers in GAN, a convolutional neural network (CNN)-free generator termed as STrans-G, which achieves competitive results in both unconditional and conditional image generations. The Transformer-based discriminator, STrans-D, also significantly reduces its gap against the CNN-based discriminators. Models and code will be publicly available.",We conduct a comprehensive empirical study to investigate the intrinsic properties of Transformer in GAN for high-fidelity image synthesis.
https://openreview.net/forum?id=EhdacditHf9,The Number of Steps Needed for Nonconvex Optimization of a Deep Learning Optimizer is a Rational Function of Batch Size,Adam; deep learning optimizer; momentum; nonconvex optimization; optimal batch size; SGD,None,"Recently, convergence as well as convergence rate analyses of deep learning optimizers for nonconvex optimization have been widely studied. Meanwhile, numerical evaluations for the optimizers have precisely clarified the relationship between batch size and the number of steps needed for training deep neural networks. The main contribution of this paper is to show theoretically that the number of steps needed for nonconvex optimization of each of the optimizers can be expressed as a rational function of batch size. Having these rational functions leads to two particularly important facts, which were validated numerically in previous studies. The first fact is that there exists an optimal batch size such that the number of steps needed for nonconvex optimization is minimized. This implies that using larger batch sizes than the optimal batch size does not decrease the number of steps needed for nonconvex optimization. The second fact is that the optimal batch size depends on the optimizer. In particular, it is shown theoretically that momentum and Adam-type optimizers can exploit larger optimal batches and further reduce the minimum number of steps needed for nonconvex optimization than can the stochastic gradient descent optimizer.",The number of steps needed for nonconvex optimization of a deep learning optimizer is a rational function of batch size.
https://openreview.net/forum?id=dZ_4XPnNl56,Training Deep Spiking Neural Networks with Bio-plausible Learning Rules,spiking neural network; bio-plausible; deep learning; STDP,None,"There exists a marked cleavage between the biological plausible approaches and the practical backpropagation-based approaches on how to train a deep spiking neural network (DSNN) with better performance. The well-known bio-plausible learning rule Spike-Timing-Dependent-Plasticity (STDP) cannot explain how the brain adjusts synaptic weights to encode information through accurate spike timing, while the widely applied backpropagation (BP) algorithms lack a biologically credible mechanism. In this work, we wish to answer the question of whether it is possible to train a DSNN using bio-plausible learning rules only and reach the comparable accuracy trained by the BP-based learning rules. We observed that the STDP learning rule calculated between the membrane potential waveform in the apical dendrite of a pyramidal cell and its input spike train with the help of local recurrent connections synthesized by somatostatin (SOM) interneurons is able to perform supervised learning. This architecture is also supported by recent observations of the brain's cortical microcircuits. This new view of how spiking neurons may accurately adjust their complex temporal dynamics with the help of special local feedback connections bridges the performance gap between the bio-plausible approaches and the BP-based approaches and provides a possible answer to how our brain learns. We verify our observation with a simplified spiking neuron model and two different cell types on several datasets and further provide theoretical proof of the equivalence between STDP and BP under a special circumstance.",We use bio-plausible STDP-based learning rules to realize supervised learning in training multi-layers deep spiking neural networks and prove the equivalence between our method and backpropagation under a special circumstance.
https://openreview.net/forum?id=pP9ag2g5f0,Exploring Complicated Search Spaces with Interleaving-Free Sampling,Complicated search spaces; Interleaving-free sampling; Interleaved connections; Degradation,None,"The design of search space plays a crucial role in neural architecture search (NAS). Existing search spaces mostly involve short-distance connections arguably due to the increasing difficulty brought by long-distance ones. This paper systematically studies this problem in the context of super-network optimization, and reveals that the interleaved connections introduce significant noises to the amortized accuracy. Based on the observation, we propose a simple yet effective interleaving-free sampling algorithm to aid the search process, and name our method as IF-NAS. In each iteration, IF-NAS samples a sub-network that does not contain any interleaved connections. We design a difficult search space with a large number of complicatedly connected nodes, $10^{186}\times$ larger than the DARTS space, on which IF-NAS outperforms other competitors evidently. IF-NAS also generalizes to the known (easier) search spaces including DARTS and GOLD-NAS, the design of which carries great prior knowledge. Our research sheds light on extending the macro structure which is well acknowledged as a major challenge of NAS.","We propose IF-NAS to explore complicated search spaces, where most search methods degrade because of the difficulties caused by interleaved connections."
https://openreview.net/forum?id=25HMCfbzOC,Learning Complex Geometric Structures from Data with Deep Riemannian Manifolds,manifold; geometry; graph embedding; geodesic; differential equations; BVP; differentiable programming,None,"We present Deep Riemannian Manifolds, a new class of neural network parameterized Riemannian manifolds that can represent and learn complex geometric structures. To do this, we first construct a neural network which outputs symmetric positive definite matrices and show that the induced metric can universally approximate all geometries. We then develop differentiable solvers for core manifold operations like the Riemannian exponential and logarithmic map, allowing us to train the manifold parameters in an end-to-end machine learning system. We apply our method to learn 1) low-distortion manifold graph embeddings and 2) the underlying manifold of geodesic data. In addition to improving upon the baselines, our ability to directly optimize the Riemannian manifold brings to light new perspectives with which to view these tasks.",We construct neural network parameterized Riemannian manifolds and differentiable numerical manifold operations to fit the geometry of data.
https://openreview.net/forum?id=F6S_3RSWFI7,Revisiting the Monotonicity Constraint in Cooperative Multi-Agent Reinforcement Learning,multi-agent; reinforcement learning; monotonicity constraint,None,"QMIX, a popular MARL algorithm based on the monotonicity constraint, has been used as a baseline for the benchmark environments, such as Starcraft Multi-Agent Challenge (SMAC), Predator-Prey (PP). 
Recent variants of QMIX target relaxing the monotonicity constraint of QMIX to improve the expressive power of QMIX, allowing for performance improvement in SMAC. 
However, we find that such performance improvements of the variants are significantly affected by various implementation tricks. In this paper, we revisit the monotonicity constraint of QMIX,
(1) we design a novel model RMC to further investigate the monotonicity constraint; the results show that monotonicity constraint can improve sample efficiency in some purely cooperative tasks;
(2) we then re-evaluate the performance of QMIX and these variants by a grid hyperparameter search for the tricks; the results show QMIX achieves the best performance among them, achieving SOTA performance on SMAC and PP;
(3) we analyze the monotonic mixing network from a theoretical perspective and show that it can represent any tasks which can be interpreted as purely cooperative. These analyses demonstrate that relaxing the monotonicity constraint of the mixing network will not always improve the performance of QMIX, which breaks our previous impressions of the monotonicity constraints.",None
https://openreview.net/forum?id=g9B7h9gycMg,LONG-TAILED RECOGNITION BY LEARNING FROM LATENT CATEGORIES,Long-Tailed Recognition; Latent Category,None,"In this work, we address the challenging task of long-tailed recognition. Previous long-tailed recognition methods commonly focus on data augmentation of tailed classes or re-balancing strategy to give more attention to tailed classes during training. However, due to the limited training images for tailed classes, the diversity of augmented images are still restricted, which results in poor feature representations.  In this work, we argue that there are common latent features between the head and tailed classes that can be used to give better feature representation. We propose to learn a set of semantic and class-agnostic latent features shared by the head and tailed classes. Then, we implicitly enrich the training sample diversity via leveraging semantic data augmentation for the commonality features. We evaluate our methods on several popular long-tailed datasets and achieve new state-of-the-art performance consistently.","We propose to learn a set of semantic and class-agnostic latent features shared by the head and tailed classes. Then, we explicitly enrich the training sample diversity via leveraging semantic data augmentation for the commonality features."
