urls,titles,keywords,tldrs,abstracts,one_sentence_summ
https://openreview.net/forum?id=DTXZqTNV5nW,Actor-Critic Policy Optimization in a Large-Scale Imperfect-Information Game,Policy Optimization; Nash Equilibrium; Mahjong AI,None,"The deep policy gradient method has demonstrated promising results in many large-scale games, where the agent learns purely from its own experience. Yet, policy gradient methods with self-play suffer convergence problems to a Nash Equilibrium (NE) in multi-agent situations. Counterfactual regret minimization (CFR) has a convergence guarantee to a NE in 2-player zero-sum games, but it usually needs domain-specific abstractions to deal with large-scale games.  Inheriting merits from both methods, in this paper we extend the actor-critic algorithm framework in deep reinforcement learning to tackle a large-scale 2-player zero-sum imperfect-information game, 1-on-1 Mahjong, whose information set size and game length are much larger than poker. The proposed algorithm, named Actor-Critic Hedge (ACH), modifies the policy optimization objective from originally maximizing the discounted returns to minimizing a type of weighted cumulative counterfactual regret. This modification is achieved by approximating the regret via a deep neural network and minimizing the regret via generating self-play policies using Hedge. ACH is theoretically justified as it is derived from a neural-based weighted CFR, for which we prove the convergence to a NE under certain conditions. Experimental results on the proposed 1-on-1 Mahjong benchmark and benchmarks from the literature demonstrate that ACH outperforms related state-of-the-art methods. Also, the agent obtained by ACH defeats a human champion in 1-on-1 Mahjong.",A new actor-critic algorithm for approximating a Nash Equilibrium in the large-scale imperfect-information game 1v1 Mahjong.
https://openreview.net/forum?id=EHaUTlm2eHg,Policy Gradients Incorporating the Future,None,None,"Reasoning about the future -- understanding how decisions in the present time affect outcomes in the future -- is one of the central challenges for reinforcement learning (RL), especially in highly-stochastic or partially observable environments. While predicting the future directly is hard, in this work we introduce a method that allows an agent to ``look into the future'' without explicitly predicting it. Namely, we propose to allow an agent, during its training on past experience, to observe what \emph{actually} happened in the future at that time, while enforcing an information bottleneck to avoid the agent overly relying on this privileged information. Coupled with recent advances in variational inference and a latent-variable autoregressive model, this gives our agent the ability to utilize rich and \emph{useful} information about the future trajectory dynamics in addition to the present. Our method, Policy Gradients Incorporating the Future (PGIF), is easy to implement and versatile, being applicable to virtually any policy gradient algorithm. We apply our proposed method to a number of off-the-shelf RL algorithms and show that PGIF is able to achieve higher reward faster in a variety of online and offline RL domains, as well as sparse-reward and partially observable environments.",None
https://openreview.net/forum?id=rzvOQrnclO0,Gradient Information Matters in Policy Optimization by Back-propagating through Model,Model-based RL; Policy Optimization,None,"Model-based reinforcement learning provides an efficient mechanism to find the optimal policy by interacting with the learned environment. In addition to treating the learned environment like a black-box simulator, a more effective way to use the model is to exploit its differentiability. Such methods require the gradient information of the learned environment model when calculating the policy gradient. However, since the error of gradient is not considered in the model learning phase, there is no guarantee for the model's accuracy. To address this problem, we first analyze the convergence rate for the policy optimization methods when the policy gradient is calculated using the learned environment model. The theoretical results show that the model gradient error matters in the policy optimization phrase. Then we propose a two-model-based learning method to control the prediction error and the gradient error. We separate the different roles of these two models at the model learning phase and coordinate them at the policy optimization phase. After proposing the method, we introduce the directional derivative projection policy optimization (DDPPO) algorithm as a practical implementation to find the optimal policy. Finally, we empirically demonstrate the proposed algorithm has better sample efficiency when achieving a comparable or better performance on benchmark continuous control tasks.","Considering the gradient information in the model learning is crucial for the model-based policy optimization according to our theoritical results. Motivated by such conclusion, we design a novel DDPPO algorithm that can achieve the SOTA performance."
https://openreview.net/forum?id=xm6YD62D1Ub,VICReg: Variance-Invariance-Covariance Regularization for Self-Supervised Learning,self-supervised learning; representation learning; computer vision,None,"Recent self-supervised methods for image representation learning maximize the agreement between embedding vectors produced by encoders fed with different views of the same image.  The main challenge is to prevent a collapse in which the encoders produce constant or non-informative vectors. We introduce VICReg (Variance-Invariance-Covariance Regularization), a method that explicitly avoids the collapse problem with two regularizations terms applied to both embeddings separately: (1) a term that maintains the variance of each embedding dimension above a threshold,  (2) a term that decorrelates each pair of variables. Unlike most other approaches to the same problem, VICReg does not require techniques such as: weight sharing between the branches, batch normalization, feature-wise normalization, output quantization, stop gradient, memory banks, etc., and achieves results on par with the state of the art on several downstream tasks. In addition, we show that our variance regularization term stabilizes the training of other methods and leads to performance improvements.",Variance regularization prevents collapse in self-supervised representation learning
https://openreview.net/forum?id=gI7feJ9yXPz,High Probability Generalization Bounds with Fast Rates for Minimax Problems,None,None,"Minimax problems are receiving an increasing amount of attention in a wide range of applications in machine learning (ML), for instance, reinforcement learning, robust optimization, adversarial learning, and distributed computing, to mention but a few. Current studies focus on the fundamental understanding of general minimax problems with an emphasis on convergence behavior. As a comparison, there is far less work to study the generalization performance. Additionally, existing generalization bounds are almost all derived in expectation, and the high probability bounds are all presented in the slow order $\mathcal{O}(1/\sqrt{n})$, where $n$ is the sample size. In this paper, we provide improved generalization analyses and obtain sharper high probability generalization bounds for most existing generalization measures of minimax problems. We then use the improved learning bounds to establish high probability generalization bounds with fast rates for classical empirical saddle point (ESP) solution and several popular gradient-based optimization algorithms, including gradient descent ascent (GDA), stochastic gradient descent ascent (SGDA), proximal point method (PPM), extra-gradient (EG), and optimistic gradient descent ascent (OGDA). In summary, we provide a systematical analysis of sharper generalization bounds of minimax problems.",None
https://openreview.net/forum?id=Z8FzvVU6_Kj,SUMNAS: Supernet with Unbiased Meta-Features for Neural Architecture Search,Neural architecture search,None,"One-shot Neural Architecture Search (NAS) usually constructs an over-parameterized network, which we call a supernet, and typically adopts sharing parameters among the sub-models to improve computational efficiency. One-shot NAS often repeatedly samples sub-models from the supernet and trains them to optimize the shared parameters. However, this training strategy suffers from multi-model forgetting. Training a sampled sub-model overrides the previous knowledge learned by the other sub-models, resulting in an unfair performance evaluation between the sub-models. We propose Supernet with Unbiased Meta-Features for Neural Architecture Search (SUMNAS), a supernet learning strategy based on meta-learning to tackle the knowledge forgetting issue. During the training phase, we explicitly address the multi-model forgetting problem and help the supernet learn unbiased meta-features, independent from the sampled sub-models. Once training is over, sub-models can be instantly compared to get the overall ranking or the best sub-model. Our evaluation on the NAS-Bench-201 and MobileNet-based search space demonstrate that SUMNAS shows improved ranking ability and finds architectures whose performance is on par with existing state-of-the-art NAS algorithms.",We propose a supernet learning strategy that learns unbiased meta-features to tackle multi-model forgetting problem of neural architecture search.
https://openreview.net/forum?id=_XNtisL32jv,Temporal Efficient Training of Spiking Neural Network via Gradient Re-weighting,Spiking Neural Networks; Direct Training; Surrogate Gradient; Generalizability,None,"Recently, brain-inspired spiking neuron networks (SNNs) have attracted widespread research interest because of their event-driven and energy-efficient characteristics. It is difficult to efficiently train deep SNNs due to the non-differentiability of its activation function, which disables the typically used gradient descent approaches for traditional artificial neural networks (ANNs). Although the adoption of surrogate gradient (SG) formally allows for the back-propagation of losses, the discrete spiking mechanism actually differentiates the loss landscape of SNNs from that of ANNs, failing the surrogate gradient methods to achieve comparable accuracy as for ANNs. In this paper, we first analyze why the current direct training approach with surrogate gradient results in SNNs with poor generalizability. Then we introduce the temporal efficient training (TET) approach to compensate for the loss of momentum in the gradient descent with SG so that the training process can converge into flatter minima with better generalizability. Meanwhile, we demonstrate that TET improves the temporal scalability of SNN and induces a temporal inheritable training for acceleration. Our method consistently outperforms the SOTA on all reported mainstream datasets, including CIFAR-10/100 and ImageNet. Remarkably on DVS-CIFAR10, we obtained  83% top-1 accuracy, over 10% improvement compared to existing state of the art.","This paper provides a novel temporal efficient training method for SNN, which significantly improves performance by modifying the optimization target."
https://openreview.net/forum?id=u6TRGdzhfip,Reliable Adversarial Distillation with Unreliable Teachers,None,None,"In ordinary distillation, student networks are trained with soft labels (SLs) given by pretrained teacher networks, and students are expected to improve upon teachers since SLs are stronger supervision than the original hard labels. However, when considering adversarial robustness, teachers may become unreliable and adversarial distillation may not work: teachers are pretrained on their own adversarial data, and it is too demanding to require that teachers are also good at every adversarial data queried by students. Therefore, in this paper, we propose reliable introspective adversarial distillation (IAD) where students partially instead of fully trust their teachers. Specifically, IAD distinguishes between three cases given a query of a natural data (ND) and the corresponding adversarial data (AD): (a) if a teacher is good at AD, its SL is fully trusted; (b) if a teacher is good at ND but not AD, its SL is partially trusted and the student also takes its own SL into account; (c) otherwise, the student only relies on its own SL. Experiments demonstrate the effectiveness of IAD for improving upon teachers in terms of adversarial robustness.",None
https://openreview.net/forum?id=NyJ2KIN8P17,Neural Program Synthesis with Query,None,None,"Aiming to find a program satisfying the user intent given input-output examples, program synthesis has attracted increasing interest in the area of machine learning. Despite the promising performance of existing methods, most of their success comes from the privileged information of well-designed input-output examples. However, providing such input-output examples is unrealistic because it requires the users to have the ability to describe the underlying program with a few input-output examples under the training distribution. In this work, we propose a query-based framework that trains a query neural network to generate informative input-output examples automatically and interactively from a large query space. The quality of the query depends on the amount of the mutual information between the query and the corresponding program, which can guide the optimization of the query framework. To estimate the mutual information more accurately, we introduce the functional space (F-space) which models the relevance between the input-output examples and the programs in a differentiable way. We evaluate the effectiveness and generalization of the proposed query-based framework on the Karel task and the list processing task. Experimental results show that the query-based framework can generate informative input-output examples which achieve
and even outperform well-designed input-output examples.",We propose a query-based framework for the interactive program synthesis.
https://openreview.net/forum?id=HTVch9AMPa,Delaunay Component Analysis for Evaluation of Data Representations,Interpretation and Evaluation of Learned Representations; Generative Models; Contrastive Learning,None,"Advanced representation learning techniques require reliable and general evaluation methods. Recently, several algorithms based on the common idea of geometric and topological analysis of a manifold approximated from the learned data representations have been proposed. In this work, we introduce Delaunay Component Analysis (DCA) -- an evaluation algorithm which approximates the data manifold using a more suitable neighbourhood graph called Delaunay graph. This provides a reliable manifold estimation even for challenging geometric arrangements of representations such as clusters with varying shape and density as well as outliers, which is where existing methods often fail. Furthermore, we exploit the nature of Delaunay graphs and introduce a framework for assessing the quality of individual novel data representations.  We experimentally validate the proposed DCA method on representations obtained from neural networks trained with contrastive objective, supervised and generative models, and demonstrate various use cases of our extended single point evaluation framework.",We present Delaunay Component Analysis (DCA) framework for evaluation of learned data representations which anayzes geometric and topological properties of representation spaces using Delaunay graphs.
https://openreview.net/forum?id=p0rCmDEN_-,Visual hyperacuity with moving sensor and recurrent neural computations,visual system; convolutional neural networks; recurrent neural networks; active vision; active sensing; ocular drift,None,"Dynamical phenomena, such as recurrent neuronal activity  and perpetual motion of the eye, are typically overlooked in models of bottom-up visual perception. Recent experiments suggest that tiny inter-saccadic eye motion (""fixational drift"") enhances visual  acuity beyond the limit imposed by the density of retinal photoreceptors. Here we hypothesize that such an enhancement is enabled by recurrent neuronal computations in early visual areas. Specifically, we explore a setting involving a low-resolution dynamical sensor that moves with respect to a static scene, with drift-like tiny steps. This setting mimics a dynamical eye viewing objects in perceptually-challenging conditions. The dynamical sensory input is classified by a convolutional neural network with recurrent connectivity added to its lower layers, in analogy to recurrent connectivity in early visual areas.  Applying our system to CIFAR-10 and CIFAR-100 datasets down-sampled via 8x8 sensor, we found that (i) classification accuracy, which is drastically reduced by this down-sampling, is mostly restored to its 32x32 baseline level when using a moving sensor and recurrent connectivity, (ii) in this setting, neurons in the early layers exhibit a wide repertoire of selectivity patterns, spanning the spatiotemporal selectivity space, with neurons preferring different combinations of spatial and temporal patterning, and (iii) curved sensor's trajectories improve  visual acuity compared to straight trajectories, echoing recent experimental findings involving eye-tracking in challenging conditions. Our work sheds light on the possible role of recurrent connectivity in early vision as well as the roles of fixational drift and temporal-frequency selective cells in the visual system. It also proposes a solution for artificial image recognition in settings with limited resolution and multiple time samples, such as in edge AI applications.",We show how recurrent connectivity in early vision together with eye motion helps to cope with limited sensor's spatial resolution.
https://openreview.net/forum?id=2ggNjUisGyr,Partial Wasserstein Adversarial Network for Non-rigid Point Set Registration,partial Wasserstein discrepancy; partial distribution matching; point set registration,None,"Given two point sets, the problem of registration is to recover a transformation that matches one set to the other. This task is challenging due to the presence of large number of outliers, the unknown non-rigid deformations and the large sizes of point sets. To obtain strong robustness against outliers, we formulate the registration problem as a partial distribution matching (PDM) problem, where the goal is to partially match the distributions represented by point sets in a metric space. To handle large point sets, we propose a scalable PDM algorithm by utilizing the efficient partial Wasserstein-1 (PW) discrepancy. Specifically, we derive the Kantorovich-Rubinstein duality for the PW discrepancy, and show its gradient can be explicitly computed. Based on these results, we propose a partial Wasserstein adversarial network (PWAN),  which is able to approximate the PW discrepancy by a neural network, and minimize it by gradient descent. In addition,
it also incorporates an efficient coherence regularizer for non-rigid transformations to avoid unrealistic deformations. We evaluate PWAN on practical point set registration tasks, and show that the proposed PWAN is robust, scalable and performs more favorably than the state-of-the-art methods.","We propose a method for large scale partial distribution matching problem, and apply it to non-rigid point set registration task."
https://openreview.net/forum?id=xFOyMwWPkz,Quantitative Performance Assessment of CNN Units via Topological Entropy Calculation,interpretation of neural network units; computational topology; convolutional neural networks; entropy,None,"Identifying the status of individual network units is critical for understanding the mechanism of convolutional neural networks (CNNs). However, it is still challenging to reliably give a general indication of unit status, especially for units in different network models. To this end, we propose a novel method for quantitatively clarifying the status of single unit in CNN using algebraic topological tools. Unit status is indicated via the calculation of a defined topological-based entropy, called feature entropy, which measures the degree of chaos of the global spatial pattern hidden in the unit for a category. In this way, feature entropy could provide an accurate indication of status for units in different networks with diverse situations like weight-rescaling operation. Further, we show that feature entropy decreases as the layer goes deeper and shares almost simultaneous trend with loss during training. We show that by investigating the feature entropy of units on only training data, it could give discrimination between networks with different generalization ability from the view of the effectiveness of feature representations.",We propose a novel method for quantitatively clarifying the status of individual units in CNNs and show its value in interpreting networks with different generalization ability.
https://openreview.net/forum?id=1zwleytEpYx,Imitation Learning by Reinforcement Learning,reinforcement learning; imitation learning; Markov Decision Process; continuous control,None,"Imitation learning algorithms learn a policy from demonstrations of expert behavior. We show that, for deterministic experts, imitation learning can be done by reduction to reinforcement learning with a stationary reward. Our theoretical analysis both certifies the recovery of expert reward and bounds the total variation distance between the expert and the imitation learner, showing a link to adversarial imitation learning. We conduct experiments which confirm that our reduction works well in practice for continuous control tasks.","For deterministic experts, you can do imitation learning by calling an RL solver once, with a stationary reward signal."
https://openreview.net/forum?id=81e1aeOt-sd,On-Policy Model Errors in Reinforcement Learning,Model-based reinforcement learning; reinforcement learning; model learning,None,"Model-free reinforcement learning algorithms can compute policy gradients given sampled environment transitions, but require large amounts of data. In contrast, model-based methods can use the learned model to generate new data, but model errors and bias can render learning unstable or suboptimal. In this paper, we present a novel method that combines real-world data and a learned model in order to get the best of both worlds. The core idea is to exploit the real-world data for on-policy predictions and use the learned model only to generalize to different actions. Specifically, we use the data as time-dependent on-policy correction terms on top of a learned model, to retain the ability to generate data without accumulating errors over long prediction horizons. We motivate this method theoretically and show that it counteracts an error term for model-based policy improvement. Experiments on MuJoCo- and PyBullet-benchmarks show that our method can drastically improve existing model-based approaches without introducing additional tuning parameters.",We combine real-world data and a learned model for data-efficient reinforcement learning with reduced model-bias.
https://openreview.net/forum?id=O50443AsCP,TAPEX: Table Pre-training via Learning a Neural SQL Executor,table pre-training; sythetic pre-training; SQL execution; table-based question answering; table-based fact verification,None,"Recent progress in language model pre-training has achieved a great success via leveraging large-scale unstructured textual data. However, it is still a challenge to apply pre-training on structured tabular data due to the absence of large-scale high-quality tabular data. In this paper, we propose TAPEX to show that table pre-training can be achieved by learning a neural SQL executor over a synthetic corpus, which is obtained by automatically synthesizing executable SQL queries and their execution outputs. TAPEX addresses the data scarcity challenge via guiding the language model to mimic a SQL executor on the diverse, large-scale and high-quality synthetic corpus. We evaluate TAPEX on four benchmark datasets. Experimental results demonstrate that TAPEX outperforms previous table pre-training approaches by a large margin and achieves new state-of-the-art results on all of them. This includes the improvements on the weakly-supervised WikiSQL denotation accuracy to 89.5% (+2.3%), the WikiTableQuestions denotation accuracy to 57.5% (+4.8%), the SQA denotation accuracy to 74.5% (+3.5%), and the TabFact accuracy to 84.2% (+3.2%). To our knowledge, this is the first work to exploit table pre-training via synthetic executable programs and to achieve new state-of-the-art results on various downstream tasks. Our code can be found at https://github.com/microsoft/Table-Pretraining.","This work performs table pre-training by learning a neural SQL executor over a synthetic corpus, which is obtained by automatically synthesizing executable SQL queries and their execution results."
https://openreview.net/forum?id=9SDQB3b68K,DARA: Dynamics-Aware Reward Augmentation in Offline Reinforcement Learning,None,None,"Offline reinforcement learning algorithms promise to be applicable in settings where a fixed dataset is available and no new experience can be acquired. However, such formulation is inevitably offline-data-hungry and, in practice, collecting a large offline dataset for one specific task over one specific environment is also costly and laborious. In this paper, we thus 1) formulate the offline dynamics adaptation by using (source) offline data collected from another dynamics to relax the requirement for the extensive (target) offline data, 2) characterize the dynamics shift problem in which prior offline methods do not scale well, and 3) derive a simple dynamics-aware reward augmentation (DARA) framework from both model-free and model-based offline settings. Specifically, DARA emphasizes learning from those source transition pairs that are adaptive for the target environment and mitigates the offline dynamics shift by characterizing state-action-next-state pairs instead of the typical state-action distribution sketched by prior offline RL methods. The experimental evaluation demonstrates that DARA, by augmenting rewards in the source offline dataset, can acquire an adaptive policy for the target environment and yet significantly reduce the requirement of target offline data. With only modest amounts of target offline data, our performance consistently outperforms the prior offline RL methods in both simulated and real-world tasks.",None
https://openreview.net/forum?id=P07dq7iSAGr,Explaining Point Processes by Learning Interpretable Temporal Logic Rules,Temporal Point Process; Temporal Logic Rules; Explainable Models,None,"We propose a principled method to learn a set of human-readable logic rules to explain temporal point processes. 
We assume that the generative mechanisms underlying the temporal point processes are governed by a set of first-order temporal logic rules, as a compact representation of domain knowledge. Our method formulates the rule discovery process from noisy event data as a maximum likelihood problem, and designs an efficient and tractable branch-and-price algorithm to progressively search for new rules and expand existing rules. The proposed algorithm alternates between the rule generation stage and the rule evaluation stage, and uncovers the most important collection of logic rules within a fixed time limit for both synthetic and real event data. In a real healthcare application, we also had human experts (i.e., doctors) verify the learned temporal logic rules and provide further improvements. These expert-revised interpretable rules lead to a point process model which outperforms previous state-of-the-arts for symptom prediction, both in their occurrence times and types.",We propose a principled method to learn a set of human-readable logic rules to explain temporal point processes.
https://openreview.net/forum?id=eBCmOocUejf,On Robust Prefix-Tuning for Text Classification,prefix-tuning; pretrained language models; text classification; robustness in NLP; optimal control,None,"Recently, prefix-tuning has gained increasing attention as a parameter-efficient finetuning method for large-scale pretrained language models. The method keeps the pretrained models fixed and only updates the prefix token parameters for each downstream task. Despite being lightweight and modular, prefix-tuning still lacks robustness to textual adversarial attacks. However, most currently developed defense techniques necessitate auxiliary model update and storage, which inevitably hamper the modularity and low storage of prefix-tuning. In this work, we propose a robust prefix-tuning framework that preserves the efficiency and modularity of prefix-tuning. The core idea of our framework is leveraging the layerwise activations of the language model by correctly-classified training data as the standard for additional prefix finetuning. During the test phase, an extra batch-level prefix is tuned for each batch and added to the original prefix for robustness enhancement. Extensive experiments on three text classification benchmarks show that our framework substantially improves robustness over several strong baselines against five textual attacks of different types while maintaining comparable accuracy on clean texts. We also interpret our robust prefix-tuning framework from the optimal control perspective and pose several directions for future research.",We propose a robust prefix-tuning framework that improves robustness of prefix-tuning against different types of attacks while preserving its efficiency and modularity with interpretation from the perspective of optimal control.
https://openreview.net/forum?id=0sgntlpKDOz,Learning Graphon Mean Field Games and Approximate Nash Equilibria,Mean Field Games; Reinforcement Learning; Multi Agent Systems,None,"Recent advances at the intersection of dense large graph limits and mean field games have begun to enable the scalable analysis of a broad class of dynamical sequential games with large numbers of agents. So far, results have been largely limited to graphon mean field systems with continuous-time diffusive or jump dynamics, typically without control and with little focus on computational methods. We propose a novel discrete-time formulation for graphon mean field games as the limit of non-linear dense graph Markov games with weak interaction. On the theoretical side, we give extensive and rigorous existence and approximation properties of the graphon mean field solution in sufficiently large systems. On the practical side we provide general learning schemes for graphon mean field equilibria by either introducing agent equivalence classes or reformulating the graphon mean field system as a classical mean field system. By repeatedly finding a regularized optimal control solution and its generated mean field, we successfully obtain plausible approximate Nash equilibria in otherwise infeasible large dense graph games with many agents. Empirically, we are able to demonstrate on a number of examples that the finite-agent behavior comes increasingly close to the mean field behavior for our computed equilibria as the graph or system size grows, verifying our theory. More generally, we successfully apply policy gradient reinforcement learning in conjunction with sequential Monte Carlo methods.","We propose, analyze and solve a novel, theoretically well-founded graph-based mean field game for Nash equilibria in discrete-time dynamical systems on otherwise infeasibly large dense graphs."
https://openreview.net/forum?id=UtGtoS4CYU,Measuring CLEVRness: Black-box Testing of Visual Reasoning Models,Visual Reasoning; Visual Question Answering; Black Box Testing; Computer Vision,None,"How can we measure the reasoning capabilities of intelligence systems? Visual question answering provides a convenient framework for testing the model's abilities by interrogating the model through questions about the scene. However, despite scores of various visual QA datasets and architectures, which sometimes yield even a super-human performance, the question of whether those architectures can actually reason remains open to debate.
To answer this, we extend the visual question answering framework and propose the following behavioral test in the form of a two-player game. We consider black-box neural models of CLEVR. These models are trained on a diagnostic dataset benchmarking reasoning. Next, we train an adversarial player that re-configures the scene to fool the CLEVR model. We show that CLEVR models, which otherwise could perform at a ``human-level'', can easily be fooled by our agent. Our results 
put in doubt whether data-driven approaches can do reasoning without exploiting the numerous biases that are often present in those datasets. Finally, we also propose a controlled experiment measuring the efficiency of such models to learn and perform reasoning.",Black box testing of visual reasoning models as a two-player game.
https://openreview.net/forum?id=qqdXHUGec9h,Exploiting Class Activation Value for Partial-Label Learning,Partial-label Learning; Class Activation Map,None,"Partial-label learning (PLL) solves the multi-class classification problem, where each training instance is assigned a set of candidate labels that include the true label. Recent advances showed that PLL can be compatible with deep neural networks, which achieved state-of-the-art performance. However, most of the existing deep PLL methods focus on designing proper training objectives under various assumptions on the collected data, which may limit their performance when the collected data cannot satisfy the adopted assumptions. In this paper, we propose to exploit the learned intrinsic representation of the model to identify the true label in the training process, which does not rely on any assumptions on the collected data. We make two key contributions. As the first contribution, we empirically show that the class activation map (CAM), a simple technique for discriminating the learning patterns of each class in images, could surprisingly be utilized to make accurate predictions on selecting the true label from candidate labels. Unfortunately, as CAM is confined to image inputs with convolutional neural networks, we are yet unable to directly leverage CAM to address the PLL problem with general inputs and models. Thus, as the second contribution, we propose the class activation value (CAV), which owns similar properties of CAM, while CAV is versatile in various types of inputs and models. Building upon CAV, we propose a novel method named CAV Learning (CAVL) that selects the true label by the class with the maximum CAV for model training. Extensive experiments on various datasets demonstrate that our proposed CAVL method achieves state-of-the-art performance.",Class activation value is better for partial-label learning than the basic outputs of the classifier itself.
https://openreview.net/forum?id=9-Rfew334N,Givens Coordinate Descent Methods for Rotation Matrix Learning in Trainable Embedding Indexes,Search index; Product quantization; Block coordinate descent,None,"Product quantization (PQ) coupled with a space rotation, is widely used in modern approximate nearest neighbor (ANN) search systems to significantly compress the disk storage for embeddings and speed up the inner product computation. Existing rotation learning methods, however, minimize quantization distortion for fixed embeddings, which are not applicable to an end-to-end training scenario where embeddings are updated constantly. In this paper, based on geometric intuitions from Lie group theory,  in particular the special orthogonal groupSO(n),  we propose a family of block Givens coordinate descent algorithms to learn rotation matrix that are provably convergent on any convex objectives. Compared to the state-of-the-art SVD method, the Givens algorithms are much more parallelizable, reducing runtime by orders of magnitude on modern GPUs, and converge more stably  according  to  experimental  studies.   They  further  improve  upon  vanilla product quantization significantly in an end-to-end training scenario.",Learning orthonormal matrix in neural networks via Givens rotations
https://openreview.net/forum?id=Bl8CQrx2Up4,cosFormer: Rethinking Softmax In Attention,Linear Transformer; softmax attention,None,"Transformer has shown great successes in natural language processing, computer vision, and audio processing. As one of its core components, the softmax attention helps to capture long-range dependencies yet prohibits its scale-up due to the quadratic space and time complexity to the sequence length. Kernel methods are often adopted to reduce the complexity by approximating the softmax operator. Nevertheless, due to the approximation errors, their performances vary in different tasks/corpus and suffer crucial performance drops when compared with the vanilla softmax attention. In this paper, we propose a linear transformer called cosFormer that can achieve comparable or better accuracy to the vanilla transformer in both casual and cross attentions. cosFormer is based on two key properties of softmax attention: i). non-negativeness of the attention matrix; ii). a non-linear re-weighting scheme that can concentrate the distribution of the attention matrix. As its linear substitute, cosFormer fulfills these properties with a linear operator and a cosine-based distance re-weighting mechanism. Extensive experiments on language modeling and text understanding tasks demonstrate the effectiveness of our method. We further examine our method on long sequences and achieve state-of-the-art performance on the Long-Range Arena benchmark. The source code is available at https://github.com/OpenNLPLab/cosFormer.",A new linear transformer.
https://openreview.net/forum?id=htWIlvDcY8,"FALCON: Fast Visual Concept Learning by Integrating Images, Linguistic descriptions, and Conceptual Relations",Neuro-Symbolic Reasoning; Concept Learning; Meta-Learning,None,"We present a meta-learning framework for learning new visual concepts quickly, from just one or a few examples, guided by multiple naturally occurring data streams: simultaneously looking at images, reading sentences that describe the objects in the scene, and interpreting supplemental sentences that relate the novel concept with other concepts. The learned concepts support downstream applications, such as answering questions by reasoning about unseen images. Our model, namely FALCON, represents individual visual concepts, such as colors and shapes, as axis-aligned boxes in a high-dimensional space (the ``box embedding space''). Given an input image and its paired sentence, our model first resolves the referential expression in the sentence and associates the novel concept with particular objects in the scene. Next, our model interprets supplemental sentences to relate the novel concept with other known concepts, such as ``X has property Y'' or ``X is a kind of Y''. Finally, it infers an optimal box embedding for the novel concept that jointly 1) maximizes the likelihood of the observed instances in the image, and 2) satisfies the relationships between the novel concepts and the known ones. We demonstrate the effectiveness of our model on both synthetic and real-world datasets.",None
https://openreview.net/forum?id=64trBbOhdGU,HyAR: Addressing Discrete-Continuous Action Reinforcement Learning via Hybrid Action Representation,None,None,"Discrete-continuous hybrid action space is a natural setting in many practical problems, such as robot control and game AI. However, most previous Reinforcement Learning (RL) works only demonstrate the success in controlling with either discrete or continuous action space, while seldom take into account the hybrid action space. One naive way to address hybrid action RL is to convert the hybrid action space into a unified homogeneous action space by discretization or continualization, so that conventional RL algorithms can be applied. However, this ignores the underlying structure of hybrid action space and also induces the scalability issue and additional approximation difficulties, thus leading to degenerated results. In this paper, we propose Hybrid Action Representation (HyAR) to learn a compact and decodable latent representation space for the original hybrid action space. HyAR constructs the latent space and embeds the dependence between discrete action and continuous parameter via an embedding table and conditional Variantional Auto-Encoder (VAE). To further improve the effectiveness, the action representation is trained to be semantically smooth through unsupervised environmental dynamics prediction. Finally, the agent then learns its policy with conventional DRL algorithms in the learned representation space and interacts with the environment by decoding the hybrid action embeddings to the original action space. We evaluate HyAR in a variety of environments with discrete-continuous action space. The results demonstrate the superiority of HyAR when compared with previous baselines, especially for high-dimensional action spaces.",None
https://openreview.net/forum?id=DesNW4-5ai9,Transferable Adversarial Attack based on Integrated Gradients,None,None,"The vulnerability of deep neural networks to adversarial examples has drawn tremendous attention from the community. Three approaches, optimizing standard objective functions, exploiting attention maps, and smoothing decision surfaces, are commonly used to craft adversarial examples. By tightly integrating the three approaches, we propose a new and simple algorithm named Transferable Attack based on Integrated Gradients (TAIG) in this paper, which can find highly transferable adversarial examples for black-box attacks. Unlike previous methods using multiple computational terms or combining with other methods, TAIG integrates the three approaches into one single term. Two versions of TAIG that compute their integrated gradients on a straight-line path and a random piecewise linear path are studied. Both versions offer strong transferability and can seamlessly work together with the previous methods. Experimental results demonstrate that TAIG outperforms the state-of-the-art methods.",None
https://openreview.net/forum?id=J7b4BCtDm4,How to deal with missing data in supervised deep learning?,None,None,"The issue of missing data in supervised learning has been largely overlooked, especially in the deep learning community. We investigate strategies to adapt neural architectures for handling missing values. Here, we focus on regression and classification problems where the features are assumed to be missing at random. Of particular interest are schemes that allow reusing as-is a neural discriminative architecture. To address supervised deep learning with missing values, we propose to marginalize over missing values in a joint model of covariates and outcomes. Thereby, we leverage both the flexibility of deep generative models to describe the distribution of the covariates and the power of purely discriminative models to make predictions. More precisely, a deep latent variable model can be learned jointly with the discriminative model, using importance-weighted variational inference, essentially using importance sampling to mimick averaging over multiple imputations. In low-capacity regimes, or when the discriminative model has a strong inductive bias, we find that our hybrid generative/discriminative approach generally outperforms single imputations methods.",Marginalize over missing values in supervised learning using deep latent variable models.
https://openreview.net/forum?id=oxxUMeFwEHd,Topological Graph Neural Networks,topology; persistent homology; gnn; graph neural networks; graph classification; node classification; filtrations; topological data analysis; tda,None,"Graph neural networks (GNNs) are a powerful architecture for tackling graph learning tasks, yet have been shown to be oblivious to eminent substructures such as cycles. We present TOGL, a novel layer that incorporates global topological information of a graph using persistent homology. TOGL can be easily integrated into any type of GNN and is strictly more expressive (in terms the Weisfeiler–Lehman graph isomorphism test) than message-passing GNNs. Augmenting GNNs with TOGL leads to improved predictive performance for graph and node classification tasks, both on synthetic data sets, which can be classified by humans using their topology but not by ordinary GNNs, and on real-world data.",We describe a new layer for graph neural networks that incorporates multi-scale (ranging from local to global) topological information.
https://openreview.net/forum?id=6Pe99Juo9gd,Learning Value Functions from Undirected State-only Experience,Reinforcement Learning; Offline RL; Offline RL without actions,None,"This paper tackles the problem of learning value functions from undirected state-only experience (state transitions without action labels i.e. (s,s',r) tuples). We first theoretically characterize the applicability of Q-learning in this setting. We show that tabular Q-learning in discrete Markov decision processes (MDPs) learns the same value function under any arbitrary refinement of the action space. This theoretical result motivates the design of Latent Action Q-learning or LAQ, an offline RL method that can learn effective value functions from state-only experience. Latent Action Q-learning (LAQ) learns value functions using Q-learning on discrete latent actions obtained through a latent-variable future prediction model. We show that LAQ can recover value functions that have high correlation with value functions learned using ground truth actions. Value functions learned using LAQ lead to sample efficient acquisition of goal-directed behavior, can be used with domain-specific low-level controllers, and facilitate transfer across embodiments. Our experiments in 5 environments ranging from 2D grid world to 3D visual navigation in realistic environments demonstrate the benefits of LAQ over simpler alternatives, imitation learning oracles, and competing methods.",We present a method for offline value learning without action labels.
https://openreview.net/forum?id=_l_QjPGN5ye,The Boltzmann Policy Distribution: Accounting for Systematic Suboptimality in Human Models,human model; boltzmann rationality; suboptimality; HRI; human-robot collaboration; generative models; reinforcement learning; deep RL,None,"Models of human behavior for prediction and collaboration tend to fall into two categories: ones that learn from large amounts of data via imitation learning, and ones that assume human behavior to be noisily-optimal for some reward function. The former are very useful, but only when it is possible to gather a lot of human data in the target environment and distribution. The advantage of the latter type, which includes Boltzmann rationality, is the ability to make accurate predictions in new environments without extensive data when humans are actually close to optimal. However, these models fail when humans exhibit systematic suboptimality, i.e. when their deviations from optimal behavior are not independent, but instead consistent over time. Our key insight is that systematic suboptimality can be modeled by predicting policies, which couple action choices over time, instead of trajectories. We introduce the Boltzmann policy distribution (BPD), which serves as a prior over human policies and adapts via Bayesian inference to capture systematic deviations by observing human actions during a single episode. The BPD is difficult to compute and represent because policies lie in a high-dimensional continuous space, but we leverage tools from generative and sequence modeling to enable efficient sampling and inference. We show that the BPD enables prediction of human behavior and human-AI collaboration equally as well as imitation learning-based human models while using far less data.",We propose modeling human behavior with a Boltzmann distribution over policies—not trajectories—and show it is more accurate and useful.
https://openreview.net/forum?id=ahi2XSHpAUZ,WeakM3D: Towards Weakly Supervised Monocular 3D Object Detection,Computer vision; monocular 3D object detection; weakly supervised,None,"Monocular 3D object detection is one of the most challenging tasks in 3D scene understanding. Due to the ill-posed nature of monocular imagery, existing monocular 3D detection methods highly rely on training with the manually annotated 3D box labels on the LiDAR point clouds. This annotation process is very laborious and expensive. To dispense with the reliance on 3D box labels, in this paper we explore the weakly supervised monocular 3D detection. Specifically, we first detect 2D boxes on the image. Then, we adopt the generated 2D boxes to select corresponding RoI LiDAR points as the weak supervision. Eventually, we adopt a network to predict 3D boxes which can tightly align with associated RoI LiDAR points. This network is learned by minimizing our newly-proposed 3D alignment loss between the 3D box estimates and the corresponding RoI LiDAR points. We will illustrate the potential challenges of the above learning problem and resolve these challenges by introducing several effective designs into our method. Codes are available at https://github.com/SPengLiang/WeakM3D.",This paper explores the weakly supervised monocular 3D detection to dispense with the reliance on 3D box labels.
https://openreview.net/forum?id=7gE9V9GBZaI,Exploring Memorization in Adversarial Training,Adversarial examples; adversarial training; memorization; robust overfitting,None,"Deep learning models have a propensity for fitting the entire training set even with random labels, which requires memorization of every training sample. In this paper, we explore the memorization effect in adversarial training (AT) for promoting a deeper understanding of model capacity, convergence, generalization, and especially robust overfitting of the adversarially trained models. We first demonstrate that deep networks have sufficient capacity to memorize adversarial examples of training data with completely random labels, but not all AT algorithms can converge under the extreme circumstance. Our study of AT with random labels motivates further analyses on the convergence and generalization of AT. We find that some AT approaches suffer from a gradient instability issue and the recently suggested complexity measures cannot explain robust generalization by considering models trained on random labels. Furthermore, we identify a significant drawback of memorization in AT that it could result in robust overfitting. We then propose a new mitigation algorithm motivated by detailed memorization analyses. Extensive experiments on various datasets validate the effectiveness of the proposed method.","This paper explores the memorization effect in adversarial training and analyzes its connections with model capacity, convergence, generalization, and especially robust overfitting of the adversarially trained models."
https://openreview.net/forum?id=pETy-HVvGtt,Disentanglement Analysis with Partial Information Decomposition,disentangled representations; variational autoencoders; deep generative models,None,"We propose a framework to analyze how multivariate representations disentangle ground-truth generative factors. A quantitative analysis of disentanglement has been based on metrics designed to compare how one variable explains each generative factor. Current metrics, however, may fail to detect entanglement that involves more than two variables, e.g., representations that duplicate and rotate generative factors in high dimensional spaces. In this work, we establish a framework to analyze information sharing in a multivariate representation with Partial Information Decomposition and propose a new disentanglement metric. This framework enables us to understand disentanglement in terms of uniqueness, redundancy, and synergy. We develop an experimental protocol to assess how increasingly entangled representations are evaluated with each metric and confirm that the proposed metric correctly responds to entanglement. Through experiments on variational autoencoders, we find that models with similar disentanglement scores have a variety of characteristics in entanglement, for each of which a distinct strategy may be required to obtain a disentangled representation.",We establish a framework to analyze information sharing in a multivariate representation with Partial Information Decomposition and propose a new disentanglement metric.
https://openreview.net/forum?id=U8pbd00cCWB,Differentiable Gradient Sampling for Learning Implicit 3D Scene Reconstructions from a Single Image,None,None,"Implicit shape models are promising 3D representations for modeling arbitrary locations, with Signed Distance Functions (SDFs) particularly suitable for clear mesh surface reconstruction. Existing approaches for single object reconstruction impose supervision signals based on the loss of the signed distance value from all locations in a scene, posing difficulties when extending to real-world scenarios. The spatial gradient of the signed distance field, rather than the SDF value itself, has not been typically employed as a source of supervision for single-view reconstruction, in part due to the difficulties of differentiable sampling a spatial gradient from the feature map. In this study, we derive a novel closed-form gradient sampling solution for Differentialble Gradient Sampling (DGS) that enables backpropagation of the loss of the spatial gradient back to the feature map pixels, thus allowing the imposition of the loss efficiently on the spatial gradient. As a result, we achieve high-quality single view indoor scene reconstruction results learning directly from a real-world scanned dataset (e.g. ScannetV2). Our model also performs well when generalizing to unseen images downloaded directly from the internet (Fig. 1). We comfortably advanced the state-of-the-art results with several established datasets including ShapeNet and ScannetV2; extensive quantitative analysis confirmed that our proposed DGS module plays an essential role in achieving this performance improvement. Full codes are available in MaskedURL.",None
https://openreview.net/forum?id=3ILxkQ7yElm,Learning Continuous Environment Fields via Implicit Functions,Continuous Scene Representation; Implicit Neural Networks,None,"We propose a novel scene representation that encodes reaching distance -- the distance between any position in the scene to a goal along a feasible trajectory. We demonstrate that this environment field representation can directly guide the dynamic behaviors of agents in 2D mazes or 3D indoor scenes. Our environment field is a continuous representation and learned via a neural implicit function using discretely sampled training data. We showcase its application for agent navigation in 2D mazes, and human trajectory prediction in 3D indoor environments. To produce physically plausible and natural trajectories for humans, we additionally learn a generative model that predicts regions where humans commonly appear, and enforce the environment field to be defined within such regions. Extensive experiments demonstrate that the proposed method can generate both feasible and plausible trajectories efficiently and accurately.",We propose a novel scene representation that can dynamically change behaviors of agents inside the scene.
https://openreview.net/forum?id=F5Em8ASCosV,Causal Contextual Bandits with Targeted Interventions,causality; contextual bandits; causal inference; bandits,None,"We study a contextual bandit setting where the learning agent has the ability to perform interventions on targeted subsets of the population, apart from possessing qualitative causal side-information. This novel formalism captures intricacies in real-world scenarios such as software product experimentation where targeted experiments can be conducted. However, this fundamentally changes the set of options that the agent has, compared to standard contextual bandit settings, necessitating new techniques. This is also the first work that integrates causal side-information in a contextual bandit setting, where the agent aims to learn a policy that maps contexts to arms (as opposed to just identifying one best arm). We propose a new algorithm, which we show empirically performs better than baselines on experiments that use purely synthetic data and on real world-inspired experiments. We also prove a bound on regret that theoretically guards performance.","A new, more realistic, formalism of contextual bandits involving causal side-information and targeted interventions, along with a novel algorithm that exploits features of the new setting such as information leakage to learn good policies quickly."
https://openreview.net/forum?id=xS8AMYiEav3,Sound and Complete Neural Network Repair with Minimality and Locality Guarantees,Neural Network Repair,None,"We present a novel methodology for repairing neural networks that use ReLU activation functions. Unlike existing methods that rely on modifying the weights of a neural network which can induce a global change in the function space, our approach applies only a localized change in the function space while still guaranteeing the removal of the buggy behavior. By leveraging the piecewise linear nature of ReLU networks, our approach can efficiently construct a patch network tailored to the linear region where the buggy input resides, which when combined with the original network, provably corrects the behavior on the buggy input. Our method is both sound and complete -- the repaired network is guaranteed to fix the buggy input, and a patch is guaranteed to be found for any buggy input. Moreover, our approach preserves the continuous piecewise linear nature of ReLU networks, automatically generalizes the repair to all the points including other undetected buggy inputs inside the repair region, is minimal in terms of changes in the function space, and guarantees that outputs on inputs away from the repair region are unaltered. On several benchmarks, we show that our approach significantly outperforms existing methods in terms of locality and limiting negative side effects.",None
https://openreview.net/forum?id=JJxiD-kg-oK,Blaschke Product Neural Networks (BPNN): A Physics-Infused Neural Network for Phase Retrieval of Meromorphic Functions,Blaschke Product; Neural Network; Phase Retrieval; Metamaterial; Meromorphic Functions,None,"Numerous physical systems are described by ordinary or partial differential equations whose solutions are given by holomorphic or meromorphic functions in the complex domain. In many cases, only the magnitude of these functions are observed on various points on the purely imaginary $j\omega$-axis since coherent measurement of their phases is often expensive.  However, it is desirable to retrieve the lost phases from the magnitudes when possible. To this end, we propose a physics-infused deep neural network based on the Blaschke products for phase retrieval. Inspired by the Helson and Sarason Theorem,  we recover coefficients of a rational function of Blaschke products using a Blaschke Product Neural Network (BPNN), based upon the magnitude observations as input. The resulting rational function is then used for phase retrieval. We compare the BPNN to conventional deep neural networks (NNs) on several phase retrieval problems, comprising both synthetic and contemporary real-world problems (e.g., metamaterials for which data collection requires substantial expertise and is time consuming). On each phase retrieval problem, we compare against a population of conventional NNs of varying size and hyperparameter settings. Even without any hyper-parameter search, we find that BPNNs consistently outperform the population of optimized NNs in scarce data scenarios, and do so despite being much smaller models. The results can in turn be applied to calculate the refractive index of metamaterials, which is an important problem in emerging areas of material science.",None
https://openreview.net/forum?id=rFbR4Fv-D6-,Automated Self-Supervised Learning for Graphs,Self-supervised learning; Graph neural networks; AutoML,None,"Graph self-supervised learning has gained increasing attention due to its capacity to learn expressive node representations. Many pretext tasks, or loss functions have been designed from distinct perspectives. However, we observe that different pretext tasks affect downstream tasks differently cross datasets, which suggests that searching pretext tasks is crucial for graph self-supervised learning.  Different from existing works focusing on designing single pretext tasks, this work aims to investigate how to automatically leverage multiple pretext tasks effectively. Nevertheless, evaluating representations derived from multiple pretext tasks without direct access to ground truth labels makes this problem challenging. To address this obstacle, we make use of a key principle of many real-world graphs, i.e., homophily, or the principle that ``like attracts like,'' as the guidance to effectively search various self-supervised pretext tasks. We provide theoretical understanding and empirical evidence to justify the flexibility of homophily in this  search task. Then we propose the AutoSSL framework which can automatically search over combinations of various self-supervised tasks. By evaluating the framework on 7 real-world datasets, our experimental results show that AutoSSL can significantly boost the performance on downstream tasks including node clustering and node classification compared with training under individual tasks.",An automated self-supervised learning algorithm for graph neural networks.
https://openreview.net/forum?id=m8uJvVgwRci,Creating Training Sets via Weak Indirect Supervision,weak supervision; data programming; training label synthesis,None,"Creating labeled training sets has become one of the major roadblocks in machine learning. To address this, recent Weak Supervision (WS) frameworks synthesize training labels from multiple potentially noisy supervision sources. However, existing frameworks are restricted to supervision sources that share the same output space as the target task. To extend the scope of usable sources, we formulate Weak Indirect Supervision (WIS), a new research problem for automatically synthesizing training labels based on indirect supervision sources that have different output label spaces. To overcome the challenge of mismatched output spaces, we develop a probabilistic modeling approach, PLRM, which uses user-provided label relations to model and leverage indirect supervision sources. Moreover, we provide a theoretically-principled test of the distinguishability of PLRM for unseen labels, along with an generalization bound. On both image and text classification tasks as well as an industrial advertising application, we demonstrate the advantages of PLRM by outperforming baselines by a margin of 2%-9%.","In this work, we present a new weak supervision paradigm which automatically creates training sets for training a machine learning model given unlabeled dataset and indirect supervision sources."
https://openreview.net/forum?id=aTzMi4yV_RO,Do Not Escape From the Manifold: Discovering the Local Coordinates on the Latent Space of GANs,generative adversarial network; disentanglement; semantic factorization; latent space control; image manipulation; grassmannian,None,"The discovery of the disentanglement properties of the latent space in GANs motivated a lot of research to find the semantically meaningful directions on it. In this paper, we suggest that the disentanglement property is closely related to the geometry of the latent space. In this regard, we propose an unsupervised method for finding the semantic-factorizing directions on the intermediate latent space of GANs based on the local geometry. Intuitively, our proposed method, called $\textit{Local Basis}$, finds the principal variation of the latent space in the neighborhood of the base latent variable. Experimental results show that the local principal variation corresponds to the semantic factorization and traversing along it provides strong robustness to image traversal. Moreover, we suggest an explanation for the limited success in finding the global traversal directions in the latent space, especially $\mathcal{W}$-space of StyleGAN2. We show that $\mathcal{W}$-space is warped globally by comparing the local geometry, discovered from Local Basis, through the metric on Grassmannian Manifold. The global warpage implies that the latent space is not well-aligned globally and therefore the global traversal directions are bound to show limited success on it.",We propose a method for finding local-geometry-aware traversal directions on the intermediate latent space of Generative Adversarial Networks (GANs).
https://openreview.net/forum?id=HObMhrCeAAF,GradSign: Model Performance Inference with Theoretical Insights,Model Performance Inference; Optimization Landscape; NAS,None,"A key challenge in neural architecture search (NAS) is quickly inferring the predictive performance of a broad spectrum of networks to discover statistically accurate and computationally efficient ones.  We refer to this task as model performance inference (MPI). The current practice for efficient MPI is gradient-based methods that leverage the gradients of a network at initialization to infer its performance. However, existing gradient-based methods rely only on heuristic metrics and lack the necessary theoretical foundations to consolidate their designs.  We propose GradSign, an accurate, simple, and flexible metric for model performance inference with theoretical insights. The key idea behind GradSign is a quantity Ψ to analyze the sample-wise optimization landscape of different networks. Theoretically, we show that  Ψ is an upper bound for both the training and true population losses of a neural network under reasonable assumptions. However, it is computationally prohibitive to directly calculate Ψ for modern neural networks. To
address this challenge, we design GradSign, an accurate and simple approximation of Ψ using the gradients of a network evaluated at a random initialization state. Evaluation on seven NAS benchmarks across three training datasets shows that GradSign generalizes well to real-world networks and consistently outperforms state-of-the-art gradient-based methods for MPI evaluated by Spearman’s ρ and Kendall’s Tau.  Additionally, we integrate GradSign into four existing NAS algorithms and show that the GradSign-assisted NAS algorithms outperform their vanilla counterparts by improving the accuracies of best-discovered networks by up to 0.3%, 1.1%, and 1.0% on three real-world tasks. Code is available at https://github.com/JackFram/GradSign",Model performance inference inspired by sample-wise optimization landscape analysis
https://openreview.net/forum?id=hpBTIv2uy_E,You are AllSet: A Multiset Function Framework for Hypergraph Neural Networks,Hypergraph neural networks; multiset functions; deep sets; set transformer,None,"Hypergraphs are used to model higher-order interactions amongst agents and there exist many practically relevant instances of hypergraph datasets. To enable the efficient processing of hypergraph data, several hypergraph neural network platforms have been proposed for learning hypergraph properties and structure, with a special focus on node classification tasks. However, almost all existing methods use heuristic propagation rules and offer suboptimal performance on benchmarking datasets. We propose AllSet, a new hypergraph neural network paradigm that represents a highly general framework for (hyper)graph neural networks and for the first time implements hypergraph neural network layers as compositions of two multiset functions that can be efficiently learned for each task and each dataset. The proposed AllSet framework also for the first time integrates Deep Sets and Set Transformers with hypergraph neural networks for the purpose of learning multiset functions and therefore allows for significant modeling flexibility and high expressive power. To evaluate the performance of AllSet, we conduct the most extensive experiments to date involving ten known benchmarking datasets and three newly curated datasets that represent significant challenges for hypergraph node classification. The results demonstrate that our method has the unique ability to either match or outperform all other hypergraph neural networks across the tested datasets: As an example, the performance improvements over existing methods and a new method based on heterogeneous graph neural networks are close to $4\%$ on the Yelp and Zoo datasets, and $3\%$ on the Walmart dataset.",We propose a multiset function framework for hypergraph neural networks.
https://openreview.net/forum?id=KmtVD97J43e,Synchromesh: Reliable Code Generation from Pre-trained Language Models,program synthesis; language models; code generation,None,"Large pre-trained language models have been used to generate code, providing a flexible interface for synthesizing programs from natural language specifications. However, they often violate syntactic and semantic rules of their output language, limiting their practical usability. In this paper, we propose Synchromesh: a framework for substantially improving the reliability of pre-trained models for code generation. Synchromesh comprises two components. First, it retrieves few-shot examples from a training bank using Target Similarity Tuning (TST), a novel method for semantic example selection. TST learns to recognize utterances that describe similar target programs despite of differences in surface natural language features. Then, Synchromesh feeds the examples to a pre-trained language model and samples programs using Constrained Semantic Decoding (CSD): a general framework for constraining the output to a set of valid programs in the target language. CSD leverages constraints on partial outputs to sample complete correct programs, and needs neither re-training nor fine-tuning of the language model. We evaluate our methods by synthesizing code from natural language descriptions using GPT-3 and Codex in three real-world languages: SQL queries, Vega-Lite visualizations and SMCalFlow programs. These domains showcase rich constraints that CSD is able to enforce, including syntax, scoping and typing rules. Across all languages, we observe complementary gains from CSD and TST in prediction accuracy and in effectively preventing parsing, type and run-time errors.","A framework to generate programs from large pre-trained language models (e.g. GPT-3, Codex) while satisfying syntactic and semantic constraints."
https://openreview.net/forum?id=tFgdrQbbaa,Learning curves for continual learning in neural networks: Self-knowledge transfer and forgetting,continual learning; neural tangent kernel; statistical mechanics,None,"Sequential training from task to task is becoming one of the major objects in deep learning applications such as continual learning and transfer learning. Nevertheless, it remains unclear under what conditions the trained model's performance improves or deteriorates. To deepen our understanding of sequential training, this study provides a theoretical analysis of generalization performance in a solvable case of continual learning.  We consider neural networks in the neural tangent kernel (NTK) regime that continually learn target functions from task to task, and investigate the generalization by using an established statistical mechanical analysis of kernel ridge-less regression. We first show characteristic transitions from positive to negative transfer. More similar targets above a specific critical value can achieve positive knowledge transfer for the subsequent task while catastrophic forgetting occurs even with very similar targets. Next, we investigate a variant of continual learning which supposes the same target function in multiple tasks. Even for the same target,  the trained model shows some transfer and forgetting depending on the sample size of each task.  We can guarantee that the generalization error monotonically decreases from task to task for equal sample sizes while unbalanced sample sizes  deteriorate the generalization. We respectively refer to these improvement and deterioration as self-knowledge transfer and forgetting, and empirically confirm them in realistic training of deep neural networks as well.",We analyze the generalization performance of continual learning in the NTK regime and identify key properties of knowledge transfer and forgetting.
https://openreview.net/forum?id=xLfAgCroImw,"Energy-Based Learning for Cooperative Games, with Applications to Valuation Problems in Machine Learning",Valuation problems; Shapley value; Model interpretation; Data valuation; Enegy-based learning; Attribution-based feature interpretation; Model valuation for ensembles; Feature attributions,None,"Valuation problems, such as feature interpretation, data valuation and model valuation for ensembles, become increasingly more important in many machine learning applications. Such problems are commonly solved by well-known game-theoretic criteria, such as Shapley value or Banzhaf value. In this work, we present a novel energy-based treatment for cooperative games, with a theoretical justification by the maximum entropy framework. Surprisingly, by conducting variational inference of the energy-based model, we recover various game-theoretic valuation criteria through conducting one-step fixed point iteration  for maximizing the mean-field ELBO objective. This observation also verifies the rationality of existing criteria, as they are all attempting to  decouple the  correlations  among  the  players  through the  mean-field approach. By running fixed point iteration for multiple steps, we achieve a trajectory of the valuations, among which we define the valuation with the best conceivable decoupling error as the Variational Index. We prove that under uniform initializations,  these variational valuations all satisfy a set of game-theoretic axioms. We experimentally demonstrate that the proposed Variational Index enjoys lower decoupling error and better valuation performance  on certain synthetic and real-world valuation problems.",An energy-based treatment for cooperative games provides a decoupling perspective for Shapley value and others.
https://openreview.net/forum?id=tyrJsbKAe6,Pessimistic Model-based Offline Reinforcement Learning under Partial Coverage,Reinforcement learning Theory; Offline reinforcement learning; PAC Bounds,None,"We study model-based offline Reinforcement Learning with general function approximation without a full coverage assumption on the offline data distribution. We present an algorithm named Constrained Pessimistic Policy Optimization (CPPO) which leverages a general function class and uses a constraint over the models to encode pessimism. Under the assumption that the ground truth model belongs to our function class (i.e., realizability in the function class), CPPO has a PAC guarantee with offline data only providing partial coverage, i.e., it can learn a policy that competes against any policy covered by the offline data. We then demonstrate that this algorithmic framework can be applied to many specialized Markov Decision Processes where the additional structural assumptions can further refine the concept of partial coverage. Two notable examples are: (1) low- rank MDP with representation learning where the partial coverage condition is defined using a relative condition number measured by the unknown ground truth feature representation; (2) factored MDP where the partial coverage condition is defined using density-ratio based concentrability coefficients associated with individual factors.",We study model-based offline Reinforcement Learning with general function approximation without a full coverage assumption on the offline data distribution.
https://openreview.net/forum?id=1ugNpm7W6E,Cold Brew: Distilling Graph Node Representations with Incomplete or Missing Neighborhoods,Graph Neural Networks; Cold Start; Knowledge Distillation,None,"Graph Neural Networks (GNNs) have achieved state-of-the-art performance in node classification, regression, and recommendation tasks. GNNs work well when rich and high-quality connections are available. However, their effectiveness is often jeopardized in many real-world graphs in which node degrees have power-law distributions. The extreme case of this situation, where a node may have no neighbors, is called Strict Cold Start (SCS). SCS forces the prediction to rely completely on the node's own features. We propose Cold Brew, a teacher-student distillation approach to address the SCS and noisy-neighbor challenges for GNNs. We also introduce feature contribution ratio (FCR), a metric to quantify the behavior of inductive GNNs to solve SCS. We experimentally show that FCR disentangles the contributions of different graph data components and helps select the best architecture for SCS generalization. We further demonstrate the superior performance of Cold Brew on several public benchmark and proprietary e-commerce datasets, where many nodes have either very few or noisy connections. Our source code is available at https://github.com/amazon-research/gnn-tail-generalization.",Improve strict cold start performances for graph minings with a knowledge distillation framework.
https://openreview.net/forum?id=v-v1cpNNK_v,NASI: Label- and Data-agnostic Neural Architecture Search at Initialization,Neural Architecture Search; Initialization; Label- and Data-agnostic; Transferability; Neural Tangent Kernel,None,"Recent years have witnessed a surging interest in Neural Architecture Search (NAS). Various algorithms have been proposed to improve the search efficiency and effectiveness of NAS, i.e., to reduce the search cost and improve the generalization performance of the selected architectures, respectively. However, the search efficiency of these algorithms is severely limited by the need for model training during the search process. To overcome this limitation, we propose a novel NAS algorithm called NAS at Initialization (NASI) that exploits the capability of a Neural Tangent Kernel in being able to characterize the performance of candidate architectures at initialization, hence allowing model training to be completely avoided to boost the search efficiency. Besides the improved search efficiency, NASI also achieves competitive search effectiveness on various datasets like CIFAR-10/100 and ImageNet. Further, NASI is shown to be label- and data-agnostic under mild conditions, which guarantees the transferability of architectures selected by our NASI over different datasets.",None
https://openreview.net/forum?id=49h_IkpJtaE,How to Train Your MAML to Excel in Few-Shot Classification,meta-learning; few-shot learning; classification; MAML,None,"Model-agnostic meta-learning (MAML) is arguably one of the most popular meta-learning algorithms nowadays.
Nevertheless, its performance on few-shot classification is far behind many recent algorithms dedicated to the problem. In this paper, we point out several key facets of how to train MAML to excel in few-shot classification. First, we find that MAML needs a large number of gradient steps in its inner loop update, which contradicts its common usage in few-shot classification. Second, we find that MAML is sensitive to the class label assignments during meta-testing. Concretely, MAML meta-trains the initialization of an $N$-way classifier. These $N$ ways, during meta-testing, then have ""$N!$"" different permutations to be paired with a few-shot task of $N$ novel classes. We find that these permutations lead to a huge variance of accuracy, making MAML unstable in few-shot classification. Third, we investigate several approaches to make MAML permutation-invariant, among which meta-training a single vector to initialize all the $N$ weight vectors in the classification head performs the best. On benchmark datasets like MiniImageNet and TieredImageNet, our approach, which we name UNICORN-MAML, performs on a par with or even outperforms many recent few-shot classification algorithms, without sacrificing MAML's simplicity.",None
https://openreview.net/forum?id=xy_2w3J3kH,Communication-Efficient Actor-Critic Methods for Homogeneous Markov Games,multi-agent reinforcement learning; multi-agent communication,None,"Recent success in cooperative multi-agent reinforcement learning (MARL) relies on centralized training and policy sharing. Centralized training eliminates the issue of non-stationarity MARL yet induces large communication costs, and policy sharing is empirically crucial to efficient learning in certain tasks yet lacks theoretical justification. In this paper, we formally characterize a subclass of cooperative Markov games where agents exhibit a certain form of homogeneity such that policy sharing provably incurs no suboptimality. This enables us to develop the first consensus-based decentralized actor-critic method where the consensus update is applied to both the actors and the critics while ensuring convergence. We also develop practical algorithms based on our decentralized actor-critic method to reduce the communication cost during training, while still yielding policies comparable with centralized training.",None
https://openreview.net/forum?id=vh-0sUt8HlG,"MobileViT: Light-weight, General-purpose, and Mobile-friendly Vision Transformer",Vision transformer; Mobile; Edge Devices; Transformer; CNN; Efficient Network; Detection; Segmentation; ImageNet,None,"Light-weight convolutional neural networks (CNNs) are the de-facto for mobile vision tasks. Their spatial inductive biases allow them to learn representations with fewer parameters across different vision tasks. However, these networks are spatially local. To learn global representations, self-attention-based vision trans-formers (ViTs) have been adopted. Unlike CNNs, ViTs are heavy-weight. In this paper, we ask the following question: is it possible to combine the strengths of CNNs and ViTs to build a light-weight and low latency network for mobile vision tasks? Towards this end, we introduce MobileViT, a light-weight and general-purpose vision transformer for mobile devices. MobileViT presents a different perspective for the global processing of information with transformers, i.e., transformers as convolutions. Our results show that MobileViT significantly outperforms CNN- and ViT-based networks across different tasks and datasets. On the ImageNet-1k dataset, MobileViT achieves top-1 accuracy of 78.4% with about 6 million parameters, which is 3.2% and 6.2% more accurate than MobileNetv3 (CNN-based) and DeIT (ViT-based) for a similar number of parameters. On the MS-COCO object detection task, MobileViT is 5.7% more accurate than MobileNetv3 for a similar number of parameters. 

Our source code is open-source and available at: https://github.com/apple/ml-cvnets",Light-weight and general-purpose vision transformers for mobile devices
https://openreview.net/forum?id=kavTY__jxp,Spatial Graph Attention and Curiosity-driven Policy for Antiviral Drug Discovery,reinforcement learning; graph neural network; molecule generation; drug discovery; curiosity-driven policy,None,"We developed Distilled Graph Attention Policy Network (DGAPN), a reinforcement learning model to generate novel graph-structured chemical representations that optimize user-defined objectives by efficiently navigating a physically constrained domain. The framework is examined on the task of generating molecules that are designed to bind, noncovalently, to functional sites of SARS-CoV-2 proteins. We present a spatial Graph Attention (sGAT) mechanism that leverages self-attention over both node and edge attributes as well as encoding the spatial structure --- this capability is of considerable interest in synthetic biology and drug discovery. An attentional policy network is introduced to learn the decision rules for a dynamic, fragment-based chemical environment, and state-of-the-art policy gradient techniques are employed to train the network with stability. Exploration is driven by the stochasticity of the action space design and the innovation reward bonuses learned and proposed by random network distillation. In experiments, our framework achieved outstanding results compared to state-of-the-art algorithms, while reducing the complexity of paths to chemical synthesis.",We developed a reinforcement learning framework that advances in exploiting spatial and attributional molecular information as well as exploring novel and synthesizable chemical structures for the purpose of antiviral drug discovery.
https://openreview.net/forum?id=OnpFa95RVqs,Surrogate NAS Benchmarks: Going Beyond the Limited Search Spaces of Tabular NAS Benchmarks,neural architecture search; AutoML; benchmarking; surrogate model,None,"The most significant barrier to the advancement of Neural Architecture Search (NAS) is its demand for large computational resources, which hinders scientifically sound empirical evaluations of NAS methods. Tabular NAS benchmarks have alleviated this problem substantially, making it possible to properly evaluate NAS methods in seconds on commodity machines. However, an unintended consequence of tabular NAS benchmarks has been a focus on extremely small architectural search spaces since their construction relies on exhaustive evaluations of the space. This leads to unrealistic results that do not transfer to larger spaces. To overcome this fundamental limitation, we propose a methodology to create cheap NAS surrogate benchmarks for arbitrary search spaces. We exemplify this approach by creating surrogate NAS benchmarks on the existing tabular NAS-Bench-101 and on two widely used NAS search spaces with up to $10^{21}$ architectures ($10^{13}$ times larger than any previous tabular NAS benchmark). We show that surrogate NAS benchmarks can model the true performance of architectures better than tabular benchmarks (at a small fraction of the cost), that they lead to faithful estimates of how well different NAS methods work on the original non-surrogate benchmark, and that they can generate new scientific insight. We open-source all our code and believe that surrogate NAS benchmarks are an indispensable tool to extend scientifically sound work on NAS to large and exciting search spaces.",We present surrogate benchmarks for neural architecture search and a general methodology for constructing them.
https://openreview.net/forum?id=y1PXylgrXZ,Certified Robustness for Deep Equilibrium Models via Interval Bound Propagation,deep equilibrium models; certified robustness; interval bound propagation,None,"Deep equilibrium layers (DEQs) have demonstrated promising performance and are competitive with standard explicit models on many benchmarks. However, little is known about certifying robustness for these models. Inspired by interval bound propagation (IBP), we propose the IBP-MonDEQ layer, a DEQ layer whose robustness can be verified by computing upper and lower interval bounds on the output. Our key insights are that these interval bounds can be obtained as the fixed-point solution to an IBP-inspired equilibrium equation, and furthermore, that this solution always exists and is unique when the layer obeys a certain parameterization. This fixed point can be interpreted as the result of applying IBP to an infinitely deep, weight-tied neural network, which may be of independent interest, as IBP bounds are typically unstable for deeper networks. Our empirical comparison reveals that models with IBP-MonDEQ layers can achieve comparable $\ell_{\infty}$ certified robustness to similarly-sized fully explicit networks.","To develop certifiably robust deep equilibrium (DEQ) models, we propose the IBP-MonDEQ layer, a DEQ layer where interval bounds on the output can be obtained by solving an additional fixed-point equation inspired by interval bound propagation."
https://openreview.net/forum?id=03RLpj-tc_,Crystal Diffusion Variational Autoencoder for Periodic Material Generation,materials; graph neural networks; periodic; diffusion models; score matching; molecule; 3D; generative,None,"Generating the periodic structure of stable materials is a long-standing challenge for the material design community. This task is difficult because stable materials only exist in a low-dimensional subspace of all possible periodic arrangements of atoms: 1) the coordinates must lie in the local energy minimum defined by quantum mechanics, and 2) global stability also requires the structure to follow the complex, yet specific bonding preferences between different atom types. Existing methods fail to incorporate these factors and often lack proper invariances. We propose a Crystal Diffusion Variational Autoencoder (CDVAE) that captures the physical inductive bias of material stability. By learning from the data distribution of stable materials, the decoder generates materials in a diffusion process that moves atomic coordinates towards a lower energy state and updates atom types to satisfy bonding preferences between neighbors. Our model also explicitly encodes interactions across periodic boundaries and respects permutation, translation, rotation, and periodic invariances. We significantly outperform past methods in three tasks: 1) reconstructing the input structure, 2) generating valid, diverse, and realistic materials, and 3) generating materials that optimize a specific property. We also provide several standard datasets and evaluation metrics for the broader machine learning community.",A generative model for the 3D periodic structure of materials
https://openreview.net/forum?id=u2GZOiUTbt,Task Affinity with Maximum Bipartite Matching in Few-Shot Learning,Task Affinity; Transfer Learning; Few-Shot Learning,None,"We propose an asymmetric affinity score for representing the complexity of utilizing the knowledge of one task for learning another one. Our method is based on the maximum bipartite matching algorithm and utilizes the Fisher Information matrix. We provide theoretical analyses demonstrating that the proposed score is mathematically well-defined, and subsequently use the affinity score to propose a novel algorithm for the few-shot learning problem. In particular, using this score, we find relevant training data labels to the test data and leverage the discovered relevant data for episodically fine-tuning a few-shot model. Results on various few-shot benchmark datasets demonstrate the efficacy of the proposed approach by improving the classification accuracy over the state-of-the-art methods even when using smaller models.",Task affinity and its application in few-shot learning
https://openreview.net/forum?id=7r6kDq0mK_,Latent Image Animator: Learning to Animate Images via Latent Space Navigation,Video generation; Generative Adversarial Network,None,"Due to the remarkable progress of deep generative models, animating images has become increasingly efficient, whereas associated results have become increasingly realistic. Current animation-approaches commonly exploit structure representation extracted from driving videos. Such structure representation is instrumental in transferring motion from driving videos to still images. However, such approaches fail in case the source image and driving video encompass large appearance variation. Moreover, the extraction of structure information requires additional modules that endow the animation-model with increased complexity. Deviating from such models, we here introduce the Latent Image Animator (LIA), a self-supervised autoencoder that evades need for structure representation. LIA is streamlined to animate images by linear navigation in the latent space. Specifically, motion in generated video is constructed by linear displacement of codes in the latent space. Towards this, we learn a set of orthogonal motion directions simultaneously, and use their linear combination, in order to represent any displacement in the latent space. Extensive quantitative and qualitative analysis suggests that our model systematically and significantly outperforms state-of-art methods on VoxCeleb, Taichi and TED-talk datasets w.r.t. generated quality.",Image animation via latent space navigation
https://openreview.net/forum?id=o0ehFykKVtr,Know Thyself: Transferable Visual Control Policies Through Robot-Awareness,visual foresight; dynamics models; visuomotor control; video prediction; planning; transfer,None,"Training visual control policies from scratch on a new robot typically requires generating large amounts of robot-specific data. How might we leverage data previously collected on another robot to reduce or even completely remove this need for robot-specific data? We propose a ""robot-aware control"" paradigm that achieves this by exploiting readily available knowledge about the robot. We then instantiate this in a robot-aware model-based RL policy by training modular dynamics models that couple a transferable, robot-aware world dynamics module with a robot-specific, potentially analytical, robot dynamics module. This also enables us to set up visual planning costs that separately consider the robot agent and the world. Our experiments on tabletop manipulation tasks with simulated and real robots demonstrate that these plug-in improvements dramatically boost the transferability of visual model-based RL policies, even permitting zero-shot transfer of visual manipulation skills onto new robots. Project website: https://www.seas.upenn.edu/~hued/rac",We closely integrate readily available knowledge about the robot and world into a learned model to facilitate transfer.
https://openreview.net/forum?id=KJggliHbs8,Node Feature Extraction by Self-Supervised Multi-scale Neighborhood Prediction,Self-supervised learning; Graph Neural Networks; Extreme multi-label classification,None,"Learning on graphs has attracted significant attention in the learning community due to numerous real-world applications. In particular, graph neural networks (GNNs), which take \emph{numerical} node features and graph structure as inputs, have been shown to achieve state-of-the-art performance on various graph-related learning tasks. Recent works exploring the correlation between numerical node features and graph structure via self-supervised learning have paved the way for further performance improvements of GNNs. However, methods used for extracting numerical node features from \emph{raw data} are still \emph{graph-agnostic} within standard GNN pipelines. This practice is sub-optimal as it prevents one from fully utilizing potential correlations between graph topology and node attributes. To mitigate this issue, we propose a new self-supervised learning framework, Graph Information Aided Node feature exTraction (GIANT). GIANT makes use of the eXtreme Multi-label Classification (XMC) formalism, which is crucial for fine-tuning the language model based on graph information, and scales to large datasets. We also provide a theoretical analysis that justifies the use of XMC over link prediction and motivates integrating XR-Transformers, a powerful method for solving XMC problems, into the GIANT framework. We demonstrate the superior performance of GIANT over the standard GNN pipeline on Open Graph Benchmark datasets: For example, we improve the accuracy of the top-ranked method GAMLP from $68.25\%$ to $69.67\%$, SGC from $63.29\%$ to $66.10\%$ and MLP from $47.24\%$ to $61.10\%$ on the ogbn-papers100M dataset by leveraging GIANT.",We design a self-supervised learning method for extracting node representations from raw data.
https://openreview.net/forum?id=givsRXsOt9r,Spherical Message Passing for 3D Molecular Graphs,None,None,"We consider representation learning of 3D molecular graphs in which each atom is associated with a spatial position in 3D. This is an under-explored area of research, and a principled message passing framework is currently lacking. In this work, we conduct analyses in the spherical coordinate system (SCS) for the complete identification of 3D graph structures. Based on such observations, we propose the spherical message passing (SMP) as a novel and powerful scheme for 3D molecular learning. SMP dramatically reduces training complexity, enabling it to perform efficiently on large-scale molecules. In addition, SMP is capable of distinguishing almost all molecular structures, and the uncovered cases may not exist in practice. Based on meaningful physically-based representations of 3D information, we further propose the SphereNet for 3D molecular learning. Experimental results demonstrate that the use of meaningful 3D information in SphereNet leads to significant performance improvements in prediction tasks. Our results also demonstrate the advantages of SphereNet in terms of capability, efficiency, and scalability.",None
https://openreview.net/forum?id=wbPObLm6ueA,Fairness Guarantees under Demographic Shift,Fairness and Bias in Artificial Intelligence; Machine Learning,None,"Recent studies have demonstrated that using machine learning for social applications can lead to injustice in the form of racist, sexist, and otherwise unfair and discriminatory outcomes. To address this challenge, recent machine learning algorithms have been designed to limit the likelihood such unfair behaviors will occur. However, these approaches typically assume the data used for training is representative of what will be encountered once the model is deployed, thus limiting their usefulness. In particular, if certain subgroups of the population become more or less probable after the model is deployed (a phenomenon we call demographic shift), the fair-ness assurances provided by prior algorithms are often invalid. We consider the impact of demographic shift and present a class of algorithms, called Shifty algorithms, that provide high-confidence behavioral guarantees that hold under demographic shift. Shifty is the first technique of its kind and demonstrates an effective strategy for designing algorithms to overcome the challenges demographic shift poses. We evaluate Shifty-ttest, an implementation of Shifty based on Student’s 𝑡-test, and, using a real-world data set of university entrance exams and subsequent student success, show that the models output by our algorithm avoid unfair bias under demo-graphic shift, unlike existing methods. Our experiments demonstrate that our algorithm’s high-confidence fairness guarantees are valid in practice and that our algorithm is an effective tool for training models that are fair when demographic shift occurs.",We propose a strategy for designing classification algorithms that provide high-confidence fairness guarantees that remain valid if the distribution over observations changes after the trained model is deployed.
https://openreview.net/forum?id=j3krplz_4w6,Fooling Explanations in Text Classifiers,robustness; explainability; text classification; natural language processing,None,"State-of-the-art text classification models are becoming increasingly reliant on deep neural networks (DNNs). Due to their black-box nature, faithful and robust explanation methods need to accompany classifiers for deployment in real-life scenarios. However, it has been shown that explanation methods in vision applications are susceptible to local, imperceptible perturbations that can significantly alter the explanations without changing the predicted classes. We show here that the existence of such perturbations extends to text classifiers as well. Specifically, we introduce TextExplanationFooler (TEF), a novel explanation attack algorithm that alters text input samples imperceptibly so that the outcome of widely-used explanation methods changes considerably while leaving classifier predictions unchanged. We evaluate the attribution robustness estimation performance of TEF on five text classification datasets, utilizing three DNN architectures and a transformer architecture for each dataset. By significantly decreasing the correlation between unchanged and perturbed input attributions, we show that all models and explanation methods are susceptible to TEF perturbations. Moreover, we evaluate how the perturbations transfer to other model architectures and attribution methods, finding better than random performance in scenarios where the exact attacked model and explanation method are unknown. Finally, we introduce a semi-universal attack that is able to compute fast, computationally light perturbations with no knowledge of the attacked classifier nor explanation method. Overall, our work shows that explanations in text classifiers are fragile and users need to carefully address their robustness before relying on them in critical applications.",Our work shows that explanation methods in text classifiers are susceptible to imperceptible perturbations that alter the explanation outcomes without changing the predictions of the classifiers.
https://openreview.net/forum?id=y0VvIg25yk,On the Learning and Learnability of Quasimetrics,embedding learning; quasimetric learning; deep learning,None,"Our world is full of asymmetries. Gravity and wind can make reaching a place easier than coming back. Social artifacts such as genealogy charts and citation graphs are inherently directed. In reinforcement learning and control, optimal goal-reaching strategies are rarely reversible (symmetrical). Distance functions supported on these asymmetrical structures are called quasimetrics. Despite their common appearance, little research has been done on the learning of quasimetrics. Our theoretical analysis reveals that a common class of learning algorithms, including unconstrained multilayer perceptrons (MLPs), provably fails to learn a quasimetric consistent with training data. In contrast, our proposed Poisson Quasimetric Embedding (PQE) is the first quasimetric learning formulation that both is learnable with gradient-based optimization and enjoys strong performance guarantees. Experiments on random graphs, social graphs, and offline Q-learning demonstrate its effectiveness over many common baselines.","We theoretically analyze various algorithms on learning quasimetrics (asymmetrical metrics), and propose an embedding-based method with strong guarantees. Experiments on graph learning and Q-learning show its effectiveness over common baselines."
https://openreview.net/forum?id=WH6u2SvlLp4,Learning Prototype-oriented Set Representations for Meta-Learning ,Summary Networks; Distribution Matching; Optimal Transport; Few-shot Classification; Meta Generative Models,None,"Learning from set-structured data is a fundamental problem that has recently attracted increasing attention, where a series of summary networks are introduced to deal with the set input. In fact, many meta-learning problems can be treated as set-input tasks. Most existing summary networks aim to design different architectures for the input set in order to enforce permutation invariance. However, scant attention has been paid to the common cases where different sets in a meta distribution are closely related and share certain statistical properties. Viewing each set as a distribution over a set of global prototypes, this paper provides a novel prototype-oriented optimal transport (POT) framework to improve existing summary networks. To learn the distribution over the global prototypes, we minimize its regularized optimal transport distance to the set empirical distribution over data points, providing a natural unsupervised way to improve the summary network. Since our plug-and-play framework can be applied to many meta learning problems, we further instantiate it to the cases of few-shot classification and implicit meta generative modeling. Extensive experiments demonstrate that our framework significantly improves the existing summary networks on learning more powerful summary statistics from sets and can be successfully integrated into metric-based few-shot classification and generative modeling applications, providing a promising tool for addressing set-input and meta-learning problems.",A plug-and-play framework for set-structured input tasks
https://openreview.net/forum?id=9pEJSVfDbba,Embedded-model flows: Combining the inductive biases of model-free deep learning and explicit probabilistic modeling,Normalizing Flows; Probabilistic model; Probabilistic programming; Generative modeling; Variational Inference,None,"Normalizing flows have shown great success as general-purpose density estimators. However, many real world applications require the use of domain-specific knowledge, which normalizing flows cannot readily incorporate. We propose embedded-model flows (EMF), which alternate general-purpose transformations with structured layers that embed domain-specific inductive biases. These layers are automatically constructed by converting user-specified differentiable probabilistic models into equivalent bijective transformations. We also introduce gated structured layers, which allow bypassing the parts of the models that fail to capture the statistics of the data. We demonstrate that EMFs can be used to induce desirable properties such as multimodality and continuity. Furthermore, we show that EMFs enable a high performance form of variational inference where the structure of the prior model is embedded in the variational architecture. In our experiments, we show that this approach outperforms a large number of alternative methods in common structured inference problems.",We introduce bijective transformations that embed domain-specific inductive biases in Normalizing Flow architectures.
https://openreview.net/forum?id=YRq0ZUnzKoZ,A Relational Intervention Approach for Unsupervised Dynamics Generalization in Model-Based Reinforcement Learning,Model-Based Reinforcement Learning; Unsupervised Dynamics Generalization,None,"The generalization of model-based reinforcement learning (MBRL) methods to environments with unseen transition dynamics is an important yet challenging problem.
Existing methods try to extract environment-specified information $Z$ from past transition segments to make the dynamics prediction model generalizable to different dynamics. However, because environments are not labelled, the extracted information inevitably contains redundant information unrelated to the dynamics in transition segments and thus fails to maintain a crucial property of $Z$: $Z$ should be similar in the same environment and dissimilar in different ones. As a result, the learned dynamics prediction function will deviate from the true one, which undermines the generalization ability. To tackle this problem, we introduce an interventional prediction module to estimate the probability of two estimated $\hat{z}_i, \hat{z}_j$ belonging to the same environment.
Furthermore, by utilizing the $Z$'s invariance within a single environment, a relational head is proposed to enforce the similarity between $\hat{{Z}}$ from the same environment. As a result, the redundant information will be reduced in $\hat{Z}$. We empirically show that $\hat{{Z}}$ estimated by our method enjoy less redundant information than previous methods, and such $\hat{{Z}}$  can significantly reduce dynamics prediction errors and improve the performance of model-based RL methods on zero-shot new environments with unseen dynamics. The codes of this method are available at \url{https://github.com/CR-Gjx/RIA}.",This paper proposes a new model-based RL that could generalize to new environments.
https://openreview.net/forum?id=2f1z55GVQN,Critical Points in Quantum Generative Models,loss landscapes; quantum; Wishart spin-glass model,None,"One of the most important properties of neural networks is the clustering of local minima of the loss function near the global minimum, enabling efficient training. Though generative models implemented on quantum computers are known to be more expressive than their traditional counterparts, it has empirically been observed that these models experience a transition in the quality of their local minima. Namely, below some critical number of parameters, all local minima are far from the global minimum in function value; above this critical parameter count, all local minima are good approximators of the global minimum. Furthermore, for a certain class of quantum generative models, this transition has empirically been observed to occur at parameter counts exponentially large in the problem size, meaning practical training of these models is out of reach. Here, we give the first proof of this transition in trainability, specializing to this latter class of quantum generative model. We use techniques inspired by those used to study the loss landscapes of classical neural networks. We also verify that our analytic results hold experimentally even at modest model sizes.","We show using techniques from random matrix theory that, unlike typical neural networks, quantum generative models often have poor quality local minima."
https://openreview.net/forum?id=TW7d65uYu5M,VOS: Learning What You Don't Know by Virtual Outlier Synthesis,None,None,"Out-of-distribution (OOD) detection has received much attention lately due to its importance in the safe deployment of neural networks. One of the key challenges is that models lack supervision signals from unknown data, and as a result, can produce overconfident predictions on OOD data. Previous approaches rely on real outlier datasets for model regularization, which can be costly and sometimes infeasible to obtain in practice. In this paper, we present VOS, a novel framework for OOD detection by adaptively synthesizing virtual outliers that can meaningfully regularize the model's decision boundary during training. Specifically, VOS samples virtual outliers from the low-likelihood region of the class-conditional distribution estimated in the feature space. Alongside,  we introduce a novel unknown-aware training objective,  which contrastively shapes the uncertainty space between the ID data and synthesized outlier data. VOS achieves competitive performance on both object detection and image classification models, reducing the  FPR95 by up to 9.36% compared to the previous best method on object detectors. Code is available at https://github.com/deeplearning-wisc/vos.",None
https://openreview.net/forum?id=EcGGFkNTxdJ,Trust Region Policy Optimisation in Multi-Agent Reinforcement Learning,Multi-Agent Reinforcement Learning; trust-region method; policy gradient method,None,"Trust region methods rigorously enabled reinforcement learning (RL) agents to learn monotonically improving policies, leading to superior performance on a variety of tasks. Unfortunately, when it comes to multi-agent reinforcement learning (MARL),  the property of monotonic improvement may not simply apply; this is because agents, even in cooperative games, could have conflicting directions of policy updates. As a result, achieving a guaranteed improvement on the joint policy where each agent acts individually remains an open challenge. In this paper, we extend the theory of trust region learning to MARL. Central to our findings are the multi-agent advantage decomposition lemma and the sequential policy update scheme. Based on these, we develop Heterogeneous-Agent Trust Region Policy Optimisation (HATPRO) and Heterogeneous-Agent Proximal Policy Optimisation (HAPPO) algorithms. Unlike many existing MARL algorithms, HATRPO/HAPPO do not need agents to share parameters, nor do they need any restrictive assumptions on decomposibility of the joint value function. Most importantly, we justify in theory the monotonic improvement property of HATRPO/HAPPO. We evaluate the proposed methods on a series of Multi-Agent MuJoCo and StarCraftII tasks. Results show that HATRPO and HAPPO significantly outperform strong baselines such as IPPO, MAPPO and MADDPG on all tested tasks, thereby establishing a new state of the art.",This paper introduces the first trust region method for multi-agent reinforcement learning that enjoys theoretically-justified monotonic improvement guarantee and demonstrates the state-of-the-art performance on Mujoco benchmarks.
https://openreview.net/forum?id=neqU3HWDgE,Unsupervised Disentanglement with Tensor Product Representations on the Torus,Variational Auto-Encoder; Disentanglement Learning,None,"The current methods for learning representations with auto-encoders almost exclusively employ vectors as the latent representations.  In this work, we propose to employ a tensor product structure for this purpose. This way, the obtained representations are naturally disentangled. In contrast to the conventional variations methods, which are targeted toward normally distributed features, the latent space in our representation is distributed uniformly over a set of unit circles. We argue that the torus structure of the latent space captures the generative factors effectively. We employ recent tools for measuring unsupervised disentanglement, and in an extensive set of experiments demonstrate the advantage of our method in terms of disentanglement, completeness, and informativeness. The code for our proposed method is available at https://github.com/rotmanmi/Unsupervised-Disentanglement-Torus.",Decomposition of a latent space on a torus leads to a disentangled representation
https://openreview.net/forum?id=_hszZbt46bT,Anomaly Detection for Tabular Data with Internal Contrastive Learning,Anomaly detection; Tabular data,None,"We consider the task of finding out-of-class samples in tabular data, where little can be assumed on the structure of the data. In order to capture the structure of the samples of the single training class, we learn mappings that maximize the mutual information between each sample and the part that is masked out. The mappings are learned by employing a contrastive loss, which considers only one sample at a time. Once learned, we can score a test sample by measuring whether the learned mappings lead to a small contrastive loss using the masked parts of this sample. Our experiments show that our method leads by a sizable accuracy gap in comparison to the literature and that the same default set of hyperparameters provides state-of-the-art results across benchmarks.",An anomaly detection method based on the ability to predict the masked out part in a vector.
https://openreview.net/forum?id=CpTuR2ECuW,LIGS: Learnable Intrinsic-Reward Generation Selection for Multi-Agent Learning ,multi-agent; reinforcement learning; intrinsic rewards; exploration,None,"Efficient exploration is important for reinforcement learners (RL) to achieve high rewards. In multi-agent systems, coordinated exploration and behaviour is critical for agents to jointly achieve optimal outcomes. In this paper, we introduce a new general framework for improving coordination and performance of multi-agent reinforcement learners (MARL). Our framework, named Learnable Intrinsic-Reward Generation Selection algorithm (LIGS) introduces an adaptive learner, Generator that observes the agents and learns to construct intrinsic rewards online that coordinate the agents’ joint exploration and joint behaviour. Using a novel combination of reinforcement learning (RL) and switching controls, LIGS determines the best states to learn to add intrinsic rewards which leads to a highly efficient learning process. LIGS can subdivide complex tasks making them easier to solve and enables systems of RL agents to quickly solve environments with sparse rewards. LIGS can seamlessly adopt existing multi-agent RL algorithms and our theory shows that it ensures convergence to joint policies that deliver higher system performance. We demonstrate the superior performance of the LIGS framework in challenging tasks in Foraging and StarCraft II and show LIGS is capable of tackling tasks previously unsolvable by MARL methods.",None
https://openreview.net/forum?id=EVVadRFRgL7,"Bayesian Modeling and Uncertainty Quantification for Learning to Optimize: What, Why, and How",None,None,"Optimizing an objective function with uncertainty awareness is well-known to improve the accuracy and confidence of optimization solutions. Meanwhile, another relevant but very different question remains yet open: how to model and quantify the uncertainty of an optimization algorithm (a.k.a., optimizer) itself? To close such a gap, the prerequisite is to consider the optimizers as sampled from a distribution, rather than a few prefabricated and fixed update rules. We first take the novel angle to consider the algorithmic space of optimizers, and provide definitions for the optimizer prior and likelihood, that intrinsically determine the posterior and therefore uncertainty. We then leverage the recent advance of learning to optimize (L2O) for the space parameterization, with the end-to-end training pipeline built via variational inference, referred to as uncertainty-aware L2O (UA-L2O). Our study represents the first effort to recognize and quantify the uncertainty of the optimization algorithm. The extensive numerical results show that, UA-L2O achieves superior uncertainty calibration with accurate confidence estimation and tight confidence intervals, suggesting the improved posterior estimation thanks to considering optimizer uncertainty. Intriguingly, UA-L2O even improves optimization performances for two out of three test functions, the loss function in data privacy attack, and four of five cases of the energy function in protein docking. Our codes are released at https://github.com/Shen-Lab/Bayesian-L2O.",None
https://openreview.net/forum?id=RLtqs6pzj1-,Deep Ensembling with No Overhead for either Training or Testing: The All-Round Blessings of Dynamic Sparsity,efficient ensemble; FreeTickets; dynamic sparse training; deep ensemble; dynamic sparsity,None,"The success of deep ensembles on improving predictive performance, uncertainty estimation, and out-of-distribution robustness has been extensively studied in the machine learning literature. Albeit the promising results, naively training multiple deep neural networks and combining their predictions at inference leads to prohibitive computational costs and memory requirements. Recently proposed efficient ensemble approaches reach the performance of the traditional deep ensembles with significantly lower costs. However, the training resources required by these approaches are still at least the same as training a single dense model. In this work, we draw a unique connection between sparse neural network training and deep ensembles, yielding a novel efficient ensemble learning framework called $FreeTickets$. Instead of training multiple dense networks and averaging them, we directly train sparse subnetworks from scratch and extract diverse yet accurate subnetworks during this efficient, sparse-to-sparse training. Our framework, $FreeTickets$, is defined as the ensemble of these relatively cheap sparse subnetworks. Despite being an ensemble method, $FreeTickets$ has even fewer parameters and training FLOPs than a single dense model. This seemingly counter-intuitive outcome is due to the ultra training/inference efficiency of dynamic sparse training. $FreeTickets$ surpasses the dense baseline in all the following criteria: prediction accuracy, uncertainty estimation, out-of-distribution (OoD) robustness, as well as efficiency for both training and inference. Impressively, $FreeTickets$ outperforms the naive deep ensemble with ResNet50 on ImageNet using around only $1/5$ of the training FLOPs required by the latter. We have released our source code at https://github.com/VITA-Group/FreeTickets.","We propose an efficient ensemble learning framework FreeTickets via dynamic spasity, which is more efficient to train and inference than a single dense model, while matching the performance of the naive dense ensemble."
https://openreview.net/forum?id=X0nrKAXu7g-,HyperDQN: A Randomized Exploration Method for Deep Reinforcement Learning,exploration; reinforcement learning,None,"Randomized least-square value iteration (RLSVI) is a provably efficient exploration method. However, it is limited to the case where (1) a good feature is known in advance and (2) this feature is fixed during the training. If otherwise, RLSVI suffers an unbearable computational burden to obtain the posterior samples. In this work, we present a practical algorithm named HyperDQN to address the above issues under deep RL. In addition to a non-linear neural network (i.e., base model) that predicts Q-values, our method employs a probabilistic hypermodel (i.e., meta model), which outputs the parameter of the base model. When both models are jointly optimized under a specifically designed objective, three purposes can be achieved. First, the hypermodel can generate approximate posterior samples regarding the parameter of the Q-value function. As a result, diverse Q-value functions are sampled to select exploratory action sequences. This retains the punchline of RLSVI for efficient exploration. Second, a good feature is learned to approximate Q-value functions. This addresses limitation (1). Third, the posterior samples of the Q-value function can be obtained in a more efficient way than the existing methods, and the changing feature does not affect the efficiency. This deals with limitation (2). On the Atari suite, HyperDQN with 20M frames outperforms DQN with 200M frames in terms of the maximum human-normalized score. For SuperMarioBros, HyperDQN outperforms several exploration bonus and randomized exploration methods on 5 out of 9 games.",We design a practical randomized exploration method to address the sample efficiency issue in online reinforcement learning.
https://openreview.net/forum?id=3rULBvOJ8D2,Unraveling Model-Agnostic Meta-Learning via The Adaptation Learning Rate,Meta-Learning; Learning rate; Optimization,None,"Model-Agnostic Meta-Learning (MAML) aims to find initial weights that allow fast adaptation to new tasks. The adaptation (inner loop) learning rate in MAML plays a central role in enabling such fast adaptation. However, how to choose this value in practice and how this choice affects the adaptation error remains less explored. In this paper, we study the effect of the adaptation learning rate in meta-learning with mixed linear regression. First, we present a principled way to estimate optimal adaptation learning rates that minimize the population risk of MAML. Second, we interpret the underlying dependence between the optimal adaptation learning rate and the input data. Finally, we prove that compared with empirical risk minimization (ERM), MAML produces an initialization with a smaller average distance to the task optima, consistent with previous practical findings. These results are corroborated with numerical experiments.",Theoretical analysis of Model-Agnostic Meta-Learning (MAML) through the inner loop (adaptation) learning rate.
https://openreview.net/forum?id=MsHnJPaBUZE,iFlood: A Stable and Effective Regularizer,overfitting; regularizer,None,"Various regularization methods have been designed to prevent overfitting of machine learning models. Among them, a surprisingly simple yet effective one, called Flooding, is proposed recently, which directly constrains the training loss on average to stay at a given level. However, our further studies uncover that the design of the loss function of Flooding can lead to a discrepancy between its objective and implementation, and cause the instability issue. To resolve these issues, in this paper, we propose a new regularizer, called individual Flood (denoted as iFlood). With instance-level constraints on training loss, iFlood encourages the trained models to better fit the under-fitted instances while suppressing the confidence on over-fitted ones. We theoretically show that the design of iFlood can be intrinsically connected with removing the noise or bias in training data, which makes it suitable for a variety of applications to improve the generalization performances of learned models. We also theoretically link iFlood to some other regularizers by comparing the inductive biases they introduce. Our experimental results on both image classification and language understanding tasks confirm that models learned with iFlood can stably converge to solutions with better generalization ability, and behave consistently at instance-level.","We propose a novel regularizer named iFlood, which encourages the trained models to better fit the under-fitted instances while suppressing the confidence on over-fitted ones."
https://openreview.net/forum?id=3jooF27-0Wy,FlexConv: Continuous Kernel Convolutions With Differentiable Kernel Sizes,Convolutional neural networks; learnable kernel size; continuous convolutional kernels; alias-free convolutional networks; implicit neural representations; resolution-agnostic representations; time series; sequential data; computer vision,None,"When designing Convolutional Neural Networks (CNNs), one must select the size of the convolutional kernels before training. Recent works show CNNs benefit from different kernel sizes at different layers, but exploring all possible combinations is unfeasible in practice. A more efficient approach is to learn the kernel size during training. However, existing works that learn the kernel size have a limited bandwidth. These approaches scale kernels by dilation, and thus the detail they can describe is limited. In this work, we propose FlexConv, a novel convolutional operation with which high bandwidth convolutional kernels of learnable kernel size can be learned at a fixed parameter cost. FlexNets model long-term dependencies without the use of pooling, achieve state-of-the-art performance on several sequential datasets, outperform recent works with learned kernel sizes, and are competitive with much deeper ResNets on image benchmark datasets. Additionally, FlexNets can be deployed at higher resolutions than those seen during training. To avoid aliasing, we propose a novel kernel parameterization with which the frequency of the kernels can be analytically controlled. Our novel kernel parameterization shows higher descriptive power and faster convergence speed than existing parameterizations. This leads to important improvements in classification accuracy.","We provide a high bandwidth, alias-free convolutional kernel parameterization with learnable kernel size and constant parameter cost."
https://openreview.net/forum?id=nxcABL7jbQh,Zero Pixel Directional Boundary by Vector Transform,None,None,"Boundaries or contours are among the primary visual cues used by human and computer vision systems. One of the key problems in boundary detection is the loss formulation, which typically leads to class imbalance and, as a consequence, to thick boundaries which require non-differential post-processing steps to be thinned.
In this paper, we re-interpret boundaries as 1-D surfaces and formulate a one-to-one vector transform function that allows for training of boundary prediction completely avoiding the class imbalance issue. Specifically, we define the boundary representation at any point as the unit vector pointing to the closest boundary surface.
Our problem formulation leads to the estimation of direction as well as richer contextual information of the boundary, and, if desired, the availability of zero-pixel thin boundaries also at training time. Our method uses no hyper-parameter in the training loss and a fixed stable hyper-parameter at inference. We provide theoretical justification/discussions of the vector transform representation. We evaluate the proposed loss method using a standard architecture and show the excellent performance over other losses and representations on several datasets.",None
https://openreview.net/forum?id=wqD6TfbYkrn,A Conditional Point Diffusion-Refinement Paradigm for 3D Point Cloud Completion,Point Cloud Completion; Denoising Diffusion Pobabilistic Model; Conditional Generation,None,"3D point clouds are an important data format that captures 3D information for real world objects.  Since 3D point clouds scanned in the real world are often incomplete, it is important to recover the complete point cloud for many downstreaming applications. Most existing point cloud completion methods use the Chamfer Distance (CD) loss for training. The CD loss estimates correspondences between two point clouds by searching nearest neighbors, which does not capture the overall point distribution on the generated shape, and therefore likely leads to non-uniform point cloud generation. To tackle this problem, we propose a novel Point Diffusion-Refinement (PDR) paradigm for point cloud completion. PDR consists of a Conditional Generation Network (CGNet) and a ReFinement Network (RFNet). The CGNet uses a conditional generative model called the denoising diffusion probabilistic model (DDPM) to generate a coarse completion conditioned on the partial observation. DDPM establishes a one-to-one pointwise mapping between the generated point cloud and the uniform ground truth, and then optimizes the mean squared error loss to realize uniform generation. The RFNet refines the coarse output of the CGNet and further improves quality of the completed point cloud.  In terms of the architecture, we develop a novel dual-path architecture for both networks. The architecture can (1) effectively and efficiently extract multi-level features from partially observed point clouds to guide completion, and (2) accurately manipulate spatial locations of 3D points to obtain smooth surfaces and sharp details. Extensive experimental results on various benchmark datasets show that our PDR paradigm outperforms previous state-of-the-art methods for point cloud completion. In addition, with the help of the RFNet,  we can accelerate the iterative generation process of the DDPM by up to 50 times without much performance drop.",None
https://openreview.net/forum?id=SIKV0_MrZlr,Auto-Transfer: Learning to Route Transferable Representations,Feature routing; Transferable Representations,None,"Knowledge transfer between heterogeneous source and target networks and tasks has received a lot of attention in recent times as large amounts of quality labeled data can be difficult to obtain in many applications. Existing approaches typically constrain the target deep neural network (DNN) feature representations to be close to the source DNNs feature representations, which can be limiting. We, in this paper, propose a novel adversarial multi-armed bandit approach that automatically learns to route source representations to appropriate target representations following which they are combined in meaningful ways to produce accurate target models. We see upwards of 5\% accuracy improvements compared with the state-of-the-art knowledge transfer methods on four benchmark (target) image datasets CUB200, Stanford Dogs, MIT67, and Stanford40 where the source dataset is ImageNet. We qualitatively analyze the goodness of our transfer scheme by showing individual examples of the important features focused on by our target network at different layers compared with the (closest) competitors. We also observe that our improvement over other methods is higher for smaller target datasets making it an effective tool for small data applications that may benefit from transfer learning.",This paper offers a novel transfer method that uses a routing function to select source-target pairs as well as aggregation functions that combine source and target features (as opposed to matching source to target features).
https://openreview.net/forum?id=9jInD9JjicF,PoNet: Pooling Network for Efficient Token Mixing in Long Sequences,Transformer; Efficient Transformers; Token Mixing; Pooling; Linear; Long Range Arena; Transfer Learning; BERT; GLUE,None,"Transformer-based models have achieved great success in various NLP, vision, and speech tasks. However, the core of Transformer, the self-attention mechanism, has a quadratic time and memory complexity with respect to the sequence length, which hinders applications of Transformer-based models to long sequences. Many approaches have been proposed to mitigate this problem, such as sparse attention mechanisms, low-rank matrix approximations and scalable kernels, and token mixing alternatives to self-attention. We propose a novel Pooling Network (PoNet) for token mixing in long sequences with linear complexity. We design multi-granularity pooling and pooling fusion to capture different levels of contextual information and combine their interactions with tokens. On the Long Range Arena benchmark, PoNet significantly outperforms Transformer and achieves competitive accuracy, while being only slightly slower than the fastest model, FNet, across all sequence lengths measured on GPUs. We also conduct systematic studies on the transfer learning capability of PoNet and observe that PoNet achieves 95.7 percent of the accuracy of BERT on the GLUE benchmark, outperforming FNet by 4.5 percent relative. Comprehensive ablation analysis demonstrates effectiveness of the designed multi-granularity pooling and pooling fusion for token mixing in long sequences and efficacy of the designed pre-training tasks for PoNet to learn transferable contextualized language representations.","We propose a novel Pooling Network for token mixing with linear complexity, achieve competitive performance on the Long Range Arena benchmark, and 95.7% of the accuracy of BERT on the GLUE demonstrating its transferability."
https://openreview.net/forum?id=9kpuB2bgnim,Huber Additive Models for Non-stationary Time Series Analysis,Sparse additive models; variable selection; Huber; non-stationary; robust forecasting,None,"Sparse additive models have shown promising ﬂexibility and interpretability in processing time series data. However, existing methods usually assume the time series data to be stationary and the innovation is sampled from a Gaussian distribution. Both assumptions are too stringent for heavy-tailed and non-stationary time series data that frequently arise in practice, such as ﬁnance and medical ﬁelds. To address these problems, we propose an adaptive sparse Huber additive model for robust forecasting in both non-Gaussian data and (non)stationary data. In theory, the generalization bounds of our estimator are established for both stationary and nonstationary time series data, which are independent of the widely used mixing conditions in learning theory of dependent observations. Moreover, the error bound for non-stationary time series contains a discrepancy measure for the shifts of the data distributions over time. Such a discrepancy measure can be estimated empirically and used as a penalty in our method. Experimental results on both synthetic and real-world benchmark datasets validate the effectiveness of the proposed method. The code is available at https://github.com/xianruizhong/SpHAM.",An adaptive sparse Huber additive model for robust forecasting and  variable selection in  non-Gaussian  and (non)stationary time series data
https://openreview.net/forum?id=WuEiafqdy9H,Model-augmented Prioritized Experience Replay,RL; Reinforcement Learning; Replay Buffer,None,"Experience replay is an essential component in off-policy model-free reinforcement learning (MfRL). Due to its effectiveness, various methods for calculating priority scores on experiences have been proposed for sampling. Since critic networks are crucial to policy learning, TD-error, directly correlated to $Q$-values, is one of the most frequently used features to compute the scores. However, critic networks often under- or overestimate $Q$-values, so it is often ineffective to learn to predict $Q$-values by sampled experiences based heavily on TD-error. Accordingly, it is valuable to find auxiliary features, which positively support TD-error in calculating the scores for efficient sampling. Motivated by this, we propose a novel experience replay method, which we call model-augmented prioritized experience replay (MaPER), that employs new learnable features driven from components in model-based RL (MbRL) to calculate the scores on experiences. The proposed MaPER brings the effect of curriculum learning for predicting $Q$-values better by the critic network with negligible memory and computational overhead compared to the vanilla PER. Indeed, our experimental results on various tasks demonstrate that MaPER can significantly improve the performance of the state-of-the-art off-policy MfRL and MbRL which includes off-policy MfRL algorithms in its policy optimization procedure.",We propose a novel experience replay which employs additional auxiliary learnable features as well as TD-errors for prioritizing experiences
https://openreview.net/forum?id=MSgB8D4Hy51,Post-Training Detection of Backdoor Attacks for Two-Class and Multi-Attack Scenarios,backdoor; Trojan; adversarial learning; deep neural network,None,"Backdoor attacks (BAs) are an emerging threat to deep neural network classifiers. A victim classifier will predict to an attacker-desired target class whenever a test sample is embedded with the same backdoor pattern (BP) that was used to poison the classifier's training set. Detecting whether a classifier is backdoor attacked is not easy in practice, especially when the defender is, e.g., a downstream user without access to the classifier's training set. This challenge is addressed here by a reverse-engineering defense (RED), which has been shown to yield state-of-the-art performance in several domains. However, existing REDs are not applicable when there are only two classes or when multiple attacks are present. These scenarios are first studied in the current paper, under the practical constraints that the defender neither has access to the classifier's training set nor to supervision from clean reference classifiers trained for the same domain. We propose a detection framework based on BP reverse-engineering and a novel expected transferability (ET) statistic. We show that our ET statistic is effective using the same detection threshold, irrespective of the classification domain, the attack configuration, and the BP reverse-engineering algorithm that is used. The excellent performance of our method is demonstrated on six benchmark datasets. Notably, our detection framework is also applicable to multi-class scenarios with multiple attacks. Code is available at https://github.com/zhenxianglance/2ClassBADetection.","We proposed a detection framework against backdoor attacks for two-class and multi-attack scenarios, without access to the classifier's training set or any supervision from clean classifiers trained for the same domain."
https://openreview.net/forum?id=9otKVlgrpZG,Multi-Task Processes,stochastic processes; neural processes; multi-task learning; incomplete data,None,"Neural Processes (NPs) consider a task as a function realized from a stochastic process and flexibly adapt to unseen tasks through inference on functions. However, naive NPs can model data from only a single stochastic process and are designed to infer each task independently. Since many real-world data represent a set of correlated tasks from multiple sources (e.g., multiple attributes and multi-sensor data), it is beneficial to infer them jointly and exploit the underlying correlation to improve the predictive performance.
To this end, we propose Multi-Task Neural Processes (MTNPs), an extension of NPs designed to jointly infer tasks realized from multiple stochastic processes. We build MTNPs in a hierarchical way such that inter-task correlation is considered by conditioning all per-task latent variables on a single global latent variable. In addition, we further design our MTNPs so that they can address multi-task settings with incomplete data (i.e., not all tasks share the same set of input points), which has high practical demands in various applications.
Experiments demonstrate that MTNPs can successfully model multiple tasks jointly by discovering and exploiting their correlations in various real-world data such as time series of weather attributes and pixel-aligned visual modalities. We release our code at https://github.com/GitGyun/multi_task_neural_processes.","We propose a new family of stochastic processes that can infer multiple heterogeneous functions jointly given a few incomplete observations (i.e., some functions may not be observed at each input)."
https://openreview.net/forum?id=f9MHpAGUyMn,Dynamic Token Normalization improves Vision Transformers,classification; Normalization; transformer,None,"Vision Transformer (ViT) and its variants (e.g., Swin, PVT) have achieved great success in various computer vision tasks, owing to their capability to learn long-range contextual information. Layer Normalization (LN) is an essential ingredient in these models. However, we found that the ordinary LN  makes tokens at different positions similar in magnitude because it normalizes embeddings within each token. It is difficult for Transformers to capture inductive bias such as the positional context in an image with LN. We tackle this problem by proposing a new normalizer, termed Dynamic Token Normalization (DTN), where normalization is performed both within each token (intra-token) and across different tokens (inter-token). DTN has several merits. Firstly, it is built on a unified formulation and thus can represent various existing normalization methods. Secondly, DTN learns to normalize tokens in both intra-token and inter-token manners, enabling Transformers to capture both the global contextual information and the local positional context. Thirdly, by simply replacing LN layers, DTN can be readily plugged into various vision transformers, such as ViT, Swin, and PVT. Extensive experiments show that the transformer equipped with DTN consistently outperforms baseline model with minimal extra parameters and computational overhead. For example, DTN outperforms LN on small ViT by $1.1\%$ top-1 accuracy on ImageNet.",The proposed DTN is a simple yet effective normalizer for vision transformers.
https://openreview.net/forum?id=ef0nInZHKIC,Symbolic Learning to Optimize: Towards Interpretability and Scalability,Symbolic Regression; Learning To Optimize; Interpretability,None,"Recent studies on Learning to Optimize (L2O) suggest a promising path to automating and accelerating the optimization procedure for complicated tasks. Existing L2O models parameterize optimization rules by neural networks, and learn those numerical rules via meta-training. However, they face two common pitfalls: (1) scalability: the numerical rules represented by neural networks create extra memory overhead for applying L2O models, and limits their applicability to optimizing larger tasks; (2) interpretability: it is unclear what each L2O model has learned in its black-box optimization rule, nor is it straightforward to compare different L2O models in an explainable way. To avoid both pitfalls, this paper proves the concept that we can ""kill two birds by one stone"", by introducing the powerful tool of symbolic regression to L2O. In this paper, we establish a holistic symbolic representation and analysis framework for L2O, which yields a series of insights for learnable optimizers. Leveraging our findings, we further propose a lightweight L2O model that can be meta-trained on large-scale problems and outperformed human-designed and tuned optimizers. Our work is set to supply a brand-new perspective to L2O research. Codes are available at: https://github.com/VITA-Group/Symbolic-Learning-To-Optimize.",Learning to distill learned optimization rule into symbolic math equations that bears better interpretability and scales better.
https://openreview.net/forum?id=ivQruZvXxtz,Sequential Reptile: Inter-Task Gradient Alignment for Multilingual Learning,multilingual language model; gradient alignment,None,"Multilingual models jointly pretrained on multiple languages have achieved remarkable performance on various multilingual downstream tasks. Moreover, models finetuned on a single monolingual downstream task have shown to generalize to unseen languages. In this paper, we first show that it is crucial for those tasks to align gradients between them in order to maximize knowledge transfer while minimizing negative transfer. Despite its importance, the existing methods for gradient alignment either have a completely different purpose, ignore inter-task alignment, or aim to solve continual learning problems in rather inefficient ways. As a result of the misaligned gradients between tasks, the model suffers from severe negative transfer in the form of catastrophic forgetting of the knowledge acquired from the pretraining. To overcome the limitations, we propose a simple yet effective method that can efficiently align gradients between tasks. Specifically, we perform each inner-optimization by sequentially sampling batches from all the tasks, followed by a Reptile outer update. Thanks to the gradients aligned between tasks by our method, the model becomes less vulnerable to negative transfer and catastrophic forgetting. We extensively validate our method on various multi-task learning and zero-shot cross-lingual transfer tasks, where our method largely outperforms all the relevant baselines we consider.",We propose a simple yet effective gradient alignment method for finetuning multilingual pretrained language models.
https://openreview.net/forum?id=PlKWVd2yBkY,Pseudo Numerical Methods for Diffusion Models on Manifolds,diffusion model; generative model; numerical method; manifold,None,"Denoising Diffusion Probabilistic Models (DDPMs) can generate high-quality samples such as image and audio samples. However, DDPMs require hundreds to thousands of iterations to produce a sample. Several prior works have successfully accelerated DDPMs through adjusting the variance schedule (e.g., Improved Denoising Diffusion Probabilistic Models) or the denoising equation (e.g., Denoising Diffusion Implicit Models (DDIMs)). However, these acceleration methods cannot maintain the quality of samples and even introduce new noise at high speedup rate, which limit their practicability. To accelerate the inference process while keeping the sample quality, we provide a new perspective that DDPMs should be treated as solving differential equations on manifolds. Under such a perspective, we propose pseudo numerical methods for diffusion models (PNDMs). Specifically, we figure out how to solve differential equations on manifolds and show that DDIMs are simple cases of pseudo numerical methods. We change several classical numerical methods to corresponding pseudo numerical methods and find that pseudo linear multi-step method is the best method in most situations. According to our experiments, by directly using pre-trained models on Cifar10, CelebA and LSUN, PNDMs can generate higher quality synthetic images with only 50 steps compared with 1000-step DDIMs (20x speedup), significantly outperform DDIMs with 250 steps (by around 0.4 in FID) and have good generalization on different variance schedules.","We propose PNDMs, a new kind of numerical method, to accelerate diffusion models on manifolds."
https://openreview.net/forum?id=zq1iJkNk3uN,Supervision Exists Everywhere: A Data Efficient Contrastive Language-Image  Pre-training Paradigm,None,None,"Recently, large-scale Contrastive Language-Image Pre-training (CLIP) has attracted unprecedented attention for its impressive zero-shot recognition ability and excellent transferability to downstream tasks. However, CLIP is quite data-hungry and requires 400M image-text pairs for pre-training, thereby restricting its adoption. This work proposes a novel training paradigm, Data efficient CLIP (DeCLIP), to alleviate this limitation. We demonstrate that by carefully utilizing the widespread supervision among the image-text pairs, our De-CLIP can learn generic visual features more efficiently. Instead of using the single image-text contrastive supervision, we fully exploit data potential through the use of (1) self-supervision within each modality; (2) multi-view supervision across modalities; (3) nearest-neighbor supervision from other similar pairs. Benefiting from intrinsic supervision, our DeCLIP-ResNet50 can achieve 60.4% zero-shot top1 accuracy on ImageNet, which is 0.8% above the CLIP-ResNet50 while using 7.1×fewer data. Our DeCLIP-ResNet50 outperforms its counterpart in 8 out of 11 visual datasets when transferred to downstream tasks. Moreover, Scaling up the model and computing also works well in our framework.",None
https://openreview.net/forum?id=DBiQQYWykyy,Environment Predictive Coding for Visual Navigation,Self-supervised learning; visual navigation; representation learning,None,"We introduce environment predictive coding, a self-supervised approach to learn environment-level representations for embodied agents. In contrast to prior work on self-supervised learning for individual images, we aim to encode a 3D environment using a series of images observed by an agent moving in it. We learn these representations via a masked-zone prediction task, which segments an agent’s trajectory into zones and then predicts features of randomly masked zones, conditioned on the agent’s camera poses. This explicit spatial conditioning encourages learning representations that capture the geometric and semantic regularities of 3D environments. We learn such representations on a collection of video walkthroughs and demonstrate successful transfer to multiple downstream navigation tasks. Our experiments on the real-world scanned 3D environments of Gibson and Matterport3D show that our method obtains 2 - 6× higher sample-efﬁciency and up to 57% higher performance over standard image-representation learning.","We introduce environment predicting coding, a self-supervised approach for learning environment-level representations for navigation-like tasks."
https://openreview.net/forum?id=OXRZeMmOI7a,Topological Experience Replay,Deep reinforcement learning; experience replay,None,"State-of-the-art deep Q-learning methods update Q-values using state transition tuples sampled from the experience replay buffer. This strategy often randomly samples or prioritizes data sampling based on measures such as the temporal difference (TD) error. Such sampling strategies can be inefficient at learning Q-function since a state's correct Q-value preconditions on the accurate successor states' Q-value. Disregarding such a successor's value dependency leads to useless updates and even learning wrong values.
To expedite Q-learning, we maintain states' dependency by organizing the agent's experience into a graph. Each edge in the graph represents a transition between two connected states. We perform value backups via a breadth-first search that expands vertices in the graph starting from the set of terminal states successively moving backward. We empirically show that our method is substantially more data-efficient than several baselines on a diverse range of goal-reaching tasks. Notably, the proposed method also outperforms baselines that consume more batches of training experience.",We rearrange the update order of experience for training the Q-function by a dependency graph.
https://openreview.net/forum?id=SYuJXrXq8tw,Sparsity Winning Twice: Better Robust Generalization from More Efficient Training,None,None,"Recent studies demonstrate the deep networks, even robustified by the state-of-the-art adversarial training (AT), still suffer from large robust generalization gaps, in addition to the much more expensive training costs than standard training. In this paper, we investigate this intriguing problem from a new perspective, i.e., $\textit{injecting appropriate forms of sparsity}$ during adversarial training. We introduce two alternatives for sparse adversarial training: (i) $\textit{static sparsity}$, by leveraging recent results from the lottery ticket hypothesis to identify critical sparse subnetworks arising from the early training; (ii) $\textit{dynamic sparsity}$, by allowing the sparse subnetwork to adaptively adjust its connectivity pattern (while sticking to the same sparsity ratio) throughout training. We find both static and dynamic sparse methods to yield win-win: substantially shrinking the robust generalization gap and alleviating the robust overfitting, meanwhile significantly saving training and inference FLOPs. Extensive experiments validate our proposals with multiple network architectures on diverse datasets, including CIFAR-10/100 and Tiny-ImageNet. For example, our methods reduce robust generalization gap and overfitting by $34.44\%$ and $4.02\%$, with comparable robust/standard accuracy boosts and $87.83\%$/$87.82\%$ training/inference FLOPs savings on CIFAR-100 with ResNet-18. Besides, our approaches can be organically combined with existing regularizers, establishing new state-of-the-art results in AT. All codes are included.",None
https://openreview.net/forum?id=48RBsJwGkJf,CrossMatch: Cross-Classifier Consistency Regularization for Open-Set Single Domain Generalization,Single Domain Generalization; Open-Set Recognition,None,"Single domain generalization (SDG) is a challenging scenario of domain generalization, where only one source domain is available to train the model. Typical SDG methods are based on the adversarial data augmentation strategy, which complements the diversity of source domain to learn a robust model. Existing SDG methods require the source and target domains to have the same label space. However, as target domains may contain novel categories unseen in source label space, this assumption is not practical in many real-world applications. In this paper, we propose a challenging and untouched problem: \textit{Open-Set Single Domain Generalization} (OS-SDG), where target domains include unseen categories out of source label space. The goal of OS-SDG is to learn a model, with only one source domain, to classify a target sample with correct class if it belongs to source label space, or assign it to unknown classes. We design a \textit{CrossMatch} approach to improve the performance of SDG methods on identifying unknown classes by leveraging a multi-binary classifier. CrossMatch generates auxiliary samples out of source label space by using an adversarial data augmentation strategy. We also adopt a consistency regularization on generated auxiliary samples between multi-binary classifiers and the model trained by SDG methods, to improve the model’s capability on unknown class identification. Experimental results on benchmark datasets prove the effectiveness of CrossMatch on enhancing the performance of SDG methods in the OS-SDG setting.",None
https://openreview.net/forum?id=baUQQPwQiAg,Robust Unlearnable Examples: Protecting Data Privacy Against Adversarial Learning,unlearnable examples; adversarial training; privacy,None,"The tremendous amount of accessible data in cyberspace face the risk of being unauthorized used for training deep learning models. To address this concern, methods are proposed to make data unlearnable for deep learning models by adding a type of error-minimizing noise. However, such conferred unlearnability is found fragile to adversarial training. In this paper, we design new methods to generate robust unlearnable examples that are protected from adversarial training. We first find that the vanilla error-minimizing noise, which suppresses the informative knowledge of data via minimizing the corresponding training loss, could not effectively minimize the adversarial training loss. This explains the vulnerability of error-minimizing noise in adversarial training. Based on the observation, robust error-minimizing noise is then introduced to reduce the adversarial training loss. Experiments show that the unlearnability brought by robust error-minimizing noise can effectively protect data from adversarial training in various scenarios. The code is available at \url{https://github.com/fshp971/robust-unlearnable-examples}.",This paper proposes an robust error-minimizing noise that can protect data from being learned under adversarial training.
https://openreview.net/forum?id=bZJbzaj_IlP,A NON-PARAMETRIC REGRESSION VIEWPOINT : GENERALIZATION OF OVERPARAMETRIZED DEEP RELU NETWORK UNDER NOISY OBSERVATIONS,Overparametrized Deep Neural Network; Neural Tangent Kernel; Minimax; Non-parametric regression,None,"We study the generalization properties of the overparameterized deep neural network (DNN) with Rectified Linear Unit (ReLU) activations.
Under the non-parametric regression framework, it is assumed that the ground-truth function is from a reproducing kernel Hilbert space (RKHS) induced by a neural tangent kernel (NTK) of ReLU DNN, and a dataset is given with the noises. Without a delicate adoption of early stopping, we prove that the overparametrized DNN trained by vanilla gradient descent does not recover the ground-truth function. It turns out that the estimated DNN's $L_{2}$ prediction error is bounded away from $0$. As a complement of the above result, we show that the $\ell_{2}$-regularized gradient descent enables the overparametrized DNN achieve the minimax optimal convergence rate of the $L_{2}$ prediction error, without early stopping. Notably, the rate we obtained is faster than $\mathcal{O}(n^{-1/2})$ known in the literature.",Study the generalization of overparametrized deep neural network with relu activation function with noisy dataset.
https://openreview.net/forum?id=sNuFKTMktcY,Active Hierarchical Exploration with Stable Subgoal Representation Learning,Hierarchical Reinforcement Learning; Exploration; Representation Learning,None,"Goal-conditioned hierarchical reinforcement learning (GCHRL) provides a promising approach to solving long-horizon tasks. Recently, its success has been extended to more general settings by concurrently learning hierarchical policies and subgoal representations. Although GCHRL possesses superior exploration ability by decomposing tasks via subgoals, existing GCHRL methods struggle in temporally extended tasks with sparse external rewards, since the high-level policy learning relies on external rewards. As the high-level policy selects subgoals in an online learned representation space, the dynamic change of the subgoal space severely hinders effective high-level exploration. In this paper, we propose a novel regularization that contributes to both stable and efficient subgoal representation learning. Building upon the stable representation, we design measures of novelty and potential for subgoals, and develop an active hierarchical exploration strategy that seeks out new promising subgoals and states without intrinsic rewards. Experimental results show that our approach significantly outperforms state-of-the-art baselines in continuous control tasks with sparse rewards.",We propose a regularization to stabilize subgoal representation learning in goal-conditioned HRL and develop an active exploration strategy upon this stable representation.
https://openreview.net/forum?id=St-53J9ZARf,Deep AutoAugment,automated machine learning; data augmentation,None,"While recent automated data augmentation methods lead to state-of-the-art results, their design spaces and the derived data augmentation strategies still incorporate strong human priors. In this work, instead of fixing a set of hand-picked default augmentations alongside the searched data augmentations, we propose a fully automated approach for data augmentation search named Deep AutoAugment (DeepAA). DeepAA progressively builds a multi-layer data augmentation pipeline from scratch by stacking augmentation layers one at a time until reaching convergence. For each augmentation layer, the policy is optimized to maximize the cosine similarity between the gradients of the original and augmented data along the direction with low variance. Our experiments show that even without default augmentations, we can learn an augmentation policy that achieves strong performance with that of previous works. Extensive ablation studies show that the regularized gradient matching is an effective search method for data augmentation policies. Our code is available at: https://github.com/MSU-MLSys-Lab/DeepAA .","We propose Deep AutoAugment (DeepAA), a fully automated automated data augmentation methods that outperforms previous automated data augmentation methods."
https://openreview.net/forum?id=p3DKPQ7uaAi,Temporal Alignment Prediction for Supervised Representation Learning and Few-Shot Sequence Classification,Temporal Alignment; Supervised Representation Learning; Few-shot Action Recognition; Alignment Prediction; Sequence Classification,None,"Explainable distances for sequence data depend on temporal alignment to tackle sequences with different lengths and local variances. Most sequence alignment methods infer the optimal alignment by solving an optimization problem under pre-defined feasible alignment constraints, which not only is time-consuming, but also makes end-to-end sequence learning intractable. In this paper, we propose a learnable sequence distance called Temporal Alignment Prediction (TAP). TAP employs a lightweight convolutional neural network to directly predict the optimal alignment between two sequences, so that only straightforward calculations are required and no optimization is involved in inference. TAP can be applied in different distance-based machine learning tasks. For supervised sequence representation learning, we show that TAP trained with various metric learning losses achieves completive performances with much faster inference speed. For few-shot action classification, we apply TAP as the distance measure in the metric learning-based episode-training paradigm. This simple strategy achieves comparable results with state-of-the-art few-shot action recognition methods.",We propose a learnable sequence distance by predicting the temporal alignment and show its application in supervised representation learning for sequence data and few-shot action recognition.
https://openreview.net/forum?id=O476oWmiNNp,Anti-Oversmoothing in Deep Vision Transformers via the Fourier Domain Analysis: From Theory to Practice,Deep ViT; Spectral Analysis; Attention Collapse; Patch Diversity,None,"Vision Transformer (ViT) has recently demonstrated promise in computer vision problems. However, unlike Convolutional Neural Networks (CNN), it is known that the performance of ViT saturates quickly with depth increasing, due to the observed attention collapse or patch uniformity. Despite a couple of empirical solutions, a rigorous framework studying on this scalability issue remains elusive. In this paper, we first establish a  rigorous theory framework to analyze ViT features from the Fourier spectrum domain. We show that the self-attention mechanism inherently amounts to a low-pass filter, which indicates when ViT scales up its depth, excessive low-pass filtering will cause feature maps to only preserve their Direct-Current (DC) component. We then propose two straightforward yet effective techniques to mitigate the undesirable low-pass limitation. The first technique, termed AttnScale, decomposes a self-attention block into low-pass and high-pass components, then rescales and combines these two filters to produce an all-pass self-attention matrix. The second technique, termed FeatScale, re-weights feature maps on separate frequency bands to amplify the high-frequency signals. Both techniques are efficient and hyperparameter-free, while effectively overcoming relevant ViT training artifacts such as attention collapse and patch uniformity. By seamlessly plugging in our techniques to multiple ViT variants, we demonstrate that they consistently help ViTs benefit from deeper architectures, bringing up to 1.1% performance gains ""for free"" (e.g., with little parameter overhead). We publicly release our codes and pre-trained models at https://github.com/VITA-Group/ViT-Anti-Oversmoothing.","In this paper, we investigate the scalability issue with ViT via Fourier domain analysis and propose two practical solutions by scaling different frequency components of attention and feature maps."
https://openreview.net/forum?id=oU3aTsmeRQV,Self-ensemble Adversarial Training for Improved Robustness,Adversarial Example; Adversarial Training,None,"Due to numerous breakthroughs in real-world applications brought by machine intelligence, deep neural networks (DNNs) are widely employed in critical applications. However, predictions of DNNs are easily manipulated with imperceptible adversarial perturbations, which impedes the further deployment of DNNs and may result in profound security and privacy implications. By incorporating adversarial samples into the training data pool, adversarial training is the strongest principled strategy against various adversarial attacks among all sorts of defense methods. Recent works mainly focus on developing new loss functions or regularizers, attempting to find the unique optimal point in the weight space. But none of them taps the potentials of classifiers obtained from standard adversarial training, especially states on the searching trajectory of training. In this work, we are dedicated to the weight states of models through the training process and devise a simple but powerful \emph{Self-Ensemble Adversarial Training} (SEAT) method for yielding a robust classifier by averaging weights of history models. This considerably improves the robustness of the target model against several well known adversarial attacks, even merely utilizing the naive cross-entropy loss to supervise. We also discuss the relationship between the ensemble of predictions from different adversarially trained models and the prediction of weight-ensembled models, as well as provide theoretical and empirical evidence that the proposed self-ensemble method provides a smoother loss landscape and better robustness than both individual models and the ensemble of predictions from different classifiers. We further analyze a subtle but fatal issue in the general settings for the self-ensemble model, which causes the deterioration of the weight-ensembled method in the late phases.",This paper proposes an efficient self-ensemble method for adversarial trained classifiers and significantly improve their adversarial robustness
https://openreview.net/forum?id=Fn7i_r5rR0q,Do deep networks transfer invariances across classes?,invariance; augmentation; nuisance transformation; imbalance; long tail,None,"In order to generalize well, classifiers must learn to be invariant to nuisance transformations that do not alter an input's class. Many problems have ""class-agnostic"" nuisance transformations that apply similarly to all classes, such as lighting and background changes for image classification. Neural networks can learn these invariances given sufficient data, but many real-world datasets are heavily class imbalanced and contain only a few examples for most of the classes. We therefore pose the question: how well do neural networks transfer class-agnostic invariances learned from the large classes to the small ones? Through careful experimentation, we observe that invariance to class-agnostic transformations is still heavily dependent on class size, with the networks being much less invariant on smaller classes. This result holds even when using data balancing techniques, and suggests poor invariance transfer across classes. Our results provide one explanation for why classifiers generalize poorly on unbalanced and long-tailed distributions. Based on this analysis, we show how a generative approach for learning the nuisance transformations can help transfer invariances across classes and improve performance on a set of imbalanced image classification benchmarks.","Study how well classifiers learn invariances in the imbalanced setting, and methods for improvement."
https://openreview.net/forum?id=XOh5x-vxsrV,Cross-Trajectory Representation Learning for Zero-Shot Generalization in RL,reinforcement learning; representation learning; self-supervised learning; procgen,None,"A highly desirable property of a reinforcement learning (RL) agent -- and a major difficulty for deep RL approaches -- is the ability to generalize policies learned on a few tasks over a high-dimensional observation space to similar tasks not seen during training. Many promising approaches to this challenge consider RL as a process of training two functions simultaneously: a complex nonlinear encoder that maps high-dimensional observations to a latent representation space, and a simple linear policy over this space. We posit that a superior encoder for zero-shot generalization in RL can be trained by using solely an auxiliary SSL objective if the training process encourages the encoder to map behaviorally similar observations to similar representations, as reward-based signal can cause overfitting in the encoder (Raileanu et al., 2021). We propose Cross-Trajectory Representation Learning (CTRL), a method that runs within an RL agent and conditions its encoder to recognize behavioral similarity in observations by applying a novel SSL objective to pairs of trajectories from the agent's policies. CTRL can be viewed as having the same effect as inducing a pseudo-bisimulation metric but, crucially, avoids the use of rewards and associated overfitting risks. Our experiments ablate various components of CTRL and demonstrate that in combination with PPO it achieves better generalization performance on the challenging Procgen benchmark suite (Cobbe et al., 2020).",Cross-trajectory self-supervised learning for better zero-shot generalization in RL
https://openreview.net/forum?id=w01vBAcewNX,On Covariate Shift of Latent Confounders in Imitation and Reinforcement Learning,imitation learning; reinforcement learning; expert data; hidden confounding; causal inference; covariate shift,None,"We consider the problem of using expert data with unobserved confounders for imitation and reinforcement learning. We begin by defining the problem of learning from confounded expert data in a contextual MDP setup. We analyze the limitations of learning from such data with and without external reward and propose an adjustment of standard imitation learning algorithms to fit this setup. In addition, we discuss the problem of distribution shift between the expert data and the online environment when partial observability is present in the data. We prove possibility and impossibility results for imitation learning under arbitrary distribution shift of the missing covariates. When additional external reward is provided, we propose a sampling procedure that addresses the unknown shift and prove convergence to an optimal solution. Finally, we validate our claims empirically on challenging assistive healthcare and recommender system simulation tasks.","We use expert data with unobserved confounders for both imitation and reinforcement learning. Such hidden confounding is prone to a shifted distribution, which may severely hurt performance unless accounted for."
https://openreview.net/forum?id=S874XAIpkR-,RvS: What is Essential for Offline RL via Supervised Learning?,reinforcement learning; deep reinforcement learning; offline reinforcement learning,None,"Recent work has shown that supervised learning alone, without temporal difference (TD) learning, can be remarkably effective for offline RL. When does this hold true, and which algorithmic components are necessary? Through extensive experiments, we boil supervised learning for offline RL down to its essential elements. In every environment suite we consider, simply maximizing likelihood with a two-layer feedforward MLP is competitive with state-of-the-art results of substantially more complex methods based on TD learning or sequence modeling with Transformers. Carefully choosing model capacity (e.g., via regularization or architecture) and choosing which information to condition on (e.g., goals or rewards) are critical for performance. These insights serve as a field guide for practitioners doing Reinforcement Learning via Supervised Learning (which we coin RvS learning). They also probe the limits of existing RvS methods, which are comparatively weak on random data, and suggest a number of open problems.",Experimentally evaluating when and why supervised learning solves offline RL
https://openreview.net/forum?id=dpXL6lz4mOQ,LEARNING GUARANTEES FOR GRAPH CONVOLUTIONAL NETWORKS ON THE STOCHASTIC BLOCK MODEL,None,None,"An abundance of neural network models and algorithms for diverse tasks on graphs have been developed in the past five years. However, very few provable guarantees have been available for the performance of graph neural network models. This state of affairs is in contrast with the steady progress on the theoretical underpinnings of traditional dense and convolutional neural networks. In this paper we present the first provable guarantees for one of the best-studied families of graph neural network models, Graph Convolutional Networks (GCNs), for semi- supervised community detection tasks. We show that with high probability over the initialization and training data, a GCN will efficiently learn to detect communities on graphs drawn from a stochastic block model. Our proof relies on a fine-grained analysis of the training dynamics in order to overcome the complexity of a non-convex optimization landscape with many poorly-performing local minima.",None
https://openreview.net/forum?id=KEQl-MZ5fg7,Learning Versatile Neural Architectures by Propagating Network Codes,Multitask NAS; Task-Transferable Architecture; Neural Predictor; NAS Benchmark,None,"This work explores how to design a single neural network capable of adapting to multiple heterogeneous vision tasks, such as image segmentation, 3D detection, and video recognition. This goal is challenging because both network architecture search (NAS) spaces and methods in different tasks are inconsistent. We solve this challenge from both sides. We first introduce a unified design space for multiple tasks and build a multitask NAS benchmark (NAS-Bench-MR) on many widely used datasets, including ImageNet, Cityscapes, KITTI, and HMDB51. We further propose Network Coding Propagation (NCP), which back-propagates gradients of neural predictors to directly update architecture codes along the desired gradient directions to solve various tasks. In this way, optimal architecture configurations can be found by NCP in our large search space in seconds.

Unlike prior arts of NAS that typically focus on a single task, NCP has several unique benefits. (1) NCP transforms architecture optimization from data-driven to architecture-driven, enabling joint search an architecture among multitasks with different data distributions. (2) NCP learns from network codes but not original data, enabling it to update the architecture efficiently across datasets. (3) In addition to our NAS-Bench-MR, NCP performs well on other NAS benchmarks, such as NAS-Bench-201. (4) Thorough studies of NCP on inter-, cross-, and intra-tasks highlight the importance of cross-task neural architecture design, i.e., multitask neural architectures and architecture transferring between different tasks. Code is available at https://github.com/dingmyu/NCP.",An efficient NAS method by inverting neural predictors to directly update architectures and a multitask NAS benchmark for cross-task architecture design and analysis.
https://openreview.net/forum?id=OzyXtIZAzFv,Task-Induced Representation Learning,representation learning; reinforcement learning; transfer learning; visually complex observations,None,"In this work, we evaluate the effectiveness of representation learning approaches for decision making in visually complex environments. Representation learning is essential for effective reinforcement learning (RL) from high-dimensional in- puts. Unsupervised representation learning approaches based on reconstruction, prediction or contrastive learning have shown substantial learning efficiency gains. Yet, they have mostly been evaluated in clean laboratory or simulated settings. In contrast, real environments are visually complex and contain substantial amounts of clutter and distractors. Unsupervised representations will learn to model such distractors, potentially impairing the agent’s learning efficiency. In contrast, an alternative class of approaches, which we call task-induced representation learning, leverages task information such as rewards or demonstrations from prior tasks to focus on task-relevant parts of the scene and ignore distractors. We investi- gate the effectiveness of unsupervised and task-induced representation learning approaches on four visually complex environments, from Distracting DMControl to the CARLA driving simulator. For both, RL and imitation learning, we find that representation learning generally improves sample efficiency on unseen tasks even in visually complex scenes and that task-induced representations can double learning efficiency compared to unsupervised alternatives.","We introduce task-induced representation learning, which leverages task information in offline data from prior tasks to learn representations of visually complex scenes that model only task-relevant aspects and enable efficient learning of new tasks."
https://openreview.net/forum?id=USIgIY6TNDe,Graph-based Nearest Neighbor Search in Hyperbolic Spaces,similarity search; nearest neighbor search; hyperbolic space; graph-based nearest neighbor search,None,"The nearest neighbor search (NNS) problem is widely studied in Euclidean space, and graph-based algorithms are known to outperform other approaches for this task. However, hyperbolic geometry often allows for better data representation in various domains, including graphs, words, and images. In this paper, we show that graph-based approaches are also well suited for hyperbolic geometry. From a theoretical perspective, we rigorously analyze the time and space complexity of graph-based NNS, assuming that an $n$-element dataset is uniformly distributed within a $d$-dimensional ball of radius $R$ in the hyperbolic space of curvature $-1$. Under some conditions on $R$ and $d$, we derive the time and space complexity of graph-based NNS and compare the obtained results with known guarantees for the Euclidean case. Interestingly, in the dense setting ($d \ll \log n$) and under some assumptions on the radius $R$, graph-based NNS has lower time complexity in the hyperbolic space. This agrees with our experiments: we consider datasets embedded in hyperbolic and Euclidean spaces and show that graph-based NNS can be more efficient in the hyperbolic space. We also demonstrate that graph-based methods outperform other existing baselines for hyperbolic NNS. Overall, our theoretical and empirical analysis suggests that graph-based NNS can be considered a default approach for similarity search in hyperbolic spaces.",Analyze graph-based NNS for hyperbolic spaces theoretically and empirically and show that this method outperforms other existing approaches.
https://openreview.net/forum?id=qhAeZjs7dCL,Generative Models as a Data Source for Multiview Representation Learning,Generative models; GANs; Contrastive Learning; Representation Learning,None,"Generative models are now capable of producing highly realistic images that look nearly indistinguishable from the data on which they are trained. This raises the question: if we have good enough generative models, do we still need datasets? We investigate this question in the setting of learning general-purpose visual representations from a black-box generative model rather than directly from data. Given an off-the-shelf image generator without any access to its training data, we train representations from the samples output by this generator. We compare several representation learning methods that can be applied to this setting, using the latent space of the generator to generate multiple ""views"" of the same semantic content. We show that for contrastive methods, this multiview data can naturally be used to identify positive pairs (nearby in latent space) and negative pairs (far apart in latent space). We find that the resulting representations rival or even outperform those learned directly from real data, but that good performance requires care in the sampling strategy applied and the training method. Generative models can be viewed as a compressed and organized copy of a dataset, and we envision a future where more and more ""model zoos"" proliferate while datasets become increasingly unwieldy, missing, or private. This paper suggests several techniques for dealing with visual representation learning in such a future. Code is available on our project page https://ali-design.github.io/GenRep/.",State of the art visual representations are learned by aligning multiple ‘views’ of the training data; we show how GANs can be used to generate synthetic multiview data that yields effective visual representations.
https://openreview.net/forum?id=cBu4ElJfneV,GiraffeDet: A Heavy-Neck Paradigm for Object Detection,Object Detection; fpn; space-to-depth; representation,None,"In conventional object detection frameworks, a backbone body inherited from image recognition models extracts deep latent features and then a neck module fuses these latent features to capture information at different scales. As the resolution in object detection is much larger than in image recognition, the computational cost of the backbone often dominates the total inference cost. This heavy-backbone design paradigm is mostly due to the historical legacy when transferring image recognition models to object detection rather than an end-to-end optimized design for object detection. In this work, we show that such  paradigm indeed leads to sub-optimal object detection models. To this end, we propose a novel heavy-neck paradigm, GiraffeDet, a giraffe-like network for efficient object detection. The GiraffeDet uses an extremely lightweight backbone and a very deep and large neck module which encourages dense information exchange among different spatial scales as well as different levels of latent semantics simultaneously. This design paradigm allows detectors to process the high-level semantic information and low-level spatial information at the same priority even in the early stage of the network, making it more effective in detection tasks.  Numerical evaluations on multiple popular object detection benchmarks show that GiraffeDet consistently outperforms previous SOTA models across a wide spectrum of resource constraints. The source code is available at
https://github.com/jyqi/GiraffeDet.","we propose a novel heavy-neck paradigm(GiraffeDet) for detection task, which allows detectors to process the high-level categorical information and low-level spatial information uniformly, making it more effective in detection tasks."
https://openreview.net/forum?id=Dzpe9C1mpiv,A Unified Wasserstein Distributional Robustness Framework for Adversarial Training,Adversarial Machine Learning; Distributional Robustness,None,"It is well-known that deep neural networks (DNNs) are susceptible to adversarial attacks, exposing a severe fragility of deep learning systems. As the result, adversarial training (AT) method, by incorporating adversarial examples during training, represents a natural and effective approach to strengthen the robustness of a DNN-based classifier. However, most AT-based methods, notably PGD-AT and TRADES, typically seek a pointwise adversary that generates the worst-case adversarial example by independently perturbing each data sample, as a way to ``probe'' the vulnerability of the classifier. Arguably, there are unexplored benefits in considering such adversarial effects from an entire distribution. To this end, this paper presents a unified framework that connects Wasserstein distributional robustness with current state-of-the-art AT methods. We introduce a new Wasserstein cost function and a new series of risk functions, with which we show that standard AT methods are special cases of their counterparts in our framework. This connection leads to an intuitive relaxation and generalization of existing AT methods and facilitates the development of a new family of distributional robustness AT-based algorithms. Extensive experiments show that our distributional robustness AT algorithms robustify further their standard AT counterparts in various settings.",A Unified Wasserstein Distributional Robustness Framework for Adversarial Training
https://openreview.net/forum?id=9ZPegFuFTFv,miniF2F: a cross-system benchmark for formal Olympiad-level mathematics,Neural theorem proving; Benchmark dataset,None,"We present $\textsf{miniF2F}$, a dataset of formal Olympiad-level mathematics problems statements intended to provide a unified cross-system benchmark for neural theorem proving. The $\textsf{miniF2F}$ benchmark currently targets Metamath, Lean, Isabelle (partially) and HOL Light (partially) and consists of 488 problem statements drawn from the AIME, AMC, and the International Mathematical Olympiad (IMO), as well as material from high-school and undergraduate mathematics courses. We report baseline results using GPT-f, a neural theorem prover based on GPT-3 and provide an analysis of its performance. We intend for $\textsf{miniF2F}$ to be a community-driven effort and hope that our benchmark will help spur advances in neural theorem proving.",None
https://openreview.net/forum?id=lQI_mZjvBxj,Towards Model Agnostic Federated Learning Using Knowledge Distillation,Federated Learning; Knowledge Distillation; Model Agnostic Communication; Kernel Regression,None,"Is it possible to design an universal API for federated learning using which an ad-hoc group of data-holders (agents) collaborate with each other and perform federated learning? Such an API would necessarily need to be model-agnostic i.e. make no assumption about the model architecture being used by the agents, and also cannot rely on having representative public data at hand. Knowledge distillation (KD) is the obvious tool of choice to design such protocols. However, surprisingly, we show that most natural KD-based federated learning protocols have poor performance.
    
    To investigate this, we propose a new theoretical framework, Federated Kernel ridge regression, which can capture both model heterogeneity as well as data heterogeneity. Our analysis shows that the degradation is largely due to a fundamental limitation of knowledge distillation under data heterogeneity. We further validate our framework by analyzing and designing new protocols based on KD. Their performance on real world experiments using neural networks, though still unsatisfactory, closely matches our theoretical predictions.","We develop a rich yet tractable framework for analyzing distillation based federated learning algorithms, using which we draw some surprising insights."
https://openreview.net/forum?id=541PxiEKN3F,Acceleration of Federated Learning with Alleviated Forgetting in Local Training,Federated learning; non-i.i.d. data,None,"Federated learning (FL) enables distributed optimization of machine learning models while protecting privacy by independently training local models on each client and then aggregating parameters on a central server, thereby producing an effective global model. Although a variety of FL algorithms have been proposed, their training efficiency remains low when the data are not independently and identically distributed (non-i.i.d.) across different clients. We observe that the slow convergence rates of the existing methods are (at least partially) caused by the catastrophic forgetting issue during the local training stage on each individual client, which leads to a large increase in the loss function concerning the previous training data provided at other clients. Here, we propose FedReg, an algorithm to accelerate FL with alleviated knowledge forgetting in the local training stage by regularizing locally trained parameters with the loss on generated pseudo data, which encode the knowledge of previous training data learned by the global model. Our comprehensive experiments demonstrate that FedReg not only significantly improves the convergence rate of FL, especially when the neural network architecture is deep and the clients' data are extremely non-i.i.d., but is also able to protect privacy better in classification problems and more robust against gradient inversion attacks.",None
https://openreview.net/forum?id=hGXij5rfiHw,Discovering Invariant Rationales for Graph Neural Networks,Interpretability; Graph Neural Networks; Causal Discovery; Invariant Learning,None,"Intrinsic interpretability of graph neural networks (GNNs) is to find a small subset of the input graph's features --- rationale --- which guides the model prediction. Unfortunately, the leading rationalization models often rely on data biases, especially shortcut features, to compose rationales and make predictions without probing the critical and causal patterns. Moreover, such data biases easily change outside the training distribution. As a result, these models suffer from a huge drop in interpretability and predictive performance on out-of-distribution data. In this work, we propose a new strategy of discovering invariant rationale (DIR) to construct intrinsically interpretable GNNs. It conducts interventions on the training distribution to create multiple interventional distributions. Then it approaches the causal rationales that are invariant across different distributions while filtering out the spurious patterns that are unstable. Experiments on both synthetic and real-world datasets validate the superiority of our DIR in terms of interpretability and generalization ability on graph classification over the leading baselines. Code and datasets are available at https://github.com/Wuyxin/DIR-GNN.","We propose a novel invariant learning algorithm, Discovering Invariant Rationale (DIR), for intrinsically interpretable models."
https://openreview.net/forum?id=IYMuTbGzjFU,Representing Mixtures of Word Embeddings with Mixtures of Topic Embeddings,topic model; text mining; distribution matching,None,"A topic model is often formulated as a generative model that explains how each word of a document is generated given a set of topics and document-specific topic proportions.  It is focused on capturing the word co-occurrences in a document and hence often suffers from poor performance in analyzing short documents. In addition, its parameter estimation often relies on approximate posterior inference that is either not scalable or suffering from large approximation error. This paper introduces a new topic-modeling framework where each document is viewed as a set of word embedding vectors and each topic is modeled as an embedding vector in the same embedding space. Embedding the words and topics in the same vector space, we define a method to measure the semantic difference between the embedding vectors of the words of a document and these of the topics, and optimize the topic embeddings to minimize the expected difference over all documents. Experiments on text analysis demonstrate that the proposed method, which is amenable to mini-batch stochastic gradient descent based optimization and hence scalable to big corpora, provides competitive performance in discovering more coherent and diverse topics and extracting better document representations.",A novel method to learn in the word embedding space a set of globally shared topic embedding vectors that are manifested differently in each document
https://openreview.net/forum?id=5JdLZg346Lw,Generative Modeling with Optimal Transport Maps,Optimal Transport Map; Generative Modeling; Unpaired Image Restoration,None,"With the discovery of Wasserstein GANs, Optimal Transport (OT) has become a powerful tool for large-scale generative modeling tasks. In these tasks, OT cost is typically used as the loss for training GANs. In contrast to this approach, we show that the OT map itself can be used as a generative model, providing comparable performance. Previous analogous approaches consider OT maps as generative models only in the latent spaces due to their poor performance in the original high-dimensional ambient space. In contrast, we apply OT maps directly in the ambient space, e.g., a space of high-dimensional images. First, we derive a min-max optimization algorithm to efficiently compute OT maps for the quadratic cost (Wasserstein-2 distance). Next, we extend the approach to the case when the input and output distributions are located in the spaces of different dimensions and derive error bounds for the computed OT map. We evaluate the algorithm on image generation and unpaired image restoration tasks. In particular, we consider denoising, colorization, and inpainting, where the optimality of the restoration map is a desired attribute, since the output (restored) image is expected to be close to the input (degraded) one.","While optimal transport cost serves as the loss for popular generative models, we demonstrate that the optimal transport map can be used as the generative model itself."
https://openreview.net/forum?id=irARV_2VFs4,Focus on the Common Good: Group Distributional Robustness Follows,sub-population shift; robust optimization; domain generalization,None,"We consider the problem of training a classification model with group annotated training data. Recent work has established that, if there is distribution shift across different groups, models trained using the standard empirical risk minimization (ERM) objective suffer from poor performance on minority groups and that group distributionally robust optimization (Group-DRO) objective is a better alternative. The starting point of this paper is the observation that though Group-DRO performs better than ERM on minority groups for some benchmark datasets, there are several other datasets where it performs much worse than ERM. Inspired by ideas from the closely related problem of domain generalization, this paper proposes a new and simple algorithm that explicitly encourages learning of features that are shared across various groups. The key insight behind our proposed algorithm is that while Group-DRO focuses on groups with worst regularized loss, focusing instead, on groups that enable better performance even on other groups, could lead to learning of shared/common features, thereby enhancing minority performance beyond what is achieved by Group-DRO. Empirically, we show that our proposed algorithm matches or achieves better performance compared to strong contemporary baselines including ERM and Group-DRO on standard benchmarks on both minority groups and across all groups.  Theoretically, we show that the proposed algorithm is a descent method and finds first order stationary points of smooth nonconvex functions.","We propose a new and simple algorithm for the sub-population shift problem that enables learning of shared features and performed consistently well over several standard, and real-world, benchmarks of the problem."
https://openreview.net/forum?id=PDYs7Z2XFGv,Omni-Scale CNNs: a simple and effective kernel size configuration for time series classification,Time series classification,None,"The size of the receptive field has been one of the most important factors for One Dimensional Convolutional Neural Networks (1D-CNNs) on time series classification tasks. Large efforts have been taken to choose the appropriate receptive field size, for it has a huge influence on the performance and differs significantly for each dataset. In this paper, we propose an Omni-Scale block (OS-block) for 1D-CNNs, where the kernel sizes are set by a simple and universal rule. OS-block can efficiently cover the best size of the receptive field across different datasets. This set of kernel sizes consists of multiple prime numbers according to the length of the time series. We experimentally show 1D-CNNs built from OS-block can consistently achieve the state-of-the-art accuracy with a smaller model size on five time series benchmarks, including both univariate and multivariate data from multiple domains. Comprehensive analysis and ablation studies shed light on how our rule finds the best receptive field size and demonstrate the consistency of our OS-block for multiple 1D-CNN structures.","To extract features from time series data in proper time scales, many complicated scales searching or weighting methods have been proposed, but we will show that this could have been done via a very simple structure."
https://openreview.net/forum?id=QJWVP4CTmW4,Ada-NETS: Face Clustering via Adaptive Neighbour Discovery in the Structure Space,Face Clustering; Graph Convolutional Networks (GCN); Computer Vision,None,"Face clustering has attracted rising research interest recently to take advantage of massive amounts of face images on the web. State-of-the-art performance has been achieved by Graph Convolutional Networks (GCN) due to their powerful representation capacity. However, existing GCN-based methods build face graphs mainly according to $k$NN relations in the feature space, which may lead to a lot of noise edges connecting two faces of different classes. The face features will be polluted when messages pass along these noise edges, thus degrading the performance of GCNs. In this paper, a novel algorithm named Ada-NETS is proposed to cluster faces by constructing clean graphs for GCNs. In Ada-NETS, each face is transformed to a new structure space, obtaining robust features by considering face features of the neighbour images. Then, an adaptive neighbour discovery strategy is proposed to determine a proper number of edges connecting to each face image. It significantly reduces the noise edges while maintaining the good ones to build a graph with clean yet rich edges for GCNs to cluster faces. Experiments on multiple public clustering datasets show that Ada-NETS significantly outperforms current state-of-the-art methods, proving its superiority and generalization. Code is available at https://github.com/damo-cv/Ada-NETS.",A novel algorithm named Ada-NETS is proposed to construct the clean graph for GCNs to cluster faces in this paper.
https://openreview.net/forum?id=VNqaB1g9393,Decoupled Adaptation for Cross-Domain Object Detection,Object Detection; Domain Adaptation; Object Localization; Deep Learning; Transfer Learning,None,"Cross-domain object detection is more challenging than object classification since multiple objects exist in an image and the location of each object is unknown in the unlabeled target domain. As a result, when we adapt features of different objects to enhance the transferability of the detector, the features of the foreground and the background are easy to be confused, which may hurt the discriminability of the detector. Besides, previous methods focused on category adaptation but ignored another important part for object detection, i.e., the adaptation on bounding box regression. To this end, we propose D-adapt, namely Decoupled Adaptation, to decouple the adversarial adaptation and the training of the detector. Besides, we fill the blank of regression domain adaptation in object detection by introducing a bounding box adaptor. Experiments show that \textit{D-adapt} achieves state-of-the-art results on four cross-domain object detection tasks and yields 17\%  and 21\% relative improvement on benchmark datasets Clipart1k and Comic2k in particular.","To deal with the challenges in cross-domain object detection, we propose D-adapt to decouple the adversarial adaptation and the training of the detector, and also decouple the category adaptation and the bounding box adaptation."
https://openreview.net/forum?id=3Pbra-_u76D,Rethinking Network Design and Local Geometry in Point Cloud: A Simple Residual MLP Framework,point cloud representation; local relation; mlp,None,"Point cloud analysis is challenging due to irregularity and unordered data structure. To capture the 3D geometries, prior works mainly rely on exploring sophisticated local geometric extractors, using convolution, graph, or attention mechanisms. These methods, however, incur unfavorable latency during inference and the performance saturates over the past few years. In this paper, we present an ovel perspective on this task. We find detailed local geometrical informationprobably is not the key to point cloud analysis – we introduce a pure residual MLP network, called PointMLP, which integrates no local geometrical extractors but still performs very competitively. Equipped with a proposed lightweight geometric-affine module to stabilize the training, PointMLP delivers the new state-of-the-art on multiple datasets. On the real-world ScanObjectNN dataset, our method even surpasses the prior best method by 3.3% accuracy. We emphasize PointMLP achieves this strong performance without any sophisticated operations, hence leading to a prominent inference speed. Compared to most recent CurveNet, PointMLP trains 2× faster, tests 7× faster, and is more accurate on ModelNet40 benchmark. We hope our PointMLP may help the community towards a better understanding of point cloud analysis. The code is available at https://github.com/ma-xu/pointMLP-pytorch.","In this paper, we present a new design for point cloud analysis , dubbed as PointMLP, which delivers new state-of-the-art results on multiple benchmarks and exhibits gratifying inference speed."
https://openreview.net/forum?id=N8MaByOzUfb,New Insights on Reducing Abrupt Representation Change in Online Continual Learning,continual learning,None,"In the online continual learning paradigm, agents must learn from a changing distribution while respecting memory and compute constraints. Experience Replay (ER), where a small subset of past data is stored and replayed alongside new data, has emerged as a simple and effective learning strategy. In this work, we focus on the change in representations of observed data that arises when previously unobserved classes appear in the incoming data stream, and new classes must be distinguished from previous ones. We shed new light on this question by showing that applying ER causes the newly added classes’ representations to overlap significantly with the previous classes, leading to highly disruptive parameter updates.  Based on this empirical analysis, we propose a new method which mitigates this issue by shielding the learned representations from drastic adaptation to accommodate new classes. We show that using an asymmetric update rule pushes new classes to adapt to the older ones (rather than the reverse), which is more effective especially at task boundaries, where much of the forgetting typically occurs. Empirical results show significant gains over strong baselines on standard continual learning benchmarks.","We study how representations shift at task boundaries in the single-head online continual learning setting, leading to a simple high performance method"
https://openreview.net/forum?id=6XGgutacQ0B,Demystifying Batch Normalization in ReLU Networks: Equivalent Convex Optimization Models and Implicit Regularization,batch normalization; ReLU networks; deep networks; convex optimization; whitening; implicit regularization; algorithmic bias,None,"Batch Normalization (BN) is a commonly used technique to accelerate and stabilize training of deep neural networks. Despite its empirical success, a full theoretical understanding of BN is yet to be developed. In this work, we analyze BN through the lens of convex optimization. We introduce an analytic framework based on convex duality to obtain exact convex representations of weight-decay regularized ReLU networks with BN, which can be trained in polynomial-time. Our analyses also show that optimal layer weights can be obtained as simple closed-form formulas in the high-dimensional and/or overparameterized regimes. Furthermore, we find that Gradient Descent provides an algorithmic bias effect on the standard non-convex BN network, and we design an approach to explicitly encode this implicit regularization into the convex objective. Experiments with CIFAR image classification highlight the effectiveness of this explicit regularization for mimicking and substantially improving the performance of standard BN networks.",We introduce an analytic framework based on convex duality to obtain exact and polynomial-time trainable convex representations of weight-decay regularized ReLU networks with BN.
https://openreview.net/forum?id=4N-17dske79,"Associated Learning: an Alternative to End-to-End Backpropagation that Works on CNN, RNN, and Transformer",pipeline training; parallel training; backpropagation; associated learning,None,"This paper studies Associate Learning (AL), an alternative methodology to the end-to-end backpropagation (BP).  We introduce the workflow to convert a neural network into a proper structure such that AL can be used to learn the weights for various types of neural networks.  We compared AL and BP on some of the most successful types of neural networks -- Convolutional Neural Network (CNN), Recurrent Neural Network (RNN), and Transformer.  Experimental results show that AL consistently outperforms BP on various open datasets.  We discuss possible reasons for AL's success and its limitations.","This paper studies Associate Learning, an alternative methodology to the end-to-end backpropagation"
https://openreview.net/forum?id=MTex8qKavoS,MetaShift: A Dataset of Datasets for Evaluating Contextual Distribution Shifts and Training Conflicts,benchmark dataset; distribution shift; out-of-domain generalization,None,"Understanding the performance of machine learning models across diverse data distributions is critically important for reliable applications. Motivated by this, there is a growing focus on curating benchmark datasets that capture distribution shifts. While valuable, the existing benchmarks are limited in that many of them only contain a small number of shifts and they lack systematic annotation about what is different across different shifts. We present MetaShift—a collection of 12,868 sets of natural images across 410 classes—to address this challenge. We leverage the natural heterogeneity of Visual Genome and its annotations to construct MetaShift. The key construction idea is to cluster images using its metadata, which provides context for each image (e.g. “cats with cars” or “cats in bathroom”) that represent distinct data distributions. MetaShift has two important benefits: first, it contains orders of magnitude more natural data shifts than previously available. Second, it provides explicit explanations of what is unique about each of its data sets and a distance score that measures the amount of distribution shift between any two of its data sets. We demonstrate the utility of MetaShift in benchmarking several recent proposals for training models to be robust to data shifts. We find that the simple empirical risk minimization performs the best when shifts are moderate and no method had a systematic advantage for large shifts. We also show how MetaShift can help to visualize conflicts between data subsets during model training.",We leverage annotated subsets within a heterogeneous dataset to evaluate the performance of learning algorithms to distribution shifts and to visualize training dynamics.
https://openreview.net/forum?id=yjMQuLLcGWK,FP-DETR: Detection Transformer Advanced by Fully Pre-training,Object Detection; Detection Transformer; Pre-training; Visual Prompt,None,"Large-scale pre-training has proven to be effective for visual representation learning on downstream tasks, especially for improving robustness and generalization. However, the recently developed detection transformers only employ pre-training on its backbone while leaving the key component, i.e., a 12-layer transformer, being trained from scratch, which prevents the model from above benefits. This separated training paradigm is mainly caused by the discrepancy between the upstream and downstream tasks. To mitigate the issue, we propose FP-DETR, a new method that Fully Pre-Trains an encoder-only transformer and smoothly fine-tunes it for object detection via a task adapter. Inspired by the success of textual prompts in NLP, we treat query positional embeddings as visual prompts to help the model attend to the target area (prompting) and recognize the object. To this end, we propose the task adapter which leverages self-attention to model the contextual relation between object query embedding. Experiments on the challenging COCO dataset demonstrate that our FP-DETR achieves competitive performance. Moreover, it enjoys better robustness to common corruptions and generalization to small-size datasets than state-of-the-art detection transformers. Code will be made publicly available at $\url{https://github.com/encounter1997/FP-DETR}$.",None
https://openreview.net/forum?id=Ht85_jyihxp,Efficient and Differentiable Conformal Prediction with General Function Classes,uncertainty quantification; conformal prediction; prediction sets,None,"Quantifying the data uncertainty in learning tasks is often done by learning a prediction interval or prediction set of the label given the input. Two commonly desired properties for learned prediction sets are \emph{valid coverage} and \emph{good efficiency} (such as low length or low cardinality). Conformal prediction is a powerful technique for learning prediction sets with valid coverage, yet by default its conformalization step only learns a single parameter, and does not optimize the efficiency over more expressive function classes.
  In this paper, we propose a generalization of conformal prediction to multiple learnable parameters, by considering the constrained empirical risk minimization (ERM) problem of finding the most efficient prediction set subject to valid empirical coverage. This meta-algorithm generalizes existing conformal prediction algorithms, and we show that it achieves approximate valid population coverage and near-optimal efficiency within class, whenever the function class in the conformalization step is low-capacity in a certain sense. Next, this ERM problem is challenging to optimize as it involves a non-differentiable coverage constraint. We develop a gradient-based algorithm for it by approximating the original constrained ERM using differentiable surrogate losses and Lagrangians. Experiments show that our algorithm is able to learn valid prediction sets and improve the efficiency significantly over existing approaches in several applications such as prediction intervals with improved length, minimum-volume prediction sets for multi-output regression, and label prediction sets for image classification.","We generalize conformal prediction to learning multiple parameters within a general function class, to obtain an improved efficiency subject to valid coverage."
https://openreview.net/forum?id=NYBmJN4MyZ,Safe Neurosymbolic Learning with Differentiable Symbolic Execution,Verified Learning; Neurosymbolic Programs; Safe Learning; Symbolic Execution,None,"We study the problem of learning verifiably safe parameters for programs that use neural networks as well as symbolic, human-written code. Such neurosymbolic programs arise in many safety-critical domains. However, because they need not be differentiable, it is hard to learn their parameters using existing gradient-based approaches to safe learning. Our method, Differentiable Symbolic Execution (DSE), samples control flow paths in a program, symbolically constructs worst-case ""safety loss"" along these paths, and backpropagates the gradients of these losses through program operations using a generalization of the REINFORCE estimator. We evaluate the method on a mix of synthetic tasks and real-world benchmarks. Our experiments show that DSE significantly outperforms the state-of-the-art DiffAI method on these tasks.","We present DSE, the first approach to worst-case-safe parameter learning for potentially non-differentiable neurosymbolic programs where we bridge symbolic execution and stochastic gradient estimator to learn the loss of safety properties."
https://openreview.net/forum?id=GUrhfTuf_3,SimVLM: Simple Visual Language Model Pretraining with Weak Supervision,Vision-Language Pretraining; Multimodal Language Model; Weak Supervision,None,"With recent progress in joint modeling of visual and textual representations, Vision-Language Pretraining (VLP) has achieved impressive performance on many multimodal downstream tasks. However, the requirement for expensive annotations including clean image captions and regional labels limits the scalability of existing approaches, and complicates the pretraining procedure with the introduction of multiple dataset-specific objectives. In this work, we relax these constraints and present a minimalist pretraining framework, named Simple Visual Language Model (SimVLM). Unlike prior work, SimVLM reduces the training complexity by exploiting large-scale weak supervision, and is trained end-to-end with a single prefix language modeling objective. Without utilizing extra data or task-specific customization, the resulting model significantly outperforms previous pretraining methods and achieves new state-of-the-art results on a wide range of discriminative and generative vision-language benchmarks, including VQA (+3.74% vqa-score), NLVR2 (+1.17% accuracy), SNLI-VE (+1.37% accuracy) and image captioning tasks (+10.1% average CIDEr score). Furthermore, we demonstrate that SimVLM acquires strong generalization and transfer ability, enabling zero-shot behavior including open-ended visual question answering and cross-modality transfer.",None
https://openreview.net/forum?id=aBXzcPPOuX,"Bundle Networks: Fiber Bundles, Local Trivializations, and a Generative Approach to Exploring Many-to-one Maps",generative models; applications of topology to deep learning; many-to-one maps; invertible neural nets,None,"Many-to-one maps are ubiquitous in machine learning, from the image recognition model that assigns a multitude of distinct images to the concept of “cat” to the time series forecasting model which assigns a range of distinct time-series to a single scalar regression value. While the primary use of such models is naturally to associate correct output to each input, in many problems it is also useful to be able to explore, understand, and sample from a model's fibers, which are the set of input values $x$ such that $f(x) = y,$ for fixed $y$ in the output space. In this paper we show that popular generative architectures are ill-suited to such tasks. Motivated by this, we introduce a novel generative architecture, Bundle Networks, based on the concept of a fiber bundle from (differential) topology. BundleNets exploit the idea of a local trivialization wherein a space can be locally decomposed into a product space that cleanly encodes the many-to-one nature of the map. By enforcing this decomposition in BundleNets and by utilizing state-of-the-art invertible components, investigating a network's fibers becomes natural.","We draw from the theory of fiber bundles in (differential) topology to create a principled approach to generative models that allow us to learn and sample from the ""fiber"" over a point in a many-to-one map."
https://openreview.net/forum?id=5i2f-aR6B8H,Privacy Implications of Shuffling,local differential privacy; shuffle DP model,None,"\ldp deployments are vulnerable to inference attacks as an adversary can link the noisy responses to their identity and subsequently, auxiliary information using the \textit{order} of the data. An alternative model, shuffle \textsf{DP}, prevents this by shuffling the noisy responses uniformly at random.  However, this limits the data learnability -- only symmetric functions (input order agnostic) can be learned. In this paper, we strike a balance and show that systematic shuffling of the noisy responses can thwart specific inference attacks while retaining some meaningful data learnability. To this end, we propose a novel privacy guarantee, \name-privacy, that captures the privacy of the order of a data sequence. \name-privacy allows tuning the granularity at which the ordinal information is maintained, which formalizes the degree the resistance to inference attacks trading it off with data learnability.  Additionally, we propose a novel shuffling mechanism that can achieve \name-privacy and demonstrate the practicality of our mechanism via evaluation on real-world datasets.",a novel formalization of the privacy offered by shuffling
https://openreview.net/forum?id=5Qkd7-bZfI,On the role of population heterogeneity in emergent communication,None,None,"Populations have often been perceived as a structuring component for language to emerge and evolve: the larger the population, the more systematic the language. While this observation is widespread in the sociolinguistic literature, it has not been reproduced in computer simulations with neural agents. In this paper, we thus aim to clarify this apparent contradiction. We explore emergent language properties by varying agent population size in the speaker-listener Lewis Game. After reproducing the experimental paradox, we challenge the simulation assumption that the agent community is homogeneous. We first investigate how speaker-listener asymmetry alters language structure to examine two potential diversity factors: training speed and network capacity. We find out that emergent language properties are only altered by the relative difference of factors between speaker and listener, and not by their absolute values. From then, we leverage this observation to control population heterogeneity without introducing confounding factors. We finally show that introducing such training speed heterogeneities naturally sort out the initial paradox: larger simulated communities start developing more systematic and structured languages.","This paper discusses the role of population heterogeneities in structuring emergent languages, partially resolving an apparent contraction between the psycho-linguistic and AI literature."
https://openreview.net/forum?id=qsZoGvFiJn1,Hindsight is 20/20: Leveraging Past Traversals to Aid 3D Perception,3D object detection; perception with historical context,None,"Self-driving cars must detect vehicles, pedestrians, and other trafﬁc participants accurately to operate safely. Small, far-away, or highly occluded objects are particularly challenging because there is limited information in the LiDAR point clouds for detecting them. To address this challenge, we leverage valuable information from the past: in particular, data collected in past traversals of the same scene. We posit that these past data, which are typically discarded, provide rich contextual information for disambiguating the above-mentioned challenging cases. To this end, we propose a novel end-to-end trainable Hindsight framework to extract this contextual information from past traversals and store it in an easy-to-query data structure, which can then be leveraged to aid future 3D object detection of the same scene. We show that this framework is compatible with most modern 3D detection architectures and can substantially improve their average precision on multiple autonomous driving datasets, most notably by more than 300% on the challenging cases. Our code is available at https://github.com/YurongYou/Hindsight.",None
https://openreview.net/forum?id=RriDjddCLN,Language-driven Semantic Segmentation,language-driven; semantic segmentation; zero-shot; transformer,None,"We present LSeg, a novel model for language-driven semantic image segmentation. LSeg uses a text encoder to compute embeddings of descriptive input labels (e.g., ``grass'' or ``building'') together with a transformer-based image encoder that computes dense per-pixel embeddings of the input image. The image encoder is trained with a contrastive objective to align pixel embeddings to the text embedding of the corresponding semantic class. The text embeddings provide a flexible label representation in which semantically similar labels map to similar regions in the embedding space (e.g., ``cat'' and ``furry''). This allows LSeg to generalize to previously unseen categories at test time, without retraining or even requiring a single additional training sample. We demonstrate that our approach achieves highly competitive zero-shot performance compared to existing zero- and few-shot semantic segmentation methods, and even matches the accuracy of traditional segmentation algorithms when a fixed label set is provided. Code and demo are available at https://github.com/isl-org/lang-seg.",We present a language-driven approach that enables synthesis of zero-shot semantic segmentation models from arbitrary label sets at test time.
https://openreview.net/forum?id=ydopy-e6Dg,Image BERT Pre-training with Online Tokenizer,online tokenizer; masked image modeling; vision transformer,None,"The success of language Transformers is primarily attributed to the pretext task of masked language modeling (MLM), where texts are first tokenized into semantically meaningful pieces.
In this work, we study masked image modeling (MIM) and indicate the necessity and challenges of using a semantically meaningful visual tokenizer.
We present a self-supervised framework iBOT that can perform masked prediction with an online tokenizer. 
Specifically, we perform self-distillation on masked patch tokens and take the teacher network as the online tokenizer, along with self-distillation on the class token to acquire visual semantics.
The online tokenizer is jointly learnable with the MIM objective and dispenses with a multi-stage training pipeline where the tokenizer needs to be pre-trained beforehand.
We show the prominence of iBOT by achieving an 82.3% linear probing accuracy and an 87.8% fine-tuning accuracy evaluated on ImageNet-1K.
Beyond the state-of-the-art image classification results, we underline emerging local semantic patterns, which helps the models to obtain strong robustness against common corruptions and achieve leading results on dense downstream tasks, e.g., object detection, instance segmentation, and semantic segmentation.","We present a self-supervised framework iBOT that can perform masked image modeling with an online tokenizer, achieving the state-of-the-art results in downstream tasks."
https://openreview.net/forum?id=ZSKRQMvttc,Accelerated Policy Learning with Parallel Differentiable Simulation,Robot Control; Policy Learning; Differentiable Simulation; Reinforcement Learning,None,"Deep reinforcement learning can generate complex control policies, but requires large amounts of training data to work effectively. Recent work has attempted to address this issue by leveraging differentiable simulators. However, inherent problems such as local minima and exploding/vanishing numerical gradients prevent these methods from being generally applied to control tasks with complex contact-rich dynamics, such as humanoid locomotion in classical RL benchmarks. In this work we present a high-performance differentiable simulator and a new policy learning algorithm (SHAC) that can effectively leverage simulation gradients, even in the presence of non-smoothness. Our learning algorithm alleviates problems with local minima through a smooth critic function, avoids vanishing/exploding gradients through a truncated learning window, and allows many physical environments to be run in parallel. We evaluate our method on classical RL control tasks, and show substantial improvements in sample efficiency and wall-clock time over state-of-the-art RL and differentiable simulation-based algorithms. In addition, we demonstrate the scalability of our method by applying it to the challenging high-dimensional problem of muscle-actuated locomotion with a large action space, achieving a greater than $17\times$ reduction in training time over the best-performing established RL algorithm. More visual results are provided at: https://short-horizon-actor-critic.github.io/.","We propose an efficient policy learning method leveraging the recent advance of differentiable simulation, and our method outperforms state-of-the-art algorithms in both sample efficiency and wall clock time on multiple challenging control tasks."
https://openreview.net/forum?id=hl9ePdHO4_s,Do We Need Anisotropic Graph Neural Networks?,graph neural networks; efficiency; latency reduction; memory reduction; architecture design; benchmarking; hardware-aware,None,"Common wisdom in the graph neural network (GNN) community dictates that anisotropic models---in which messages sent between nodes are a function of both the source and target node---are required to achieve state-of-the-art performance. Benchmarks to date have demonstrated that these models perform better than comparable isotropic models---where messages are a function of the source node only. In this work we provide empirical evidence challenging this narrative: we propose an isotropic GNN, which we call Efficient Graph Convolution (EGC), that consistently outperforms comparable anisotropic models, including the popular GAT or PNA architectures by using spatially-varying adaptive filters. In addition to raising important questions for the GNN community, our work has significant real-world implications for efficiency. EGC achieves higher model accuracy, with lower memory consumption and latency, along with characteristics suited to accelerator implementation, while being a drop-in replacement for existing architectures. As an isotropic model, it requires memory proportional to the number of vertices in the graph ($\mathcal{O}(V)$); in contrast, anisotropic models require memory proportional to the number of edges ($\mathcal{O}(E)$). We demonstrate that EGC outperforms existing approaches across 6 large and diverse benchmark datasets, and conclude by discussing questions that our work raise for the community going forward. Code and pretrained models for our experiments are provided at https://github.com/shyam196/egc.","We find that using a simple adaptive filtering approach for GNNs improves performance over SOTA, while reducing model memory consumption and latency."
https://openreview.net/forum?id=9xhgmsNVHu,Is High Variance Unavoidable in RL? A Case Study in Continuous Control,reinforcement learning; continuous control,None,"Reinforcement learning (RL) experiments have notoriously high variance, and minor details can have disproportionately large effects on measured outcomes. This is problematic for creating reproducible research and also serves as an obstacle when applying RL to sensitive real-world applications. In this paper, we investigate causes for this perceived instability. To allow for an in-depth analysis, we focus on a specifically popular setup with high variance -- continuous control from pixels with an actor-critic agent. In this setting, we demonstrate that poor outlier runs which completely fail to learn are an important source of variance, but that weight initialization and initial exploration are not at fault. We show that one cause for these outliers is unstable network parametrization which leads to saturating nonlinearities. We investigate several fixes to this issue and find that simply normalizing penultimate features is surprisingly effective. For sparse tasks, we also find that partially disabling clipped double Q-learning decreases variance. By combining fixes we significantly decrease variances, lowering the average standard deviation across 21 tasks by a factor >3 for a state-of-the-art agent. This demonstrates that the perceived variance is not necessarily inherent to RL. Instead, it may be addressed via simple modifications and we argue that developing low-variance agents is an important goal for the RL community.",we study sources of variance in RL and propose methods to decrease it.
https://openreview.net/forum?id=1wVvweK3oIb,Simple GNN Regularisation for 3D Molecular Property Prediction and Beyond,Graph Neural Networks; GNNs; Deep Learning; Molecular Property Prediction,None,"In this paper we show that simple noisy regularisation can be an effective way to address oversmoothing. We first argue that regularisers ad-dressing oversmoothing should both penalise node latent similarity and encourage meaningful node representations. From this observation we derive “Noisy Nodes”,a simple technique in which we corrupt the input graph with noise, and add a noise correcting node-level loss.  The diverse node level loss encourages latent node diversity, and the denoising objective encourages graph manifold learning.  Our regulariser applies well-studied methods in simple, straightforward ways which allow even generic architectures to overcome oversmoothing and achieve state of the art results on quantum chemistry tasks such as QM9 and Open Catalyst, and improve results significantly on Open Graph Benchmark (OGB) datasets.  Our results suggest Noisy Nodes can serve as a complementary building block in the GNN toolkit.",A simple regularisation technique for GNNs applied to 3D molecular property prediction & beyond.
https://openreview.net/forum?id=2bO2x8NAIMB,Should We Be Pre-training? An Argument for End-task Aware Training as an Alternative,pre-training; multitask learning; meta-learning; deeplearning; end-task aware training; NLP,None,"In most settings of practical concern, machine learning practitioners know in advance what end-task they wish to boost with auxiliary tasks. However, widely used methods for leveraging auxiliary data like pre-training and its continued-pretraining variant are end-task agnostic: they rarely, if ever, exploit knowledge of the target task. We study replacing end-task agnostic continued training of pre-trained language models with end-task aware training of said models. We argue that for sufficiently important end-tasks, the benefits of leveraging auxiliary data in a task-aware fashion can justify forgoing the traditional approach of obtaining generic, end-task agnostic representations as with (continued) pre-training. On three different low-resource NLP tasks from two domains, we demonstrate that  multi-tasking the end-task and auxiliary objectives results in significantly better downstream task performance than the widely-used task-agnostic continued pre-training paradigm of Gururangan et al. (2020).
We next introduce an online meta-learning algorithm that learns  a set of multi-task weights to better balance among our multiple auxiliary objectives, achieving further improvements on end-task performance and data efficiency.","When we know the end-task objective in advance, instead of pre-training on auxiliary objectives  and then fine-tuning, we advocate for it to be introduced directly in training with auxiliary objectives"
https://openreview.net/forum?id=wogsFPHwftY,Learning Super-Features for Image Retrieval,image retrieval; landmark retrieval; mid-level features,None,"Methods that combine local and global features have recently shown excellent performance on multiple challenging deep image retrieval benchmarks, but their use of local features raises at least two issues. First, these local features simply boil down to the localized map activations of a neural network, and hence can be extremely redundant. Second, they are typically trained with a global loss that only acts on top of an aggregation of local features; by contrast, testing is based on local feature matching, which creates a discrepancy between training and testing. In this paper, we propose a novel architecture for deep image retrieval, based solely on mid-level features that we call Super-features. These Super-features are constructed by an iterative attention module and constitute an ordered set in which each element focuses on a localized and discriminant image pattern. For training, they require only image labels. A contrastive loss operates directly at the level of Super-features and focuses on those that match across images. A second complementary loss encourages diversity. Experiments on common landmark retrieval benchmarks validate that Super-features substantially outperform state-of-the-art methods when using the same number of features, and only require a significantly smaller memory footprint to match their performance. Code and models are available at: https://github.com/naver/FIRe.",A novel image retrieval framework that learns mid-level features performing better and more compact that standard local ones
https://openreview.net/forum?id=DSQHjibtgKR,Online Facility Location with Predictions,online algorithms; facility location; prediction; learning-augmented,None,"We provide nearly optimal algorithms for online facility location (OFL) with predictions. In OFL, $n$ demand points arrive in order and the algorithm must irrevocably assign each demand point to an open facility upon its arrival. The objective is to minimize the total connection costs from demand points to assigned facilities plus the facility opening cost. We further assume the algorithm is additionally given for each demand point $x_i$ a natural prediction $f_{x_i}^{\mathrm{pred}}$ which is supposed to be the facility $f_{x_i}^{\mathrm{opt}}$ that serves $x_i$ in the offline optimal solution.

Our main result is an $O(\min\{\log {\frac{n\eta_\infty}{\mathrm{OPT}}}, \log{n} \})$-competitive algorithm where $\eta_\infty$ is the maximum prediction error (i.e., the distance between $f_{x_i}^{\mathrm{pred}}$ and $f_{x_i}^{\mathrm{opt}}$). Our algorithm overcomes the fundamental $\Omega(\frac{\log n}{\log \log n})$ lower bound of OFL (without predictions) when $\eta_\infty$ is small, and it still maintains $O(\log n)$ ratio even when $\eta_\infty$ is unbounded. Furthermore, our theoretical analysis is supported by empirical evaluations for the tradeoffs between $\eta_\infty$ and the competitive ratio on various real datasets of different types.",We give a nearly optimal robust algorithm for online facility location with predictions.
https://openreview.net/forum?id=qSV5CuSaK_a,Few-Shot Backdoor Attacks on Visual Object Tracking,Backdoor Attack; Visual Object Tracking; AI Security; Deep Learning,None,"Visual object tracking (VOT) has been widely adopted in mission-critical applications, such as autonomous driving and intelligent surveillance systems. In current practice, third-party resources such as datasets, backbone networks, and training platforms are frequently used to train high-performance VOT models. Whilst these resources bring certain convenience, they also introduce new security threats into VOT models. In this paper, we reveal such a threat where an adversary can easily implant hidden backdoors into VOT models by tempering with the training process. Specifically, we propose a simple yet effective few-shot backdoor attack (FSBA) that optimizes two losses alternately: 1) a \emph{feature loss} defined in the hidden feature space, and 2) the standard \emph{tracking loss}. We show that, once the backdoor is embedded into the target model by our FSBA, it can trick the model to lose track of specific objects even when the \emph{trigger} only appears in one or a few frames. We examine our attack in both digital and physical-world settings and show that it can significantly degrade the performance of state-of-the-art VOT trackers. We also show that our attack is resistant to potential defenses, highlighting the vulnerability of VOT models to potential backdoor attacks.","We propose a simple yet effective backdoor attack against visual object tracking, which is effective in both digital and physical-world scenarios even if the trigger only appears in a few frames and resistant to potential defenses."
https://openreview.net/forum?id=TySnJ-0RdKI,Backdoor Defense via Decoupling the Training Process,Backdoor Defense; Backdoor Learning,None,"Recent studies have revealed that deep neural networks (DNNs) are vulnerable to backdoor attacks, where attackers embed hidden backdoors in the DNN model by poisoning a few training samples. The attacked model behaves normally on benign samples, whereas its prediction will be maliciously changed when the backdoor is activated. We reveal that poisoned samples tend to cluster together in the feature space of the attacked DNN model, which is mostly due to the end-to-end supervised training paradigm. Inspired by this observation, we propose a novel backdoor defense via decoupling the original end-to-end training process into three stages. Specifically, we first learn the backbone of a DNN model via \emph{self-supervised learning} based on training samples without their labels. The learned backbone will map samples with the same ground-truth label to similar locations in the feature space. Then, we freeze the parameters of the learned backbone and train the remaining fully connected layers via standard training with all (labeled) training samples. Lastly, to further alleviate side-effects of poisoned samples in the second stage, we remove labels of some `low-credible' samples determined based on the learned model and conduct a \emph{semi-supervised fine-tuning} of the whole model. Extensive experiments on multiple benchmark datasets and DNN models verify that the proposed defense is effective in reducing backdoor threats while preserving high accuracy in predicting benign samples. Our code is available at \url{https://github.com/SCLBD/DBD}.","We reveal that the hidden backdoors are embedded in the feature space mostly due to the end-to-end supervised training paradigm, based on which we propose a simple yet effective decoupling-based training method for backdoor defense."
https://openreview.net/forum?id=q79uMSC6ZBT,Learning to Complete Code with Sketches,sketch; generative model; ml4code,None,"Code completion is usually cast as a language modelling problem, i.e., continuing an input in a left-to-right fashion. However, in practice, some parts of the completion (e.g., string literals) may be very hard to predict, whereas subsequent parts directly follow from the context.
To handle this, we instead consider the scenario of generating code completions with ""holes"" inserted in places where a model is uncertain. We develop Grammformer, a Transformer-based model that guides the code generation by the programming language grammar, and compare it to a variety of more standard sequence models.

We train the models on code completion for C# and Python given partial code context. To evaluate models, we consider both ROUGE as well as a new metric RegexAcc that measures success of generating completions matching long outputs with as few holes as possible.
In our experiments, Grammformer generates 10-50% more accurate completions compared to traditional generative models and 37-50% longer sketches compared to sketch-generating baselines trained with similar techniques.","Autocomplete code sketches, placing holes where ambiguity prevents us predicting terminal tokens."
https://openreview.net/forum?id=gpp7cf0xdfN,Reverse Engineering of Imperceptible Adversarial Image Perturbations,Reverse Engineering of Deceptions; adversarial examples; denoising; neural networks; interpretability,None,"It has been well recognized that neural network based image classifiers are easily fooled by images with tiny perturbations crafted by an adversary. There has been a vast volume of research to generate and defend such adversarial attacks. However, the following problem is left unexplored: How to reverse-engineer adversarial perturbations from an adversarial image? This leads to a new adversarial learning paradigm—Reverse Engineering of Deceptions (RED). If successful, RED allows us to estimate adversarial perturbations and recover the original images. However, carefully crafted, tiny adversarial perturbations are difficult to recover by optimizing a unilateral RED objective. For example, the pure image denoising method may overfit to minimizing the reconstruction error but hardly preserve the classification properties of the true adversarial perturbations.  To tackle this challenge, we formalize the RED problem and identify a set of principles crucial to the RED approach design. Particularly, we find that prediction alignment and proper data augmentation (in terms of spatial transformations) are two criteria to achieve a generalizable RED approach. By integrating these RED principles with image denoising, we propose a new Class-Discriminative Denoising based RED framework, termed CDD-RED. Extensive experiments demonstrate the effectiveness of CDD-RED under different evaluation metrics (ranging from the pixel-level, prediction-level to the attribution-level alignment) and a variety of attack generation methods (e.g., FGSM, PGD, CW, AutoAttack, and adaptive attacks).",Reverse engineer adversarial image perturbations with a denoiser-based framework.
https://openreview.net/forum?id=oMI9PjOb9Jl,DAB-DETR: Dynamic Anchor Boxes are Better Queries for DETR,Object detection; Transformer,None,"We present in this paper a novel query formulation using dynamic anchor boxes for DETR (DEtection TRansformer) and offer a deeper understanding of the role of queries in DETR. This new formulation directly uses box coordinates as queries in Transformer decoders and dynamically updates them layer by layer. Using box coordinates not only helps using explicit positional priors to improve the query-to-feature similarity and eliminate the slow training convergence issue in DETR, but also allows us to modulate the positional attention map using the box width and height information. Such a design makes it clear that queries in DETR can be implemented as performing soft ROI pooling layer by layer in a cascade manner. As a result, it leads to the best performance on the MS-COCO benchmark among the DETR-like detection models under the same setting, e.g., AP 45.7\% using ResNet50-DC5 as backbone trained in 50 epochs. We also conducted extensive experiments to confirm our analysis and verify the effectiveness of our methods. Code is available at \url{https://github.com/IDEA-opensource/DAB-DETR}.",We present in this paper a novel query formulation using dynamic anchor boxes for DETR and offer a deeper understanding of the role of queries in DETR.
https://openreview.net/forum?id=tUa4REjGjTf,On the Certified Robustness for Ensemble Models and Beyond,robustness; ensemble; certified robustness,None,"Recent studies show that deep neural networks (DNN) are vulnerable to adversarial examples, which aim to mislead DNNs by adding perturbations with small magnitude. To defend against such attacks, both empirical and theoretical defense approaches have been extensively studied for a single ML model. In this work, we aim to analyze and provide the certified robustness for ensemble ML models, together with the sufficient and necessary conditions of robustness for different ensemble protocols. Although ensemble models are shown more robust than a single model empirically; surprisingly, we find that in terms of the certified robustness the standard ensemble models only achieve marginal improvement compared to a single model. Thus, to explore the conditions that guarantee to provide certifiably robust ensemble ML models, we first prove that diversified gradient and large confidence margin are sufficient and necessary conditions for certifiably robust ensemble models under the model-smoothness assumption. We then provide the bounded model-smoothness analysis based on the proposed Ensemble-before-Smoothing strategy. We also prove that an ensemble model can always achieve higher certified robustness than a single base model under mild conditions. Inspired by the theoretical findings, we propose the lightweight Diversity Regularized Training (DRT) to train certifiably robust ensemble ML models. Extensive experiments show that our DRT enhanced ensembles can consistently achieve higher certified robustness than existing single and ensemble ML models, demonstrating the state-of-the-art certified $L_2$-robustness on MNIST, CIFAR-10, and ImageNet datasets.","Inspired by theoretical analysis, we propose Diversity Regularized Training to enhance the certified robustness of ensemble models and DRT significantly outperforms existing methods."
https://openreview.net/forum?id=eYciPrLuUhG,Efficient Neural Causal Discovery without Acyclicity Constraints,Causal discovery; structure learning,None,"Learning the structure of a causal graphical model using both observational and interventional data is a fundamental problem in many scientific fields. A promising direction is continuous optimization for score-based methods, which, however, require constrained optimization to enforce acyclicity or lack convergence guarantees. In this paper, we present ENCO, an efficient structure learning method for directed, acyclic causal graphs leveraging observational and interventional data. ENCO formulates the graph search as an optimization of independent edge likelihoods, with the edge orientation being modeled as a separate parameter. Consequently, we provide for ENCO convergence guarantees under mild conditions, without having to constrain the score function with respect to acyclicity. In experiments, we show that ENCO can efficiently recover graphs with hundreds of nodes, an order of magnitude larger than what was previously possible, while handling deterministic variables and discovering latent confounders.","We present ENCO, an efficient structure learning method that leverages observational and interventional data and scales to graphs with a thousand variables."
https://openreview.net/forum?id=6Q52pZ-Th7N,Pseudo-Labeled Auto-Curriculum Learning for Semi-Supervised Keypoint Localization,Keypoint Localization; Semi-Supervised Learning; Curriculum Learning,None,"Localizing keypoints of an object is a basic visual problem. However, supervised learning of a keypoint localization network often requires a large amount of data, which is expensive and time-consuming to obtain. To remedy this, there is an ever-growing interest in semi-supervised learning (SSL), which leverages a small set of labeled data along with a large set of unlabeled data. Among these SSL approaches, pseudo-labeling (PL) is one of the most popular. PL approaches apply pseudo-labels to unlabeled data, and then train the model with a combination of the labeled and pseudo-labeled data iteratively. The key to the success of PL is the selection of high-quality pseudo-labeled samples. Previous works mostly select training samples by manually setting a single confidence threshold. We propose to automatically select reliable pseudo-labeled samples with a series of dynamic thresholds, which constitutes a learning curriculum.Extensive experiments on five keypoint localization benchmark datasets demonstrate that the proposed approach significantly outperforms the previous state-of-the-art SSL approaches.",The first work that explores automatic curriculum learning for semi-supervised keypoint localization
https://openreview.net/forum?id=e0jtGTfPihs,"Signing the Supermask: Keep, Hide, Invert",Neural Networks; Supermask; Lottery Ticket Hypothesis; Pruning; Weight Initialization; Interpretation; Subnetworks,None,"The exponential growth in numbers of parameters of neural networks over the past years has been accompanied by an increase in performance across several fields. However, due to their sheer size, the networks not only became difficult to interpret but also problematic to train and use in real-world applications, since hardware requirements increased accordingly. 
Tackling both issues, we present a novel approach that either drops a neural network's initial weights or inverts their respective sign. 
Put simply, a network is trained by weight selection and inversion without changing their absolute values.
Our contribution extends previous work on masking by additionally sign-inverting the initial weights and follows the findings of the Lottery Ticket Hypothesis.
Through this extension and adaptations of initialization methods, we achieve a pruning rate of up to 99%, while still matching or exceeding the performance of various baseline and previous models.
Our approach has two main advantages.
First, and most notable, signed Supermask models drastically simplify a model's structure, while still performing well on given tasks.
Second, by reducing the neural network to its very foundation, we gain insights into which weights matter for performance. 
The code is available on GitHub.",We train neural networks by weight selection and sign inversion instead of optimizing the values of weights which achieves consistent pruning rates of up to 99% while maintaining competitive performance.
https://openreview.net/forum?id=6u6N8WWwYSM,Bootstrapping Semantic Segmentation with Regional Contrast,semi-supervised learning; semantic segmentation; contrastive learning,None,"We present ReCo, a contrastive learning framework designed at a regional level to assist learning in semantic segmentation. ReCo performs pixel-level contrastive learning on a sparse set of hard negative pixels, with minimal additional memory footprint. ReCo is easy to implement, being built on top of off-the-shelf segmentation networks, and consistently improves performance, achieving more accurate segmentation boundaries and faster convergence. The strongest effect is in semi-supervised learning with very few labels. With ReCo, we achieve high quality semantic segmentation model, requiring only 5 examples of each semantic class.",We present a pixel-level contrastive learning framework to achieve a high-quality semantic segmeantation model trained with very few human annotations.
https://openreview.net/forum?id=pgir5f7ekAL,Generative Principal Component Analysis,Principal component analysis; generative models; sparse principal component analysis; projected power methods; optimal statistical rates,None,"In this paper, we study the problem of principal component analysis with generative modeling assumptions, adopting a general model for the observed matrix that encompasses notable special cases, including spiked matrix recovery and phase retrieval. The key assumption is that the first principal eigenvector lies near the range of an $L$-Lipschitz continuous generative model with bounded $k$-dimensional inputs. We propose a quadratic estimator, and show that it enjoys a statistical rate of order $\sqrt{\frac{k\log L}{m}}$, where $m$ is the number of samples. Moreover, we provide a variant of the classic power method, which projects the calculated data onto the range of the generative model during each iteration. We show that under suitable conditions, this method converges exponentially fast to a point achieving the above-mentioned statistical rate. This rate is conjectured in~\citep{aubin2019spiked,cocola2020nonasymptotic} to be the best possible even when we only restrict to the special case of spiked matrix models. We perform experiments on various image datasets for spiked matrix and phase retrieval models, and illustrate performance gains of our method to the classic power method and the truncated power method devised for sparse principal component analysis.","We study the problem of principal component analysis with generative modeling assumptions, and provide a corresponding efficient algorithm with provable guarantees."
https://openreview.net/forum?id=OqcZu8JIIzS,Pareto Policy Pool for Model-based Offline Reinforcement Learning,model-based offline RL; Pareto front; multi-objective optimization; policy pool; model return-uncertainty trade-off,None,"Online reinforcement learning (RL) can suffer from poor exploration, sparse reward, insufficient data, and overhead caused by inefficient interactions between an immature policy and a complicated environment. Model-based offline RL instead trains an environment model using a dataset of pre-collected experiences so online RL methods can learn in an offline manner by solely interacting with the model. However, the uncertainty and accuracy of the environment model can drastically vary across different state-action pairs so the RL agent may achieve high model return but perform poorly in the true environment. Unlike previous works that need to carefully tune the trade-off between the model return and uncertainty in a single objective, we study a bi-objective formulation for model-based offline RL that aims at producing a pool of diverse policies on the Pareto front performing different levels of trade-offs, which provides the flexibility to select the best policy for each realistic environment from the pool. Our method, ''Pareto policy pool (P3)'', does not need to tune the trade-off weight but can produce policies allocated at different regions of the Pareto front. For this purpose, we develop an efficient algorithm that solves multiple bi-objective optimization problems with distinct constraints defined by reference vectors targeting diverse regions of the Pareto front. We theoretically prove that our algorithm can converge to the targeted regions. In order to obtain more Pareto optimal policies without linearly increasing the cost, we leverage the achieved policies as initialization to find more Pareto optimal policies in their neighborhoods. On the D4RL benchmark for offline RL, P3 substantially outperforms several recent baseline methods over multiple tasks, especially when the quality of pre-collected experiences is low.",We propose a model-based offline RL method that builds a diverse set of optimal policies on Pareto front providing different levels of model return-uncertainty trade-off and it significantly outperforms single-policy methods.
https://openreview.net/forum?id=kOu3-S3wJ7,Filling the G_ap_s: Multivariate Time Series Imputation by Graph Neural Networks,graph neural networks; missing data; time series analysis; time series imputation,None,"Dealing with missing values and incomplete time series is a labor-intensive, tedious, inevitable task when handling data coming from real-world applications. Effective spatio-temporal representations would allow imputation methods to reconstruct missing temporal data by exploiting information coming from sensors at different locations. However, standard methods fall short in capturing the nonlinear time and space dependencies existing within networks of interconnected sensors and do not take full advantage of the available - and often strong - relational information. Notably, most state-of-the-art imputation methods based on deep learning do not explicitly model relational aspects and, in any case, do not exploit processing frameworks able to adequately represent structured spatio-temporal data. Conversely, graph neural networks have recently surged in popularity as both expressive and scalable tools for processing sequential data with relational inductive biases. In this work, we present the first assessment of graph neural networks in the context of multivariate time series imputation. In particular, we introduce a novel graph neural network architecture, named GRIN, which aims at reconstructing missing data in the different channels of a multivariate time series by learning spatio-temporal representations through message passing. Empirical results show that our model outperforms state-of-the-art methods in the imputation task on relevant real-world benchmarks with mean absolute error improvements often higher than 20%.",We propose a graph neural network architecture for multivariate time series imputation and achieve state-of-the-art results on several benchmarks.
https://openreview.net/forum?id=WZ3yjh8coDg,An Unconstrained Layer-Peeled Perspective on Neural Collapse,neural collapse; uncostrained model; implicit regularization,None,"Neural collapse is a highly symmetric geometry of neural networks that emerges during the terminal phase of training, with profound implications on the generalization performance and robustness of the trained networks. To understand how the last-layer features and classifiers exhibit this recently discovered implicit bias, in this paper, we introduce a surrogate model called the unconstrained layer-peeled model (ULPM). We prove that gradient flow on this model converges to critical points of a minimum-norm separation problem exhibiting neural collapse in its global minimizer. Moreover, we show that the ULPM with the cross-entropy loss has a benign global landscape for its loss function, which allows us to prove that all the critical points are strict saddle points except the global minimizers that exhibit the neural collapse phenomenon. Empirically, we show that our results also hold during the training of neural networks in real-world tasks when explicit regularization or weight decay is not used.",We investigate how the gradient flow converges to a neural collapse solution in an unconstrained model.
https://openreview.net/forum?id=pN1JOdrSY9,Contrastive Clustering to Mine Pseudo Parallel Data for Unsupervised Translation,machine translation; unsupervised machine translation; pseudo-parallel data; contrastive clustering; pretraining,None,"Modern unsupervised machine translation systems mostly train their models by generating synthetic parallel training data from large unlabeled monolingual corpora of different languages through various means, such as iterative back-translation. However, there may exist small amount of actual parallel data hidden in the sea of unlabeled data, which has not been exploited. We develop a new fine-tuning objective, called Language-Agnostic Constraint for SwAV loss, or LAgSwAV, which enables a pre-trained model to extract such pseudo-parallel data from the monolingual corpora in a fully unsupervised manner. We then propose an effective strategy to utilize the obtained synthetic data to augment unsupervised machine translation. Our method achieves the state of the art in the WMT'14 English-French, WMT'16 German-English and English-Romanian bilingual unsupervised translation tasks, with 40.2, 36.8, 37.0 BLEU, respectively. We also achieve substantial improvements in the FLoRes low-resource English-Nepali and English-Sinhala unsupervised tasks with 5.3 and 5.4 BLEU, respectively.",We propose a fine-tuning loss that enables pre-trained model's ability to mine pseudo-parallel data for fully unsupervised machine translation.
https://openreview.net/forum?id=QRX0nCX_gk,Multimeasurement Generative Models,energy based models; Langevin MCMC; score matching; denoising autoencoders; empirical Bayes,None,"We formally map the problem of sampling from an unknown distribution with a density in $\mathbb{R}^d$ to the problem of learning and sampling a smoother density in $\mathbb{R}^{Md}$ obtained by convolution with a fixed factorial kernel: the new density is referred to as M-density and the kernel as multimeasurement noise model (MNM). The M-density in $\mathbb{R}^{Md}$ is smoother than the original density in $\mathbb{R}^d$, easier to learn and sample from, yet for large $M$ the two problems are mathematically equivalent since clean data can be estimated exactly given a multimeasurement noisy observation using the Bayes estimator. To formulate the problem, we derive the Bayes estimator for Poisson and Gaussian MNMs in closed form in terms of the unnormalized M-density. This leads to a simple least-squares objective for learning parametric energy and score functions. We present various parametrization schemes of interest including one in which studying Gaussian M-densities directly leads to multidenoising autoencoders—this is the first theoretical connection made between denoising autoencoders and empirical Bayes in the literature.  Samples in $\mathbb{R}^d$ are obtained by walk-jump sampling (Saremi & Hyvarinen, 2019) via underdamped Langevin MCMC (walk) to sample from M-density and the multimeasurement Bayes estimation (jump). We study permutation invariant Gaussian M-densities on MNIST, CIFAR-10, and FFHQ-256 datasets, and demonstrate the effectiveness of this framework for realizing fast-mixing stable Markov chains in high dimensions.",None
https://openreview.net/forum?id=USC0-nvGPK,Information Gain Propagation: a New Way to Graph Active Learning with Soft Labels,Active Learning; Graph; Information Gain,None,"Graph Neural Networks (GNNs) have achieved great success in various tasks, but their performance highly relies on a large number of labeled nodes, which typically requires considerable human effort. GNN-based Active Learning (AL) methods are proposed to improve the labeling efficiency by selecting the most valuable nodes to label. Existing methods assume an oracle can correctly categorize all the selected nodes and thus just focus on the node selection. However, such an exact labeling task is costly, especially when the categorization is out of the domain of individual expert (oracle). The paper goes further, presenting a soft-label approach to AL on GNNs. Our key innovations are: i) relaxed queries where a domain expert (oracle) only judges the correctness of the predicted labels (a binary question) rather than identifying the exact class (a multi-class question), and ii) new criteria of maximizing information gain propagation for active learner with relaxed queries and soft labels. Empirical studies on public datasets demonstrate that our method significantly outperforms the state-of-the-art GNN-based AL methods in terms of both accuracy and labeling cost.",A new way to graph active learning with soft labels
https://openreview.net/forum?id=Zr5W2LSRhD,Constructing Orthogonal Convolutions in an Explicit Manner,None,None,"Convolutions with orthogonal input-output Jacobian matrix, i.e., orthogonal convolution,  have recently attracted substantial attention.  A convolution layer with an orthogonal Jacobian matrix is 1-Lipschitz  in the  2-norm, making the output robust to the perturbation in input. Meanwhile, an orthogonal Jacobian matrix preserves the gradient norm in back-propagation, which is critical for stable training deep networks. Nevertheless,  existing orthogonal convolutions are burdened by high computational costs for preserving orthogonality.
In this work, we exploit the relation between the singular values of the convolution layer's  Jacobian and the structure of the convolution kernel.  To achieve orthogonality, we explicitly construct the convolution kernel for enforcing all singular values of the convolution layer's Jacobian to be $1$s.   After training,  the explicitly constructed orthogonal (ECO) convolution is constructed only once, and their weights are stored. Then,  in evaluation, we only need to load the stored weights of the trained  ECO convolution, and the computational cost of ECO convolution is the same as the standard dilated convolution. It is more efficient than the recent state-of-the-art approach, skew orthogonal convolution (SOC) in evaluation.    Experiments on CIFAR-10 and CIFAR-100  demonstrate that the proposed ECO convolution is faster than SOC in evaluation while leading to competitive standard and certified robust accuracies.",None
https://openreview.net/forum?id=P3Bh01hBYTH,X-model: Improving Data Efficiency in Deep Learning with A Minimax Model,Data Efficiency; Deep Learning; Minimax Model,None,"To mitigate the burden of data labeling, we aim at improving data efficiency for both classification and regression setups in deep learning. However, the current focus is on classification problems while rare attention has been paid to deep regression, which usually requires more human effort to labeling. Further, due to the intrinsic difference between categorical and continuous label space, the common intuitions for classification, \textit{e.g.} cluster assumptions or pseudo labeling strategies, cannot be naturally adapted into deep regression. To this end, we first delved into the existing data-efficient methods in deep learning and found that they either encourage invariance to \textit{data stochasticity} (\textit{e.g.}, consistency regularization under different augmentations) or \textit{model stochasticity} (\textit{e.g.}, difference penalty for predictions of models with different dropout). To take the power of both worlds, we propose a novel \Chi-model by simultaneously encouraging the invariance to {data stochasticity} and {model stochasticity}. Further, the \Chi-model plays a minimax game between the feature extractor and task-specific heads to further enhance the invariance to model stochasticity. Extensive experiments verify the superiority of the \Chi-model among various tasks, from a single-value prediction task of age estimation to a dense-value prediction task of keypoint localization, a 2D synthetic and a 3D realistic dataset, as well as a multi-category object recognition task.",This paper proposes a novel X-Model for improving data efficiency in deep learning with a minimax model.
https://openreview.net/forum?id=2-mkiUs9Jx7,Stein Latent Optimization for Generative Adversarial Networks,Generative Adversarial Networks; Unsupervised Conditional GANs,None,"Generative adversarial networks (GANs) with clustered latent spaces can perform conditional generation in a completely unsupervised manner. In the real world, the salient attributes of unlabeled data can be imbalanced. However, most of existing unsupervised conditional GANs cannot cluster attributes of these data in their latent spaces properly because they assume uniform distributions of the attributes. To address this problem, we theoretically derive Stein latent optimization that provides reparameterizable gradient estimations of the latent distribution parameters assuming a Gaussian mixture prior in a continuous latent space. Structurally, we introduce an encoder network and novel unsupervised conditional contrastive loss to ensure that data generated from a single mixture component represent a single attribute. We confirm that the proposed method, named Stein Latent Optimization for GANs (SLOGAN), successfully learns balanced or imbalanced attributes and achieves state-of-the-art unsupervised conditional generation performance even in the absence of attribute information (e.g., the imbalance ratio). Moreover, we demonstrate that the attributes to be learned can be manipulated using a small amount of probe data.","We propose a novel GAN method that performs unsupervised conditional generation robustly on real-world datasets with balanced or imbalanced attributes even in the absence of attribute information (e.g., the imbalance ratio)"
https://openreview.net/forum?id=RRGVCN8kjim,Sparse DETR: Efficient End-to-End Object Detection with Learnable Sparsity,Transformer Query Sparsification Mechanism; Efficient End-to-End Object Detection,None,"DETR is the first end-to-end object detector using a transformer encoder-decoder architecture and demonstrates competitive performance but low computational efficiency. The subsequent work, Deformable DETR, enhances the efficiency of DETR by replacing dense attention with deformable attention, which achieves 10x faster convergence and improved performance. Using the multiscale feature to ameliorate performance, however, the number of encoder queries increases by 20x compared to DETR, and the computation cost of the encoder attention remains a bottleneck. We observe that the encoder queries referenced by the decoder account for only 45% of the total, and find out the detection accuracy does not deteriorate significantly even if only the referenced queries are polished in the encoder block. Inspired by this observation, we propose Sparse DETR that selectively updates only the queries expected to be referenced by the decoder, thus help the model effectively detect objects. In addition, we show that applying an auxiliary detection loss on the selected queries in the encoder improves the performance while minimizing computational overhead. We validate that Sparse DETR achieves better performance than Deformable DETR even with only 10% encoder queries on the COCO dataset. Albeit only the encoder queries are sparsified, the total computation cost decreases by 38% and the frames per second (FPS) increases by 42% compared to Deformable DETR. Code will be released.",Sparse DETR is an efficient end-to-end object detector that sparsifies encoder queries by using the learnable decoder attention map predictor. It achieves better performance than Deformable DETR even with only 10% encoder queries on the COCO dataset.
https://openreview.net/forum?id=HMJdXzbWKH,Online Target Q-learning with Reverse Experience Replay: Efficiently finding the Optimal Policy for Linear MDPs,Q Learning; RL with Function Approximation; Experience Replay; Online Target Learning,None,"Q-learning is a popular Reinforcement Learning (RL) algorithm which is widely used in practice with function approximation (Mnih et al., 2015). In contrast, existing theoretical results are pessimistic about Q-learning. For example, (Baird, 1995) shows that Q-learning does not converge even with linear function approximation for linear MDPs. Furthermore, even for tabular MDPs with synchronous updates, Q-learning was shown to have sub-optimal sample complexity (Li et al., 2021, Azar et al., 2013). The goal of this work is to bridge the gap between practical success of Q-learning and the relatively pessimistic theoretical results. The starting point of our work is the observation that in practice, Q-learning is used with two important modifications: (i) training with two networks, called online network and target network simultaneously (online target learning, or OTL) , and (ii) experience replay (ER) (Mnih et al., 2015). While they have been observed to play a significant role in the practical success of Q-learning, a thorough theoretical understanding of how these two modifications improve the convergence behavior of Q-learning has been missing in literature. By carefully combining the Q-learning with OTL and reverse experience replay (RER) (a form of experience replay), we present novel methods Q-Rex and Q-RexDaRe (Q-Rex+data reuse). We show that Q-Rex efficiently finds the optimal policy for linear MDPs and provide non-asymptotic bounds on sample complexity -- the first such result for a Q-learning method with linear MDPs. Furthermore, we demonstrate that Q-RexDaRe in fact achieves near optimal sample complexity in the tabular setting, improving upon the existing results for vanilla Q-learning.",None
https://openreview.net/forum?id=7I8LPkcx8V,Differentially Private Fractional Frequency Moments Estimation with Polylogarithmic Space,Differential Privacy; Fractional Frequency Moments,None,"We prove that $\mathbb{F}_p$ sketch, a well-celebrated streaming algorithm for frequency moments estimation, is differentially private as is when $p\in(0, 1]$. $\mathbb{F}_p$ sketch uses only polylogarithmic space, exponentially better than existing DP baselines and only worse than the optimal non-private baseline by a logarithmic factor. The evaluation shows that $\mathbb{F}_p$ sketch can achieve reasonable accuracy with strong privacy guarantees. The code for evaluation is included in the supplementary material.","We prove that $\mathbb{F}_p$ sketch, a well-celebrated streaming algorithm for frequency moments estimation, is differentially private as is when $p\in(0, 1]$."
https://openreview.net/forum?id=YpSxqy_RE84,How Low Can We Go: Trading Memory for Error in Low-Precision Training,low-precision training; meta-learning; Pareto frontier; error-memory tradeoff; active learning; matrix factorization,None,"Low-precision arithmetic trains deep learning models using less energy, less memory and less time. However, we pay a price for the savings: lower precision may yield larger round-off error and hence larger prediction error. As applications proliferate, users must choose which precision to use to train a new model, and chip manufacturers must decide which precisions to manufacture. We view these precision choices as a hyperparameter tuning problem, and borrow ideas from meta-learning to learn the tradeoff between memory and error. In this paper, we introduce Pareto Estimation to Pick the Perfect Precision (PEPPP). We use matrix factorization to find non-dominated configurations (the Pareto frontier) with a limited number of network evaluations. For any given memory budget, the precision that minimizes error is a point on this frontier. Practitioners can use the frontier to trade memory for error and choose the best precision for their goals.","Given a dataset and a memory budget, we use matrix factorization and active learning to efficiently pick the perfect low-precision configuration for a neural network."
https://openreview.net/forum?id=rUwm9wCjURV,"In a Nutshell, the Human Asked for This: Latent Goals for Following Temporal Specifications",Deep Reinforcement Learning; Out-Of-Distribution Generalisation; Temporal Logic,None,"We address the problem of building agents whose goal is to learn to execute out-of distribution (OOD) multi-task instructions expressed in temporal logic (TL) by using deep reinforcement learning (DRL). Recent works provided evidence that the agent's neural architecture is a key feature when DRL agents are learning to solve OOD tasks in TL. Yet, the studies on this topic are still in their infancy. In this work, we propose a new deep learning configuration with inductive biases that lead agents to generate latent representations of their current goal, yielding a stronger generalization performance. We use these latent-goal networks within a neuro-symbolic framework that executes multi-task formally-defined instructions and contrast the performance of the proposed neural networks against employing different state-of-the-art (SOTA) architectures when generalizing to unseen instructions in OOD environments.",Inducing architectures to generate low-dimensional representations of their current goal processing observations and instructions together yields stronger out-of-distribution generalisation
https://openreview.net/forum?id=8hWs60AZcWk,Discrete Representations Strengthen Vision Transformer Robustness,vision transformer; robustness; image recognition,None,"Vision Transformer (ViT) is emerging as the state-of-the-art architecture for image recognition. While recent studies suggest that ViTs are more robust than their convolutional counterparts, our experiments find that ViTs are overly reliant on local features (\eg, nuisances and texture) and fail to make adequate use of global context (\eg, shape and structure). As a result, ViTs fail to generalize to out-of-distribution, real-world data. To address this deficiency, we present a simple and effective architecture modification to ViT's input layer by adding discrete tokens produced by a vector-quantized encoder. Different from the standard continuous pixel tokens, discrete tokens are invariant under small perturbations and contain less information individually, which promote ViTs to learn global information that is invariant. Experimental results demonstrate that adding discrete representation on four architecture variants strengthens ViT robustness by up to 12\% across seven ImageNet robustness benchmarks while maintaining the performance on ImageNet.",We present a simple and effective architecture modification to ViT's input layer with discrete token representations.
https://openreview.net/forum?id=JzNB0eA2-M4,On the Convergence of the Monte Carlo Exploring Starts Algorithm for Reinforcement Learning,reinforcement learning; convergence of reinforcement learning algorithm; monte carlo exploring starts,None,"A simple and natural algorithm for reinforcement learning (RL) is Monte Carlo Exploring Starts (MCES), where the Q-function is estimated by averaging the Monte Carlo returns, and the policy is improved by choosing actions that maximize the current estimate of the Q-function. Exploration is performed by ""exploring starts"", that is, each episode begins with a randomly chosen state and action, and then follows the current policy to the terminal state. In the classic book on RL by Sutton & Barto (2018), it is stated that establishing convergence for the MCES algorithm is one of the most important remaining open theoretical problems in RL. However, the convergence question for MCES turns out to be quite nuanced. Bertsekas & Tsitsiklis (1996) provide a counter-example showing that the MCES algorithm does not necessarily converge. Tsitsiklis (2002) further shows that if the original MCES algorithm is modified so that the Q-function estimates are updated at the same rate for all state-action pairs, and the discount factor is strictly less than one, then the MCES algorithm converges. 
In this paper we make headway with the original and more efficient MCES algorithm given in Sutton et al. (1998), establishing almost sure convergence for Optimal Policy Feed-Forward MDPs, which are MDPs whose states are not revisited within any episode when using an optimal policy. Such MDPs include a large class of environments such as all deterministic environments and all episodic environments with a timestep or any monotonically changing values as part of the state. Different from the previous proofs using stochastic approximations, we introduce a novel inductive approach, which is very simple and only makes use of the strong law of large numbers.",We prove that the Monte Carlo Exploring Starts algorithm converges for optimal policy feed-forward MDPs.
https://openreview.net/forum?id=rw1mZl_ss3L,Concurrent Adversarial Learning for Large-Batch Training,Distributed Machine Learnig; Large-Batch Training; Adversarial Learning,None,"Large-batch training has become a commonly used technique when training neural networks with a large number of GPU/TPU processors. As batch size increases, stochastic optimizers tend to converge to sharp local minima, leading to degraded test performance. Current methods usually use extensive data augmentation to increase the batch size, but we found the performance gain with data augmentation decreases as batch size increases, and data augmentation will become insufficient after certain point. In this paper, we propose to use adversarial learning to increase the batch size in large-batch training. Despite being a natural choice for smoothing the decision surface and biasing towards a flat region, adversarial learning has not been successfully applied in large-batch training since it requires at least two sequential gradient computations at each step, which will at least double the running time compared with vanilla training even with a large number of processors. To overcome this issue, we propose a novel Concurrent Adversarial Learning (ConAdv) method that decouple the sequential gradient computations in adversarial learning by utilizing staled parameters. Experimental results demonstrate that ConAdv can successfully  increase the batch size on both ResNet-50 and EfficientNet training on ImageNet while maintaining high accuracy. In particular, we show ConAdv along can achieve 75.3\% top-1 accuracy on ImageNet ResNet-50 training with 96K batch size, and the accuracy can be further improved to 76.2\% when combining ConAdv with data augmentation. This is the first work successfully scales ResNet-50 training batch size to 96K.",None
https://openreview.net/forum?id=5K7RRqZEjoS,Multiset-Equivariant Set Prediction with Approximate Implicit Differentiation,set prediction; permutation equivariance; implicit differentiation,None,"Most set prediction models in deep learning use set-equivariant operations, but they actually operate on multisets. We show that set-equivariant functions cannot represent certain functions on multisets, so we introduce the more appropriate notion of multiset-equivariance. We identify that the existing Deep Set Prediction Network (DSPN) can be multiset-equivariant without being hindered by set-equivariance and improve it with approximate implicit differentiation, allowing for better optimization while being faster and saving memory. In a range of toy experiments, we show that the perspective of multiset-equivariance is beneficial and that our changes to DSPN achieve better results in most cases. On CLEVR object property prediction, we substantially improve over the state-of-the-art Slot Attention from 8% to 77% in one of the strictest evaluation metrics because of the benefits made possible by implicit differentiation.",We propose a better permutation-equivariance property for multisets and improve an existing set predictor that has this property with approximate implicit differentiation
https://openreview.net/forum?id=msRBojTz-Nh,Learned Simulators for Turbulence,learned simulation; turbulence,None,"Turbulence simulation with classical numerical solvers requires  high-resolution grids to accurately resolve dynamics. Here we train learned simulators at low spatial and temporal resolutions to capture turbulent dynamics generated at high resolution. We show that our proposed model can simulate turbulent dynamics more accurately than classical numerical solvers at the comparably low resolutions across various scientifically relevant metrics. Our model is trained end-to-end from data and is capable of learning a range of challenging chaotic and turbulent dynamics at low resolution, including trajectories generated by the state-of-the-art Athena++ engine. We show that our simpler, general-purpose architecture outperforms various more specialized, turbulence-specific architectures from the learned turbulence simulation literature. In general, we see that learned simulators yield unstable trajectories; however, we show that tuning training noise and temporal downsampling solves this problem. We also find that while generalization beyond the training distribution is a challenge for learned models, training noise, added loss constraints, and dataset augmentation can help. Broadly, we conclude that our learned simulator outperforms traditional solvers run on coarser grids, and emphasize that simple design choices can offer stability and robust generalization.",Learned simulators that outperform baselines in capturing turbulent dynamics at low resolution across multiple challenging turbulence domains.
https://openreview.net/forum?id=5XmLzdslFNN,Modular Lifelong Reinforcement Learning via Neural Composition,lifelong learning; continual learning; reinforcement learning; composition; modularity; compositionality,None,"Humans commonly solve complex problems by decomposing them into easier subproblems and then combining the subproblem solutions. This type of compositional reasoning permits reuse of the subproblem solutions when tackling future tasks that share part of the underlying compositional structure. In a continual or lifelong reinforcement learning (RL) setting, this ability to decompose knowledge into reusable components would enable agents to quickly learn new RL tasks by leveraging accumulated compositional structures. We explore a particular form of composition based on neural modules and present a set of RL problems that intuitively admit compositional solutions. Empirically, we demonstrate that neural composition indeed captures the underlying structure of this space of problems. We further propose a compositional lifelong RL method that leverages accumulated neural components to accelerate the learning of future tasks while retaining performance on previous tasks via off-line RL over replayed experiences.","We explore the problem of lifelong RL of functionally composable knowledge, and develop an algorithm that demonstrates zero-shot and forward transfer, avoidance of forgetting, and backward transfer in discrete 2-D and robotic manipulation domains."
https://openreview.net/forum?id=7B3IJMM1k_M,Optimal ANN-SNN Conversion for High-accuracy and Ultra-low-latency Spiking Neural Networks,Spiking Neural Networks; ANN-SNN Conversion; Ultra-low Latency; Quantization Clip-floor-shift Activation,None,"Spiking Neural Networks (SNNs) have gained great attraction due to their distinctive properties of low power consumption and fast inference on neuromorphic hardware. As the most effective method to get deep SNNs, ANN-SNN conversion has achieved comparable performance as ANNs on large-scale datasets. Despite this, it requires long time-steps to match the firing rates of SNNs to the activation of ANNs. As a result, the converted SNN suffers severe performance degradation problems with short time-steps, which hamper the practical application of SNNs. In this paper, we theoretically analyze ANN-SNN conversion error and derive the estimated activation function of SNNs. Then we propose the quantization clip-floor-shift activation function to replace the ReLU activation function in source ANNs, which can better approximate the activation function of SNNs. We prove that the expected conversion error between SNNs and ANNs is zero, enabling us to achieve high-accuracy and ultra-low-latency SNNs. We evaluate our method on CIFAR-10/100 and ImageNet datasets, and show that it outperforms the state-of-the-art ANN-SNN and directly trained SNNs in both accuracy and time-steps. To the best of our knowledge, this is the first time to explore high-performance ANN-SNN conversion with ultra-low latency (4 time-steps). Code is available at https://github.com/putshua/SNN_conversion_QCFS",An ANN-SNN conversion method enables high-accuracy and ultra-low-latency deep SNNs.
https://openreview.net/forum?id=fvLLcIYmXb,AS-MLP: An Axial Shifted MLP Architecture for Vision,Architecture Design; MLP; Classification; Detection; Segmentation,None,"An Axial Shifted MLP architecture (AS-MLP) is proposed in this paper. Different from MLP-Mixer, where the global spatial feature is encoded for information flow through matrix transposition and one token-mixing MLP, we pay more attention to the local features interaction. By axially shifting channels of the feature map, AS-MLP is able to obtain the information flow from different axial directions, which captures the local dependencies. Such an operation enables us to utilize a pure MLP architecture to achieve the same local receptive field as CNN-like architecture. We can also design the receptive field size and dilation of blocks of AS-MLP, \emph{etc}, in the same spirit of  convolutional neural networks. With the proposed AS-MLP architecture, our model obtains 83.3\% Top-1 accuracy with 88M parameters and 15.2 GFLOPs on the ImageNet-1K dataset. Such a simple yet effective architecture outperforms all MLP-based architectures and achieves competitive performance compared to the transformer-based architectures (\emph{e.g.}, Swin Transformer) even with slightly lower FLOPs. In addition, AS-MLP is also the first MLP-based architecture to be applied to the downstream tasks (\emph{e.g.}, object detection and semantic segmentation). The experimental results are also impressive. Our proposed AS-MLP obtains 51.5 mAP on the COCO validation set and 49.5 MS mIoU on the ADE20K dataset, which is competitive compared to the transformer-based architectures. Our AS-MLP establishes a strong baseline of MLP-based architecture. Code is available at \url{https://github.com/svip-lab/AS-MLP}.","We design the first MLP-based architecture for downstream tasks. It achieves competitive performance compared to the transformer-based architecture, which establishes a new strong baseline of MLP-based architecture."
https://openreview.net/forum?id=nrGGfMbY_qK,Online Continual Learning on Class Incremental Blurry Task Configuration with Anytime Inference,online; continual learning; task-free continual learning; any-time inference,None,"Despite rapid advances in continual learning, a large body of research is devoted to improving performance in the existing setups.
While a handful of work do propose new continual learning setups, they still lack practicality in certain aspects.
For better practicality, we first propose a novel continual learning setup that is online, task-free, class-incremental, of blurry task boundaries and subject to inference queries at any moment.
We additionally propose a new metric to better measure the performance of the continual learning methods subject to inference queries at any moment.
To address the challenging setup and evaluation protocol, we propose an effective method that employs a new memory management scheme and novel learning techniques.
Our empirical validation demonstrates that the proposed method outperforms prior arts by large margins. Code and data splits are available at https://github.com/naver-ai/i-Blurry.","a novel continual learning set-up that is online and task-free, has new class distributions and focuses on any-time inference"
https://openreview.net/forum?id=TBWA6PLJZQm,Learning with Noisy Labels Revisited: A Study Using Real-World Human Annotations,Learning with noisy labels; benchmark; real-world label noise; human annotations,None,"Existing research on learning with noisy labels mainly focuses on synthetic label noise. The synthetic noise, though has clean structures which greatly enabled statistical analyses, often fails to model the real-world noise patterns. The recent literature has observed several efforts to offer real-world noisy datasets, e.g., Food-101N, WebVision, and Clothing1M. Yet the existing efforts suffer from two caveats: firstly, the lack of ground-truth verification makes it hard to theoretically study the property and treatment of real-world label noise. Secondly, these efforts are often of large scales, which may result in unfair comparisons of robust methods within reasonable and accessible computation power. To better understand real-world label noise, it is important to establish controllable, easy-to-use, and moderate-sized real-world noisy datasets with both ground-truth and noisy labels. This work presents two new benchmark datasets, which we name as CIFAR-10N, CIFAR-100N (jointly we call them CIFAR-N), equipping the training datasets of CIFAR-10 and CIFAR-100 with human-annotated real-world noisy labels we collected from Amazon Mechanical Turk. We quantitatively and qualitatively show that real-world noisy labels follow an instance-dependent pattern rather than the classically assumed and adopted ones (e.g.,  class-dependent label noise). We then initiate an effort to benchmarking a subset of the existing solutions using  CIFAR-10N and CIFAR-100N. We further proceed to study the memorization of correct and wrong predictions, which further illustrates the difference between human noise and class-dependent synthetic noise. We show indeed the real-world noise patterns impose new and outstanding challenges as compared to synthetic label noise. These observations require us to rethink the treatment of noisy labels, and we hope the availability of these two datasets would facilitate the development and evaluation of future learning with noisy label solutions. The corresponding datasets and the leaderboard are available at http://noisylabels.com.","In this paper, we revisit the problem of learning from noisy labels using human annotated CIFAR datasets we collected from Amazon Mechanical Turks."
https://openreview.net/forum?id=nbC8iTTXIrk,Optimization inspired Multi-Branch Equilibrium Models,None,None,"Works have shown the strong connections between some implicit models and optimization problems. However, explorations on such relationships are limited. Most works pay attention to some common mathematical properties, such as sparsity. In this work, we propose a new type of implicit model inspired by the designing of the systems' hidden objective functions, called the Multi-branch Optimization induced Equilibrium networks~(MOptEqs). The model architecture is designed based on modelling the hidden objective function for the multi-resolution recognition task. Furthermore, we also propose a new strategy inspired by our understandings of the hidden objective function. In this manner, the proposed model can better utilize the hierarchical patterns for recognition tasks and retain the abilities for interpreting the whole structure as trying to obtain the minima of the problem's goal. Comparing with the state-of-the-art models, our MOptEqs not only enjoys better explainability but are also superior to MDEQ with less parameter consumption and better performance on practical tasks. Furthermore, we also implement various experiments to demonstrate the effectiveness of our new methods and explore the applicability of the model's hidden objective function.",A Multi-Branch DEQ model and its training strategy proposed by minimizing an objective function designed as our purpose.
https://openreview.net/forum?id=zNR43c03lRy,Learning to Annotate Part Segmentation with Gradient Matching,semi-supervised learning; part segmentation; semantic segmentation; generative models; gradient matching,None,"The success of state-of-the-art deep neural networks heavily relies on the presence of large-scale labelled datasets, which are extremely expensive and time-consuming to annotate. This paper focuses on tackling semi-supervised part segmentation tasks by generating high-quality images with a pre-trained GAN and labelling the generated images with an automatic annotator. In particular, we formulate the annotator learning as a learning-to-learn problem. Given a pre-trained GAN, the annotator learns to label object parts in a set of randomly generated images such that a part segmentation model trained on these synthetic images with their predicted labels obtains low segmentation error on a small validation set of manually labelled images. We further reduce this nested-loop optimization problem to a simple gradient matching problem and efficiently solve it with an iterative algorithm. We show that our method can learn annotators from a broad range of labelled images including real images, generated images, and even analytically rendered images. Our method is evaluated with semi-supervised part segmentation tasks and significantly outperforms other semi-supervised competitors when the amount of labelled examples is extremely limited.",We propose a gradient-matching-based method to learn annotator which is able to label generated images with part segmentation by decoding the generator features into segmentation masks.
https://openreview.net/forum?id=pfNyExj7z2,Vector-quantized Image Modeling with Improved VQGAN,VQGAN; Vision Transformers; Vector-quantized Image Modeling,None,"Pretraining language models with next-token prediction on massive text corpora has delivered phenomenal zero-shot, few-shot, transfer learning and multi-tasking capabilities on both generative and discriminative language tasks. Motivated by this success, we explore a Vector-quantized Image Modeling (VIM) approach that involves pretraining a Transformer to predict rasterized image tokens autoregressively. The discrete image tokens are encoded from a learned Vision-Transformer-based VQGAN (ViT-VQGAN). We first propose multiple improvements over vanilla VQGAN from architecture to codebook learning, yielding better efficiency and reconstruction fidelity. The improved ViT-VQGAN further improves vector-quantized image modeling tasks, including unconditional, class-conditioned image generation and unsupervised representation learning. When trained on ImageNet at 256x256 resolution, we achieve Inception Score (IS) of 175.1 and Fr'echet Inception Distance (FID) of 4.17, a dramatic improvement over the vanilla VQGAN, which obtains 70.6 and 17.04 for IS and FID, respectively. Based on ViT-VQGAN and unsupervised pretraining, we further evaluate the pretrained Transformer by averaging intermediate features, similar to Image GPT (iGPT). This ImageNet-pretrained VIM-L significantly beats iGPT-L on linear-probe accuracy from 60.3% to 73.2% for a similar model size. ViM-L also outperforms iGPT-XL which is trained with extra web image data and larger model size.",We propose the ViT-VQGAN and further explore a Vector-quantized Image Modeling (VIM) approach on both generative and discriminative tasks on images.
https://openreview.net/forum?id=R8sQPpGCv0,"Train Short, Test Long: Attention with Linear Biases Enables Input Length Extrapolation",None,None,"Since the introduction of the transformer model by Vaswani et al. (2017), a fundamental question has yet to be answered: how does a model achieve extrapolation at inference time for sequences that are longer than it saw during training? We first show that extrapolation can be enabled by simply changing the position representation method, though we find that current methods do not allow for efficient extrapolation. We therefore introduce a simpler and more efficient position method, Attention with Linear Biases (ALiBi). ALiBi does not add positional embeddings to word embeddings;  instead, it biases query-key attention scores with a penalty that is proportional to their distance. We show that this method trains a 1.3 billion parameter model on input sequences of length 1024 that extrapolates to input sequences of length 2048, achieving the same perplexity as a sinusoidal position embedding model trained on inputs of length 2048 but training 11% faster and using 11% less memory. ALiBi's inductive bias towards recency also leads it to outperform multiple strong position methods on the WikiText-103 benchmark.",We show that our simple position method enables transformer LMs to efficiently and accurately perform inference on longer sequences than they were trained on.
https://openreview.net/forum?id=J1rhANsCY9,Learning Representation from Neural Fisher Kernel with Low-rank Approximation,None,None,"In this paper, we study the representation of neural networks from the view of kernels. We first define the Neural Fisher Kernel (NFK), which is the Fisher Kernel applied to neural networks. We show that NFK can be computed for both supervised and unsupervised learning models, which can serve as a unified tool for representation extraction. Furthermore, we show that practical NFKs exhibit low-rank structures. We then propose an efficient algorithm that computes a low-rank approximation of NFK, which scales to large datasets and networks. We show that the low-rank approximation of NFKs derived from unsupervised generative models and supervised learning models gives rise to high-quality compact representations of data, achieving competitive results on a variety of machine learning tasks.",None
https://openreview.net/forum?id=RDlLMjLJXdq,Learning Temporally Causal Latent Processes from General Temporal Data,None,None,"Our goal is to recover time-delayed latent causal variables and identify their relations from measured temporal data. Estimating causally-related latent variables from observations is particularly challenging as the latent variables are not uniquely recoverable in the most general case. In this work, we consider both a nonparametric, nonstationary setting and a parametric setting for the latent processes and propose two provable conditions under which temporally causal latent processes can be identified from their nonlinear mixtures. We propose LEAP, a theoretically-grounded framework that extends Variational AutoEncoders (VAEs) by enforcing our conditions through proper constraints in causal process prior. Experimental results on various datasets demonstrate that temporally causal latent processes are reliably identified from observed variables under different dependency structures and that our approach considerably outperforms baselines that do not properly leverage history or nonstationarity information. This demonstrates that using temporal information to learn latent processes from their invertible nonlinear mixtures in an unsupervised manner, for which we believe our work is one of the first, seems promising even without sparsity or minimality assumptions.",Propose two provable conditions and training framework with which temporally latent causal processes are identifiable from observed variables.
https://openreview.net/forum?id=DXPftn5kjQK,The Rich Get Richer: Disparate Impact of Semi-Supervised Learning,semi-supervised learning; fairness; disparate impact; Matthew effect; consistency regularization,None,"Semi-supervised learning (SSL) has demonstrated its potential to improve the model accuracy for a variety of learning tasks when the high-quality supervised data is severely limited. Although it is often established that the average accuracy for the entire population of data is improved, it is unclear how SSL fares with different sub-populations. Understanding the above question has substantial fairness implications when different sub-populations are defined by the demographic groups that we aim to treat fairly. In this paper, we reveal the disparate impacts of deploying SSL: the sub-population who has a higher baseline accuracy without using SSL (the ""rich"" one) tends to benefit more from SSL; while the sub-population who suffers from a low baseline accuracy (the ""poor"" one) might even observe a performance drop after adding the SSL module. We theoretically and empirically establish the above observation for a broad family of SSL algorithms, which either explicitly or implicitly use an auxiliary ""pseudo-label"". Experiments on a set of image and text classification tasks confirm our claims. We introduce a new metric, Benefit Ratio, and promote the evaluation of the fairness of SSL (Equalized Benefit Ratio). We further discuss how the disparate impact can be mitigated. We hope our paper will alarm the potential pitfall of using SSL and encourage a multifaceted evaluation of future SSL algorithms.","We reveal the disparate impacts of deploying SSL: the ""rich"" sub-population (higher baseline accuracy without SSL) benefits more from SSL; while the ""poor"" sub-population (low baseline accuracy) might even observe a performance drop after SSL."
https://openreview.net/forum?id=HBsJNesj2S,Neural Relational Inference with Node-Specific Information ,Graph Neural Networks; Variational Inference; Trajectory Prediction,None,"Inferring interactions among entities is an important problem in studying dynamical systems, which greatly impacts the performance of downstream tasks, such as prediction. In this paper, we tackle the relational inference problem in a setting where each entity can potentially have a set of individualized information that other entities cannot have access to. Specifically, we represent the system using a graph in which the individualized information become node-specific information (NSI). We build our model in the framework of Neural Relation Inference (NRI), where the interaction among entities are uncovered using variational inference. We adopt NRI model to incorporate the individualized information by introducing private nodes in the graph that represent NSI. Such representation enables us to uncover more accurate relations among the agents and therefore leads to better performance on the downstream tasks. Our experiment results over real-world datasets validate the merit of our proposed algorithm.","We use variational inference to uncover relations among agents in a multi-agent system, given that the agents can have access to some private information"
https://openreview.net/forum?id=ZU-zFnTum1N,Bregman Gradient Policy Optimization,None,None,"In the paper, we design a novel Bregman gradient policy optimization framework for reinforcement learning based on Bregman divergences and momentum techniques. Specifically, we propose a Bregman gradient policy optimization (BGPO) algorithm based on the basic momentum technique and mirror descent iteration. Meanwhile, we further propose an accelerated Bregman gradient policy optimization (VR-BGPO) algorithm based on the variance reduced technique. Moreover, we provide a convergence analysis framework for our Bregman gradient policy optimization under the nonconvex setting. We prove that our BGPO achieves a  sample complexity of $O(\epsilon^{-4})$ for finding $\epsilon$-stationary policy only requiring one trajectory at each iteration, and our VR-BGPO reaches the best known sample complexity of $O(\epsilon^{-3})$, which also only requires one trajectory at each iteration. In particular, by using different Bregman divergences, our BGPO framework unifies many existing policy optimization algorithms such as the existing (variance reduced) policy gradient algorithms such as natural policy gradient algorithm. Extensive experimental results on multiple reinforcement learning tasks demonstrate the efficiency of our new algorithms.",None
https://openreview.net/forum?id=hgKtwSb4S2,A generalization of the randomized singular value decomposition,Low rank approximation; Randomized SVD; Hilbert--Schmidt operators; Gaussian processes,None,"The randomized singular value decomposition (SVD) is a popular and effective algorithm for computing a near-best rank $k$ approximation of a matrix $A$ using matrix-vector products with standard Gaussian vectors. Here, we generalize the theory of randomized SVD to multivariate Gaussian vectors, allowing one to incorporate prior knowledge of $A$ into the algorithm. This enables us to explore the continuous analogue of the randomized SVD for Hilbert--Schmidt (HS) operators using operator-function products with functions drawn from a Gaussian process (GP). We then construct a new covariance kernel for GPs, based on weighted Jacobi polynomials, which allows us to rapidly sample the GP and control the smoothness of the randomly generated functions. Numerical examples on matrices and HS operators demonstrate the applicability of the algorithm.",The randomized SVD is generalized to multivariate Gaussian input vectors and Hilbert-Schmidt operators.
https://openreview.net/forum?id=xCVJMsPv3RT,Dropout Q-Functions for Doubly Efficient Reinforcement Learning,Reinforcement learning,None,"Randomized ensembled double Q-learning (REDQ) (Chen et al., 2021b) has recently achieved state-of-the-art sample efficiency on continuous-action reinforcement learning benchmarks. This superior sample efficiency is made possible by using a large Q-function ensemble. However, REDQ is much less computationally efficient than non-ensemble counterparts such as Soft Actor-Critic (SAC) (Haarnoja et al., 2018a). To make REDQ more computationally efficient, we propose a method of improving computational efficiency called DroQ, which is a variant of REDQ that uses a small ensemble of dropout Q-functions. Our dropout Q-functions are simple Q-functions equipped with dropout connection and layer normalization. Despite its simplicity of implementation, our experimental results indicate that DroQ is doubly (sample and computationally) efficient. It achieved comparable sample efficiency with REDQ, much better computational efficiency than REDQ, and comparable computational efficiency with that of SAC.",We propose a doubly (sample and computationally) efficient RL method (Dr.Q) in which a small ensemble of dropout Q-functions is used.
https://openreview.net/forum?id=ySQH0oDyp7,QDrop: Randomly Dropping Quantization for Extremely Low-bit Post-Training Quantization,None,None,"Recently, post-training quantization (PTQ) has driven much attention to produce efficient neural networks without long-time retraining. Despite the low cost, current PTQ works always fail under the extremely low-bit setting. In this study, we pioneeringly confirm that properly incorporating activation quantization into the PTQ reconstruction benefits the final accuracy. To deeply understand the inherent reason, a theoretical framework is established, which inspires us that the flatness of the optimized low-bit model on calibration and test data is crucial. Based on the conclusion, a simple yet effective approach dubbed as \textsc{QDrop} is proposed, which randomly drops the quantization of activations during reconstruction. Extensive experiments on various tasks including computer vision (image classification, object detection) and natural language processing (text classification and question answering) prove its superiority. With \textsc{QDrop}, the limit of PTQ is pushed to the 2-bit activation for the first time and the accuracy boost can be up to 51.49\%. Without bells and whistles, \textsc{QDrop} establishes a new state of the art for PTQ.",None
https://openreview.net/forum?id=POxF-LEqnF,You Mostly Walk Alone: Analyzing Feature Attribution in Trajectory Prediction,Feature Attribution; Shapley values; Trajectory Prediction; Causality,None,"Predicting the future trajectory of a moving agent can be easy when the past trajectory continues smoothly but is challenging when complex interactions with other agents are involved. Recent deep learning approaches for trajectory prediction show promising performance and partially attribute this to successful reasoning about agent-agent interactions.  However, it remains unclear which features such black-box models actually learn to use for making predictions. This paper proposes a procedure that quantifies the contributions of different cues to model performance based on a variant of Shapley values. Applying this procedure to state-of-the-art trajectory prediction methods on standard benchmark datasets shows that they are, in fact, unable to reason about interactions. Instead, the past trajectory of the target is the only feature used for predicting its future. For a task with richer social interaction patterns, on the other hand, the tested models do pick up such interactions to a certain extent, as quantified by our feature attribution method. We discuss the limits of the proposed method and its links to causality.","We propose a Shapley value-based method for attributing trajectory prediction performance to different input features and show on common benchmark datasets that existing models do not use interaction information, contrary to their claims."
https://openreview.net/forum?id=aYAA-XHKyk,Rethinking Class-Prior Estimation for Positive-Unlabeled Learning,Positive-Unlabeled Learning; Class-Prior Estimation,None,"Given only positive (P) and unlabeled (U) data, PU learning can train a binary classifier without any negative data. It has two building blocks: PU class-prior estimation (CPE) and PU classification; the latter has been well studied while the former has received less attention. Hitherto, the distributional-assumption-free CPE methods rely on a critical assumption that the support of the positive data distribution cannot be contained in the support of the negative data distribution. If this is violated, those CPE methods will systematically overestimate the class prior; it is even worse that we cannot verify the assumption based on the data. In this paper, we rethink CPE for PU learning—can we remove the assumption to make CPE always valid? We show an affirmative answer by proposing Regrouping CPE (ReCPE) that builds an auxiliary probability distribution such that the support of the positive data distribution is never contained in the support of the negative data distribution. ReCPE can work with any CPE method by treating it as the base method. Theoretically, ReCPE does not affect its base if the assumption already holds for the original probability distribution; otherwise, it reduces the positive bias of its base. Empirically, ReCPE improves all state-of-the-art CPE methods on various datasets, implying that the assumption has indeed been violated here.",Class-Prior Estimation for Positive-Unlabeled Learning
https://openreview.net/forum?id=bfuGjlCwAq,Learning Efficient Online 3D Bin Packing on Packing Configuration Trees,Bin Packing Problem; Online 3D-BPP; Reinforcement Learning,None,"Online 3D Bin Packing Problem (3D-BPP) has widespread applications in industrial automation and has aroused enthusiastic research interest recently. Existing methods usually solve the problem with limited resolution of spatial discretization, and/or cannot deal with complex practical constraints well. We propose to enhance the practical applicability of online 3D-BPP via learning on a novel hierarchical representation – packing configuration tree (PCT). PCT is a full-fledged description of the state and action space of bin packing which can support packing policy learning based on deep reinforcement learning (DRL). The size of the packing action space is proportional to the number of leaf nodes, making the DRL model easy to train and well-performing even with continuous solution space. During training, PCT expands based on heuristic rules, however, the DRL model learns a much more effective and robust packing policy than heuristic methods. Through extensive evaluation, we demonstrate that our method outperforms all existing online BPP methods and is versatile in terms of incorporating various practical constraints.",We propose to enhance the practical applicability of online 3D-BPP via learning on a hierarchical packing configuration tree which makes the DRL model easy to deal with practical constraints and well-performing even with continuous solution space.
https://openreview.net/forum?id=6HN7LHyzGgC,Uncertainty Modeling for Out-of-Distribution Generalization,domain generalization; uncertainty modeling,None,"Though remarkable progress has been achieved in various vision tasks, deep neural networks still suffer obvious performance degradation when tested in out-of-distribution scenarios. We argue that the feature statistics (mean and standard deviation), which carry the domain characteristics of the training data, can be properly manipulated to improve the generalization ability of deep learning models. Common methods often consider the feature statistics as deterministic values measured from the learned features and do not explicitly consider the uncertain statistics discrepancy caused by potential domain shifts during testing. In this paper, we improve the network generalization ability by modeling the uncertainty of domain shifts with synthesized feature statistics during training. Specifically, we hypothesize that the feature statistic, after considering the potential uncertainties, follows a multivariate Gaussian distribution. Hence, each feature statistic is no longer a deterministic value, but a probabilistic point with diverse distribution possibilities. With the uncertain feature statistics, the models can be trained to alleviate the domain perturbations and achieve better robustness against potential domain shifts. Our method can be readily integrated into networks without additional parameters. Extensive experiments demonstrate that our proposed method consistently improves the network generalization ability on multiple vision tasks, including image classification, semantic segmentation, and instance retrieval.",We for the first time treat feature statistics as uncertain distributions to improve the model generalization ability.
https://openreview.net/forum?id=bYGSzbCM_i,Online Adversarial Attacks,Online Algorithms; Adversarial Attacks,None,"Adversarial attacks expose important vulnerabilities of deep learning models, yet little attention has been paid to settings where data arrives as a stream. In this paper, we formalize the online adversarial attack problem, emphasizing two key elements found in real-world use-cases: attackers must operate under partial knowledge of the target model, and the decisions made by the attacker are irrevocable since they operate on a transient data stream. We first rigorously analyze a deterministic variant of the online threat model by drawing parallels to the well-studied $k$-secretary problem in theoretical computer science and propose Virtual+, a simple yet practical online algorithm. Our main theoretical result shows Virtual+ yields provably the best competitive ratio over all single-threshold algorithms for $k<5$---extending the previous analysis of the $k$-secretary problem. We also introduce the \textit{stochastic $k$-secretary}---effectively reducing online blackbox transfer attacks to a $k$-secretary problem under noise---and prove theoretical bounds on the performance of Virtual+ adapted to this setting. Finally, we complement our theoretical results by conducting experiments on MNIST, CIFAR-10, and Imagenet classifiers, revealing the necessity of online algorithms in achieving near-optimal performance and also the rich interplay between attack strategies and online attack selection, enabling simple strategies like FGSM to outperform stronger adversaries.",We consider a new adversarial attack setting in which the data arrives as a stream and an adversary must pick top-k items to craft blackbox transfer attacks against an unkown target model.
https://openreview.net/forum?id=kNKFOXleuC,Anytime Dense Prediction with Confidence Adaptivity,Efficient Inference; Anytime Inference; Semantic Segmentation; Dense Prediction; Computer Vision,None,"Anytime inference requires a model to make a progression of predictions which might be halted at any time. Prior research on anytime visual recognition has mostly focused on image classification.We propose the first unified and end-to-end approach for anytime dense prediction. A cascade of ""exits"" is attached to the model to make multiple predictions. We redesign the exits to account for the depth and spatial resolution of the features for each exit. To reduce total computation, and make full use of prior predictions, we develop a novel spatially adaptive approach to avoid further computation on regions where early predictions are already sufficiently confident. Our full method, named anytime dense prediction with confidence (ADP-C), achieves the same level of final accuracy, and meanwhile significantly reduces total computation. We evaluate our method on Cityscapes semantic segmentation and MPII human pose estimation: ADP-C enables anytime inference without sacrificing accuracy while also reducing the total FLOPs of its base models by 44.4% and 59.1%. We compare with anytime inference by deep equilibrium networks and feature-based stochastic sampling, showing that ADP-C dominates both across the accuracy-computation curve. Our code is available at https://github.com/liuzhuang13/anytime.","First single-model anytime approach for pixel-level visual recognition; our model with redesigned exits and confidence adaptivity enables anytime inference, achieves the same level of final accuracy, and significantly reduces total computation."
