urls,titles,keywords,tldrs,abstracts,one_sentence_summ
https://openreview.net/forum?id=pNfniUgXJt,WASSERSTEIN-GUIDED SYMBOLIC REGRESSION: MODEL DISCOVERY OF NETWORK DYNAMICS,Trajectory inference; Symbolic regression; Wasserstein metric; Network dynamics,We propose a probabilistic symbolic regression approach for trajectory inference from a limited number of screenshots accross time.,"Real-world complex systems often miss high-fidelity physical descriptions and are typically subject to partial observability. Learning dynamics of such systems is a challenging and ubiquitous problem, encountered in diverse critical applications which require interpretability 
and qualitative guarantees. Our paper addresses this problem in the case of probability distribution flows governed by ODEs. Specifically, we devise a ${\it white}$  ${\it box}$ approach -dubbed Symbolic Distribution Flow Learner ($\texttt{SDFL}$)- combining symbolic search with a Wasserstein-based loss function, resulting in robust model recovery scheme which naturally lends itself to cope with partial observability. Additionally, we furnish the proposed framework with theoretical guarantees on the number of required ${\it snapshots}$ to achieve a certain level of fidelity in the model-discovery. We illustrate the performance of the proposed scheme on the prototypical problem of Kuramoto networks and a standard benchmark of single-cell population trajectory data. The numerical experiments demonstrate the computational advantage of $\texttt{SDFL}$ in comparison to the state-of-the-art.",None
https://openreview.net/forum?id=3ZqKxMHcAg,Evaluating Language Model Agency Through Negotiations,language model evaluation; dynamic evaluation; alignment; cooperative AI; agency; evolving benchmarks; multi-agent interactions,"A benchmark approach to jointly evaluate performance and alignment of language models through dynamic, multi-step, and cross-model negotiation games.","We introduce an approach to evaluate language model (LM) agency using negotiation games. This approach better reflects real-world use cases and addresses some of the shortcomings of alternative LM benchmarks. Negotiation games enable us to study multi-turn, and cross-model interactions, modulate complexity, and side-step accidental evaluation data leakage. We use our approach to test six widely used and publicly accessible LMs, evaluating performance and alignment in both self-play and cross-play settings. Noteworthy findings include: (i) only closed-source models tested here were able to complete these tasks; (ii) cooperative bargaining games proved to be most challenging to the models; and (iii) even the most powerful models sometimes ""lose"" to weaker opponents.",None
https://openreview.net/forum?id=JKpk2p4O99,Towards robust unlearnable examples via deep hiding,Data Protection; Information Hiding; Unlearnable Examples,None,"Ensuring data privacy and protection has become paramount in the era of deep learning. Unlearnable examples are proposed to mislead the deep learning models and prevent data from unauthorized exploration by adding small perturbations to data. However, such perturbations (e.g., noise, texture, color change) predominantly impact low-level features, making them vulnerable to countermeasures like adversarial training, data augmentations, and preprocessing. In contrast, semantic images with intricate shapes have a wealth of high-level features, making them more resilient to countermeasures and potential for producing robust unlearnable examples. In this paper, we propose a Deep Hiding (DH) scheme that adaptively hides semantic images enriched with high-level features. We employ an Invertible Neural Network (INN) to invisibly integrate predefined images, inherently hiding them with deceptive perturbations. To enhance data unlearnability, we introduce a Latent Feature Concentration module, designed to work with the INN, regularizing the intra-class variance of these perturbations. To further boost the robustness of unlearnable examples, we design a Semantic Images Generation module that produces hidden semantic images. By utilizing similar semantic information, this module generates similar semantic images for samples within the same classes, thereby enlarging the inter-class distance and narrowing the intra-class distance. Extensive experiments on CIFAR-10, CIFAR-100, and ImageNet-subset, against 12 countermeasures, reveal that our proposed method exhibits state-of-the-art ro- bustness for unlearnable examples, demonstrating its efficacy in data protection.",None
https://openreview.net/forum?id=JshLcbPI9J,Deep Backtracking Counterfactuals for Causally Compliant Explanations,counterfactuals; generative modeling; causality; counterfactual explanations,None,"Counterfactuals can offer valuable insights by answering what would have been observed under altered circumstances, conditional on a factual observation. Whereas the classical interventional interpretation of counterfactuals has been studied extensively, backtracking constitutes a less studied alternative where all causal laws are kept intact. In the present work, we introduce a practical method for computing backtracking counterfactuals in structural causal models that consist of deep generative components. To this end, we impose conditions on the structural assignments that enable the generation of counterfactuals by solving a tractable constrained optimization problem in the structured latent space of a causal model. Our formulation also facilitates a comparison with methods in the field of counterfactual explanations. Compared to these, our method represents a versatile, modular and causally compliant alternative. We demonstrate these properties experimentally on a modified version of MNIST and CelebA.",None
https://openreview.net/forum?id=61TRLIS5A0,Enhancing Medical Image Generation with Anatomical Precision: A Multi-Headed VAE-Based Diffusion Model,medical image processing; image segmentation; variational auto-encoder; diffusion modelling; controlled image generation,"A controlled score-based image synthesis model for medical images, incorporating a multi-headed VAE to preserve style and position while enhancing segmentation capabilities.","Score-based image generation models, also known as diffusion models, can generate highly realistic and diverse natural images. However, a common challenge emerges when applying diffusion models to medical image generation and segmentation. While these models excel at producing realistic local textures, they struggle to accurately capture global anatomical priors, such as organ shape and location. Furthermore, the model lacks the capability for controlled recalibration to transform an anatomically unrealistic image into a realistic one. Here we present a new diffusion model where the generated images exhibit both realistic style and anatomically accurate position. Specifically, this is done by guiding the reverse diffusion process with our specially designed multi-headed VAE, which produces the image's disentangled style and position embeddings. We use the position embedding to define a grid deformation function that deforms a simple position prior to a predicted segmentation mask. Then, we apply the same grid deformation on the style embedding for image generation. This alleviates the style embedding from the burden of learning position features, thereby promoting disentangling. Our proposed approach showcases promising performance in controlled image generation across a range of medical image tasks, such as skin lesions and fetal head. Furthermore, our model delivers state-of-the-art segmentation performance.",None
https://openreview.net/forum?id=JSS9rKHySk,On the Role of General Function Approximation in Offline Reinforcement Learning,reinforcement learning theory; offline reinforcement learning; general function approximation; learnability; minimax lower bounds,This paper clarifies the use of general function approximation in offline RL and proposes lower bounds for learnability.,"We study offline reinforcement learning (RL) with general function approximation. General function approximation is a powerful tool for algorithm design and analysis, but its adaptation to offline RL encounters several challenges due to varying approximation targets and assumptions that blur the real meanings of function assumptions. In this paper, we try to formulate and clarify the treatment of general function approximation in offline RL in two aspects: (1) analyzing different types of assumptions and their practical usage, and (2) understanding its role as a restriction on underlying MDPs from information-theoretic perspectives. Additionally, we introduce a new insight for lower bound establishing: one can exploit model-realizability to establish general-purpose lower bounds that can be generalized into other functions. Building upon this insight, we propose two generic lower bounds that contribute to a better understanding of offline RL with general function approximation.",None
https://openreview.net/forum?id=ZS4m74kZpH,Making Retrieval-Augmented Language Models Robust to Irrelevant Context,Retrieval Augmented Language Models; Large Language Models; Robustness; Question Answering,"We present a thorough analysis of cases where retrieval augmentation hurts performance of large language models, and propose methods that improve their robustness to irrelevant context, thereby increasing their overall performance.","Retrieval-augmented language models (RALMs) hold promise to produce language understanding systems that are are factual, efficient, and up-to-date. An important desideratum of RALMs, is that retrieved information helps model performance when it is relevant, and does not harm performance when it is not. This is particularly important in multi-hop reasoning scenarios, where misuse of irrelevant evidence can lead to cascading errors. However, recent work has shown that retrieval augmentation can sometimes have a negative effect on performance. In this work, we present a thorough analysis on five open-domain question answering benchmarks, characterizing cases when retrieval reduces accuracy. We then propose two methods to mitigate this issue. First, a simple baseline that filters out retrieved passages that do not entail question-answer pairs according to a natural language inference (NLI) model. This is effective in preventing performance reduction, but at a cost of also discarding relevant passages. Thus, we propose a method for automatically generating data to fine-tune the language model to properly leverage retrieved passages, using a mix of relevant and irrelevant contexts at training time. We empirically show that even 1,000 examples suffice to train the model to be robust to irrelevant contexts while maintaining high performance on examples with relevant ones.",None
https://openreview.net/forum?id=oEzY6fRUMH,State Chrono Representation for Enhancing Generalization in Reinforcement Learning,Deep Reinforcement Learning; Representation Learning; Bisimulation Metric,None,"Developing a robust and generalizable state representation is essential for overcoming the challenges posed by reinforcement learning tasks that rely on images as input. Recent developments in metric learning, including techniques like deep bisimulation metric approaches, have facilitated the transformation of states into structured representation spaces, allowing the measurement of distances based on task-relevant features. However, these approaches face challenges in handling demanding generalization tasks and scenarios characterized by sparse rewards. Their limited one-step update strategy often falls short of capturing adequate long-term behaviors within their representations. To address these challenges, we present the State Chrono Representation (SCR) approach, which enhances state representations by integrating long-term information alongside the bisimulation metric. SCR learns state distances and measurements within a temporal framework, considering future dynamics and accumulated rewards across current and long-term future states. The resulting representation space not only captures sequential behavioral information but also integrates distances and measurements from the present to the future. This temporal-aware learning strategy does not introduce a significant number of additional parameters for modeling dynamics, ensuring the efficiency of the entire learning process. Comprehensive experiments conducted within DeepMind Control environments reveal that SCR achieves state-of-the-art performance in demanding generalization tasks and scenarios characterized by sparse rewards.",None
https://openreview.net/forum?id=EwAGztBkJ6,On the Generalization of Gradient-based Neural Network Interpretations,interpretability; generalization; robustness; explainable AI,None,"Feature saliency maps are commonly used for interpreting neural network predictions. This approach to interpretability is often studied as a post-processing problem independent of training setups, where the gradients of trained models are used to explain their output predictions. However, in this work, we observe that gradient-based interpretation methods are highly sensitive to the training set: models trained on disjoint datasets without regularization produce inconsistent interpretations across test data. Our numerical observations pose the question of how many training samples are required for accurate gradient-based interpretations. To address this question, we study the generalization aspect of gradient-based explanation schemes and show that the proper generalization of interpretations from training samples to test data requires more training data than standard deep supervised learning problems. We prove generalization error bounds for widely-used gradient-based interpretations, suggesting that the sample complexity of interpretable deep learning is greater than that of standard deep learning. Our bounds also indicate that Gaussian smoothing in the widely-used SmoothGrad method plays the role of a regularization mechanism for reducing the generalization gap. We evaluate our findings on various neural net architectures and datasets, to shed light on how training data affect the generalization of interpretation methods.",None
https://openreview.net/forum?id=KqTzfiNjWU,Restorer Guided Diffusion Models for Variational Inverse Problems,Diffusion model; posterior sampling; restorer guidance,None,"Diffusion models have made remarkable progress in solving various inverse problems, attributing to the generative modeling capability of the data manifold. Posterior sampling from the conditional score function enable the precious data consistency powered by the measurement-based likelihood term. However, most prevailing approaches confined to the insufficient expressive ability of the measurement model with merely digitized measuring deterioration, regardless of complicated unpredictable disturbance in real-world sceneries. To address this, we show that the measurement-based likelihood can be renewed with restoration-based likelihood, licencing the patronage of various off-the-shelf restoration models for powerful diffusion solvers, in what we call restorer guidance. Particularly, assembled with versatile restorer guidance optionally, we can resolve inverse problems with bunch of choices for assorted sample quality and realize the proficient deterioration control with assured realistic. We show that our work can be analogous to the transition from the classifier guidance to classifier-free guidance in the field of inverse problem solver. Experiments on various complicated inverse problems illustrate the effectiveness of our method, including image dehazing, rain streak removal, and motion deblurring. Code will be available soon.",None
https://openreview.net/forum?id=8T7m27VC3S,3D Dense Captioning beyond Nouns: A Middleware for Autonomous Driving,Autonomous Driving; Dense Captioning; Foundation model,None,"Recently, language foundation models have revolutionized many fields and how they could enable smarter and safer autonomous vehicles remains elusive. We believe one major obstacle is the lack of a comprehensive and standard middleware representation that links perception and planning. We rethink the limitations of existing middleware (e.g., 3D boxes or occupancy) and propose 3\textbf{D} d\textbf{e}n\textbf{s}e capt\textbf{i}onin\textbf{g} beyond \textbf{n}ouns (or abbreviated as DESIGN). For each input scenario, DESIGN refers to a set of 3D bounding boxes with a language description for each. Notably, the \textbf{comprehensive} description involves not only what the box is (noun) but also its attribute (adjective), location (preposition) and moving status (adverb). We design a scalable rule-based auto-labelling methodology to generate DESIGN ground truth, guaranteeing that the middleware is \textbf{standard}. Using this methodology, we construct a large-scale dataset nuDesign based upon nuScenes, which consists of an unprecedented number of 2300k sentences. We also present an extensive benchmarking on nuDesign, featuring a model named DESIGN-former that takes multi-modal inputs and predicts reliable DESIGN outputs. Through qualitative visualizations, we demonstrate that DEISGN, as a novel 3D scene understanding middleware, has good interpretability. We release our code, data and models, hoping this middleware could trigger better autonomous driving algorithms and systems that benefit from the power of language foundation models.",None
https://openreview.net/forum?id=mYWsyTuiRp,Analyzing Feed-Forward Blocks in Transformers through the Lens of Attention Maps,Transformer; Attention map; Feed-forward; Contextualization; Interpretation; Analysis; Pre-trained models; Masked language models; Causal language models,We analyze the input contextualization effects of Feed-Forward blocks in Transformer-based models by rendering them in the attention maps.,"Transformers are ubiquitous in wide tasks.
Interpreting their internals is a pivotal goal. 
Nevertheless, their particular components, feed-forward (FF) blocks, have typically been less analyzed despite their substantial parameter amounts.
We analyze the input contextualization effects of FF blocks by rendering them in the attention maps as a human-friendly visualization scheme.
Our experiments with both masked- and causal-language models reveal that FF networks modify the input contextualization to emphasize specific types of linguistic compositions. 
In addition, FF and its surrounding components tend to cancel out each other's effects, suggesting potential redundancy in the processing of the Transformer layer.",None
https://openreview.net/forum?id=P2AD80rFNu,On the Relation between Gradient Directions and Systematic Generalization,Systematic generalization; Compositional generalization,None,"Systematic generalization is a critical property that most general deep learning algorithms lack. In this paper, we investigate the relation between gradient directions and systematic generalization. We propose a formulation to treat reducible training loss as a resource, and the training process consumes it to reduce test loss. We derive a bias that a training gradient is less efficient in using the resource at each step than an alternative gradient that leads to systematic generalization. The bias is avoided if and only if both gradients are zero or point in the same direction. We demonstrate the bias in standard deep learning models, including fully connected, convolutional, residual networks, LSTMs, and (Vision) Transformers. We also discuss a requirement for the generalization. We hope this study provides novel insights for improving systematic generalization.",None
https://openreview.net/forum?id=K9sVJ17zvB,VersVideo: Leveraging Enhanced Temporal Diffusion Models for Versatile Video Generation,video generation; diffusion model; temproal modeling,We introduce a video generation model for stable and controllable videos across various conditions.,"Creating stable, controllable videos is a complex task due to the need for significant variation in temporal dynamics and cross-frame temporal consistency. To address this, we enhance the spatial-temporal capability and introduce a versatile video generation model, VersVideo, which leverages textual, visual, and stylistic conditions. Current video diffusion models typically extend image diffusion architectures by supplementing 2D operations (such as convolutions and attentions) with temporal operations. While this approach is efficient, it often restricts spatial-temporal performance due to the oversimplification of standard 3D operations. To counter this, we incorporate two key elements: (1) multi-excitation paths for spatial-temporal convolutions with dimension pooling across different axes, and (2) multi-expert spatial-temporal attention blocks. These enhancements boost the model's spatial-temporal performance without significantly escalating training and inference costs. We also tackle the issue of information loss that arises when a variational autoencoder is used to transform pixel space into latent features and then back into pixel frames. To mitigate this, we incorporate temporal modules into the decoder to maintain inter-frame consistency. Lastly, by utilizing the innovative denoising UNet and decoder, we develop a unified ControlNet model suitable for various conditions, including image, Canny, HED, depth, and style. Examples of the videos generated by our model can be found at https://jinxixiang.github.io/versvideo/.",None
https://openreview.net/forum?id=SIZWiya7FE,Label-Agnostic Forgetting: A Supervision-Free Unlearning in Deep Models,Machine Unlearning; Unsupervised Learning; Deep Learning,A supervision-free framework for deep model unlearning via variational inference and contrastive loss,"Machine unlearning aims to remove information derived from forgotten data while preserving that of the remaining dataset in a well-trained model. With the increasing emphasis on data privacy, several approaches to machine unlearning have emerged. However, these methods typically rely on complete supervision throughout the unlearning process. Unfortunately, obtaining such supervision, whether for the forgetting or remaining data, can be impractical due to the substantial cost associated with annotating real-world datasets. This challenge prompts us to propose a supervision-free unlearning approach that operates without the need for labels during the unlearning process. Specifically, we introduce a variational approach to approximate the distribution of representations for the remaining data. Leveraging this approximation, we adapt the original model to eliminate information from the forgotten data at the representation level. To further address the issue of lacking supervision information, which hinders alignment with ground truth, we introduce a contrastive loss to facilitate the matching of representations between the remaining data and those of the original model, thus preserving predictive performance. Experimental results across various unlearning tasks demonstrate the effectiveness of our proposed method, Label-Agnostic Forgetting (LAF) without using any labels, which achieves comparable performance to state-of-the-art methods that rely on full supervision information. Furthermore, our approach excels in semi-supervised scenarios, leveraging limited supervision information to outperform fully supervised baselines. This work not only showcases the viability of supervision-free unlearning in deep models but also opens up a new possibility for future research in unlearning at the representation level.",None
https://openreview.net/forum?id=t3vnnLeajU,Controlling Vision-Language Models for Multi-Task Image Restoration,Image restoration; vision-language model; low-level vision,Controlling vision-language models to understand image degradation and improve image restoration.,"Vision-language models such as CLIP have shown great impact on diverse downstream tasks for zero-shot or label-free predictions. However, when it comes to low-level vision such as image restoration their performance deteriorates dramatically due to corrupted inputs. In this paper, we present a degradation-aware vision-language model (DA-CLIP) to better transfer pretrained vision-language models to low-level vision tasks as a multi-task framework for image restoration. More specifically, DA-CLIP trains an additional controller that adapts the fixed CLIP image encoder to predict high-quality feature embeddings. By integrating the embedding into an image restoration network via cross-attention, we are able to pilot the model to learn a high-fidelity image reconstruction. The controller itself will also output a degradation feature that matches the real corruptions of the input, yielding a natural classifier for different degradation types. In addition, we construct a mixed degradation dataset with synthetic captions for DA-CLIP training. Our approach advances state-of-the-art performance on both degradation-specific and unified image restoration tasks, showing a promising direction of prompting image restoration with large-scale pretrained vision-language models. Our code is available at https://github.com/Algolzw/daclip-uir.",None
https://openreview.net/forum?id=6W35Wcs077,Decomposition Ascribed Synergistic Learning for Unified Image Restoration,Image Restoration; Decomposition; Orthogonality; Signal formation,None,"Learning to restore multiple image degradations within a single model is quite beneficial for real-world applications. Nevertheless, existing works typically concentrate on regarding each degradation independently, while their relationship has been less exploited to ensure the synergistic learning. To this end, we revisit the diverse degradations through the lens of singular value decomposition, with the observation that the decomposed singular vectors and singular values naturally undertake the different types of degradation information, dividing various restoration tasks into two groups, \ie, singular vector dominated and singular value dominated. The above analysis renders a more unified perspective to ascribe the diverse degradations, compared to previous task-level independent learning. The dedicated optimization of degraded singular vectors and singular values inherently utilizes the potential relationship among diverse restoration tasks, attributing to the Decomposition Ascribed Synergistic Learning (DASL). Specifically, DASL comprises two effective operators, namely, Singular VEctor Operator (SVEO) and Singular VAlue Operator (SVAO), to favor the decomposed optimization, which can be lightly integrated into existing convolutional image restoration backbone. Moreover, the congruous decomposition loss has been devised for auxiliary. Extensive experiments on blended five image restoration tasks demonstrate the effectiveness of our method, including image deraining, image dehazing, image denoising, image deblurring, and low-light image enhancement.",None
https://openreview.net/forum?id=ox2ATRM90I,Yet Another ICU Benchmark: A Flexible Multi-Center Framework for Clinical ML,ICU; Intensive Care Unit; EHR; ML; Time Series; Patient Monitoring; Clinical ML; Benchmark; Multi-Center; MIMIC; eICU; HiRID; AmsterdamUMCdb,"We introduce Yet Another ICU Benchmark: a flexible, holistic framework for the standardization of clinical prediction model experiments.","Medical applications of machine learning (ML) have experienced a surge in popularity in recent years. Given the abundance of available data from electronic health records, the intensive care unit (ICU) is a natural habitat for ML. Models have been proposed to address numerous ICU prediction tasks like the early detection of complications. While authors frequently report state-of-the-art performance, it is challenging to verify claims of superiority. Datasets and code are not always published, and cohort definitions, preprocessing pipelines, and training setups are difficult to reproduce. This work introduces Yet Another ICU Benchmark (YAIB), a modular framework that allows researchers to define reproducible and comparable clinical ML experiments; we offer an end-to-end solution from cohort definition to model evaluation. The framework natively supports most open-access ICU datasets (MIMIC III/IV, eICU, HiRID, AUMCdb) and is easily adaptable to future ICU datasets. Combined with a transparent preprocessing pipeline and extensible training code for multiple ML and deep learning models, YAIB enables unified model development, transfer, and evaluation. Our benchmark comes with five predefined established prediction tasks (mortality, acute kidney injury, sepsis, kidney function, and length of stay) developed in collaboration with clinicians. Adding further tasks is straightforward by design. Using YAIB, we demonstrate that the choice of dataset, cohort definition, and preprocessing have a major impact on the prediction performance — often more so than model class — indicating an urgent need for YAIB as a holistic benchmarking tool. We provide our work to the clinical ML community to accelerate method development and enable real-world clinical implementations.",None
https://openreview.net/forum?id=NvJxTjTQtq,EGraFFBench: Evaluation of Equivariant Graph Neural Network Force Fields for Atomistic Simulations,Graph neural network; equivariant neural network; atomistic simulations; molecular dynamics,"Here, we benchmark six equivariant graph neural network force fields, through existing and new datasets and tasks, for modeling atomic system","Equivariant graph neural networks force fields (EGraFFs) have shown great promise in modelling complex interactions in atomic systems by exploiting the graphs’ inherent symmetries. Recent works have led to a surge in the development of novel architectures that incorporate equivariance-based inductive biases alongside architectural innovations like graph transformers and message passing to model atomic interactions. However, thorough evaluations of these deploying EGraFFs for the downstream task of real-world atomistic simulations, is lacking. To this end, here we perform a systematic benchmarking of 6 EGraFF algorithms (NequIP, Allegro, BOTNet, MACE, Equiformer, TorchMDNet), with the aim of understanding their capabilities and limitations for realistic atomistic simulations. In addition to our thorough evaluation and analysis on eight existing datasets based on the benchmarking literature, we release two new benchmark datasets, propose four new metrics, and three new challenging tasks. The new datasets and tasks evaluate the performance of EGraFF to out-of-distribution data, in terms of different crystal structures, temperatures, and new molecules. Interestingly, evaluation of the EGraFF models based on dynamic simulations reveals that having a lower error on energy or force does not guarantee stable or reliable simulation or faithful replication of the atomic structures. Moreover, we find that no model clearly outperforms other models on all datasets and tasks. Importantly, we show that the performance of all the models on out-of-distribution datasets is unreliable, pointing to the need for the development of a foundation model for force fields that can be used in real-world simulations. In summary, this work establishes a rigorous framework for evaluating machine learning force fields in the context of atomic simulations and points to open research challenges within this domain.",None
https://openreview.net/forum?id=U9NHClvopO,SuperPos-Prompt: Enhancing Soft Prompt Tuning of Language Models with Superposition of Multi Token Embeddings,Parameter-Efficient Fine-tuning; Prompt Learning; Soft Prompt Tuning; Langauge Models,SuperPos-Prompt: Enhancing Soft Prompt Tuning of Language Models with Superposition of Multi Token Embeddings,"Soft prompt tuning techniques have recently gained traction as an effective strategy for the parameter-efficient tuning of pretrained language models, particularly minimizing the required adjustment of model parameters. Despite their growing use, achieving optimal tuning with soft prompts, especially with smaller datasets, remains a substantial challenge. This study makes two contributions in this domain: (i) we introduce SuperPos-Prompt, a new reparameterization technique employing the superposition of multiple pretrained vocabulary embeddings to improve the learning of soft prompts.  Our experiments across several GLUE and SuperGLUE benchmarks consistently highlight SuperPos-Prompt's superiority over \textit{Residual Prompt} tuning, exhibiting an average score increase of +4.7 in T5-Small and $+3.9$ in T5-Base along with a faster convergence. Remarkably, SuperPos-Prompt occasionally outperforms even full fine-tuning methods. (ii) Additionally, we demonstrate enhanced performance and rapid convergence by omitting dropout from the frozen network, yielding consistent improvements across various scenarios and tuning methods. Unlike many existing strategies, our approach does not rely on the availability of a proficient pretrained source prompt for initialization, thereby ensuring notable flexibility and more effective combination of related prompt candidates.",None
https://openreview.net/forum?id=i9Vs5NGDpk,"Asymptotically Free Sketched Ridge Ensembles: Risks, Cross-Validation, and Tuning",asymptotic freeness; sketching; ensembles; ridge regression; generalized cross-validation; tuning,We show consistency of generalized cross-validation for tuning asymptotically free sketched ridge ensembles under mild data assumptions.,"We employ random matrix theory to establish consistency of generalized cross validation (GCV) for estimating prediction risks of sketched ridge regression ensembles, enabling efficient and consistent tuning of regularization and sketching parameters. Our results hold for a broad class of asymptotically free sketches under very mild data assumptions. For squared prediction risk, we provide a decomposition into an unsketched equivalent implicit ridge bias and a sketching-based variance, and prove that the risk can be globally optimized by only tuning sketch size in infinite ensembles. For general subquadratic prediction risk functionals, we extend GCV to construct consistent risk estimators, and thereby obtain distributional convergence of the GCV-corrected predictions in Wasserstein-2 metric. This in particular allows construction of prediction intervals with asymptotically correct coverage conditional on the training data. We also propose an ""ensemble trick"" whereby the risk for unsketched ridge regression can be efficiently estimated via GCV using small sketched ridge ensembles. We empirically validate our theoretical results using both synthetic and real large-scale datasets with practical sketches including CountSketch and subsampled randomized discrete cosine transforms.",None
https://openreview.net/forum?id=BTd5Tak69u,Unsupervised Learning of Object-Centric Representation from Multi-Viewpoint Scenes,Object-Centric Learning; Mulit-Viewpoints Learning,None,"Objects in a 2D image are influenced by factors like perspective, illumination, and occlusion in the corresponding 3D scene. This results in the challenge of identifying objects across different viewpoints. Humans can effortlessly identify objects from different viewpoints by recognizing their invariant characteristics in 3D dimensions. Motivated by this observation, we propose an object-centric learning method named Learning Object-centric Representation from Multi-viewpoint (LORM), which learns the representations of objects from multi-viewpoint scenes without any supervision. LORM leverages a novel slot attention encoder to decompose the representation of a scene into two distinct components: a viewpoint representation and several object representations. The former encompasses the viewpoint-dependent attributes (i.e., camera position and lighting) of the image observed from each viewpoint, while the latter captures the viewpoint-independent features (i.e., appearance, shape, scale, rotation and position) of the object across various perspectives. We propose a mixture patch decoder to enable LORM to simultaneously handle complex scenes and reconstruct an individual object's 2D appearance and shape at a specific viewpoint through the corresponding object representation and viewpoint representation. Extensive experiments are conducted on three complex simulation datasets, and the results demonstrate that our proposed method outperforms compared methods in individual object reconstruction while achieving comparable performance in scene decomposition.",None
https://openreview.net/forum?id=70A6oo3Il2,AdaFlood: Adaptive Flood Regularization,Flood; Overfitting; Regularization,We present a novel flood regularizer that adapts the flood level of each training sample according to the difficulty of the sample.,"Although neural networks are conventionally optimized towards zero training loss, it has been recently learned that targeting a non-zero training loss threshold, referred to as a flood level, often enables better test time generalization. 
Current approaches, however, apply the same constant flood level to all training samples, which inherently assumes all the samples have the same difficulty.
We present AdaFlood, a novel flood regularization method that adapts the flood level of each training sample according to the difficulty of the sample. 
Intuitively, since training samples are not equal in difficulty, the target training loss should be conditioned on the instance. 
Experiments on datasets covering four diverse input modalities &mdash; text, images, asynchronous event sequences, and tabular &mdash; demonstrate the versatility of AdaFlood across data domains and noise levels.",None
https://openreview.net/forum?id=zUDbPgskDS,"Crystals with Transformers on Graphs, for predictions of crystal material properties",AI for science; Graph networks; transformers; materials informatics; crystal materials,"We propose CrysToGraph, a transformer-based graph network for capturing short-range and long-range dependencies in the crystalline system, achieving state-of-the-art results on MatBench benchmark datasets.","Graph neural networks (GNN) has found extensive applications across diverse domains, notably in the modeling molecules. Crystals differ from molecules by the ionic bonding across the lattice and the highly ordered microscopic structure, which provides crystals unique symmetry and determines the macroscopic properties. Therefore, long-range orders are essential in predicting the physical and chemical properties of crystals. GNNs successfully model the local environment of atoms in crystals, however, they struggle to capture long-range interactions due to a limitation of depth. In this paper, we propose CrysToGraph ($\textbf{Crys}$tals with $\textbf{T}$ransformers $\textbf{o}$n $\textbf{Graph}$s), a novel transformer-based geometric graph network designed specifically for crystalline systems. CrysToGraph effectively captures short-range dependencies with transformer-based graph convolution blocks and long-range dependencies with graph-wise transformer blocks. Our model outperforms most existing methods by achieving new state-of-the-art results on the MatBench benchmark datasets.",None
https://openreview.net/forum?id=iPWxqnt2ke,Identifying Policy Gradient Subspaces,reinforcement learning; policy gradients; gradient subspaces,We investigate the potential of gradient subspaces in deep reinforcement learning.,"Policy gradient methods hold great potential for solving complex continuous control tasks. Still, their training efficiency can be improved by exploiting structure within the optimization problem. Recent work indicates that supervised learning can be accelerated by leveraging the fact that gradients lie in a low-dimensional and slowly-changing subspace. In this paper, we conduct a thorough evaluation of this phenomenon for two popular deep policy gradient methods on various simulated benchmark tasks. Our results demonstrate the existence of such gradient subspaces despite the continuously changing data distribution inherent to reinforcement learning. These findings reveal promising directions for future work on more efficient reinforcement learning, e.g., through improving parameter-space exploration or enabling second-order optimization.",None
https://openreview.net/forum?id=sDmjlpphdB,Mixture-of-Experts in Prompt Optimization,LLM; Prompt Engineering; Prompt Optimization; Mixture-of-Experts,None,"Large Language Models (LLMs) exhibit strong generalization power in adapting to novel tasks when prompted with language instructions and in-context demos. Since this ability sensitively depends on the quality of prompts, various methods have been explored to automate the instruction design process. While these methods demonstrated promising results, they also restricted the output space of the search problem to a demo-free instruction. Such simplification significantly limits their performance, as a single demo-free instruction might not be able to cover the entire problem space of the targeted task due to its complexity. To alleviate this issue, we adopt the Mixture-of-Expert paradigm to divide the problem space into homogeneous regions, each governed by a specialized expert. To further improve the coverage of each expert, we expand their prompts to contain both an instruction and several demos.  A two-phase process is developed to construct the specialized expert for each region: (1) demo assignment: Inspired by the theoretical connection between in-context learning and kernel regression, we group demos into clusters based on their semantic similarity and assign a cluster to each expert; (2) instruction assignment: A region-based joint search is applied to optimize an instruction complementary to the demo cluster for each expert, yielding a synergistic effect. The resulting method, codenamed Mixture-of-Prompts (MoP), outperforms prior art by up to 43% on benchmark NLP tasks.",None
https://openreview.net/forum?id=uvZDQvjULn,A bi-objective perspective on controllable language models: reward dropout improves off-policy control performance,Controllable Language Model; Language Model; Reinforcement Learning; Off-policy RL; Bi-objective Problem; Pareto Optimization,None,"We study the theoretical aspects of CLMs (Controllable Language Models) from a bi-objective optimization perspective. Specifically, we consider the CLMs as an off-policy RL problem that requires simultaneously maximizing the reward and likelihood objectives. Our main contribution consists of three parts. First, we establish the theoretical foundations of CLM by presenting reward upper bound and Pareto improvement/optimality conditions. Second, we analyze conditions that improve and violate Pareto optimality itself, respectively. Finally, we propose Reward Dropout, a simple yet powerful method to guarantee policy improvement based on a Pareto improvement condition. Our theoretical outcomes are supported by not only deductive proofs but also empirical results. The performance of Reward Dropout was evaluated on five CLM benchmark datasets, and it turns out that the Reward Dropout significantly improves the performance of CLMs.",None
https://openreview.net/forum?id=y2D8aW4son,Capturing The Channel Dependency Completely Via Knowledge-Episodic Memory For Time Series Forecasting,multivariate time series forecasting;channel dependency;pattern memory network;,Using pattern memory network to capture the channel dependency for multivariate time series forecasting.,"The forecasting of Multivariate Time Series (MTS) has long been an important but challenging task, and recent advancements in MTS forecasting methods try to discover both temporal and channel-wise dependencies. However, we explore the nature of MTS and observe two kinds of existed channel dependencies that current methods have difficulty to capture completely. 
One is the evident channel dependency, which can be captured by mixing the channel information directly, and another is the latent channel dependency, which should be captured by finding the intrinsic variable that caused the same changes within MTS.
To address this issue, we introduce the knowledge and episodic memory modules, which gain the specific knowledge and  hard pattern memories with a well-designed recall method, to capture the latent and evident channel dependency respectively.
Further, based on the proposed memory modules, we develop a pattern memory network, which recalls both memories for capturing different channel dependencies completely, for MTS forecasting. Extensive experiments on eight datasets all verify the effectiveness of the proposed memory-based forecasting method.",None
https://openreview.net/forum?id=Lv9KZ5qCSG,Eye Fairness: A Large-Scale 3D Imaging Dataset for Equitable Eye Diseases Screening and Fair Identity Scaling,Equitable Deep Learning; Fairness; Fair Loss Scaling; Healthcare Disparity,"Due to the lack of large-scale public datasets with 3D imaging data for fairness learning, we introduce the EyeFairness dataset covering major eye diseases and demographic attributes.","Fairness or equity in machine learning is profoundly important for societal well-being, but limited public datasets hinder its progress, especially in the area of medicine. It is undeniable that fairness in medicine is one of the most important areas for fairness learning's applications. Currently, no large-scale public medical datasets with 3D imaging data for fairness learning are available, while 3D imaging data in modern clinics are standard tests for disease diagnosis. In addition, existing medical fairness datasets are actually repurposed datasets, and therefore they typically have limited demographic identity attributes with at most three identity attributes of age, gender and race for fairness modeling. To address this gap, we introduce our Eye Fairness dataset with 30,000 subjects (EyeFairness-30k) covering three major eye diseases including age-related macular degeneration, diabetic retinopathy and glaucoma affecting 380 million patients globally. Our EyeFairness dataset include both 2D fundus photos and 3D optical coherence tomography scans with six demographic identity attributes including age, gender, race, ethnicity, preferred language, and marital status. We also propose a fair identity scaling (FIS) approach combining group and individual scaling together to improve model fairness. Our FIS approach is compared with various the-state-of-the-art fairness learning methods with superior performance in the racial, gender, and ethnicity fairness tasks with 2D and 3D imaging data, which demonstrate the utilities of our EyeFairness dataset for fairness learning. To facilitate fairness comparisons between different models, we propose performance-scaled disparity measures, which can be to compare model fairness account for overall performance levels. The dataset and code are publicly accessible via https://github.com/anonymous4science/EyeFairness.",None
https://openreview.net/forum?id=13D1zn0mpd,Effective and Parameter-Efficient Reusing Fine-Tuned Models,merging models; fine-tune models,None,"Many pre-trained large-scale models provided online have become highly effective in transferring to downstream tasks. At the same time, various task-specific models fine-tuned on these pre-trained models are available online for public use. In practice, collecting task-specific data is labor-intensive and fine-tuning the large pre-trained models is computationally expensive, one can reuse task-specific fine-tuned models to deal with downstream tasks. However, using a model per task causes a heavy burden on storage and serving. Recently, many training-free and parameter-efficient methods have been proposed for merging multiple fine-tuned task-specific models into a single multi-task model. However, these methods exhibit a large accuracy gap compared with using a fine-tuned model per task. In this paper, we propose parameter-efficient methods for Reusing fine-tuned models. For reusing fully fine-tuned models, we inject sparse task vectors to a merged model by magnitude pruning. For reusing LoRA fine-tuned models, we use a lower-rank matrix to approximate the LoRA matrix by singular value decomposition. Extensive experiments conducted on computer vision and natural language process tasks demonstrate the effectiveness and parameter-efficiency of the proposed methods. The proposed methods outperform existing merging models method by a large margin and achieve comparable performance to using a fine-tuned model per task.",None
https://openreview.net/forum?id=zmJDzPh1Dm,Nemesis: Normalizing the Soft-prompt Vectors of Vision-Language Models,Vision-language models; Soft-prompt tuning; Low-norm effect; Normalizing soft prompts,This paper first uncovers a Low-Norm Effect phenomenon that occurs in soft prompt-tuning vision-language models (VLMs) and proposes a method for normalizing the soft prompts of VLMs to achieve better performance.,"With the prevalence of large-scale pretrained vision-language models (VLMs), such as CLIP, soft-prompt tuning has become a popular method for adapting these models to various downstream tasks. However, few works delve into the inherent properties of learnable soft-prompt vectors, specifically the impact of their norms to the performance of VLMs. This motivates us to pose an unexplored research question: ``Do we need to normalize the soft prompts in VLMs?'' To fill this research gap, we first uncover a phenomenon, called the $\textbf{Low-Norm Effect}$ by performing extensive corruption experiments, suggesting that reducing the norms of certain learned prompts occasionally enhances the performance of VLMs, while increasing them often degrades it. To harness this effect, we propose a novel method named $\textbf{N}$ormalizing th$\textbf{e}$ soft-pro$\textbf{m}$pt v$\textbf{e}$ctors of vi$\textbf{si}$on-language model$\textbf{s}$ ($\textbf{Nemesis}$) to normalize soft-prompt vectors in VLMs. To the best of our knowledge, our work is the first to systematically investigate the role of norms of soft-prompt vector in VLMs, offering valuable insights for future research in soft-prompt tuning.",None
https://openreview.net/forum?id=HXu7oYPOhg,Memory-efficient particle filter recurrent neural network for object localization,object localization; particle filter; GRU RNN; symmetric environment,None,"This study proposes a novel memory-efficient recurrent neural network (RNN) architecture specified to solve the object localization problem. This problem is to recover the object states along with its movement in a noisy environment. We take the idea of the classical particle filter and combine it with GRU RNN architecture. The key feature of the resulting memory-efficient particle filter RNN model (mePFRNN) is that it requires the same number of parameters to process environments of different sizes.  Thus, the proposed mePFRNN architecture consumes less memory to store parameters compared to the previously proposed PFRNN model. To demonstrate the performance of our model, we test it on symmetric and noisy environments that are incredibly challenging for filtering algorithms. In our experiments, the mePFRNN model provides more precise localization than the considered competitors and requires fewer trained parameters.",None
https://openreview.net/forum?id=j4VMrwgn1M,Training Graph Transformers via Curriculum-Enhanced Attention Distillation,graph transformers; graph neural networks; knowledge distillation; curriculum learning; node classification,None,"Recent studies have shown that Graph Transformers (GTs) can be effective for specific graph-level tasks. However, when it comes to node classification, training GTs remains challenging, especially in semi-supervised settings with a severe scarcity of labeled data. Our paper aims to address this research gap by focusing on semi-supervised node classification. To accomplish this, we develop a curriculum-enhanced attention distillation method that involves utilizing a Local GT teacher and a Global GT student. Additionally, we introduce the concepts of in-class and out-of-class and then propose two improvements, out-of-class entropy and top-k pruning, to facilitate the student's out-of-class exploration under the teacher's in-class guidance. Taking inspiration from human learning, our method involves a curriculum mechanism for distillation that initially provides strict guidance to the student and gradually allows for more out-of-class exploration by a dynamic balance. Extensive experiments show that our method outperforms many state-of-the-art approaches on seven public graph benchmarks, proving its effectiveness.",None
https://openreview.net/forum?id=bm1JVsVZVu,Adaptive Stochastic Gradient Algorithm for Black-box Multi-Objective Learning,Multi-Objective Optimization; Black-Box Optimization; Black-Box Multi-Objective Optimization,None,"Multi-objective optimization (MOO) has become an influential framework for various machine learning problems, including reinforcement learning and multi-task learning. In this paper, we study the black-box multi-objective optimization problem, where we aim to optimize multiple potentially conflicting objectives with function queries only. To address this challenging problem and find a Pareto optimal solution or the Pareto stationary solution, 
we propose a novel adaptive stochastic gradient algorithm for black-box MOO, called ASMG. 
Specifically, we use the stochastic gradient approximation method to obtain the gradient for the distribution parameters of the Gaussian smoothed MOO with function queries only. Subsequently, an adaptive weight is employed to aggregate all stochastic gradients to optimize all objective functions effectively. 
Theoretically, we explicitly provide the connection between the original MOO problem and the corresponding Gaussian smoothed MOO problem and prove the convergence rate for the proposed ASMG algorithm in both convex and non-convex scenarios.
Empirically, the proposed ASMG method achieves competitive performance on multiple numerical benchmark problems. Additionally, the state-of-the-art performance on the black-box multi-task learning problem demonstrates the effectiveness of the proposed ASMG method.",None
https://openreview.net/forum?id=a24gfxA7jD,Physics Informed Distillation for Diffusion Models,Difffusion Models; Knowledge Distillation; Physics informed neural networks,We introduce a novel Distillation approach for Diffusion Model heavily inspired by Physics Informed Neural Networks(PINNs) enabling single-step image generation.,"Diffusion models have recently emerged as a potent tool in generative modeling, although their inherent iterative nature often results in sluggish image generation due to the requirement for multiple model evaluations. Recent progress has unveiled the intrinsic link between diffusion models and Probability Flow Ordinary Differential Equations (ODEs), thus enabling us to conceptualize diffusion models as ODE systems. Simultaneously, Physics Informed Neural Networks (PINNs) have substantiated their effectiveness in solving intricate differential equations through implicit modeling of their solutions. Building upon these foundational insights, we introduce Physics Informed Distillation (PID), a novel approach that employs a student model to represent the solution of the ODE system corresponding to the teacher diffusion model, akin to the principles employed in PINNs. Our approach demonstrates remarkable results, such as achieving an FID score of 3.92 on CIFAR-10 for single-step image generation. Additionally, we establish the stability of our method under conditions involving a sufficiently high discretization number, paralleling observations found in the PINN literature,  thus highlighting its potential as a streamlined single-step distillation approach without the need for additional methodology-specific hyperparameters. The code will be made available upon acceptance.",None
https://openreview.net/forum?id=VDkye4EKVe,Discovering Minimal Reinforcement Learning Environments,Reinforcement Learning; Meta-Learning; Evolution Strategies; Environments,We meta-optimize neural networks representing contextual bandits that rapidly train agents and broadly generalize.,"Human agents often acquire skills under conditions that are significantly different from the context in which the skill is needed. For example, students prepare for an exam not by taking it, but by studying books or supplementary material. Can artificial agents benefit from training outside of their evaluation environment as well? In this project, we develop a novel meta-optimization framework to discover neural network-based synthetic environments.  We find that training contextual bandits suffices to train Reinforcement Learning agents that generalize well to their evaluation environment, eliminating the need to meta-learn a transition function. We show that the synthetic contextual bandits train Reinforcement Learning agents in a fraction of time steps and wall clock time, and generalize across hyperparameter settings and algorithms. Using our method in combination with a curriculum on the performance evaluation horizon, we are able to achieve competitive results on a number of challenging continuous control problems. Our approach opens a multitude of new research directions: Contextual bandits are easy to interpret, yielding insights into the tasks that are encoded by the evaluation environment. Additionally, we demonstrate that synthetic environments can be used in downstream meta-learning setups, derive a new policy from the differentiable reward function, and show that the synthetic environments generalize to entirely different optimization settings.",None
https://openreview.net/forum?id=We6kIyBOMp,Delayed Spiking Neural Network and Exponential Time Dependent Plasticity Algorithm,Spiking Neural Network; supervised learning; delay; biological plausibility; time-dependent plasticity,"A realistic delayed spiking neural network is introduced in this study, and a biologically plausible exponential time-dependent plasticity algorithm is proposed to train it.","Spiking Neural Networks (SNNs) become more similar to artificial neural networks (ANNs) to solve complex machine learning tasks. However, such similarity does not bring superior performances but loses biological plausibility. Moreover, most learning methods of SNNs follow the pattern of gradient descent used in ANNs, which also suffer from low bio-plausibility. To address these issues, a realistic delayed spiking neural network (DSNN) is introduced in this study, which only considers the dendrite and axon delays as the learnable parameters. And a more biologically plausible exponential time-dependent plasticity (ETDP) algorithm is proposed to train the DSNN. The ETDP adjusts the delays according to the global and local time differences between presynaptic and postsynaptic spikes, and the forward and backward propagation time of signals. These biological indicators can surrogate the time-consuming computation of descents precisely. Experimental results demonstrate that the DSNN trained by ETDP achieves very competitive results on various benchmark datasets, compared with other SNNs.",None
https://openreview.net/forum?id=mIQ2puu82H,DIFFNAT: IMPROVING DIFFUSION IMAGE QUALITY USING NATURAL IMAGE STATISTICS,diffusion model; natural image statistics,None,"Diffusion models have advanced generative AI significantly in terms of editing
and creating naturalistic images. However, while editing images using text-prompt
or image guidance, some unnatural artefacts or effects can be generated by the
diffusion model. This problem is more prominent in the context of few-shot
personalization of text-to-image diffusion model, where the large diffusion model
has to be finetuned from few examples of certain subject identity to produce
edited images conditioned on text prompts. In this context, we propose a generic
“naturalness” preserving loss function, viz., kurtosis concentration (KC) loss, which
can be readily applied to any standard diffusion model pipeline to elevate the image
quality. Our motivation stems from the projected kurtosis concentration property
of natural images, which states that natural images have nearly constant kurtosis
values across different band-pass versions of the image. In order to retain the
“naturalness” of the generated images, we enforce reducing the gap between the
highest and lowest kurtosis values across the band-pass versions (e.g., Discrete
Wavelet Transform (DWT)) of images. Note that our approach does not require
any additional guidance like classifer or classifer-free guidance in order to improve
the image quality. We validate the proposed approach for three diverse tasks, viz.,
(1) personalized few-shot finetuning using text guidance, (2) unconditional image
generation, and (3) image super-resolution. Integrating the proposed KC loss have
improved the perceptual quality across all these tasks in terms of both FID, MUSIQ
score and user evaluation.",None
https://openreview.net/forum?id=9Kgnvknvwd,A First-Order Multi-Gradient Algorithm for Multi-Objective Bi-Level Optimization,Multi-Objective Bi-Level Optimization; Multi-Task Learning,None,"In this paper, we study the Multi-Objective Bi-Level Optimization (MOBLO) problem, where the upper-level subproblem is a multi-objective optimization problem and the lower-level subproblem is for scalar optimization. Existing gradient-based MOBLO algorithms need to compute the Hessian matrix, causing the computational inefficient problem. To address this, we propose an efficient first-order multi-gradient method for MOBLO, called FORUM. Specifically, we reformulate MOBLO problems as a constrained multi-objective optimization (MOO) problem via the value-function approach. Then we propose a novel multi-gradient aggregation method to solve the challenging constrained MOO problem. Theoretically, we provide the complexity analysis to show the efficiency of the proposed method and a non-asymptotic convergence result. Empirically, extensive experiments demonstrate the effectiveness and efficiency of the proposed FORUM method in different learning problems. In particular, it achieves state-of-the-art performance on three multi-task learning benchmark datasets.",None
https://openreview.net/forum?id=WpMHBIYsUf,Homeomorphic Model Transformation for Boosting Performance and Efficiency in Object Detection Networks,Objection Detection; Model Transfer; Transfer Learning; Homeomorphic Model Transformation,None,"The field of computer vision has witnessed significant advancements in recent years with the development of deep learning networks. However, the fixed architectures of these networks limit their capabilities. For object detection task, existing methods typically rely on fixed architecture. While achieving promising performance, there is potential for further improving network performance with minimal modifications. In this study, we investigate that existing networks with minimal modifications can further boost performance. However, modifying some layers results in pre-trained weight mismatch, the fine-tune process is time-consuming and resource-inefficient. To address this issue, we propose a novel technique called Homeomorphic Model Transformation (HMT), which enables the adaptation of initial weights based on pretrained weights. This approach ensures the preservation of the original model's performance when modifying layers. Additionally, HMT significantly reduces the total training time required to achieve optimal results while further enhancing network performance. Extensive experiments across various object detection tasks validate the effectiveness and efficiency of our proposed HMT solution.",None
https://openreview.net/forum?id=AL4tS0HhJT,Post-prediction confidence training complements supervised learning,supervised learning; prediction uncertainty; maxout; feature representation,None,"Wrong prediction is bad. For users,  having high confidence on a wrong prediction is even worse. Since even the best-trained class-label predictor will have some chance of making mistakes, users, especially in  some AI application areas such as personalized medicine, may want to tell  the high quality predictions from  the low quality ones. In convolutional neural networks (CNN), confidence on a prediction is associated with the softmax output layer, which gives a probability distribution on the class-labels. But even a prediction with 95\%  probability concentrated  on one class may still turn out wrong many times more often than the anticipated rate of 5\%.  There are at least three main sources of uncertainty to cause a large anticipation gap. The first one is that some of the test samples may not belong to the same distribution of the training samples. The second one is the sever population heterogeneity within each class, causing the variation of prediction quality across some hidden subpopulations. The third one is the imperfectness of the prediction model. While most researches are focused on the first source of prediction uncertainty, the other two receive much less  attention. Here we take a different approach, termed post-prediction confidence training (PPCT), to guide users how to discern the high-quality predictions from the low-quality ones.  Distinctively different from other methods including conformal prediction, PPCT entertains all three sources of uncertainty by searching features to anchor the criticism of prediction quality.  An enhancement to CNN configuration is required during network training. We propose a blueprint by coupling each logit node (T channel) in the layer feeding to softmax   with an additional node (C channel) and using maxout  to link the pair to the softmax layer. The C channel is introduced to counter the T channel as a contrastive feature against the feature of the target class. A high-quality prediction must follow a logically-lucid pattern between T and C  for every class. Successful implementation of our methods  on  popular image datasets are reported.",None
https://openreview.net/forum?id=jzdQPKgIWA,Learning to Explore with In-Context Policy for Fast Peer Adaptation,Multi-agent Reinforcement Learning; In-Context Learning; Peer Adaptation,a method that learns to actively explore and adapt to the policies of unknown peers in multi-agent settings.,"Adapting to different peers in multi-agent settings requires agents to quickly learn about the peer’s policy from a few interactions and act accordingly. In this paper, we present a novel end-to-end method that learns an in-context policy that actively explores the peer’s policy, recognizes its pattern, and adapts to it. The agent is trained on a diverse set of peer policies to learn how to balance exploration and exploitation based on the observed context, which is the history of interactions with the peer. The agent proposes exploratory actions when the context is uncertain, which can elicit informative feedback from the peer and help infer its preferences. To encourage such exploration behavior, we introduce an intrinsic reward based on the accuracy of the peer identification. The agent exploits the context when it is confident, which can optimize its performance with the peer. We evaluate our method on two tasks that involve competitive (Kuhn Poker) or cooperative (Overcooked) interactions with peer agents. We demonstrate that our method induces active exploration behavior, achieving faster adaptation and better outcomes than existing methods.",None
https://openreview.net/forum?id=zAdUB0aCTQ,AgentBench: Evaluating LLMs as Agents,Large language models; Autonomous agents; Reasoning; Evaluation; Benchmark,The first systematic benchmark for evaluating LLMs as Agents,"The potential of Large Language Model (LLM) as agents has been widely acknowledged recently.
Thus, there is an urgent need to quantitatively evaluate LLMs as agents on challenging tasks in interactive environments.
We present AgentBench, a multi-dimensional benchmark that consists of 8 distinct environments to assess LLM-as-Agent's reasoning and decision-making abilities.
Our extensive test over 29 API-based and open-sourced (OSS) LLMs shows that, while top commercial LLMs present a strong ability of acting as agents in complex environments, there is a significant disparity in performance between them and many OSS competitors that are no larger than 70B.
We identify the typical reasons of failures in environments and LLMs, showing that poor long-term reasoning, decision-making, and instruction following abilities are the main obstacles for developing usable LLM agents.
Improving instruction following and training on high quality multi-round alignment data could improve agent performance.
And different from existing assumptions, training on code present ambivalent impacts on different agent tasks.
Datasets, environments, and an integrated evaluation package for AgentBench are released at https://github.com/THUDM/AgentBench.",None
https://openreview.net/forum?id=FDve8qGH3M,Simple CNN for Vision,backbone; cnn,None,"Traditional Convolutional Neural Networks (CNNs) tend to use 3$\times$3 small kernels, but can only capture neighboring spatial information in one block. 
Inspired by the success of Vision Transformers (ViTs) in capturing long-range visual dependencies, recent CNNs have reached a consensus on utilizing large kernel convolutions (e.g., 31$\times$31 and, astonishingly, 51$\times$51 kernels). 
Nevertheless, these approaches necessitate adopting specialized techniques such as re-parameterization or sparsity, which require extra post-processing. And too large kernels are unfriendly to hardware. 
This paper introduces a Simple Convolutional Neural Network (SCNN) that employs a sequence of stacked 3$\times$3 convolutions but surpasses state-of-the-art CNNs utilizing larger kernels. Notably, we propose simple yet highly effective designs that enable 3$\times$3 convolutions to progressively capture visual cues of various sizes, thereby overcoming the limitations of smaller kernels. 
First, we build a thin and deep model, which encourages more convolutions to capture more spatial information under the same computing complexity instead of opting for a heavier, shallower architecture. Furthermore, we introduce an innovative block comprising two 3$\times$3 depthwise convolutions to enlarge the receptive field. Finally, we replace the input of the popular Sigmoid Linear Unit (SiLU) activation function with global average pooled features to capture all spatial information. 
Our SCNN performs superior to state-of-the-art CNNs and ViTs across various tasks, including ImageNet-1K image classification, COCO instance segmentation, and ADE20K semantic segmentation. 
Remarkably, SCNN outperforms the small version of Swin Transformer, a well-known ViTs, while requiring only 50\% computation, which further proves that large kernel convolution is not the only choice for high-performance CNNs.",None
https://openreview.net/forum?id=Ai4L058yoO,Is Feature Extraction the most informative dimensionality reduction technique? Revisiting Unsupervised Feature Selection from a Dynamic Approach,dynamic feature selection; unsupervised learning; dimensionality reduction,None,"This paper compares unsupervised feature extraction and unsupervised feature selection techniques in the context of dimensionality reduction without using labeled data. Unsupervised feature extraction transforms the input space into a lower-dimensional representation by creating informative features that capture underlying patterns, leading to improved model performance. On the other hand, unsupervised feature selection chooses a subset of features based on predefined criteria, potentially overlooking important relationships and reducing the model's discriminative power. State-of-the-art researches suggest that feature extraction outperforms feature selection in terms of model accuracy and robustness. Leveraging the intrinsic structure of the data, unsupervised feature extraction provides richer representations, enhancing the model's ability to discern complex patterns. These paper proposes to revisit feature selection algorithms from a dynamic perspective, where the features are selected depending on the specific sample input. Through empirical evaluations, it will be demonstrated that unsupervised feature selection outperforms feature extraction, both in accuracy and data compression. These findings highlight the potential of unsupervised feature selection as a powerful approach for dimensionality reduction and improved model performance, particularly when labeled data is scarce or unavailable.",None
https://openreview.net/forum?id=ym0ubZrsmm,Image Background Serves as Good Proxy for Out-of-distribution Data,Out-of-distribution detection; OOD supervision; robust image classification,"An unified perspective to view the out-of-distribution detection, and an effective method to generate natural OOD supervision.","Out-of-distribution (OOD) detection empowers the model trained on the closed image set to identify unknown data in the open world. Though many prior techniques have yielded considerable improvements in this research direction, two crucial obstacles still remain. Firstly, a unified perspective has yet to be presented to view the developed arts with individual designs, which is vital for providing insights into future work. Secondly, we expect sufficient natural OOD supervision to promote the generation of compact boundaries between the in-distribution (ID) and OOD data without collecting explicit OOD samples. To tackle these issues, we propose a general probabilistic framework to interpret many existing methods and an OOD-data-free model, namely $\textbf{S}$elf-supervised $\textbf{S}$ampling for $\textbf{O}$OD $\textbf{D}$etection (SSOD). SSOD efficiently exploits natural OOD signals from the ID data based on the local property of convolution. With these supervisions, it jointly optimizes the OOD detection and conventional ID classification in an end-to-end manner. Extensive experiments reveal that SSOD establishes competitive state-of-the-art performance on many large-scale benchmarks, outperforming the best previous method by a large margin, e.g., reporting $\textbf{-6.28}$% FPR95 and $\textbf{+0.77}$% AUROC on ImageNet, $\textbf{-19.01}$% FPR95 and $\textbf{+3.04}$% AUROC on CIFAR-10, and top-ranked performance on hard OOD datasets, i.e., ImageNet-O and OpenImage-O.",None
https://openreview.net/forum?id=F0jBJQEfDp,Augmented Policy Optimization for Safe Reinforcement Learning,Safe reinforcement learning; Constrained policy optimization; Constrained Markov decision processes,None,"Safe reinforcement learning (RL) holds a critical role in acquiring policies that conform to explicit constraints, ensuring their suitability for safety-critical applications. However, methods rooted in the primal-dual concept demonstrate inherent instability. 
Meanwhile, owing to policy initialization and algorithmic approximation errors, prior methods relying on trust region invariably produced infeasible policies during training, rendering the constructed local optimization problem insoluble.
In this paper, we present the Augmented Constraint Policy Optimization (ACPO) algorithm, which encompasses a novel approach to constructing local policy search problems and an optimization problem decomposition method. Specifically, this method introduces an approach for constructing local policy search optimization that guarantees a solution without relying on hypothetical premises. Utilizing the Alternating Direction Method of Multipliers (ADMM) algorithm as a foundation, we partition the original optimization problem into simpler subproblems that can be efficiently and robustly solved using first-order methods.
Comprehensive experimental evaluations have conclusively demonstrated that the proposed method consistently outperforms the baselines in terms of both performance and constraint satisfaction.",None
https://openreview.net/forum?id=lvjz7Bm3Ea,ChronoGAM: An End-to-End One-Class Time Series Gaussian Mixture Model,one-class; time series; gaussian mixture; deep learning,A new time series one class classification approach based on gaussian mixture models,"Recently, several algorithms have been proposed for One Class Learning (OCL) with time series. However, several problems can be found in these methods, problems involving the collapse of hyperspheres, manual thresholds, numerical instabilities and even the use of unlabeled instances during training, which directly violates the concept of OCL. To avoid these problems and solve cases like the numerical instability of some methods this paper proposes an end-to-end method for time series one-class learning based on a Gaussian Mixture Model (GMM). The proposed method combines the unsupervised learning technique of an autoencoder adapted to extract temporal and structural features of a time series, combined with distribution learning, to provide better performance than other state-of-the-art methods for the classification of time series data. ChronoGAM is a novel method that is capable of improving the temporal importance of the representations learned by the autoencoding system. We propose a new objective function with modifications to penalize the small values on the covariance matrix without resulting in exploding gradient propagation, causing numerical instabilities, and adapting the energy calculus to avoid the use of exponential functions. The method is tested on over $85$ benchmark datasets, generating $652$ datasets. We gain in $369$ datasets, with an average ranking of $2.68$, being the top-ranked method.",None
https://openreview.net/forum?id=HJVe0NH4qq,Personalized Facial Expressions and Head Poses for Speech-Driven 3D Facial Animation,3D Facial Animation; Low-Rank Adaptation; Head Pose,Speech-Driven 3D Facial Animation with Personalized Facial Expressions and Head Poses,"Speech-driven 3D facial animation aims at generating facial movements that are synchronized with the driving speech, which has been widely explored recently. Existing works mostly neglect the person-specific talking style in generation, including facial expression and head pose styles. Several works intend to capture the personalities by fine-tuning modules. However, limited training data leads to the lack of vividness. In this work, we propose AdaMesh, a novel adaptive speech-driven facial animation approach, which learns the personalized talking style from a reference video of about 10 seconds and generates vivid facial expressions and head poses. Specifically, we propose mixture-of-low-rank adaptation (MoLoRA) to fine-tune the expression adapter, which efficiently captures the facial expression style. For the personalized pose style, we propose a pose adapter by building a discrete pose prior and retrieving the appropriate style embedding with a semantic-aware pose style matrix without fine-tuning. Extensive experimental results show that our approach outperforms state-of-the-art methods, preserves the talking style in the reference video, and generates vivid facial animation. The supplementary video and code will be available at https://adamesh.github.io.",None
https://openreview.net/forum?id=QhoehDVFeJ,Efficient Meshy Neural Fields for Animatable Human Avatars,Human digitization; 3D reconstruction; Representation learning; Differentiable rendering,"We present EMA, a method that efficiently learns meshy neural fields to reconstruct animatable human avatars regarding canonical shapes, materials, lights, and motions.","Efficiently digitizing high-fidelity animatable human avatars from videos is a challenging and active research topic. Recent volume rendering-based neural representations open a new way for human digitization with their friendly usability and photo-realistic reconstruction quality. However, they are inefficient for long optimization times and slow inference speed; their implicit nature results in entangled geometry, materials, and dynamics of humans, which are hard to edit afterward. Such drawbacks prevent their direct applicability to downstream applications, especially the prominent rasterization-based graphic ones. We present EMA, a method that Efficiently learns Meshy neural fields to reconstruct animatable human Avatars. It jointly optimizes explicit triangular canonical mesh, spatial-varying material, and motion dynamics, via inverse rendering in an end-to-end fashion. Each above component is derived from separate neural fields, relaxing the requirement of a template, or rigging. The mesh representation is highly compatible with the efficient rasterization-based renderer, thus our method only takes about an hour of training and can render in real-time. Moreover, only minutes of optimization is enough for plausible reconstruction results. The disentanglement of meshes enables direct downstream applications. Extensive experiments illustrate the very competitive performance and significant speed boost against previous methods. We also showcase applications including novel pose synthesis, material editing, and relighting.",None
https://openreview.net/forum?id=5Osk2F3qCn,TADIS: Steering Models for Deep-Thinking about Demonstration Examples,Instruction Tuning; Language Model; Few-Shot,"TADIS, a novel approach that steers LLMs for ``Deep-Thinking'' about demonstration examples instead of merely seeing","Instruction tuning has been demonstrated that could significantly improve the zero-shot generalization capability to unseen tasks by an apparent margin. By incorporating additional context (e.g., task definition, examples) during the fine-tuning process, Large Language Models (LLMs) achieved much higher performance than before. However, recent work reported that delusive task examples can achieve almost the same performance as correct task examples, indicating the input-label correspondence is less important than previously thought. Intrigued by this counter-intuitive observation, we suspect models have the same illusion of competence as humans. Therefore, we propose a novel method called TADIS that steers LLMs for ""Deep-Thinking'' about demonstration examples instead of merely seeing. To alleviate the illusion of competence of models, we first ask the model to verify the correctness of shown examples. Then, using the verification results as conditions to elicit models for a better answer. Our experimental results show that TADIS consistently outperforms competitive baselines on in-domain and out-domain tasks (improving 2.79 and 4.03 average ROUGLE-L on out-domain and in-domain datasets, respectively). 
Despite the presence of generated examples (not all of the thinking labels are accurate), TADIS can notably enhance performance in zero-shot and few-shot settings. This also suggests that our approach can be adopted on a large scale to improve the instruction following capabilities of models without any manual labor. Moreover, we construct three types of thinking labels with different model sizes and find that small models learn from the format of TADIS but larger models can be steered for ""Deep-Thinking''.",None
https://openreview.net/forum?id=YEhQs8POIo,Differentially Private Synthetic Data via Foundation Model APIs 1: Images,synthetic data; differential privacy; model API; foundation models,Generating differentially private synthetic from foundation model APIs without any model training.,"Generating differentially private (DP) synthetic data that closely resembles the original private data is a scalable way to mitigate privacy concerns in the current data-driven world. In contrast to current practices that train customized models for this task, we aim to generate DP Synthetic Data via APIs (DPSDA), where we treat foundation models as blackboxes and only utilize their inference APIs. Such API-based, training-free approaches are easier to deploy as exemplified by the recent surge in the number of API-based apps. These approaches can also leverage the power of large foundation models which are only accessible via their inference APIs. However, this comes with greater challenges due to strictly more restrictive model access and the need to protect privacy from the API provider. 

In this paper, we present a new framework called Private Evolution (PE) to solve this problem and show its initial promise on synthetic images. Surprisingly, PE can match or even outperform state-of-the-art (SOTA) methods without any model training. For example, on CIFAR10 (with ImageNet as the public data), we achieve FID ≤ 7.9 with privacy cost ε = 0.67, significantly improving the previous SOTA from ε = 32. We further demonstrate the promise of applying PE on large foundation models such as Stable Diffusion to tackle challenging private datasets with a small number of high-resolution images. The code and data are released at https://github.com/microsoft/DPSDA.",None
https://openreview.net/forum?id=Ut4lyQnJ7Y,Learn What You Need  in Personalized Federated Learning,personalized federated learning; unrolling; collaboration,unrolling-based personalized federated learning framework,"Personalized federated learning aims to address data heterogeneity across local clients in federated learning. However, current methods blindly incorporate either full model parameters or predefined partial parameters in personalized federated learning. They fail to customize the collaboration manner according to each local client's data characteristics, causing unpleasant aggregation results. To address this essential issue, we propose $\textit{Learn2pFed}$, a novel algorithm-unrolling-based personalized federated learning framework, enabling each client to adaptively select which part of its local model parameters should participate in collaborative training. The key novelty of the proposed $\textit{Learn2pFed}$ is to optimize each local model parameter's degree of participant in collaboration as learnable parameters via algorithm unrolling methods. This approach brings two benefits:  1) mathmatically determining the participation degree of local model parameters in the federated collaboration, and 2) obtaining more stable and improved solutions. Extensive experiments on various tasks, including regression, forecasting, and image classification,  demonstrate that $\textit{Learn2pFed}$ significantly outperforms previous personalized federated learning methods.",None
https://openreview.net/forum?id=XCVuT5Stl5,SENSITIVITY-INFORMED REGULARIZATION FOR OFFLINE BLACK-BOX OPTIMIZATION,Offline Optimization; Black-Box Optimization,This paper formalizes the concept of model sensitivity and develops a sensitivity-informed regularization framework to boost the performance of existing offline optimization approaches..,"Offline optimization is an important task in numerous material engineering domains where online experimentation to collect data is too expensive and needs to be replaced by an in silico maximization of a surrogate of the black-box function. Although such a surrogate can be learned from offline data, its prediction might not be reliable outside the offline data regime, which happens when the surrogate has narrow prediction margin and is (therefore) sensitive to small perturbations of its parameterization. This raises the following questions: (1) how to regulate the sensitivity of a surrogate model; and (2) whether conditioning an offline optimizer with such less sensitive surrogate will lead to better optimization performance. To address these questions, we develop an optimizable sensitivity measurement for the surrogate model, which then inspires a sensitivity-informed regularizer that is applicable to a wide range of offline optimizers. This development is both orthogonal and synergistic to prior research on offline optimization, which is demonstrated in our extensive experiment benchmark.",None
https://openreview.net/forum?id=5COCYDObes,"Ask more, know better: Reinforce-Learned Prompt Questions for Decision Making with  Large Language Models",Large language models; reinforcement learning; machine learning,We propose a new leader-follower bilevel framework that is capable of generating its own prompts and then performing complex reasoning for guiding actions executed by an action-policy,"Large language models (LLMs) demonstrate their promise in tackling complicated
practical challenges by combining action-based policies with chain of thought
(CoT) reasoning. Having high-quality prompts on hand, however, is vital to the
framework’s effectiveness. Currently, these prompts are handcrafted utilising
extensive human labor, resulting in CoT policies that frequently fail to generalise.
Human intervention is also required in order to develop grounding functions that
ensure low-level controllers appropriately process CoT reasoning. In this paper, we
take the first step towards a fully integrated end-to-end framework for task-solving
in real settings employing complicated reasoning. To that purpose, we offer a new
leader-follower bilevel framework capable of learning to ask relevant questions
(prompts) and subsequently undertaking reasoning to guide the learning of actions
to be performed in an environment. A good prompt should make introspective
revisions based on historical findings, leading the CoT to consider the anticipated
goals. A prompt-generator policy has its own aim in our system, allowing it to
adapt to the action policy and automatically root the CoT process towards outputs
that lead to decisive, high-performing actions. Meanwhile, the action policy is
learning how to use the CoT outputs to take specific actions. Our empirical data
reveal that our system outperforms leading methods in agent learning benchmarks
such as Overcooked and FourRoom.",None
https://openreview.net/forum?id=S7ZQgHfW3w,CoDBench: A Critical Evaluation of Data-driven Models for Continuous Dynamical Systems,neural operators; dynamical systems; differential equations,We present an extensive benchmarking of eleven models for solving differential equations.,"Continuous dynamical systems, characterized by differential equations, are ubiq- uitously used to model several important problems: plasma dynamics, flow through porous media, weather forecasting, and epidemic dynamics. Recently, a wide range of data-driven models has been used successfully to model these systems. However, in contrast to established fields like computer vision, limited studies are available analyzing the strengths and potential applications of different classes of these models that could steer decision-making in scientific machine learning. Here, we introduce CoDBench, an exhaustive benchmarking suite comprising 11 state-of-the-art data-driven models for solving differential equations. Specifically, we comprehensively evaluate 4 distinct categories of models, viz., feed forward neural networks, deep operator regression models, frequency- based neural operators, and transformer architectures against 8 widely applicable benchmark datasets encompassing challenges from fluid and solid mechanics. We conduct extensive experiments, assessing the operators’ capabilities in learning, zero-shot super-resolution, data efficiency, robustness to noise, and computational efficiency. Interestingly, our findings highlight that current operators struggle with the newer mechanics datasets, motivating the need for more robust neural oper- ators. All the datasets and codes are shared in an easy-to-use fashion for the scientific community. We hope this resource will be an impetus for accelerated progress and exploration in modeling dynamical systems. For codes and datasets, see: https://anonymous.4open.science/r/cod-bench-7525.",None
https://openreview.net/forum?id=QhYNXVcZYz,SketchEdit: Editing Freehand Sketches At The Stroke-Level,Sketch synthesis，sketch edit， sketch representation learning， diffusion model,None,"Freehand sketching is a representation of human cognition of the real world. Recent sketch synthesis methods have demonstrated the capability of generating lifelike outcomes. However, these methods directly encode the whole sketch instances and makes it challenging to decouple the strokes from the sketches and have difficulty in controlling local sketch synthesis, e.g., stroke editing. Besides, the sketch editing task encounters the issue of accurately positioning the edited strokes, because users may not be able to draw on the exact position and the same stroke may appear on various locations in different sketches. We propose SketchEdit to realize flexible editing of sketches at the stroke-level for the first time. To tackle the challenge of decoupling strokes, our SketchEdit divides a drawing sequence of a sketch into a series of strokes based on the pen state, align the stroke segments to have the same starting position, and learns the embeddings of every stroke by a proposed stroke encoder. This design allows users to conveniently select the strokes for editing at any locations. Moreover, we overcome the problem of stroke placement via a diffusion process, which progressively generate the locations for the strokes to be synthesized, using the stroke features as the guiding condition. Both the stroke embeddings and the generated locations are fed into a sequence decoder to synthesize the manipulated sketch. The stroke encoder and the sequence decoder are jointly pre-trained under the autoencoder paradigm, with an extra image decoder to learn the local structure of sketches. Experiments demonstrate that the SketchEdit is effective for stroke-level sketch editing and outperforms state-of-the-art methods in the sketch reconstruction task.",None
https://openreview.net/forum?id=pdJXYfJjz9,Harnessing Joint Rain-/Detail-aware Representations to Eliminate Intricate Rains,Joint rain-/detail-aware representation learning; contrastive learning; context-based modulation mechanism; image deraining,This study introduces a joint rain- and detail-aware representation learning approach for training powerful image deraining models from multiple dataset sources.,"Recent advances in image deraining have focused on training powerful models on mixed multiple datasets comprising diverse rain types and backgrounds. However, this approach tends to overlook the inherent differences among rainy images, leading to suboptimal results. To overcome this limitation, we focus on addressing various rainy images by delving into meaningful representations that encapsulate both the rain and background components. Leveraging these representations as instructive guidance, we put forth a Context-based Instance-level Modulation (CoI-M) mechanism adept at efficiently modulating CNN- or Transformer-based models. Furthermore, we devise a rain-/detail-aware contrastive learning strategy to help extract joint rain-/detail-aware representations. By integrating CoI-M with the rain-/detail-aware Contrastive learning, we develop [CoIC](https://github.com/Schizophreni/CoIC), an innovative and potent algorithm tailored for training models on mixed datasets. Moreover, CoIC offers insight into modeling relationships of datasets, quantitatively assessing the impact of rain and details on restoration, and unveiling distinct behaviors of models given diverse inputs. Extensive experiments validate the efficacy of CoIC in boosting the deraining ability of CNN and Transformer models. CoIC also enhances the deraining prowess remarkably when real-world dataset is included.",None
https://openreview.net/forum?id=4kJfWZChJI,Generalization or Specificity? Spectral Meta Estimation and Ensemble (SMEE) with Domain-specific Experts,Domain Generalization; Ensemble Learning; Spectral Analysis; Test-time Adaptation; Transfer Learning,None,"Existing domain generalization (DG) methodologies strive to construct a unified model trained on diverse source domains, with the goal of achieving robust performance on any unseen test domain. However, in practice, not all source domains contribute equally to effective knowledge transfer for a specific test domain. Consequently, the reliability of single-model generalization often falls short of classic empirical risk minimization (ERM). This paper departs from the conventional approaches and advocates for a paradigm that prioritizes specificity over broad generalization. We propose the Spectral Meta Estimation and Ensemble (SMEE) approach, which capitalizes on domain-specific expert models and leverages unsupervised ensemble learning to construct a weighted ensemble for test samples. Our comprehensive investigation reveals three key insights: (1) The proposed meta performance estimation strategy for model selection within the sources plays a pivotal role in accommodating stochasticity; (2) The proposed spectral unsupervised ensemble method for transferability estimation excels in constructing robust learners for multi-class classification tasks, while being entirely hyperparameter-free; and (3) Multi-expert test-time transferability estimation and ensemble proves to be a promising alternative to the prevailing single-model DG paradigm. Experiments conducted on the DomainBed benchmark substantiate the superiority of our approach, consistently surpassing state-of-the-art DG techniques. Importantly, our approach offers a noteworthy performance enhancement while maintaining remarkable computational efficiency, executing in mere milliseconds per test sample during inference.",None
https://openreview.net/forum?id=ecbRyZZmKG,Double-I Watermark: Protecting Model Copyright for LLM Fine-tuning,large language model; fine-tuning; watermark,None,"To support various applications, business owners often seek the customized models that are obtained by fine-tuning a pre-trained LLM through the API provided by LLM owners or cloud servers. However, this process carries a substantial risk of model misuse, potentially resulting in severe economic consequences for business owners. Thus, safeguarding the copyright of these customized models during LLM fine-tuning has become an urgent practical requirement, but there are limited existing solutions to provide such protection. To tackle this pressing issue, we propose a novel watermarking approach named ""Double-I watermark"". Specifically, based on the instruct-tuning data, two types of backdoor data paradigms are introduced with trigger in the instruction and the input, respectively. By leveraging LLM's learning capability to incorporate customized backdoor samples into the dataset, the proposed approach effectively injects specific watermarking information into the customized model during fine-tuning, which makes it easy to inject and verify watermarks in commercial scenarios. We evaluate the proposed ""Double-I watermark"" under various fine-tuning methods, demonstrating its harmlessness, robustness, uniqueness, imperceptibility, and validity through both theoretical analysis and experimental verification.",None
https://openreview.net/forum?id=Go33RnNiVH,$\beta$-DQN: Diverse Exploration via Learning a Behavior Function,Deep Reinforcement Learning; Exploration,"Diverse exploration while maintaining simplicity, generality and computational efficiency.","Efficient exploration remains a pivotal challenge in reinforcement learning (RL). 
While numerous methods have been proposed, their lack of simplicity, generality and computational efficiency often lead researchers to choose simple techniques such as $\epsilon$-greedy.
Motivated by these considerations, we propose $\beta$-DQN. 
This method improves exploration by constructing a set of diverse polices through a behavior function $\beta$ learned from the replay memory.
First, $\beta$ differentiates actions based on their frequency at each state, which can be used to design strategies for better state coverage. 
Second, we constrain temporal difference (TD) learning to in-sample data and derive two functions $Q$ and $Q_{\textit{mask}}$.
Function $Q$ may overestimate unseen actions, providing a foundation for bias correction exploration.
$Q_{\textit{mask}}$ reduces the values of unseen actions in $Q$ using $\beta$ as an action mask, thus yields a greedy policy that purely exploit in-sample data.
We combine $\beta, Q, Q_{\textit{mask}}$ to construct a set of policies ranging from exploration to exploitation.
Then an adaptive meta-controller selects an effective policy for each episode.
$\beta$-DQN is straightforward to implement, imposes minimal hyper-parameter tuning demands, and adds a modest computational overhead to DQN. 
Our experiments, conducted on simple and challenging exploration domains, demonstrate $\beta$-DQN significantly enhances performance and exhibits broad applicability across a wide range of tasks.",None
https://openreview.net/forum?id=wDd4Zcnc08,HP$^3$-NS: Hybrid Perovskite Property Prediction Using Nested Subgraph,Hybrid organic-inorganic materials; graph representation; material designing;,We proposed a nested graph representation for hybrid organic-inorganic crystalline material representation learning to learn both molecular and compound representation when predicting the material's property,"Many machine learning techniques have demonstrated superiority in large-scale material screening, enabling rapid and accurate estimation of material properties. However, data representation on hybrid organic-inorganic (HOI) crystalline materials poses a distinct challenge due to their intricate nature. Current graph-based representations often struggle to effectively capture the nuanced interactions between organic and inorganic components. Furthermore, these methods typically rely on detailed structural information that hinders the applications of the methods for novel material discovery. To address these, we propose a nested graph representation HP$^3$-NS (Hybrid Perovskite Property Prediction Using Nested Subgraph) that hierarchically encodes the distinct interactions within hybrid crystals. Our encoding scheme incorporates both intra- and inter-molecular interactions and distinguishes between the organic and inorganic components. This hierarchical representation also removes the dependence on detailed structural data, enabling the model application to newly designed materials. We demonstrate the effectiveness and significance of the method on hybrid perovskite datasets, wherein the proposed HP$^3$-NS achieves significant accuracy improvement compared to current state-of-the-art techniques for hybrid material property prediction tasks. Our method shows promising potential to accelerate hybrid perovskite development by enabling effective computational screening and analysis of HOI crystals.",None
https://openreview.net/forum?id=tK8v5Keq9o,Edge-free but Structure-aware: Prototype-Guided Knowledge Distillation from GNNs to MLPs,Knowledge Distillation; Graph Neural Networks; multilayer perceptrons; Edge-free; Structure-aware,"We propose a Prototype-Guided Knowledge Distillation~(PGKD) method, which does not require graph edges as extra input~(edge-free setting) yet learns structure-aware MLPs from  GNN teachers.","Distilling high-accuracy Graph Neural Networks (GNNs) to low-latency multilayer perceptrons (MLPs) on graph tasks has become a hot research topic. However, conventional MLPs almost exclusively rely on the graph nodes and fail to effectively capture the graph structural information. Previous methods address this issue by processing graph edges into extra inputs for MLPs, but such graph structures may be unavailable for various scenarios. To this end, we propose Prototype-Guided Knowledge Distillation (PGKD), which does not require graph edges (edge-free setting) yet learns structure-aware MLPs. Our insight is to distill graph structural information from GNNs. Specifically, we first analyze the impact of graph structures on GNN teachers, and then design two losses based on prototypes to distill such information from GNNs to MLPs. Experimental results on popular graph benchmarks demonstrate the effectiveness and robustness of the proposed PGKD.",None
https://openreview.net/forum?id=RkEWQ5jmY0,Early Weight Averaging Meets High Learning Rates for LLM Pre-training,LLMs; pre-training; early weight averaging; high learning rates; faster convergence; better generalization,LLM pre-training requires large batch sizes paired with higher learning rates; we investigate a specific weight averaging scheme that improves language modelling in this pre-training setting.,"Training Large Language Models (LLMs) incurs significant cost; hence, any strategy that accelerates model convergence is helpful. In this paper, we investigate the ability of a simple idea – checkpoint averaging along the trajectory of a training run – to improve both convergence and generalization quite early during training. Here we show that models trained with high learning rates observe higher gains due to checkpoint averaging. Furthermore, these gains are amplified when checkpoints are sampled with considerable spacing in training steps. Our training recipe outperforms conventional training and popular checkpoint averaging baselines such as exponential moving average (EMA) and stochastic moving average (SWA). We evaluate our training recipe by pre-training LLMs, where high learning rates are inherently preferred due to extremely large batch sizes. Specifically, we pre-trained nanoGPT-2 models of varying sizes—small (125M), medium (335M), and large (770M)—on the OpenWebText dataset, comprised of 9B tokens. Additionally, we present results for publicly available Pythia LLMs, ranging from 1B to 12B, which were trained on the PILE-deduped dataset containing 207B tokens. Our code will be available on Github.",None
https://openreview.net/forum?id=1Wi0Ys33Nm,Beyond IID weights: sparse and low-rank deep Neural Networks are also Gaussian Processes,Deep Neural Networks; Gaussian processes; Neural Networks initialisation; Edge of chaos; Large width limit; Mean-Field,None,"The infinitely wide neural network has been proven a useful and manageable mathematical model that enables the understanding of many phenomena appearing in deep learning. One example is the convergence of random deep networks to Gaussian processes that enables a rigorous analysis of the way the choice of activation function and network weights impacts the training dynamics. In this paper, we extend the seminal proof of Matthews et al., 2018 to a larger class of initial weight distributions (which we call pseudo-iid), including the established cases of iid and orthogonal weights, as well as the emerging low-rank and structured sparse settings celebrated for their computational speed-up benefits. We show that fully-connected and convolutional networks initialised with pseudo-iid distributions are all effectively equivalent up to their variance. Using our results, one can identify the Edge of Chaos for a broader class of neural networks and tune them at criticality in order to enhance their training. Moreover, they enable the posterior distribution of Bayesian Neural Networks to be tractable across these various initialization schemes.",None
https://openreview.net/forum?id=xU0XRbn3b5,Privacy at Interpolation: Precise Analysis for Random and NTK Features,Random Features; Neural Tangent Kernel; Privacy; Stability; Generalization; Empirical Risk Minimization; Interpolation,"We prove that, under training via empirical risk minimization at interpolation, privacy increases with the generalization performance of the model, in the context of random features and NTK regression.","Deep learning models often memorize the training set. This makes them vulnerable to recovery attacks, raising privacy concerns to users, and many widespread algorithms such as empirical risk minimization (ERM) do not directly enforce safety guarantees. In this paper, we study the safety of ERM models when the training samples are interpolated (i.e., *at interpolation*) against a family of powerful black-box information retrieval attacks. Our analysis quantifies this safety via two separate terms: *(i)* the model *stability* with respect to individual training samples, and *(ii)* the *feature alignment* between attacker query and original data. While the first term is well established in learning theory and it 
is connected to the generalization error in classical work, the second one is, to the best of our knowledge, novel.
Our key technical result characterizes precisely the feature alignment for the two prototypical settings of random features (RF) and neural tangent kernel (NTK) regression. 
This proves that privacy strengthens with an increase in generalization capability, unveiling the role of the model and of its activation function. 
Numerical experiments show an agreement with our theory not only for RF/NTK models, but also for deep neural networks trained on standard datasets (MNIST, CIFAR-10).",None
https://openreview.net/forum?id=i6JcQpiFdR,Guaranteed Trust Region Optimization via Two-Phase KL Penalization,Reinforcement Learning; Trust Region Methods; On-Policy RL,Adding a small fixup pass to KL penalized on-policy RL can guarantee constrained updates and requires very few gradient steps.,"On-policy reinforcement learning (RL) has become a popular framework for solving sequential decision problems due to its computational efficiency and theoretical simplicity.
Some on-policy methods guarantee every policy update is constrained to a trust region relative to the prior policy to ensure training stability.
These methods often require computationally intensive non-linear optimization or require a particular form of action distribution.
In this work, we show that applying KL penalization alone is nearly sufficient to enforce such trust regions.
Then, we show that introducing a ""fixup"" phase is sufficient to guarantee a trust region is enforced on every policy update while adding fewer than 5\% additional gradient steps in practice.
The resulting algorithm, which we call FixPO, is able to train a variety of policy architectures and action spaces, is easy to implement, and produces results competitive with other trust region methods.",None
https://openreview.net/forum?id=4aJg9e4nvF,What do vision transformers learn? A visual exploration,Interpretability; Visualization; Vision Transformers; Computer Vision; Deep Learning,None,"Vision transformers (ViTs) are quickly becoming the de-facto architecture for computer vision, yet we understand very little about why they work and what they learn. While existing studies visually analyze the mechanisms of convolutional neural networks, an analogous exploration of ViTs remains challenging. In this paper, we first address the obstacles to performing visualizations on ViTs. Assisted by these solutions, we observe that neurons in ViTs trained with language model supervision (e.g., CLIP) are activated by semantic concepts rather than visual features. We also explore the underlying differences between ViTs and CNNs, and we find that transformers detect image background features, just like their convolutional counterparts, but their predictions depend far less on high-frequency information. On the other hand, both architecture types behave similarly in the way features progress from abstract patterns in early layers to concrete objects in late layers. In addition, we show that ViTs maintain spatial information in all layers except the final layer. In contrast to previous works, we show that the last layer most likely discards the spatial information and behaves as a learned global pooling operation. Finally, we conduct large-scale visualizations on a wide range of ViT variants, including DeiT, CoaT, ConViT, PiT, Swin, and Twin, to validate the effectiveness of our method.",None
https://openreview.net/forum?id=A0DI5v6m8O,Black-Box Gradient Matching for Reliable Offline Black-Box Optimization,Offline Optimization; Black-Box Optimization,We propose a new gradient matching approach to offline model-based optimization with theoretical guarantees,"Offline design optimization problem arises in numerous science and engineering applications including materials engineering, where expensive online experimentation necessitates the use of in silico surrogate functions to predict and maximize the target objective over candidate designs. Although these surrogates can be learned from offline data, their predictions can be potentially inaccurate outside the offline data regime. This challenge raises a fundamental question about the impact of imperfect surrogate model on the performance gap between its optima and the true oracle optima, and to what extent the performance loss can be mitigated. Although prior work developed methods to improve the robustness of surrogate models and their associated optimization processes, a provably quantifiable relationship between an imperfect surrogate and the corresponding performance gap, and whether prior methods directly address it, remain elusive. To shed more light on this important question, we present a novel theoretical formulation to understand offline black-box optimization, by explicitly bounding the optimization quality based on how well the surrogate matches the latent gradient field that underlines the offline data. Inspired by our theoretical analysis, we propose a principled black-box gradient matching algorithm to create effective surrogate models for offline optimization. Experiments on diverse real-world benchmarks demonstrate improved optimization quality using our approach to create surrogates.",None
https://openreview.net/forum?id=HM2E7fnw2U,Mitigating Mode Collapse in Sequential Disentanglement via an Architecture Bias,Unsupervised Learning; Sequential Disentanglement,None,"One of the fundamental representation learning tasks is unsupervised sequential disentanglement, where latent representations of the inputs are decomposed to a single static factor and a sequence of dynamic factors. To extract this latent information, existing variational methods condition the static and dynamic codes on the entire input sequence. Unfortunately, these models often suffer from mode collapse, i.e., the dynamic vectors encode static and dynamic information, leading to a non-meaningful static component.  Attempts to alleviate this problem via reducing the dynamic dimension and mutual information loss terms gain only partial success.  Often, promoting a certain functionality of the model is better achieved via specific architectural biases instead of incorporating additional loss terms. For instance, convolutional nets gain translation-invariance with shared kernels and attention models realize the underlying correspondence between source and target sentences. Inspired by these successes, we propose in this work a novel model that mitigates mode collapse by conditioning the static component on a single sample from the sequence, and subtracting the resulting code from the dynamic factors.  Remarkably, our variational model has less hyper-parameters in comparison to existing work, and it facilitates the analysis and visualization of disentangled latent data. 
We evaluate our work on multiple data-modality benchmarks including general time series, video, and audio, and we show beyond state-of-the-art results on generation and prediction tasks in comparison to several strong baselines.",None
https://openreview.net/forum?id=rIx1YXVWZb,Understanding Addition in Transformers,Interpretability; Transformers,None,"Understanding the inner workings of machine learning models like Transformers is vital for their safe and ethical use. This paper provides a comprehensive analysis of a one-layer Transformer model trained to perform n-digit integer addition. Our findings suggests that the model dissects the task into parallel streams dedicated to individual digits, employing varied algorithms tailored to different positions within the digits. Furthermore, we identify a rare scenario characterized by high loss, which we explain. By thoroughly elucidating the model’s algorithm, we provide new insights into its functioning. These findings are validated through rigorous testing and mathematical modeling, thereby contributing to the broader fields of model understanding and interpretability. Our approach opens the door for analyzing more complex tasks and multi-layer Transformer models.",None
https://openreview.net/forum?id=36L7W3ri4U,Beating Price of Anarchy and Gradient Descent without Regret in Potential Games,q-replicator dynamics; potential games; average price of anarchy; learning,"Despite being almost optimal on average in a class of $2\times2$ potential games with unbounded Price of Anarchy, gradient descent is not always the optimal choice even in this restricted setting. These findings extend experimentally in larger games.","Arguably one of the thorniest problems in game theory is that of equilibrium selection. Specifically, in the presence of multiple equilibria do self-interested learning dynamics typically select the socially optimal ones? We study a rich class of continuous-time no-regret dynamics in potential games (PGs). Our class of dynamics, *Q-Replicator Dynamics* (QRD), include gradient descent (GD), log-barrier and replicator dynamics (RD) as special cases. We start by establishing *pointwise convergence* of all QRD to Nash equilibria in almost all PGs. In the case of GD, we show a tight average case performance within a factor of two of optimal, for a class of symmetric $2\times2$ potential games with unbounded Price of Anarchy (PoA). Despite this positive result, we show that GD is not always the optimal choice even in this restricted setting. Specifically, GD outperforms RD, if and only if *risk-* and *payoff-dominance* equilibria coincide. Finally, we experimentally show how these insights extend to all QRD dynamics and that unbounded gaps between average case performance and PoA analysis are common even in larger settings.",None
https://openreview.net/forum?id=9OevMUdods,Towards Understanding Factual Knowledge of Large Language Models,Large Language Models; Resource and Evaluation; Interpretability; NLP Application,None,"Large language models (LLMs) have recently driven striking performance improvements across a range of natural language processing tasks. The factual knowledge acquired during pretraining and instruction tuning can be useful in various downstream tasks, such as question answering, and language generation. Unlike conventional Knowledge Bases (KBs) that explicitly store factual knowledge, LLMs implicitly store facts in their parameters. Content generated by the LLMs can often exhibit inaccuracies or deviations from the truth, due to facts that can be incorrectly induced or become obsolete over time. To this end, we aim to explore the extent and scope of factual knowledge within LLMs by designing the benchmark Pinocchio. Pinocchio contains 20K diverse factual questions that span different sources, timelines, domains, regions, and languages. Furthermore, we investigate whether LLMs can compose multiple facts, update factual knowledge temporally, reason over multiple pieces of facts, identify subtle factual differences, and resist adversarial examples. Extensive experiments on different sizes and types of LLMs show that existing LLMs still lack factual knowledge and suffer from various spurious correlations. We believe this is a critical bottleneck for realizing trustworthy artificial intelligence. The dataset Pinocchio and our codes are publicly available at: https://github.com/THU-BPM/Pinocchio.",None
https://openreview.net/forum?id=bA5o5eZplk,New recipes for graph anomaly detection: Forward diffusion dynamics and graph generation,Graph anomaly detection; anomaly detection; denoising diffusion; graph generation,None,"Distinguishing atypical nodes in a graph, which is known as graph anomaly detection, is more crucial than the generic node classification in real applications, such as fraud and spam detection. However, the lack of prior knowledge about anomalies and the extremely class-imbalanced data pose formidable challenges in learning the distributions of normal nodes and anomalies, which serves as the foundation of the state of the arts. We introduce a novel paradigm (first recipe) for detecting graph anomalies, stemming from our empirical and rigorous analysis of the significantly distinct evolving patterns between anomalies and normal nodes when scheduled noise is injected into the node attributes, referred to as the forward diffusion process. Rather than modeling the data distribution, we present three non-GNN methods to capture the evolving patterns and achieve promising results on six widely-used datasets, while mitigating the oversmoothing limitation and shallow architecture of GNN methods. We further investigate the generative power of denoising diffusion models to synthesize training samples that align with the original graph semantics (second recipe). In particular, we derive two principles for designing the denoising neural network and generating graphs. With our proposed graph generation method, we attain record-breaking performance while our generated graphs are also capable of enhancing the results of existing methods. All the code and data are available at \url{https://github.com/DiffAD/DiffAD}.",None
https://openreview.net/forum?id=gXFoaqQgEI,Dual-target Point Cloud Registration Using Representative Overlapping Points,point cloud registration; partially visible data; overlapping points; dual-target; alignment of attitude,None,"Point cloud registration is a challenging task when only partially visible data is
available. Recently, many learning-based methods have been proposed for this
problem and have achieved satisfactory performance. However, they rarely combine multiple features and fail to pay attention to the key factor of registration:
alignment of attitude. Based on this phenomenon, we propose a dual-target point
cloud registration model, which combines multiple features learned from PointNet, DGCNN, and attention module. First, an initialization module is introduced
for coarse registration, in which a new target point cloud is added compared to
the original model. Second, we design a two-step attention-based representative
overlapping-point selection module, which uses both global and local features of
input point clouds. In the first step, overlapping scores are predicted using global
features. In the second step, a feature-matching matrix is obtained based on local
features and a self-attention module. Representative overlapping points are selected based on the overlapping scores in the first step and the feature-matching
matrix in the second step. Finally, a weighted SVD algorithm is used to estimate
the transformation from the point cloud after initialization to the target point cloud.
Extensive experiments on ModelNet40 show our method achieves state-of-the-art
performance compared to other learning-based methods. The code is available at
https://github.com/Dual-target.",None
https://openreview.net/forum?id=A6juYCULJO,Abstractive Summarization through the PRISM of Decoding Strategies,Decoding Strategies; Abstractive Summarization; Short Document Summarization; Long Document Summarization; Multi-Document Summarization; Natural Language Generation; Autoregressive Language Models; Datasets and Benchmarks,"We systematically assess the effectiveness and efficiency of decoding-time methods for short, long, and multi-document abstractive summarization (+2500 combinations of autoregressive encoder-decoder models, datasets, and decoding settings)","In the realm of natural language generation, abstractive summarization (AS) is at the center of an unparalleled evolution driven by transformer-based language models (LMs). However, the significance of decoding strategies is often neglected despite their influence on the generated summaries. Given the abundance of token selection heuristics and their accompanying hyperparameters, the community needs directions to steer well-founded decisions based on the task and the target metrics at hand. To fill this gap, we comparatively assess the effectiveness and efficiency of decoding-time techniques for short, long, and multi-document AS. We explore more than 2500 combinations of 3 widely used million-scale autoregressive encoder-decoder models, 6 datasets, and 9 decoding settings. Our findings shed light on the field, demonstrating that optimized decoding choices can yield substantial performance enhancements. In addition to human evaluation, we quantitatively measure effects using 10 automatic metrics, including dimensions such as semantic similarity, factuality, compression, redundancy, and carbon footprint. We introduce PRISM, a first-of-its-kind dataset that pairs AS gold input-output examples with LM predictions under a wide array of decoding options.",None
https://openreview.net/forum?id=ykW3hvy6DL,Achieving Margin Maximization Exponentially Fast via Progressive Norm Rescaling,implicit bias; exponentially fast; margin maximization,We design a first-order optimization algroithm which can maximize margin exponentially fast on logistic regression problem.,"In this work, we investigate the margin-maximization bias exhibited by gradient-based algorithms in classifying linearly separable data. We present an in-depth analysis of the specific  properties of  the velocity field associated with (normalized) gradients, focusing on their role in   margin maximization. Inspired by this analysis, we propose a novel algorithm called  Progressive Rescaling Gradient Descent (PRGD) and show that PRGD can maximize the margin at an exponential rate. This stands in stark contrast to all existing algorithms, which maximize the margin at a slow polynomial rate. Notably,  we identify mild conditions, under which we  show that existing algorithms such as gradient descent (GD) and normalized gradient descent (NGD) provably fail in maximizing the margin efficiently.   To validate our theoretical findings, we present  both synthetic and real-world experiments. Notably, PRGD also shows promise in enhancing the generalization performance when applied to linearly non-separable datasets and deep neural networks.",None
https://openreview.net/forum?id=ypAT2ixD4X,In defense of parameter sharing for model-compression,parameter sharing; model compression; pruning,in terms of memory-accuracy tradeoff parameter sharing is a better compression technique than pruning for model compression at start,"When considering a model architecture, there are several ways to reduce its memory footprint. Historically, popular approaches included selecting smaller architectures and creating sparse networks through pruning. More recently, randomized parameter-sharing (RPS) methods have gained traction for model compression at
start of training. In this paper, we comprehensively assess the trade-off between
memory and accuracy across RPS, pruning techniques, and building smaller models. Our findings demonstrate that RPS, which is both data and model-agnostic, consistently outperforms smaller models and all moderately informed pruning strategies, such as MAG, SNIP, SYNFLOW, and GRASP, across the entire compression range. This advantage becomes particularly pronounced in higher compression scenarios. Notably, even when compared to highly informed pruning techniques like Lottery Ticket Rewinding (LTR), RPS exhibits superior performance in high compression settings. This points out inherent capacity advantage that RPS enjoys over sparse models. Theoretically, we establish RPS as a superior
technique in terms of memory-efficient representation when compared to pruning
for linear models. This paper argues in favor of paradigm shift towards RPS based
models. During our rigorous evaluation of RPS, we identified issues in the state-
of-the-art RPS technique ROAST, specifically regarding stability (ROAST’s sensitivity to initialization hyperparameters, often leading to divergence) and Pareto-continuity (ROAST’s inability to recover the accuracy of the original model at zero
compression). We provably address both of these issues. We refer to the modified
RPS, which incorporates our improvements, as STABLE-RPS",None
https://openreview.net/forum?id=RzY9qQHUXy,Kill Two Birds with One Stone: Rethinking Data Augmentation for Deep Long-tailed Learning,Long-tailed learning; data augmentation; imbalance; fairness,"We find traditional augmentation strategies in long-tailed learning lead to an extrinsic augmentation-wise imbalance, so we propose a Dynamic Optional Data Augmentation to overcoming this intertwined imbalance.","Real-world tasks are universally associated with training samples that exhibit a long-tailed class distribution, and traditional deep learning models are not suitable for fitting this distribution, thus resulting in a biased trained model. To surmount this dilemma, massive deep long-tailed learning studies have been proposed to achieve inter-class fairness models by designing sophisticated sampling strategies or improving existing model structures and loss functions. Habitually, these studies tend to apply data augmentation strategies to improve the generalization performance of their models. However, this augmentation strategy applied to balanced distributions may not be the best option for long-tailed distributions. For a profound understanding of data augmentation, we first theoretically analyze the gains of traditional augmentation strategies in long-tailed learning, and observe that augmentation methods cause the long-tailed distribution to be imbalanced again, resulting in an intertwined imbalance: inherent data-wise imbalance and extrinsic augmentation-wise imbalance, i.e., two 'birds' co-exist in long-tailed learning. Motivated by this observation, we propose an adaptive Dynamic Optional Data Augmentation (DODA) to address this intertwined imbalance, i.e., one 'stone' simultaneously 'kills' two 'birds', which allows each class to choose appropriate augmentation methods by maintaining a corresponding augmentation probability distribution for each class during training. Extensive experiments across mainstream long-tailed recognition benchmarks (e.g., CIFAR-100-LT, ImageNet-LT, and iNaturalist 2018) prove the effectiveness and flexibility of the DODA in overcoming the intertwined imbalance.",None
https://openreview.net/forum?id=Wgb8tuu5BI,Decoupling Intrinsic and Measurement Trends: A Crucial Consideration in Time Series Causal Discovery,Time trend; measurement error; data preprocessing,"In this paper, we introduce a novel algorithm TrendDiff that effectively distinguishes between intrinsic (real) trends and measurement (false) trends, leading to enhanced detrending and improved causal discovery.","In the realm of time series data, it is common to encounter time trends, which manifest as a function concerning time within a given data span. Time trends can be classified into intrinsic (real) and measurement (false) trends. Intrinsic trends are inherent to the underlying mechanisms of the variables, while measurement trends are essentially measurement errors unique to the observed values (e.g., an increase in diagnosed thyroid nodule patients due to enhanced medical techniques, despite a stable incidence rate over time). Measurement trends can critically influence the results of a variety of causal discovery methods and hence, necessitate elimination prior to causal analytic procedures. In this study, we introduce a novel framework capable of detecting all trend-influenced variables and distinguishing between intrinsic and measurement trends, called Trend Differentiator (TrendDiff). This approach consists of two primary steps: trend variable identification and trend type differentiation. The first step leverages Constraint-based Causal Discovery from heterogeneous/Nonstationary Data (CD-NOD) to identify variables with trends. Following this, we utilize the structure characteristics to differentiate between intrinsic and measurement trends. Experimental results on various synthetic scenarios and real-world data sets are employed to demonstrate the efficacy of our methods.",None
https://openreview.net/forum?id=wCUw8t63vH,Spectral learning of shared dynamics between generalized-linear processes,state space models; subspace identification; dynamical systems; neural coding,None,"Across various science and engineering applications, there often arises a need to predict the dynamics of one data stream from another. Further, these data streams may have different statistical properties. Studying the dynamical relationship between such processes, especially for the purpose of predicting one from the other, requires accounting for their distinct statistics while also dissociating their shared dynamical subspace. Existing analytical modeling approaches, however, do not address both of these needs. Here we propose a path forward by deriving a novel analytical multi-step subspace identification algorithm that can learn a model for a primary generalized-linear process (called ``predictor""), while also dissociating the dynamics shared with a secondary process. We demonstrate a specific application of our approach for modeling discrete Poisson point-processes activity, while finding the dynamics shared with continuous Gaussian processes. In simulations, we show that our algorithm accurately prioritizes identification of shared dynamics. Further, we also demonstrate that the method can additionally model the disjoint dynamics that exist only in the predictor Poisson data stream, if desired. Similarly, we apply our algorithm on a biological dataset to learn models of dynamics in Poisson neural population spiking streams that predict dynamics in movement streams. Compared with existing Poisson subspace identification methods, models learned with our method decoded movements better and with lower-dimensional latent states. Lastly, we discuss regimes in which our assumptions might not be met and provide recommendations and possible future directions of investigation.",None
https://openreview.net/forum?id=MCNqgUFTHI,Plug-and-Play Policy Planner for Large Language Model Powered Dialogue Agents,Dialogue Policy Planning; Proactive Dialogue; Large Language Model,None,"Proactive dialogues serve as a practical yet challenging dialogue problem in the era of large language models (LLMs), where the dialogue policy planning is the key to improving the proactivity of LLMs. Most existing studies enable the dialogue policy planning of LLMs using various prompting schemes or iteratively enhance this capability in handling the given case with verbal AI feedback. However, these approaches are either bounded by the policy planning capability of the frozen LLMs or hard to be transferred to new cases. In this work, we introduce a new dialogue policy planning paradigm to strategize LLMs for proactive dialogue problems with a tunable language model plug-in as a plug-and-play dialogue policy planner, named PPDPP. Specifically, we develop a novel training framework to facilitate supervised fine-tuning over available human-annotated data as well as reinforcement learning from goal-oriented AI feedback with dynamic interaction data collected by the LLM-based self-play simulation. In this manner, the LLM-powered dialogue agent can not only be generalized to different cases after the training, but also be applicable to different applications by just substituting the learned plug-in. In addition, we propose to evaluate the policy planning capability of dialogue systems under the interactive setting. Experimental results demonstrate that PPDPP consistently and substantially outperforms existing approaches on three different proactive dialogue applications, including negotiation, emotional support, and tutoring dialogues.",None
https://openreview.net/forum?id=i91bz8kRnK,Language-driven Open-Vocabulary Keypoint Detection for Animal Body and Face,Keypoint detection; Open-Vocabulary Keypoint detection; Open-set Keypoint detection,None,"Current approaches for image-based keypoint detection on animal (including human) body and face are limited to specific keypoints and species. We address the limitation by proposing the Open-Vocabulary Keypoint Detection (OVKD) task. It aims to use text prompts to localize arbitrary keypoints of any species. To accomplish this objective, we propose Open-Vocabulary Keypoint Detection with Semantic-feature Matching (KDSM), which utilizes both vision and language models to harness the relationship between text and vision and thus achieve keypoint detection through associating text prompt with relevant keypoint features. Additionally, KDSM integrates domain distribution matrix matching and some special designs to reinforce the relationship between language and vision, thereby improving the model's generalizability and performance. Extensive experiments show that our proposed components bring significant performance improvements, and our overall method achieves impressive results in OVKD. Remarkably, our method outperforms the state-of-the-art few-shot keypoint detection methods using a zero-shot fashion. We will make the source code publicly accessible.",None
https://openreview.net/forum?id=9bmTbVaA2A,Bootstrapping Variational Information Pursuit with Large Language and Vision Models for Interpretable Image Classification,Interpretable ML; Explainable AI; Information Pursuit; Large Language Models; Large Multimodal Models; Vision Language Models,Extending the Variational Information Pursuit framework by annotating data with Large Language and Multimodal Models,"Variational Information Pursuit (V-IP) is an interpretable-by-design framework that makes predictions by sequentially selecting a short chain of user-defined, interpretable queries about the data that are most informative for the task. The prediction is based solely on the obtained query answers, which also serve as a faithful explanation for the prediction. Applying the framework to any task requires (i) specification of a query set, and (ii) densely annotated data with query answers to train classifiers to answer queries at test time. This limits V-IP's application to small-scale tasks where manual data annotation is feasible. In this work, we focus on image classification tasks and propose to relieve this bottleneck by leveraging pretrained language and vision models. Specifically, following recent work, we propose to use GPT, a Large Language Model, to propose semantic concepts as queries for a given classification task. To answer these queries, we propose a light-weight Concept Question-Answering network (Concept-QA) which learns to answer binary queries about semantic concepts in images. We design pseudo-labels to train our Concept-QA model using GPT and CLIP (a Vision-Language Model). Empirically, we find our Concept-QA model to be competitive with state-of-the-art VQA models in terms of answering accuracy but with an order of magnitude fewer parameters. This allows for seamless integration of Concept-QA into the V-IP framework as a fast-answering mechanism. We name this method Concept-QA+V-IP. Finally, we show on several datasets that Concept-QA+V-IP produces shorter, interpretable query chains which are more accurate than V-IP trained with CLIP-based answering systems. Code available at https://github.com/adityac94/conceptqa_vip.",None
https://openreview.net/forum?id=yqAToOgxgf,An old dog can learn (some) new tricks: A tale of a three-decade old architecture,Neural network architecture; network design,We attempt to rejuvenate a 30-year-old architecture and improve its performance to bring it closer to deep neural networks,"Designing novel architectures often involves combining or extending familiar components such as convolutions and attention modules. However, this approach can obscure the fundamental design principles as the focus is usually on the entire architecture. Instead, this paper takes an unconventional approach, attempting to rejuvenate an old architecture with modern tools and techniques. Our primary objective is to explore whether a 30-year-old architecture can compete with contemporary models, when equipped with modern tools. Through experiments spanning image recognition datasets, we aim to understand what aspects of the architecture contribute to its performance. We find that while an ensemble of ingredients bears significance in achieving commendable performance, only a few pivotal components have a large impact. We contend that our discoveries offer valuable insights for creating cutting-edge architectures.",None
https://openreview.net/forum?id=TJNCnkDRkY,Generative Pre-Trained Speech Language Model with Efficient Hierarchical Transformer,speech language model; speech generation,None,"While recent advancements in speech language modeling have achieved significant progress, they face remarkable challenges in modelling the long acoustic sequence of neural audio codecs. Previous speech language models are compelled to learn acoustic tokens through a multi-stage generation process, which hinders their performance due to error propagation and information loss. In this paper, we introduce \textbf{G}enerative \textbf{P}re-Trained \textbf{S}peech Language Model (GPST), a hierarchical transformer designed for efficient speech language modeling. GPST quantizes audio waveforms into two distinct types of discrete speech representations and integrates them within a hierarchical transformer architecture, allowing for a unified one-stage generation process and enhancing Hi-Res audio generation capabilities. By training on large corpora of raw audio waveforms in an end-to-end unsupervised manner, GPST can generate syntactically consistent speech with diverse speaker identity unconditionally. When provided a brief 3-second prompt, GPST is able to produce natural and coherent personalized speech, demonstrating in-context learning abilities. Moreover, our approach can be easily extended to spoken cross-lingual speech generation by incorporating multi-lingual semantic tokens and universal acoustic tokens. Experimental results indicate that GPST significantly outperforms the existing speech language models in terms of word error rate, speech quality and speaker similarity.",None
https://openreview.net/forum?id=92yrETgM6G,Calibration Attack: A Framework For Adversarial Attacks Targeting Calibration,robustness; calibration; deep learning; image classification; adversarial,We develop a new framework for using adversarial attacks to prioritize damaging calibration over accuracy and show the potential severity that these attacks have.,"We introduce a new framework of adversarial attacks, named calibration attacks, in which the attacks are generated  and organized to trap victim models to be miscalibrated without altering their original accuracy, hence seriously endangering the trustworthiness of the models and any decision-making based on their confidence scores. Specifically, we identify four novel forms of calibration attacks: underconfidence attacks, overconfidence attacks, maximum miscalibration attacks, and random confidence attacks, in both the black-box and white-box setups. We then test these new attacks on typical victim models with comprehensive datasets, demonstrating that even with a relatively low number of queries, the attacks can create significant calibration mistakes. We further provide detailed analyses to understand different aspects of calibration attacks. Building on that, we investigate the effectiveness of widely used adversarial defences and calibration methods against these types of attacks, which then inspires us to devise two novel defences against such calibration attacks.",None
https://openreview.net/forum?id=lWe3GBRem8,Offline RL for Online RL: Decoupled Policy Learning for Mitigating Exploration Bias,reinforcement learning; offline reinforcement learning; exploration; fine-tuning,None,"It is desirable for policies to optimistically explore new states and behaviors during online reinforcement learning (RL) or fine-tuning, especially when any prior offline data does not provide enough state coverage. However, exploration bonuses can bias the learned policy, and our experiments find that na\""ive, yet standard use of such bonuses can fail to recover a performant policy. Concurrently, pessimistic training in offline RL has enabled recovery of performant policies from static datasets. Can we leverage offline RL to recover better policies from online interaction? We make a simple observation that a policy can be trained from scratch on all interaction data with pessimistic objectives, thereby decoupling the policies used for data collection and for evaluation. Specifically, we propose the Offline-to-Online-to-Offline (OOO) framework for reinforcement learning (RL), where an optimistic (_exploration_) policy is used to interact with the environment, and a _separate_ pessimistic (_exploitation_) policy is trained on all the observed data for evaluation. Such decoupling can reduce any bias from online interaction (intrinsic rewards, primacy bias) in the evaluation policy, and can allow more exploratory behaviors during online interaction which in turn can generate better data for exploitation. OOO is complementary to several offline-to-online RL and online RL methods, and improves their average performance by 14\% to 26\% in our fine-tuning experiments, achieves state-of-the-art performance on several environments in the D4RL benchmarks, and also improves online RL performance by 165\% on two OpenAI gym environments. Further, OOO RL can enable fine-tuning from incomplete offline datasets where prior methods can fail to recover a performant policy.",None
https://openreview.net/forum?id=eVpjeCNsR6,EraseDiff: Erasing Data Influence in Diffusion Models,Machine unlearning; Diffusion-based generative models,An effective and efficient unlearning algorithm for diffusion models across both conditional and unconditional image generation scenarios.,"In response to data protection regulations and the ``right to be forgotten'', in this work, we introduce an unlearning algorithm for diffusion models. Our algorithm equips a diffusion model with a mechanism to mitigate the concerns related to data memorization. To achieve this, we formulate the unlearning problem as a bi-level optimization problem, wherein the outer objective is to preserve the utility of the diffusion model on the remaining data. The inner objective aims to scrub the information associated with forgetting data by deviating the learnable generative process from the ground-truth denoising procedure. To solve the resulting bi-level problem, we adopt a first-order method, having superior practical performance while being vigilant about the diffusion process and solving a bi-level problem therein. Empirically, we demonstrate that our algorithm can preserve the model utility, effectiveness, and efficiency while removing across two widely-used diffusion models and in both conditional and unconditional image generation scenarios. In our experiments, we demonstrate the unlearning of classes, attributes, and even a race from face and object datasets such as UTKFace, CelebA, CelebA-HQ, and CIFAR10. The source code of our algorithm is available at https://github.com/AnonymousUser-hello/DiffusionUnlearning.",None
https://openreview.net/forum?id=5ep85sakT3,Contextual Bandits with Online Neural Regression,Neural Bandits; Contextual Bandits; Regret Bounds; Deep Learning; Online Regression,Neural bandit algorithms with provable regret gurantees and significantly better empirical performance,"Recent works have shown a reduction from contextual bandits to online regression under a realizability assumption (Foster and Rakhlin, 2020; Foster and Krishnamurthy, 2021). In this work, we investigate the use of neural networks for such online regression and associated Neural Contextual Bandits (NeuCBs). Using existing results for wide networks, one can readily show a  ${\mathcal{O}}(\sqrt{T})$ regret for online regression with square loss, which via the reduction implies a ${\mathcal{O}}(\sqrt{K} T^{3/4})$ regret for NeuCBs. Departing from this standard approach, we first show a $\mathcal{O}(\log T)$ regret for online regression with almost convex losses that satisfy QG (Quadratic Growth) condition, a generalization of the PL (Polyak-\L ojasiewicz) condition, and that have a unique minima. Although not directly applicable to wide networks since they do not have unique minima, we show that adding a suitable small random perturbation to the network predictions surprisingly makes the loss satisfy QG with unique minima. Based on such a perturbed prediction, we show a ${\mathcal{O}}(\log T)$ regret for online regression with both squared loss and KL loss, and subsequently convert these respectively to $\tilde{\mathcal{O}}(\sqrt{KT})$ and $\tilde{\mathcal{O}}(\sqrt{KL^*} + K)$ regret for NeuCB, where $L^*$ is the loss of the best policy. Separately, we also show that existing regret bounds for NeuCBs are $\Omega(T)$ or assume i.i.d. contexts, unlike this work. Finally, our experimental results on various datasets demonstrate that our algorithms, especially the one based on KL loss, persistently outperform existing algorithms.",None
https://openreview.net/forum?id=tr0KidwPLc,Evaluating Large Language Models at Evaluating Instruction Following,large language models; instruction tuning; evaluation; benchmark; instruction following,"We introduce a challenging meta-evaluation dataset LLMBar, designed to test the ability of an LLM evaluator to discern instruction-following outputs.","As research in large language models (LLMs) continues to accelerate, LLM-based evaluation has emerged as a scalable and cost-effective alternative to human evaluations for comparing the ever increasing list of models. This paper investigates the efficacy of these “LLM evaluators”, particularly in using them to assess instruction following, a metric that gauges how closely generated text adheres to the given instruction. We introduce a challenging meta-evaluation benchmark, LLMBar, designed to test the ability of an LLM evaluator in discerning instruction-following outputs. The authors manually curated 419 pairs of outputs, one adhering to instructions while the other diverging, yet may possess deceptive qualities that mislead an LLM evaluator, e.g., a more engaging tone. Contrary to existing meta-evaluation, we discover that different evaluators (i.e., combinations of LLMs and prompts) exhibit distinct performance on LLMBar and even the highest-scoring ones have substantial room for improvement. We also present a novel suite of prompting strategies that further close the gap between LLM and human evaluators. With LLMBar, we hope to offer more insight into LLM evaluators and foster future research in developing better instruction-following models.",None
https://openreview.net/forum?id=A81iom2Y41,Be Your Own Neighborhood: Detecting Adversarial Example by the Neighborhood Relations Built on Self-Supervised Learning,Adversarial Examples; Self-supervised Learning; Adversarial Examples Detection,None,"Deep Neural Networks (DNNs) have achieved excellent performance in various fields. However, DNNs’ vulnerability to Adversarial Examples (AE) hinders their deployments to safety-critical applications. This paper presents a novel AE detection framework, named BEYOND, for trustworthy predictions. BEYOND performs the detection by distinguishing the AE’s abnormal relation with its augmented versions, i.e. neighbors, from two prospects: representation similarity and label consistency. An off-the-shelf Self-Supervised Learning (SSL) model is used to extract the representation and predict the label for its highly informative representation capacity compared to supervised learning models. For clean samples, their representations and predictions are closely consistent with their neighbors, whereas those of AEs differ greatly. Furthermore, we explain this observation and show that by leveraging this discrepancy BEYOND can effectively detect AEs. We develop a rigorous justification for the effectiveness of BEYOND. Furthermore, as a plug-and-play model, BEYOND can easily cooperate with the Adversarial Trained Classifier (ATC), achieving the state-of-the-art (SOTA) robustness accuracy. Experimental results show that BEYOND outperforms baselines by a large margin, especially under adaptive attacks. Empowered by the robust relation net built on SSL, we found that BEYOND outperforms baselines in terms of both detection ability and speed. Our code will be publicly available.",None
https://openreview.net/forum?id=pJBSzGmb9a,On the Global Convergence of Natural Actor-Critic with Neural Network Parametrization,Reinforcement Learning; Deep Neural Networks,We prove the global convergence of the natural actor critic algorithm with a neural network parametrization of the critic.,"Despite the empirical effectiveness of natural actor-critic (NAC) algorithms, their theoretical underpinnings remain relatively unexplored, especially with neural network parameterizations. In the existing literature, the non-asymptotic sample complexity bounds for NAC hold only when the critic is either tabular or are represented by a linear function. In this work, we relax such assumptions for  NAC and utilize multi-layer neural network parameterization of the critic and an arbitrary smooth function for the actor. We establish the non-asymptotic sample complexity bounds of $\tilde{\mathcal{O}}\left(\frac{1}{\epsilon^{4}(1-\gamma)^{4}}\right)$ for the global convergence of NAC algorithm. We obtain this result using our unique decomposition of the error incurred at each critic step. The critic error is decomposed into the error incurred in fitting the sampled data, the error incurred due to the lack of knowledge of the transition matrix as well as the error incurred due to the limited approximation power of the class of neural networks. In contrast to the existing works for NAC with neural network parameterization of the critic, our analysis does not require i.i.d sampling.",None
https://openreview.net/forum?id=ZTssMmhC2X,How to Fine-Tune Vision Models with SGD,fine-tuning; SGD; freezing layers; distribution shift,"SGD can do worse than AdamW under distribution shifts, but simple changes make SGD competitive (and more memory efficient)","SGD and AdamW are the two most used optimizers for fine-tuning large neural networks in computer vision. When the two methods perform the same, SGD is preferable because it uses less memory (12 bytes/parameter with momentum and 8 bytes/parameter without) than AdamW (16 bytes/parameter). However, on a suite of downstream tasks, especially those with distribution shifts, we find that fine-tuning with AdamW performs substantially better than SGD on modern Vision Transformer and ConvNeXt models. We find that large gaps in performance between SGD and AdamW occur when the fine-tuning gradients in the first ""embedding"" layer are much larger than in the rest of the model. Our analysis suggests an easy fix that works consistently across datasets and models: freezing the embedding layer (less than 1% of the parameters) leads to SGD with or without momentum performing slightly better than AdamW while using less memory (e.g., on ViT-L, SGD uses 33% less GPU memory). Our insights result in state-of-the-art accuracies on five popular distribution shift benchmarks: WILDS-FMoW, WILDS-Camelyon, BREEDS-Living-17, Waterbirds, and DomainNet.",None
https://openreview.net/forum?id=oxjeePpgSP,Backdoor Contrastive Learning via Bi-level Trigger Optimization,backdoor attack; unsupervised contrastive learning,We provide a bi-level optimization to produce an efficient backdoor attack against unsupervised contrastive learning.,"Contrastive Learning (CL) has attracted enormous attention due to its remarkable capability in unsupervised representation learning. However, recent works have revealed the vulnerability of CL to backdoor attacks: the feature extractor could be misled to embed backdoored data close to an attack target class, thus fooling the downstream predictor to misclassify it as the target. Existing attacks usually adopt a fixed trigger pattern and poison the training set with trigger-injected data, hoping for the feature extractor to learn the association between trigger and target class. However, we find that such fixed trigger design fails to effectively associate trigger-injected data with target class in the embedding space due to special CL mechanisms, leading to a limited attack success rate (ASR). This phenomenon motivates us to find a better backdoor trigger design tailored for CL framework. In this paper, we propose a bi-level optimization approach to achieve this goal, where the inner optimization simulates the CL dynamics of a surrogate victim, and the outer optimization enforces the backdoor trigger to stay close to the target throughout the surrogate CL procedure. Extensive experiments show that our attack can achieve a higher attack success rate (e.g., 99\% ASR on ImageNet-100) with a very low poisoning rate (1\%). Besides, our attack can effectively evade existing state-of-the-art defenses.",None
https://openreview.net/forum?id=JpyWPfzu0b,"PaLI-3 Vision Language Models: Smaller, Faster, Stronger",Vision and Language; Multimodality; Contrastive Learning,None,"This paper presents PaLI-3, a smaller, faster and stronger vision language model (VLM) that compares favorably to similar models that are 10x larger.
As part of arriving at this strong performance, we compare Vision Transformer (ViT) models pretrained using classification objectives to contrastively pretrained ones (SigLIP). 
We find that, while slightly underperforming on standard image classification benchmarks, SigLIP-based PaLI shows superior performance across various multimodal benchmarks, especially on localization and text understanding.
The SigLIP encoder we use is a scaled-up version using 2 billion parameters, and achieves a new state-of-the-art on multilingual cross-modal retrieval.
We consider that PaLI-3, at only 5B parameters, rekindles research on fundamental pieces of complex VLMs, and could fuel a new generation of scaled-up models.",None
https://openreview.net/forum?id=QJNOnYDsYA,Marginal Benefit Induced Unsupervised Environment Design,Unsupervised Environment Design; Marginal Benefit; Diversity; Curriculum; RL,"We propose an algorithm called MBeDED, which focuses on marginal benefit in Unsupervised Environment Design.","Training generally capable Reinforcement Learning (RL) agents in complex environments is a challenging task that involves designing appropriate distributions of environments. Recent research has highlighted the potential of the Unsupervised Environment Design (UED) framework, which generates environments at the frontier of the agent’s capabilities through adaptive curriculum learning using a regret-based objective. While regret-based approaches have shown great promise in generating feasible environments, they can produce difficult environments that are challenging for the agent to learn from. This is because regret represents the best-case learning potential of an environment, without indicating how much the agent can actually learn from it. To address this limitation, we propose an alternative objective that employs marginal benefit, focusing on the improvement in the agent policy associated with the environment. This new objective generates environments at a suitable pace for the agent's learning and thus achieves rapid convergence. Additionally, to improve the generalizability of the student agent, we introduce a novel diversity metric that aims to generate varied experiences for the agent. Finally, we provide detailed experimental results and ablation analysis to showcase the effectiveness of our new methods. Notably, our approach signifies the potential future interest in controlled environment generation within UED, particularly in a landscape currently dominated by algorithms based on random generation.",None
https://openreview.net/forum?id=VyWv7GSh5i,A Novel Variational Lower Bound For Inverse Reinforcement Learning,Inverse Reinforcement Learning; Reverse Kullback-Leibler Divergence; Probabilistic Graphical Model; Variational Approximation,None,"Inverse reinforcement learning (IRL) seeks to learn the reward function from expert trajectories, to understand the task for imitation or collaboration thereby removing the need for manual reward engineering. However, IRL in the context of large, high-dimensional problems with unknown dynamics has been particularly challenging. In this paper, we present a new variational lower bound for IRL, which is derived under the framework of a probabilistic graphical model with an optimality node. Our method simultaneously learns the reward function and policy under the learned reward function by maximizing the lower bound, which is equivalent to minimizing the reverse Kullback–Leibler divergence between an approximated distribution of optimality given the reward function and the true distribution of optimality given trajectories. This leads to a new IRL method that learns a valid reward function such that the policy under the learned reward achieves expert-level performance on several known domains. Importantly, the method outperforms the existing state-of-the-art IRL algorithms on these domains by demonstrating better reward from the learned policy.",None
https://openreview.net/forum?id=hz9TMobz2q,Push: Concurrent Probabilistic Programming for Bayesian Deep Learning,probabilistic programming; bayesian deep learning; concurrency,We introduce a probabilistic programming library that enables concurrent execution of Bayesian Deep Learning algorithms on multi-GPU hardware.,"We introduce a library called Push that takes a probabilistic programming approach to Bayesian deep learning (BDL). This library enables concurrent execution of BDL inference algorithms on multi-GPU hardware for neural network (NN) models. To accomplish this, Push introduces an abstraction that represents an input NN as a particle. Push enables easy creation of particles so that an input NN can be replicated and particles can communicate asynchronously so that a variety of parameter updates can be expressed, including common BDL algorithms. Our hope is that Push lowers the barrier to experimenting with BDL by streamlining the scaling of particles across GPUs. We evaluate the scaling behavior of particles on single-node multi-GPU devices on vision and scientific machine learning (SciML) tasks.",None
https://openreview.net/forum?id=E78OaH2s3f,CAS: A Probability-Based Approach for Universal Condition Alignment Score,Generative model; diffusion model; score-based prior; conditional diffusion model; text-to-image alignment score; inversion process; image quality assessment; T2I alignment score,None,"Recent conditional diffusion models have shown remarkable advancements and have been widely applied in fascinating real-world applications. However, samples generated by these models often do not strictly comply with user-provided conditions. Due to this, there have been few attempts to evaluate this alignment via pre-trained scoring models to select well-generated samples. Nonetheless, current studies are confined to the text-to-image domain and require large training datasets. This suggests that crafting alignment scores for various conditions will demand considerable resources in the future. In this context, we introduce a universal condition alignment score that leverages the conditional probability measurable through the diffusion process. Our technique operates across all conditions and requires no additional models beyond the diffusion model used for generation, effectively enabling self-rejection. Our experiments validate that our met- ric effectively applies in diverse conditional generations, such as text-to-image, {instruction, image}-to-image, edge-/scribble-to-image, and text-to-audio.",None
https://openreview.net/forum?id=tnAPOvvNzZ,"JsonTuning: Towards Generalizable, Robust, and Controllable Instruction Tuning",instruction tuning; generalization; robustness; controllability,None,"Instruction tuning has emerged as a crucial process for harnessing the capabilities of large language models (LLMs) by providing explicit task instructions, leading to improved performance in various tasks. However, prevalent text-to-text instruction tuning (TextTuning) methods suffer from limitations in generalization, robustness, and controllability due to the ambiguity and lack of explicit structure in tasks. In this paper, we propose JsonTuning, a novel structure-to-structure approach for instruction tuning. By leveraging the versatility and structured nature of JSON to represent tasks, JsonTuning enhances generalization by helping the model understand essential task elements and their relations, improves robustness by minimizing ambiguity, and increases controllability by providing explicit control over the output. We conduct a comprehensive comparative study with diverse language models and evaluation benchmarks. Experimental results show that JsonTuning outperforms TextTuning in various applications, showcasing improved performance, adaptability, robustness, and controllability. By overcoming the limitations of TextTuning, JsonTuning demonstrates significant potential for more effective and reliable LLMs capable of handling diverse scenarios",None
https://openreview.net/forum?id=TDxtP8nxkh,NAP2: Neural Networks Hyperparameter Optimization Using Weights and Gradients Analysis,hyper-parameter optimization; neural networks performance prediction; meta-learning,We analyze the changes in weights and gradients in DNNs' early training stages to predict its final performance.,"Recent hyper-parameter tuning methods for deep neural networks (DNNs) generally rely on first using low-fidelity methods to identify promising configurations and then using high-fidelity methods for further evaluation. While effective, existing solutions treat DNNs as `black boxes', which limits their predictive abilities. In this work, we propose Neural Architectures Performance Prediction (NAP2), a `white box' hyperparameter optimization approach. NAP2 models the changes in the weights and gradients of the analyzed networks over time and can predict their final performance with high accuracy, even after a short training period. Our evaluation shows that NAP2 outperforms the current state-of-the-art both in its ability to identify top-performing architectures and in the amount of resources it utilizes. Moreover, we show that our approach is transferable, meaning it is possible to train NAP2 on one dataset and apply it to another.",None
https://openreview.net/forum?id=H65sp7ztys,Test Time Augmentations are Worth One Million Images for Out-of-Distribution Detection,Out-of-distribution; Test time augmentation; OOD Detection,None,"Out-of-distribution (OOD) detection is a major threat for deploying machine learning models in safety-critical scenarios. Data augmentations have been proven to be beneficial to OOD detection by providing diverse features. However, previous methods have only focused on the role of data augmentation in the training phase, overlooking its impact on the testing phase. In this paper, we present the first comprehensive study of the impact of test-time augmentation (TTA) on OOD detection. We find aggressive TTAs can cause distribution shifts on OOD scores of In-distribution (InD) data, whereas mild TTAs do not, resulting in the effectiveness of mild TTAs on OOD Detection. Based on the above observations, we propose a detection method that performs a K-nearest-neighbor (KNN) search on mild TTAs instead of InD data. With only 25 TTAs, our method outperforms state-of-the-art methods using the entire training set (1.2 million images) on IMAGENET for OOD detection. Moreover, our approach is compatible with various model architectures and robust to adversarial examples.",None
https://openreview.net/forum?id=5GX6s5TpmV,The Certification Paradox: Certifications Admit Better Evasion Attacks,certified robustness; adversarial attacks; risk; randomised smoothing,Certified defences can be exploited by attackers to produce better adversarial attacks.,"In guaranteeing the absence of adversarial examples in bounded spaces, certification mechanisms play an important role in demonstrating neural network robustness. Within this work we ask if certifications themselves can potentially compromise the very models they help to protect? By demonstrating a new attack surface that exploits certified guarantees to construct norm minimising evasion attacks, we demonstrate the heretofore unexplored risks inherent in releasing certifications. Our new *Certification Aware Attack* produces smaller, more difficult to detect adversarial examples more than $74$% of the time than comparable attacks, while reducing the median perturbation norm by more than $10$%. That this is achievable in significantly less computational time highlights  an apparent paradox---that releasing certifications can reduce security.",None
https://openreview.net/forum?id=IsGsv8qEHp,Human-oriented Representation Learning for Robotic Manipulation,representation learning; robot manipulation; multitask learning,None,"Humans inherently possess generalizable visual representations that empower them to efficiently explore and interact with the environments in manipulation tasks. We advocate that such a representation automatically arises from simultaneously learning about multiple simple perceptual skills that are critical for everyday scenarios (e.g., hand detection, state estimate, etc.) and is better suited for learning robot manipulation policies compared to current state-of-the-art visual representations purely based on self-supervised objectives. We formalize this idea through the lens of human-oriented multi-task fine-tuning on top of pre-trained visual encoders, where each task is a perceptual skill tied to human-environment interactions. We introduce Task Fusion Decoder as a plug-and-play embedding translator that utilizes the underlying relationships among these perceptual skills to guide the representation learning towards encoding meaningful structure for what’s important for all perceptual skills, ultimately empowering learning of downstream robotic manipulation tasks. Extensive experiments across a range of robotic tasks and embodiments, in both simulations and real-world environments, show that our Task Fusion Decoder consistently improves the representation of three state-of-the-art visual encoders including R3M, MVP, and EgoVLP, for downstream manipulation policy-learning. More demos, datasets, models, and code can be found at https://sites.google.com/view/human-oriented-robot-learning.",None
https://openreview.net/forum?id=ByR3NdDSZB,PARL: A Unified Framework for Policy Alignment in Reinforcement Learning from Human Feedback,Reinforcement Learning; Policy optimization; Policy alignment; Preference based RL; RLHF,Aligning agent policy with utility and human preferences,"We present a novel unified bilevel optimization-based framework, \textsf{PARL}, formulated to address the recently highlighted critical issue of policy alignment in reinforcement learning using utility or preference-based feedback. We identify a major gap within current algorithmic designs for solving policy alignment due to a lack of precise characterization of the dependence of the alignment objective on the data generated by policy trajectories. This shortfall contributes to the sub-optimal performance observed in contemporary algorithms. Our framework addressed these concerns by explicitly parameterizing the distribution of the upper alignment objective (reward design)  by the lower optimal variable (optimal policy for the designed reward). Interestingly, from an optimization perspective, our formulation leads to a new class of stochastic bilevel problems where the stochasticity at the upper objective depends upon the lower-level variable. {True to our best knowledge, this work presents the first formulation of the RLHF as a bilevel optimization problem which generalizes the existing RLHF formulations and addresses the existing distribution shift issues in RLHF formulations.} To demonstrate the efficacy of our formulation in resolving alignment issues in RL, we devised an algorithm named \textsf{A-PARL} to solve PARL problem, establishing sample complexity bounds of order $\mathcal{O}(1/T)$. Our empirical results substantiate that the proposed \textsf{PARL} can address the alignment concerns in RL by showing significant improvements (up to 63\% in terms of required samples) for policy alignment in large-scale environments of the Deepmind control suite and Meta world tasks.",None
https://openreview.net/forum?id=tsE5HLYtYg,SafeDreamer: Safe Reinforcement Learning with World Models,Safe Reinforcement Learning; SafeRL; World Model,A novel algorithm for Model-based Safe Reinforcement Learning.,"The deployment of Reinforcement Learning (RL) in real-world applications is constrained by its failure to satisfy safety criteria.
Existing Safe Reinforcement Learning (SafeRL) methods, which rely on cost functions to enforce safety, often fail to achieve zero-cost performance in complex scenarios, especially vision-only tasks. These limitations are primarily due to model inaccuracies and inadequate sample efficiency. The integration of the world model has proven effective in mitigating these shortcomings. In this work, we introduce SafeDreamer, a novel algorithm incorporating Lagrangian-based methods into world model planning processes within the superior Dreamer framework. Our method achieves nearly zero-cost performance on various tasks, spanning low-dimensional and vision-only input, within the Safety-Gymnasium benchmark, showcasing its efficacy in balancing performance and safety in RL tasks. 
Further details can be found in the code repository: https://github.com/PKU-Alignment/SafeDreamer.",None
https://openreview.net/forum?id=5BCFlnfE1g,Demystifying CLIP Data,multi-modal pretraining; CLIP; image; text,CLIP data curation and scaling,"Contrastive Language-Image Pre-training (CLIP) is an approach that has advanced research and applications in computer vision, fueling modern recognition systems and generative models. We believe that the main ingredient to the success of CLIP is its \textit{data} and \textit{not} the \textit{model} architecture or pre-training {objective}. However, CLIP only provides very limited information about its data and how it has been collected, leading to works that aim to reproduce CLIP's data by filtering with its model parameters. In this work, we intend to reveal CLIP's data curation approach and in our pursuit of making it open to the community introduce Metadata-Curated Language-Image Pre-training (MetaCLIP). MetaCLIP takes a raw data pool and metadata (derived from CLIP's concepts) and yields a balanced subset over the metadata distribution. Our experimental study rigorously isolates the model and training settings, concentrating solely on data. MetaCLIP applied to CommonCrawl with 400M image-text data pairs outperforms CLIP's data on multiple standard benchmarks. In zero-shot ImageNet classification, MetaCLIP achieves 70.8\% accuracy, surpassing CLIP's 68.3\% on \mbox{ViT-B} models. Scaling to 1B data, while maintaining the same training budget, attains \textbf{72.4\%}. Our observations hold across various model sizes, exemplified by ViT-H achieving \textbf{80.5\%}, without any bells-and-whistles. Curation code and training data distribution over metadata will be made available.",None
https://openreview.net/forum?id=OivQg0YU3I,"First-Explore, then Exploit: Meta-Learning Intelligent Exploration",Deep Reinforcement Learning; Deep RL; Exploration; Meta-learning; Meta-RL; Learning to Reinforcement Learn; RL^2,None,"Standard reinforcement learning (RL) agents never intelligently explore like a human (i.e. by taking into account complex domain priors and previous explorations). Even the most basic intelligent exploration strategies such as exhaustive search are only inefficiently or poorly approximated by approaches such as novelty search or intrinsic motivation, let alone more complicated strategies like learning new skills, climbing stairs, opening doors, or conducting experiments. This lack of intelligent exploration limits sample efficiency and prevents solving hard exploration domains. We argue a core barrier prohibiting many RL approaches from learning intelligent exploration is that the methods attempt to explore and exploit simultaneously, which harms both exploration and exploitation as the goals often conflict. We propose a novel meta-RL framework (First-Explore) with two policies: one policy learns to only explore and one policy learns to only exploit. Once trained, we can then explore with the explore policy, for as long as desired, and then exploit based on all the information gained during exploration. This approach avoids the conflict of trying to do both exploration and exploitation at once. We demonstrate that First-Explore can learn intelligent exploration strategies such as exhaustive search and more, and that it outperforms dominant standard RL and meta-RL approaches on domains where exploration requires sacrificing reward. Surprisingly and importantly, on such domains, First-Explore not only achieves higher final episode reward, it also achieves higher cumulative reward. First-Explore is a significant step towards creating meta-RL algorithms capable of learning human-level exploration, which is essential to solve challenging unseen hard-exploration domains.",None
https://openreview.net/forum?id=7ZiFtNzzQA,A Neural Tangent Kernel Approach for Constrained Policy Gradient Reinforcement Learning,Reinforcement learning; Policy gradient methods; Constrained learning; Neural Tangent Kernel,None,"This paper presents a constrained policy gradient method where we introduce constraints for safe learning, augmenting the traditional REINFORCE algorithm by taking the following steps. First, we analyze how the agent's policy changes if a new data batch is applied, leading to a nonlinear differential equation system in continuous time (gradient flow). This description of learning dynamics is connected to the neural tangent kernel (NTK) which enables us to evaluate the policy change at arbitrary states. 
Next, we introduce constraints for action probabilities based on the assumption that there are some environment states where we know how the agent should behave, ensuring safety during learning. Then, we augment the training batch with these states and compute fictitious rewards for them, making the policy obey the constraints with the help of the NTK-based formulation. More specifically, exogenous discounted sum of future rewards (returns) are computed at these constrained state-action pairs such that the policy network satisfies the constraints. Computing the constraining returns is based on solving a system of linear equations (equality constraints) or a constrained quadratic program (inequality constraints). To tackle high-dimensional environments, a dynamic constraint selection methodology is proposed. 
Simulation results demonstrate that adding constraints (external information) to the learning can improve learning in terms of speed and transparency reasonably if they are selected appropriately.",None
https://openreview.net/forum?id=z7usV2BlEE,Making Large Language Models Better Reasoners with Alignment,Large Language Models; Reasoning; Alignment,We find an assessment misalignment problem of vanilla fine-tuned large language models in reasoning tasks and we propose a alignment fine-tuning paradigm with a novel constrained alignment loss to alleviate this problem.,"Reasoning is a cognitive process of using evidence to reach a sound conclusion.
The reasoning capability is essential for large language models (LLMs) to serve as the brain of the artificial general intelligence agent.
Recent studies reveal that fine-tuning LLMs on data with the chain of thought (COT) reasoning process can significantly enhance their reasoning capabilities. 
However, we find that the fine-tuned LLMs suffer from an \textit{Assessment Misalignment} problem, i.e., they frequently assign higher scores to subpar COTs, leading to potential limitations in their reasoning abilities.
In this paper, we introduce an \textit{Alignment Fine-Tuning (AFT)} paradigm with a novel \textit{Constrained Alignment Loss} to alleviate the assessment misalignment problem.
Specifically, the proposed loss has two objectives:
a) Alignment, which guarantees the  scores of high-quality COTs surpass that of subpar ones;
b) Constraint, which keeps the subpar scores confined to a reasonable range to prevent the model degradation.
Extensive experiments on four reasoning benchmarks with both binary and ranking feedback demonstrate the effectiveness of AFT.
AFT also performs well in multi-task and out-of-distribution situations.
Furthermore, we also delve deeply into recent ranking-based alignment methods, such as DPO, RRHF, and PRO, and discover that the constraint, which has been overlooked by these approaches, is also crucial for their performance.",None
https://openreview.net/forum?id=DiWRG9JTWZ,MetaCoCo: A New Few-Shot Classification Benchmark with Spurious Correlation,Benchmark; Few-shot classification; Spurious-correlation shifts,"We present MetaCoCo, a benchmark with spurious-correlation shifts collected from real-world scenarios for few-shot classification.","Out-of-distribution (OOD) problems in few-shot classification (FSC) occur when novel classes sampled from testing distributions differ from base classes drawn from training distributions, which considerably degrades the performance of deep learning models deployed in real-world applications. Recent studies suggest that the OOD problems in FSC mainly including: (a) cross-domain few-shot classification (CD-FSC) and (b) spurious-correlation few-shot classification (SC-FSC). Specifically, CD-FSC occurs when a classifier learns transferring knowledge from base classes drawn from \underline{seen} training distributions but recognizes novel classes sampled from unseen testing distributions. In contrast, SC-FSC arises when a classifier relies on non-causal features (or contexts) that happen to be correlated with the labels (or concepts) in base classes but such relationships no longer hold during the model deployment. Despite CD-FSC has been extensively studied, SC-FSC remains understudied due to lack of the corresponding evaluation benchmarks. To this end, we present Meta Concept Context (MetaCoCo), a benchmark with spurious-correlation shifts collected from real-world scenarios. Moreover, to quantify the extent of spurious-correlation shifts of the presented MetaCoCo, we further propose a metric by using CLIP as a pre-trained vision-language model. Extensive experiments on the proposed benchmark are performed to evaluate the state-of-the-art methods in FSC, cross-domain shifts, and self-supervised learning. The experimental results show that the performance of the existing methods degrades significantly in the presence of spurious-correlation shifts. We open-source all codes of our benchmark and hope that the proposed MetaCoCo can facilitate future research on spurious-correlation shifts problems in FSC.",None
https://openreview.net/forum?id=ufvwhR3XmN,A Joint Spectro-Temporal Relational Thinking Based Acoustic Modeling Framework,acoustic modeling; speech recognition; relational thinking; Bayesian deep learning; graph theory,None,"Relational thinking refers to the inherent ability of humans to form mental impressions about relations between sensory signals and prior knowledge, and subsequently incorporate them into their model of their world. This ability plays a key role in human understanding of speech, yet it has not been a prominent feature in any artificial speech recognition systems. Recently, there have been some attempts to correct this oversight, but these have been limited to coarse utterance-level models that operate exclusively in the time domain. In an attempt to narrow the gap between artificial systems and human abilities, this paper presents a novel spectro-temporal relational thinking based acoustic modeling framework. Specifically, it first generates numerous probabilistic graphs to model the relations among consecutive speech segments across both time and frequency domains. These graphs are then coupled and transformed into latent representations for downstream tasks, during which meaningful spectro-temporal patterns formed by the co-occurrence of certain node pairs can be uncovered. Models built upon this framework outperform state-of-the-art systems with a 7.82% improvement in phoneme recognition tasks. In-depth analyses further reveal that our proposed relational thinking modeling mainly improves the model's ability to recognize vowel phonemes.",None
https://openreview.net/forum?id=5sixirvG0I,Whittle Index with Multiple Actions and State Constraint for Inventory Management,MARL; Inventory Management; Whittle Index,We propose a novel form of Whittle index that extend to a MARL setting suitable for practical inventory management.,"Whittle index is a heuristic tool that leads to good performance for the restless bandits problem. In this paper, we extend Whittle index to a new multi-agent reinforcement learning (MARL) setting with multiple discrete actions and a possibly changing constraint on the state space, resulting in WIMS (Whittle Index with Multiple actions and State constraint). This setting is common for inventory management where each agent chooses a replenishing quantity level for the corresponding stock-keeping-unit (SKU) such that the total profit is maximized while the total inventory does not exceed a certain limit. Accordingly, we propose a deep MARL algorithm based on WIMS for inventory management. Empirically, our algorithm is evaluated on real large-scale inventory management problems with up to 2307 SKUs and outperforms operation-research-based methods and baseline MARL algorithms.",None
https://openreview.net/forum?id=9vZ8UjP2Mz,Exploring the Generalization Capabilities of AID-based Bi-level Optimization,Generalization; Bi-level Optimization,None,"Bi-level optimization has achieved considerable success in contemporary machine learning applications, especially for given proper hyperparameters. However, due to the two-level optimization structure, commonly, researchers focus on two types of bi-level optimization methods: approximate implicit differentiation (AID)-based and iterative differentiation (ITD)-based approaches. ITD-based methods can be readily transformed into single-level optimization problems, facilitating the study of their generalization capabilities. In contrast, AID-based methods cannot be easily transformed similarly but must stay in the two-level structure, leaving their generalization properties enigmatic. In this paper, although the outer-level function is nonconvex, we ascertain the uniform stability of AID-based methods, which achieves similar results to a single-level nonconvex problem. We conduct a convergence analysis for a carefully chosen step size to maintain stability. Combining the convergence and stability results, we give the generalization ability of AID-based bi-level optimization methods. Furthermore, we carry out an ablation study of the parameters and assess the performance of these methods on real-world tasks. Our experimental results corroborate the theoretical findings, demonstrating the effectiveness and potential applications of these methods.",None
https://openreview.net/forum?id=G1DoOVM3xZ,A Nearly Optimal and Low-Switching Algorithm for Reinforcement Learning with General Function Approximation,Reinforcement learning; sample efficiency; function approximation,None,"The exploration-exploitation dilemma has been a central challenge in reinforcement learning (RL) with complex model classes. In this paper, we propose a new algorithm, Monotonic  Q-Learning with Upper Confidence Bound (MQL-UCB) for RL with general function approximation, where the Bellman operator of the underlying Markov decision process (MDP) is assumed to map any value functions into a function class with a bounded eluder dimension. Our key algorithmic design includes: (1) a general deterministic policy-switching strategy that achieves low switching cost, (2) a monotonic value function structure with carefully controlled function class complexity, and (3) a variance weighted regression scheme that exploits historical trajectories with high data efficiency. MQL-UCB achieves minimax optimal regret of $\tilde{O}(d\sqrt{HK})$ when $K$ is sufficiently large and near optimal policy switching cost of $\tilde{O}(dH)$, with $d$ being the eluder dimension of the function class, $H$ being the planning horizon, and $K$ being the number of episodes. Our work sheds light on designing provably sample-efficient and deployment-efficient Q-learning with nonlinear function approximation.",None
https://openreview.net/forum?id=HHbRxoDTxE,Looped Transformers are Better at Learning Learning Algorithms,in-context learning; transformers; looped transformers,We train a looped transformer from scratch to perform in-context learning of simple function classes. Empirical results indicate the looped transformer can match or outperform the standard transformer.,"Transformers have demonstrated effectiveness in in-context solving data-fitting problems from various (latent) models, as reported by Garg et al. (2022). However, the absence of an inherent iterative structure in the transformer architecture presents a challenge in emulating the iterative algorithms, which are commonly employed in traditional machine learning methods. To address this, we propose the utilization of looped transformer architecture and its associated training methodology, with the aim of incorporating iterative characteristics into the transformer architectures. Experimental results suggest that the looped transformer achieves performance comparable to the standard transformer in solving various data-fitting problems, while utilizing less than 10% of the parameter count.",None
https://openreview.net/forum?id=mF3cTns4pe,Sum-Product-Set Networks: Deep Tractable Models for Tree-Structured Graphs,Sum-product networks; graph neural networks; probabilistic circuits; tree-structured graphs; supervised learning,"We propose sum-product-set networks, an extension of probabilistic circuits for tree-structured graphs.","Daily internet communication relies heavily on tree-structured graphs, embodied by popular data formats such as XML and JSON. However, many recent generative (probabilistic) models utilize neural networks to learn a probability distribution over undirected cyclic graphs. This assumption of a generic graph structure brings various computational challenges, and, more importantly, the presence of non-linearities in neural networks does not permit tractable probabilistic inference. We address these problems by proposing sum-product-set networks, an extension of probabilistic circuits from unstructured tensor data to tree-structured graph data. To this end, we use random finite sets to reflect a variable number of nodes and edges in the graph and to allow for exact and efficient inference. We demonstrate that our tractable model performs comparably to various intractable models based on neural networks.",None
https://openreview.net/forum?id=mEJAp7Gh2F,Language-Conditioned Imitation Learning With Base Skill Priors Under Unstructured Data,imitation Learning; robot manipulation,We provide a skill-piror-based imitaiton learning algorithm to increase the agent's generalization ability in unseen environments.,"The growing interest in language-conditioned robot manipulation aims to develop robots capable of understanding and executing complex tasks, with the objective of enabling robots to interpret language commands and manipulate objects accordingly. While language-conditioned approaches demonstrate impressive capabilities for addressing tasks in familiar environments, they encounter limitations in adapting to unfamiliar environment settings. In this study, we propose a general-purpose, language-conditioned approach that combines base skill priors and imitation learning under unstructured data to enhance the algorithm's generalization in adapting to unfamiliar environments. We assess our model's performance in both simulated and real-world environments using a zero-shot setting. In the simulated environment, the proposed approach surpasses previously reported scores for CALVIN benchmark, especially in the challenging Zero-Shot Multi-Environment setting. The average completed task length, indicating the average number of tasks the agent can continuously complete, improves more than 2.5 times compared to the state-of-the-art method HULC. In addition, we conduct a zero-shot evaluation of our policy in a real-world setting, following training exclusively in simulated environments without additional specific adaptations. In this evaluation, we set up ten tasks and achieved an average 30% improvement in our approach compared to the current state-of-the-art approach, demonstrating a high generalization capability in both simulated environments and the real world. For further details, including access to our code and videos, please refer to our supplementary materials.",None
https://openreview.net/forum?id=MsOcVFzv8D,Margin Discrepancy-based Adversarial Training for Multi-Domain Text Classification,Multi-domain text classification; Adversarial training; Margin discrepancy,We propose a margin discrepancy-based adversarial training method and provide a genralization bound for multi-domain text classfication.,"Multi-domain text classification (MDTC) endeavors to harness available resources from correlated domains to enhance the classification accuracy of the target domain. Presently, most MDTC approaches that embrace adversarial training and the shared-private paradigm exhibit cutting-edge performance. Unfortunately, these methods face a non-negligible challenge: the absence of theoretical guarantees in the design of MDTC algorithms. The dearth of theoretical underpinning poses a substantial impediment to the advancement of MDTC algorithms. To tackle this problem, we first provide a theoretical analysis of MDTC by decomposing the MDTC task into multiple domain adaptation tasks. We incorporate the margin discrepancy as the measure of domain divergence and establish a new generalization bound based on Rademacher complexity. Subsequently, we propose a margin discrepancy-based adversarial training (MDAT) approach for MDTC, in accordance with our theoretical analysis. To validate the efficacy of the proposed MDAT method, we conduct empirical studies on two MDTC benchmarks. The experimental results demonstrate that our MDAT approach surpasses state-of-the-art baselines on both datasets.",None
https://openreview.net/forum?id=T0hhkuv8I0,TKG-LM: Temporal Knowledge Graph Extrapolation Enhanced by Language Models,Knowledge Graph Reasoning; Temporal Knowledge Graph; Large Language Model,None,"Temporal Knowledge Graph (TKG) extrapolation aims to predict future missing facts based on historical information. While graph embedding methods based on TKG topology structure have achieved satisfactory performance, the semantic text information of entities and relations still needs to be fully exploited. As large language models (LMs) such as ChatGPT sweep the entire field of natural language processing field, considerable works about KGs augment LMs with structured representations of world knowledge. In this paper, we proposed a method called TKG-LM to fill the gap in the effective integration of TKG and LMs, including historical events pruning, sampling prompt construction, and layer-wise modality fusion. Specifically, we adopt a pruning strategy to extract valuable events from numerous historical facts and reduce the search space for answers. Then, LMs and time-weighted functions are adopted to score the semantic similarity of each neighbor tuple, and the history-sampling prompt is built as the input of LMs. We integrate the encoded representation of LMs and graph neural networks in a multi-layer framework to enable bidirectional information flow between the modalities. This facilitates the incorporation of structured topology knowledge into the language context representation while leveraging linguistic nuances to enhance the graphical representation of knowledge. Our TKG-LM outperforms state-of-the-art (SOTA) TKG methods on five standard TKG datasets and beats the existing LLM and LM+KG models. Further ablation experiments demonstrate the role of our module designs and the benefits of integrating LM and GNN representation.",None
https://openreview.net/forum?id=zz61V8bIab,Stochastic Adversarial Networks for Multi-Domain Text Classification,Multi-domain text classification; Adversarial training; Multivariate gaussian distribution,We propose a stochastic adversarial network to reduce the required model parameters for multi-domain text classification.,"Adversarial training has played a pivotal role in the significant advancements of multi-domain text classification (MDTC). Recent MDTC methods often adopt the shared-private paradigm, wherein a shared feature extractor captures domain-invariant knowledge, while private feature extractors per domain extract domain-dependent knowledge. These approaches have demonstrated state-of-the-art performance. However, a major challenge remains: the exponential increase in model parameters as new domains emerge. To address this challenge, we propose the Stochastic Adversarial Network (SAN), which models multiple domain-specific feature extractors as a multivariate Gaussian distribution rather than weight vectors. With SAN, we can sample as many domain-specific feature extractors as necessary without drastically increasing the number of model parameters. Consequently, the model size of SAN remains comparable to having a single domain-specific feature extractor when data from multiple domains. Additionally, we incorporate domain label smoothing and robust pseudo-label regularization techniques to enhance the stability of the adversarial training and improve feature discriminability, respectively. The evaluations conducted on two prominent MDTC benchmarks validate the competitiveness of our proposed SAN method against state-of-the-art approaches.",None
https://openreview.net/forum?id=qaKRfobbTg,Learning Thresholds with Latent Values and Censored Feedback,Threshold; Latent Value; Censored Feedback; Query Complexity,None,"In this paper, we investigate a problem of *actively* learning threshold in latent space, where the *unknown* reward $g(\gamma, v)$ depends on the proposed threshold $\gamma$ and latent value $v$ and it can be $only$ achieved if the threshold is lower than or equal to the *unknown* latent value. This problem has broad applications in practical scenarios, e.g., reserve price optimization in online auctions, online task assignments in crowdsourcing, setting recruiting bars in hiring, etc. We first characterize the query complexity of learning a threshold with the expected reward at most $\epsilon$ smaller than the optimum and prove that the number of queries needed can be infinitely large even when $g(\gamma, v)$ is monotone with respect to both $\gamma$ and $v$. On the positive side, we provide a tight query complexity $\tilde{\Theta}(1/\epsilon^3)$ when $g$ is monotone and the CDF of value distribution is Lipschitz. Moreover, we show a tight $\tilde{\Theta}(1/\epsilon^3)$ query complexity can be achieved as long as $g$ satisfies one-sided Lipschitzness, which provides a complete characterization for this problem. Finally, we extend this model to an online learning setting and demonstrate a tight $\Theta(T^{2/3})$ regret bound using continuous-arm bandit techniques and the aforementioned query complexity results.",None
https://openreview.net/forum?id=V7uPprVelO,GenCO: Generating Diverse Solutions to Design Problems with Combinatorial Nature,generative models; combinatorial optimization; end-to-end learning,We are proposing an end-to-end learning framework for deep generative models that produce objects with intricate combinatorial properties.,"The generation of diverse but realistic objects that have combinatorial properties has various practical applications across several fields, including computer graphics, animation, industrial design, material science, etc. For instance, we might want to restrict the output of the generator so that it satisfies discrete constraints or encourage certain combinatorial properties as a penalty. However, existing generative models and optimization solvers often struggle to concurrently ensure solution diversity and uphold the underlying combinatorial nature. To address this, we propose $GenCO$, a novel framework that conducts end-to-end training of deep generative models integrated with embedded combinatorial solvers, aiming to uncover high-quality solutions aligned with nonlinear objectives. While structurally akin to conventional generative models, $GenCO$ diverges in its role - it focuses on generating instances of combinatorial optimization problems rather than final objects (e.g., images). This shift allows finer control over the generated outputs, enabling assessments of their feasibility and introducing an additional combinatorial loss component. We demonstrate the effectiveness of our approach on a variety of generative tasks characterized by combinatorial intricacies, including game level generation and map creation for path planning, consistently demonstrating its capability to yield diverse, high-quality solutions that reliably adhere to user-specified combinatorial properties.",None
https://openreview.net/forum?id=lebNJk3ul9,A space-continuous implementation of Proper Orthogonal Decomposition by means of Neural Networks,ROM; Operator Learning; Dimensionality Reduction,A continuous extension of proper orthogonal decomposition by means of DeepONet,"In the realm of reduced order modeling, the Proper Orthogonal Decomposition (POD) has established itself as a widely adopted technique for efficiently handling parametric partial differential equations. This approach exploits principles of linear algebra to extract, from a collection of high-fidelity numerical solutions, an optimized reduced space capable of linearly representing the input data. This paper aims to introduce an innovative alternative to replicate the capabilities of POD by harnessing the power of neural networks, thereby overcoming the constraint of exclusively working with solutions confined to the same topological space.

Our method centers around the utilization of the DeepONet architecture, which is applied and minimally modified to emulate the POD spatial-temporal (or parametric) decomposition. This novel adaptation enables the creation of a continuous representation of spatial modes. Although the accuracy gap between neural networks and linear algebraic tools is still evident, this architecture exhibits a distinct advantage: it can accept solutions generated through different discretization schemes, contrary to the conventional POD approach.

Furthermore, our approach allows various enhancements and variants developed to augment the capabilities of POD. These can be seamlessly integrated into the architecture, offering a versatile and adaptable framework known as PODNet.

To validate its effectiveness, we apply it to two distinct test cases: a simple 1D trigonometric problem and a more complex 2-dimensional Graetz problem. In doing so, we conduct a comprehensive comparison between our proposed methodology and established approaches, shedding light on the potential advantages and trade-offs inherent to this innovative fusion of neural networks and traditional reduced order modeling techniques.",None
https://openreview.net/forum?id=WtHKqtHVXo,Generating Robot Policy Code for High-Precision and Contact-Rich Manipulation Tasks,contact rich manipulation; language models as planners,None,"Large Language Models (LLMs) have been successful at generating robot policy code, but so far these results have been limited to high-level tasks that do not require accurate movement.
% 
It is an open question how well such approaches can work for high-precision, contact-rich tasks that require controlling contact forces with the environment.
% 
We find that, with the right action space, LLMs are capable of successfully generating policies for a variety of contact-rich and high-precision manipulation tasks in a zero-shot fashion.
% 
Specifically, we reparameterize the action space to include robot compliance with constraints on the interaction forces and stiffnesses involved in reaching a target pose.
% 
We validate this approach on subtasks derived from the Functional Manipulation Benchmark (FMB) and the IROS 2020 Robotic Grasping
and Manipulation Competition, where zero-shot policy generation in this action space improves success rates by greater than 3x and 4x, respectively, over a baseline that uses free space motions.
% 
To further investigate properties that make language models well posed to generate contact-rich tasks, we also analyse language models ability to complete control-relevant arithmetic reasoning tasks over continuous numbers in-context and ablate the importance of different prompt components in generating relevant motion patterns.
Project webpage: https://dex-code-gen.github.io/dex-code-gen/",None
https://openreview.net/forum?id=hac6DzbMa7,Continual Learning with Orthogonal Weights and Knowledge Transfer,Continual Learning; Catastrophic Forgetting; Knowledge Transfer; Orthogonal Gradients Projection; Weight/Parameter-Level Orthogonality,We proposed a novel TIL method with orthogonal weights and knowledge transfer.,"Orthogonal projection has been shown highly effective at overcoming *catastrophic forgetting* (CF) in continual learning (CL). Existing orthogonal projection methods are *all* based on *orthogonal gradients* (OG) between tasks. However, this paper shows theoretically that OG cannot guarantee CF elimination, which is a major limitation of the existing OG-based CL methods. Our theory further shows that only the *weight/parameter-level orthogonality* between tasks can guarantee CF elimination as the final classification is computed based on the network weights/parameters only. Existing OG-based methods also have two other *inherent limitations*, i.e., *over-consumption of network capacity* and *limiting knowledge transfer* (KT) across tasks. KT is also a core objective of CL. This paper then proposes a novel *weight-level orthogonal projection* method (called STIL), which ensures that each task occupies a weight subspace that is orthogonal to those of the other tasks. The method also addresses the two other limitations of the OG-based methods. Extensive evaluations show that the proposed STIL not only overcomes CF better than baselines, but also, perhaps more importantly, performs KT much better than them.",None
https://openreview.net/forum?id=NdzJKFf0Q2,A Dataset and Benchmark for Copyright Protection from Text-to-Image Diffusion Models,Copyright Protection; Stable diffusion,None,"Copyright is a legal right that grants creators the exclusive authority to reproduce, distribute, and profit from their creative works. However, the recent advancements in text-to-image generation techniques have posed significant challenges to copyright protection, as these methods have facilitated the learning of unauthorized content, artistic creations, and portraits, which are subsequently utilized to generate and disseminate uncontrolled content. Especially, the use of stable diffusion, an emerging model for text-to-image generation, poses an increased risk of unauthorized copyright infringement and distribution. And there is currently a lack of systematic studies evaluating the potential correlation between content generated by stable diffusion and copyright infringement. Conducting such studies faces several challenges, including i) the inherent ambiguity surrounding copyright infringement in text-to-image models, ii) the absence of a large-scale inference dataset, and iii) the lack of standardized metrics for defining copyright infringement. This work provides the first large-scale standardized dataset and benchmark on copyright protection. Specifically, we propose a pipeline to coordinate CLIP, ChatGPT, and diffusion models to generate a dataset that contains anchor images, corresponding prompts, and images generated by text-to-image models, reflecting the potential abuses of copyright. Furthermore, we propose a suite of evaluation metrics to judge the effectiveness of copyright protection methods. The proposed dataset, benchmark library, and evaluation metrics will be open-sourced to facilitate future research and application.",None
https://openreview.net/forum?id=0rXGGYNVAw,Unlocking the Potential of Federated Learning for Deeper Models,Federated Learning; Distributed Model Optimization,"We find the performance of Federated Learning declines by a large scale when using deeper models, and for addressing this issue, we investigate the causes and propose potential solutions.","Federated learning (FL) is a new paradigm for distributed machine learning that allows a global model to be trained across multiple clients without compromising their privacy. Although FL has demonstrated remarkable success in various scenarios, recent studies mainly utilize shallow and small neural networks. In our research, we discover a significant performance decline when applying the existing FL framework to deeper neural networks, even when client data are independently and identically distributed. Our further investigation shows that the decline is due to the continuous accumulation of dissimilarities among client models during the layer-by-layer back-propagation process, which we refer to as ""divergence accumulation."" As deeper models involve a longer chain of divergence accumulation, they tend to exhibit more significant divergence, subsequently leading to performance decline. Both theoretical derivations and empirical evidence are proposed to support the existence of divergence accumulation and its amplified effects in deeper models. To tackle this challenge, we propose a set of technical guidelines centered on minimizing divergence. These guidelines, consisting of strategies such as employing wider models and reducing the receptive field, greatly improve the performance of FL on deeper models. Their effectiveness is validated via extensive evaluation with various metrics. For example, applying the guidelines can boost the performance of ResNet101 on the Tiny-ImageNet dataset by as much as 43\%.",None
https://openreview.net/forum?id=Qwq4cpLtoX,Is attention required for ICL? Exploring the Relationship Between Model Architecture and In-Context Learning Ability,in-context learning; neural architectures,None,"What is the relationship between model architecture and the ability to perform in-context learning? In this empirical study, we take the first steps toward answering this question. We evaluate thirteen model architectures capable of causal language modeling across a suite of synthetic in-context learning tasks. These selected architectures represent a broad range of paradigms, including recurrent and convolution-based neural networks, transformers, state space model inspired, and other emerging attention alternatives. We discover that all the considered architectures can perform in-context learning under a wider range of conditions than previously documented. Additionally, we observe stark differences in statistical efficiency and consistency by varying the number of in-context examples and task difficulty. We also measure each architecture's predisposition towards in-context learning when presented with the option to memorize rather than leverage in-context examples. Finally, and somewhat surprisingly, we find that several attention alternatives are sometimes competitive with or better in-context learners than transformers. However, no single architecture demonstrates consistency across all tasks, with performance either plateauing or declining when confronted with a significantly larger number of in-context examples than those encountered during gradient-based training.",None
https://openreview.net/forum?id=TfbpnxTJt3,Federated Learning with Local Openset Noisy Labels,Federated Learning; openset; noisy label; heterogenous,A more practical but challenging noisy label problem in federated learning and its solution,"Federated learning is a learning paradigm that allows the central server to learn from different data sources while keeping the data private locally. Without controlling and monitoring the local data collection process, the locally available training labels are likely noisy, $\textit{i.e.}$, the collected training labels differ from the unobservable ground truth. Additionally, in heterogenous FL, each local client may only have access to a subset of label space (referred to as openset label learning), meanwhile without overlapping with others. In this work, we study the challenge of federated learning with local openset noisy labels. We observe that many existing solutions in the noisy label literature, $\textit{e.g.}$, loss correction, are ineffective during local training due to overfitting to noisy labels and being not generalizable to openset labels. To address the problems, we design a label communication mechanism that shares randomly selected ``contrastive labels"" among clients. The privacy of the shared contrastive labels is protected by label differential privacy (DP). Both the DP guarantee and the effectiveness of our approach are theoretically guaranteed. Compared with several baseline methods, our solution shows its efficiency in several public benchmarks and real-world datasets under different noise ratios and noise models.",None
https://openreview.net/forum?id=2zoi9YI21Y,Towards a Self-Made Model: Zero-Shot Self-Supervised Purification for Adversarial Attacks,adversarial attacks; adversarial defense; adversarial purification,Zero-Shot Learning for Adversarial Purification,"Adversarial purification is an adversarial defense method without robustness training for the classifier and regardless of the form of attacks, aiming to remove the adversarial perturbations on the attacked images. Such methods can defend against various unseen threats without modifying the classifier in contrast to empirical defenses. However, previous purification methods require careful training of a strong generative model or incorporating additional knowledge when training a classifier to be comparable to adversarial training. Retraining promising generative models or classifiers on large-scale datasets (e.g., ImageNet) is extremely challenging and computation-consuming. In this work, following the natural image manifold hypothesis, we propose a zero-shot self-supervised method for adversarial purification named \textit{ZeroPur}: For an adversarial example that lies beyond the natural image manifold, its corrupted embedding vector is first restored so that it is moved close to the natural image manifold. The embedding is then fine-tuned on finer intermediate-level discrepancies to project it back within the manifold. The whole purification process is done from coarse to fine, which does not rely on any generative model and does not require retraining the classifier to incorporate additional knowledge. Extensive experiments on three datasets including CIFAR-10, CIFAR-100, and ImageNet with various classifier architectures including ResNet and WideResNet, demonstrate that our method achieves state-of-the-art robust performance. Code released.",None
https://openreview.net/forum?id=JHta7zuRNc,PINA: a PyTorch Framework for Deep Differential Equation Learning for Research and Production Environments,PINN; Neural Operator; Differential Equations; Software,A PyTorch open-interface software for learning differential equation via deep learning methods,"The last years have manifested the artificial intelligence revolution in several fields. Within the scientific computing community, there has been a remarkable effort to exploit the advancements in machine learning to address the limitations of conventional methods for solving differential equations. Notably, the physics-informed neural network (PINN) and neural operator (NO) approaches have emerged as central players due to their promising and innovative approaches to compute differential equations' solutions. In this contribution, we are going to present a versatile software designed for tackling differential equation learning using PINN and NO methodologies. The package is called PINA, an open-source Python library built upon the robust foundations of PyTorch and Lightning. It empowers end-users to formulate their problem and craft their models to effortlessly compute the solution. The modular structure of PINA permits it to adapt PINN and NO schemas for user specifics, thus offering the freedom to select the most suitable learning techniques for their particular problem domain.  Furthermore, by leveraging the capabilities of the Lightning package, PINA adapts to various hardware setups, including GPUs and TPUs. This adaptability positions PINA as an ideal candidate for the transition of these methodologies into production and industrial pipelines, where computational efficiency and scalability are of paramount importance.",None
https://openreview.net/forum?id=cLqCZ740vw,Benchmarking Smoothness and Reducing High-Frequency Oscillations in Continuous Control Policies,reinforcement learning; smoothness; benchmark,None,"Reinforcement learning (RL) policies are prone to high frequency oscillations, specially undesirable when deploying to hardware in the real-world. In this paper, we identify, categorize, and compare methods from the literature that aim to mitigate high frequency oscillations in RL. We define two broad classes: loss regularization and architectural methods. At their core, they incentivize learning a smooth mapping, such that nearby states in the input space produce nearby actions in the output space. We present benchmarks in terms of policy performance and smoothness with staple RL environments from Gymnasium, as well as two robotics locomotion tasks that include deployment and evaluations in the real-world. Finally, we also propose hybrid methods that combine elements from both loss regularization and architectural methods, and outperform the existing approaches in the simulation benchmarks as well as in the real-world.",None
https://openreview.net/forum?id=nbN8Ilbg8c,Towards Cost-Efficient Federated Multi-Agent Reinforcement Learning with Learnable Aggregation,Multi-agent Reinforcement Learning; Federated Reinforcement Learning; Multi-agent System,We propose a federated multi-agent reinforcement learning method which employs asynchronous critics and a centralized aggregator to enable coordination and the optimization of communication efficiency.,"Multi-agent reinforcement learning (MARL) often adopts centralized training with a decentralized execution (CTDE) framework to facilitate cooperation among agents. When it comes to deploying MARL algorithms in real-world scenarios, CTDE requires gradient transmission and parameter synchronization for each training step, which can incur disastrous communication overhead. To enhance communication efficiency, federated MARL is proposed to average the gradients periodically during communication. However, such straightforward averaging leads to poor coordination and slow convergence arising from the non-i.i.d. problem which is evidenced by our theoretical analysis. To address the two challenges, we propose a federated MARL framework, termed cost-efficient federated multi-agent reinforcement learning with learnable aggregation (FMRL-LA). Specifically, we use asynchronous critics to optimize communication efficiency by filtering out redundant local updates based on the estimation of agent utilities. A centralized aggregator rectifies these estimations conditioned on global information to improve cooperation and reduce non-i.i.d. impact by maximizing the composite system objectives. For a comprehensive evaluation, we re-create a federated multi-agent autonomous driving environment based on MetaDrive. Our findings indicate that FMRL-LA can outperform other baselines by at least 5% with respect to the system utility on average.",None
https://openreview.net/forum?id=AZVmYg3LvS,Improved Function Space Variational Inference with Informative Priors,Bayesian Neural Network; Function space variational inference,None,"Function space variational inference allows Bayesian neural network (BNN) to introduce the prior distribution on the function space directly. Moreover, Recent linear approximation scheme for KL divergence between two random functions, has presented the tractable training objective and thus facilitates imposing the function space prior on BNNs. On the other hand, despite of its tractability, the existing inference suffers from the interpretability issue because the this function space prior is obtained by mapping the pre-defined weight-space prior to the function output via the complex neural network, and thus seems to be less interpretable. Alternatively, thought the uniform function space prior, that imposes a zero mean prior on the function space to encourage the model to be uncertain for out-of-training set, has been considered, this prior can introduce unnecessary uncertainty into the function outputs of the training datasets. Thus, this can cause the trade-off between the uncertainty estimation performances on the in-training and out-of-training sets.


In this work, we aim at refining the function space variational inference to handle the mentioned issue. To this end, we first reconsider the role of the function space prior in view of Bayesian Model prediction, and then build the function space prior to help improve the uncertainty estimation of the BNNs. Additionally, we propose a refined variational distribution on function space to encourage the useful predictive functions in sense of Bayesian model averaging, to be sampled, and thus improving the prediction of the BNNs.",None
https://openreview.net/forum?id=b8hRudcKQ3,Performance Adjustment for Federated Learning Marketplace,Federated Learning; Incentive Mechanism,None,"In federated learning, client participation is mainly motivated by performance-gain rewards or monetary rewards. In practice, different clients may have varying preferences over these two types of rewards. However, optimizing the training process to align model performance and monetary rewards with client expectations remains an open challenge. To accommodate diverse reward preferences, we propose Alpha-Tuning, an FL performance adjustment framework guided by dynamic validation loss composition. The core of our framework is a mechanism to decide the weights assigned to clients' local validation loss, each of which is determined by the corresponding client's performance contribution in the given training round and its monetary quotation for biasing this FL course towards its favor. The training hyper-parameters and model aggregation weights are adjusted together with model parameters to minimize the weighted sums of clients' local validation losses in our framework. Paired with a payment rule designed to compensate the clients according to their data contribution, Alpha-Tuning balances the clients' preferences between the performance gain and monetary reward. We demonstrate the effectiveness of our framework by conducting experiments on the federated learning tasks under various client quotation settings.",None
https://openreview.net/forum?id=wOMy6J8epf,A counterfactual-based approach to prevent crowding in intelligent subway systems,Explainable AI; counterfactual explanation; crowding prediction; smart public transportation; data-driven modelling.,Counterfactual explanations for crowd prevention in subways.,"Today, the cities we live in are far from being truly smart: overcrowding, pollution, and poor transportation management are still in the headlines. With wide-scale deployment of advanced Artificial Intelligence (AI) solutions, however, it is possible to reverse this course and apply appropriate countermeasures to take a step forward on the road to sustainability.
In this research, explainable AI techniques are applied to provide public transportation experts with suggestions on how to control crowding on subway platforms by leveraging interpretable, rule-based models enhanced with counterfactual explanations. The experimental scenario relies on agent-based simulations of the De Ferrari Hitachi subway station of Genoa, Italy. Numerical results for both prediction of crowding and counterfactual (i.e., countermeasures) properties are encouraging. Moreover, an assessment of the quality of the proposed explainable methodology was submitted to a team of experts in the field to validate the model.",None
https://openreview.net/forum?id=nJnky5K944,Are Transformers with One Layer Self-Attention Using Low-Rank Weight Matrices Universal Approximators?,Transformer; Self-Attention; Memorization; Universal Approximation Theorem; Contextual Mapping,One-layer and single-head self-attention with low-rank weight matrices is expressive enough to be a contextual mapping.,"Existing analyses of the expressive capacity of Transformer models have required excessively deep layers for data memorization, leading to a discrepancy with the Transformers actually used in practice. 
This is primarily due to the interpretation of the softmax function as an approximation of the hardmax function.
By clarifying the connection between the softmax function and the Boltzmann operator, we prove that a single layer of self-attention with low-rank weight matrices possesses the capability to perfectly capture the context of an entire input sequence.
As a consequence, we show that one-layer and single-head Transformers have a memorization capacity for finite samples, and that Transformers consisting of one self-attention layer with two feed-forward neural networks are universal approximators for continuous functions on a compact domain.",None
https://openreview.net/forum?id=WSsP7W8tqN,Grokking Tickets: Lottery Tickets Accelerate Grokking,grokking; lottery ticket hypothesis; weight norm; pruning; generalization,None,"Grokking is one of the most surprising puzzles in neural network generalization: a network first reaches a memorization solution with perfect training accuracy but poor generalization, but with further training, it reaches a perfectly generalizable solution. 
We aim to analyze the mechanism of grokking from the lottery ticket hypothesis, identifying the process to find the lottery tickets (good sparse subnetworks) as the key to describing the transitional phase between memorization and generalization. 
Firstly, with the lottery tickets identified via the magnitude pruning after perfect generalization, we show that the lottery tickets drastically accelerate grokking compared to the dense networks on various configurations (MLP and Transformer, and an arithmetic and image classification task). 
We also show that the speedup is significant even when compared with the dense networks with the same weight norm as the lottery tickets. 
Besides, the speedup only happens when training ``good'' subnetworks are identified at the generalization solution. Specifically, speedup does not happen when using tickets identified at the memorization solution or transition between memorization and generalization or when pruning networks at the initialization (Random pruning, Grasp, SNIP, and Synflow). 
The results indicate that the weights norm of network parameters is not enough to explain the process of grokking, but the importance of finding good subnetworks to describe the transition from memorization to generalization.",None
https://openreview.net/forum?id=p7iVaVidha,OfflineLight: An Offline Reinforcement Learning Model for Traffic Signal Control,Reinforcement learning; Traffic signal control; Offline RL; Offline-AC; TSC-OID,We propose a general offline actor-critic framework and an adaptive decision-making model for traffic signal control.,"Reinforcement learning (RL) is gaining popularity in addressing the traffic signal control (TSC) problems. Yet, the trial and error training with environmental interactions for traditional RL-based methods is costly and time-consuming. Additionally, it is challenging to directly deploy a completely pre-trained RL model for all types of intersections. Inspired by recent advances in decision-making systems from offline RL, we propose a general offline actor-critic framework (Offline-AC) that considers policy and value constraints, and an adaptive decision-making model named OfflineLight based on Offline-AC. Offline-AC is further proved general and suitable for developing new offline RL algorithms. Moreover, we collect, organize and release the first offline interaction dataset for TSC (TSC-OID), which is generated from the state-of-the-art (SOTA) RL models that interact with a traffic simulation environment based on multiple datasets of real-world road intersections and traffic flow. Through numerical experiments on real-world datasets, we demonstrate that: (1) Offline RL can build a high-performance RL model without online interactions with the traffic environment; (2) OfflineLight matches or achieves SOTA among recent RL methods; and (3) OfflineLight shows comprehensive generalization performance after completing training on only 20% of the TSC-OID dataset. The relevant dataset and code are available at anonymous URL:https://anonymous.4open.science/r/OfflineLight-6665/README.md.",None
https://openreview.net/forum?id=scxDIx6StY,Adaptive Temperature Enhanced Dual-level Hypergraph Contrastive Learning,hypergraph; contrastive learning; self-supervised learning.,Explore the group-wise behaviors and the temperature index in hypergraph contrastive learning.,"Hypergraphs, which incorporate hyperedges to link multiple nodes and capture complex high-order relationships, have attracted increasing attention in recent years.
Consequently, a bunch of hypergraph neural networks has been proposed to model the high-order relationships between hyperedges and nodes. Inspired by the success of graph contrastive learning, researchers have begun exploring the benefits of contrastive learning over hypergraphs. However, these works still have the following limitations in modeling the high-order relationships over unlabeled data: (i) They primarily focus on maximizing the agreements among individual node embeddings while neglecting the capture of group-wise collective behaviors within hypergraphs; (ii) Most of them disregard the importance of the temperature index in discriminating contrastive pairs during contrast optimization. To address these limitations, we propose a novel \textbf{Ad}aptive \textbf{T}emperature enhanced \textbf{Hy}per\textbf{G}raph \textbf{C}ontrastive \textbf{L}earning framework called \textbf{AdT-HyGCL} to boost contrastive learning over hypergraphs. Specifically, we first introduce a noise enhancement module to generate relatively challenging augmented hypergraphs for hypergraph contrastive tasks. Unlike most works that merely maximize the agreement of node embeddings in hypergraphs, we then propose a dual-level contrast mechanism that not only captures the individual node behaviors in a local context but also models the group-wise collective behaviors of nodes within hyperedges from a community perspective. Furthermore, we design an adaptive temperature-enhanced contrastive optimization to improve the discrimination ability between positive and negative contrastive pairs, thereby facilitating more effective hypergraph representation learning. Theoretical justifications and empirical experiments conducted on eight benchmark hypergraphs demonstrate that AdT-HyGCL exhibits excellent rationality, generalization, effectiveness, and robustness compared to state-of-the-art baseline models.",None
https://openreview.net/forum?id=Cqrv7Sve7g,Offline Reward Inference on Graph: A New Thinking,Offline reinforcement learning; Reward learning; Graph,None,"In offline reinforcement learning, reward inference is the key to learning effective policies in practical scenarios. Due to the expensive or unethical nature of environmental interactions in domains such as healthcare and robotics, reward functions are rarely accessible, and the task of inferring rewards becomes challenging. To address this issue, our research focuses on developing a reward inference method that capitalizes on a constrained number of human reward annotations to infer rewards for unlabelled data. Initially, we leverage both the available data and limited reward annotations to construct a reward propagation graph, wherein the edge weights incorporate various influential factors pertaining to the rewards. Subsequently, we employ the constructed graph for transductive reward inference, thereby estimating rewards for unlabelled data. Furthermore, we establish the existence of a fixed point during several iterations of the transductive inference process and demonstrate its at least convergence to a local optimum. Empirical evaluations on locomotion and robotic manipulation tasks substantiate the efficacy of our approach, wherein the utilization of our inferred rewards yields substantial performance enhancements within the offline reinforcement learning framework, particularly when confronted with limited reward annotations.",None
https://openreview.net/forum?id=8F6bws5JBy,Language-Interfaced Tabular Oversampling via Progressive Imputation and Self-Authentication,Tabular data; imbalanced learning; language models,None,"Tabular data in the wild are frequently afflicted with class-imbalance, biasing machine learning model predictions towards major classes. A data-centric solution to this problem is oversampling - where the classes are balanced by adding synthetic minority samples via generative methods. However, although tabular generative models are capable of generating synthetic samples under a balanced distribution, their integrity suffers when the number of minority samples is low. To this end, pre-trained generative language models with rich prior knowledge are a fitting candidate for the task at hand. Nevertheless, an oversampling strategy tailored for tabular data that utilizes the extensive capabilities of such language models is yet to emerge. In this paper, we propose a novel oversampling framework for tabular data to channel the abilities of generative language models. By leveraging its conditional sampling capabilities, we synthesize minority samples by progressively masking the important features of the majority class samples and imputing them towards the minority distribution. To reduce the inclusion of imperfectly converted samples, we utilize the power of the language model itself to self-authenticate the labels of the samples generated by itself, sifting out ill-converted samples. Extensive experiments on a variety of datasets and imbalance ratios reveal that the proposed method successfully generates reliable minority samples to boost the performance of machine learning classifiers, even under heavy imbalance ratios.",None
https://openreview.net/forum?id=5bNYf0CqxY,Certified Adversarial Robustness for Rate Encoded Spiking Neural Networks,Spiking Neural Networks; Randomized Smoothing; Adversarial Learning; Certified Robustness,None,"The spiking neural networks are inspired by the biological neurons that employ binary spikes to propagate information in the neural network. It has garnered considerable attention as the next-generation neural network, as the spiking activity simplifies the computation burden of the network to a large extent and is known for its low energy deployment enabled by specialized neuromorphic hardware. One popular technique to feed a static image to such a network is rate encoding, where each pixel is encoded into random binary spikes, following a Bernoulli distribution that uses the pixel intensity as bias. By establishing a novel connection between rate-encoding and randomized smoothing, we give the first provable robustness guarantee for spiking neural networks against adversarial perturbation of inputs bounded under $l_1$-norm. We introduce novel adversarial training algorithms for rate-encoded models that significantly improve the state-of-the-art empirical robust accuracy result. Experimental validation of the method is performed across various static image datasets, including CIFAR-10, CIFAR-100 and ImageNet-100. The code is available at \url{https://github.com/BhaskarMukhoty/CertifiedSNN}.",None
https://openreview.net/forum?id=Gf4KZIqLHD,A Change of Heart: Backdoor Attacks on Security-Centric Diffusion Models,Diffusion Models; Adversarial Purification; Backdoor Attacks,"DIFF2 is a backdoor attack on diffusion models, highlighting risks in their use for critical applications (e.g., adversarial purification and robustness certification)","Diffusion models have been employed as defensive tools to reinforce the security of other models, notably in purifying adversarial examples and certifying adversarial robustness. Meanwhile, the prohibitive training costs often make the use of pre-trained diffusion models an attractive practice. The tension between the intended use of these models and their unvalidated nature raises significant security concerns that remain largely unexplored. To bridge this gap, we present DIFF2, a novel backdoor attack tailored to security-centric diffusion models. Essentially, DIFF2 superimposes a diffusion model with a malicious diffusion-denoising process, guiding inputs embedded with specific triggers toward an adversary-defined distribution, while preserving the normal process for other inputs. Our case studies on adversarial purification and robustness certification show that DIFF2 substantially diminishes both post-purification and certified accuracy across various benchmark datasets and diffusion models, highlighting the potential risks of utilizing pre-trained diffusion models as defensive tools. We further explore possible countermeasures, suggesting promising avenues for future research.",None
https://openreview.net/forum?id=NY3HzOOL3u,Skill Reinforcement Learning and Planning for Open-World Long-Horizon Tasks,reinforcement learning; open-world environments; multi-task learning; large language models,We address the problem of learning diverse long-horizon tasks in open-world environments via reinforcement learning and planning over basic skills.,"We study building an agent that solves diverse long-horizon tasks in open-world environments. Without human demonstrations, learning to accomplish tasks in a large open-world environment with reinforcement learning (RL) is extremely inefficient. To tackle this challenge, we convert the multi-task learning problem into learning basic skills and planning over the skills, and propose a Finding-skill to improve the sample efficiency for training all the skills. Using the popular open-world game Minecraft as the testbed, we propose three types of fine-grained basic skills, and use RL with intrinsic rewards to acquire skills with high success rates. For skill planning, we leverage the prior knowledge in Large Language Models to find the relationships between skills and build a skill graph. When the agent is solving a task, our skill search algorithm walks on the skill graph and generates the proper skill plans for the agent. In experiments, our method accomplishes 40 diverse Minecraft tasks, where many tasks require sequentially executing for more than 10 skills. Our method outperforms baselines by a large margin and is the most sample-efficient demonstration-free RL method to solve Minecraft Tech Tree tasks.",None
https://openreview.net/forum?id=2DJUXmHZ2O,Generalizing Poincaré Policy Representations in Multi-agent Reinforcement Learning,policy representation; reinforcement learning; multi-agent,None,"Learning policy representations is essential for comprehending the intricacies of agent interactions and their decision-making processes.
Recent studies have found that the evolution of any state under Markov decision processes (MDPs) can be divided into multiple hierarchies based on time sequences. This conceptualization resembles a tree-growing process, where the policy and environment dynamics determine the possible branches. In this paper, the multiple agent's trajectory growing paths can be projected into a Poincaré ball, which requires the tree to grow from the origin to the boundary of the ball, deriving a new geometric idea of learning Poincaré Policy Representations (P2R) for MARL.
Specifically, P2R captures the policy representation of the Poincaré ball by a hyperbolic neural network and introduces a contrast objective function that encourages embeddings of the same policy to move closer together while embeddings of different policies to move apart, which enables embed policies with low distortion.
Experimental results provide empirical evidence for the effectiveness of the P2R framework in cooperative and competitive games, demonstrating the potential of Poincaré policy representations for optimizing policies in complex multi-agent environments.",None
https://openreview.net/forum?id=ERTp3iQWPW,A Framework for PromptOps in GenAI Application Development Lifecycle,Prompt as a Service; PromptOps; Prompt Engineering; Generative AI,None,"The use of ""prompts"" in the creation process of Generative Artificial Intelligence (GenAI) systems is receiving increasing interest. The significance of these prompts throughout the development cycle, however, is not properly used by current software development lifecycle approaches. This study proposes a unique methodology for integrating timely engineering and management into the creation of GenAI applications. Organizations may benefit from using “PromptOps” to create GenAI applications more quickly, effectively, and securely. It offers a technique to lower the danger of bias, increase the accuracy and dependability of GenAI systems, and decrease the cost of development and implementation.Our platform facilitates the seamless integration of several automated technologies in software development by performing prompt operations (PromptOps). These include Continuous Integration/Continuous Deployment (CI/CD) pipelines, workflows, APIs, and more. Our approach enables developers to easily include automated technologies, leading to a more simplified and efficient process. Furthermore, this study indicates that the framework may enable all stakeholders, including non-engineering units, to convert prompts into services, expanding their use in the building of applications. This study emphasizes the critical 
significance of prompts in GenAI and shows how their incorporation may improve AI application development, eventually stimulating creativity and driving the adoption of Generative AI technology.",None
https://openreview.net/forum?id=NY3wMJuaLf,Fake It Till Make It: Federated Learning with Consensus-Oriented Generation,Federated learning; data heterogeneity,None,"In federated learning (FL), data heterogeneity is one key bottleneck that causes model divergence and limits performance. Addressing this, existing methods often regard data heterogeneity as an inherent property and propose to mitigate its adverse effects by correcting models. In this paper, we seek to break this inherent property by generating data to complement the original dataset to fundamentally mitigate heterogeneity level. 
As a novel attempt from the perspective of data, we propose federated learning with consensus-oriented generation (FedCOG). FedCOG consists of two key components at the client side: complementary data generation, which generates data extracted from the shared global model to complement the original dataset, and knowledge-distillation-based model training, which distills knowledge from global model to local model based on the generated data to mitigate over-fitting the original heterogeneous dataset.
FedCOG has two critical advantages: 1) it can be a plug-and-play module to further improve the performance of most existing FL methods, and 2) it is naturally compatible with standard FL protocols such as Secure Aggregation since it makes no modification in communication process.
Extensive experiments on classical and real-world FL datasets show that FedCOG consistently outperforms state-of-the-art methods. Code is available at https://github.com/rui-ye/FedCOG.",None
https://openreview.net/forum?id=V2LpzVNtCT,Towards Predicate-powered Learning,Learning theory; Learning using statistical invariants,None,"The traditional approach to data-driven learning has become increasingly demanding in terms of its training data and computational resources. This work further develops a new paradigm of learning using predicates to reduce the need of data in learning. Among many recent efforts towards the same direction, learning using statistical invariants (LUSI) has been proposed to be the new paradigm of learning. Building on top of LUSI and to break the ``brute force'' learning trend, we build towards a generalized theory of predicates and the invariants. The primary objective of this work is to propose an Extended Structure Risk Minimization (ESRM) paradigm with predicates, and provide a theoretical justification of the need for predicates in learning problems from both data complexity and model complexity perspectives. In this work, we show that predicates not only can aid in reducing the need for data in training, but they are also imperative for a highly efficient model. 

Our primary contributions consist of the following: I) Proposing an extension to the structure risk minimization paradigm of learning, and II) Proving the efficacy of predicates in reducing both the data complexity and the model complexity.",None
https://openreview.net/forum?id=hRbLHpLAy4,RetPur: Diffusion Purification Model for Defending Hash Retrieval Target Attacks,Adversarial purification; Target attacks; Guided diffusion model; Hash retrieval,None,"Deep Neural Networks (DNNs) have harnessed their formidable representational capabilities to attain remarkable performance in image retrieval models. Nonetheless, in cases where malicious actors introduce adversarial perturbations into the test dataset, the retrieval model may readily yield results that are either irrelevant or intentionally manipulated by the attacker. Specifically, the targeted attack is notable for producing predefined results, thereby inflicting a more adverse impact on retrieval performance. While adversarial purification has demonstrated effectiveness in countering adversarial attacks, its application in retrieval tasks remains unexplored. Addressing these concerns, we introduce a free-trained purification model denoted as RetPur aimed at purifying adversarial test dataset, thereby mitigating the issue of targeted attacks within both uni-modal and cross-modal retrieval systems. RetPur employs a pre-trained diffusion model, offering a plug-and-play convenience, while utilizing adversarial samples as conditioning factors to guide image generation, thereby enhancing task accuracy. In terms of retrieval system architecture, our study pioneers the incorporation of adversarial purification tasks into uni-modal (Image-to-Image) and cross-modal (Image-to-Image, Image-to-Text) hash retrieval systems, specifically tailored to image retrieval scenarios. Furthermore, we explore the application of adversarial purification tasks to a wider array of attacks, including both generative and iterative approaches. Through an extensive series of experiments, it can be concluded that the purified dataset exhibits retrieval performance in the retrieval systems that is closely akin to that of the original dataset, even across different attacks and modalities.",None
https://openreview.net/forum?id=FeqxK6PW79,Analyzing Deep Transformer Models for Time Series Forecasting via Manifold Learning,representation learning; manifold analysis; deep neural networks; time series forecasting,None,"Deep transformer models consistently achieve groundbreaking results on natural language processing and computer vision problems, among other engineering and scientific domains. However, despite active research that aims to better understand transformer neural networks via e.g., computing saliency scores or analyzing their attention matrix, these models are not well-understood at large. This problem is further exacerbated for deep time series forecasting methods, for which analysis and understanding work is relatively scarce. Indeed, deep time series forecasting methods only recently emerged as state-of-the-art, and moreover, time series data may be less ``natural'' to interpret and analyze, unlike image and text information. Complimentary to existing analysis studies, we employ a manifold learning viewpoint, i.e., we assume that latent representations of time series forecasting models lie next to a low-dimensional manifold. In this work, we study geometric features of latent data manifolds including their intrinsic dimension and principal curvatures. Our results demonstrate that deep transformer models share a similar geometric behavior across layers, and that geometric features are correlated with model performance. Further, untrained models present different structures, which rapidly converge during training. Our geometric analysis and differentiable tools may be used in designing new and improved deep forecasting neural nets.",None
https://openreview.net/forum?id=BMZYh3IyAU,Provably Doubly Accelerated Federated Learning: The First Theoretically Successful Combination of Local Training and Communication Compression,Federated learning; local training; compression; communication; optimization,Provably Doubly Accelerated Federated Learning by Combining Local Training and Communication Compression,"In federated learning, a large number of users collaborate to learn a global model. They alternate local computations and two-way communication with a distant server. Communication, which can be slow and costly, is the main bottleneck in this setting. To reduce the communication load and therefore accelerate distributed gradient descent, two strategies are popular: 1) communicate less frequently; that is, perform several iterations of local computations between the communication rounds; and 2) communicate compressed information instead of full-dimensional vectors. We propose the first algorithm for distributed optimization and federated learning, which harnesses these two strategies jointly and converges linearly to an exact solution in the strongly convex setting, with a doubly accelerated rate: our algorithm benefits from the two acceleration mechanisms provided by local training and compression, namely a better dependency on the condition number of the functions and on the dimension of the model, respectively.",None
https://openreview.net/forum?id=FNq3nIvP4F,SEINE: Short-to-Long Video Diffusion Model for Generative Transition and Prediction,generative model; video generation; diffusion model,None,"Recently video generation has achieved substantial progress with realistic results. Nevertheless, existing AI-generated videos are usually very short clips (""shot-level'') depicting a single scene. To deliver a coherent long video (""story-level''), it is desirable to have creative transition and prediction effects across different clips. This paper presents a short-to-long video diffusion model, SEINE, that focuses on generative transition and prediction. The goal is to generate high-quality long videos with smooth and creative transitions between scenes and varying lengths of shot-level videos. Specifically, we propose a random-mask video diffusion model to automatically generate transitions based on textual descriptions. By providing the images of different scenes as inputs, combined with text-based control, our model generates transition videos that ensure coherence and visual quality. Furthermore, the model can be readily extended to various tasks such as image-to-video animation and autoregressive video prediction. To conduct a comprehensive evaluation of this new generative task, we propose three assessing criteria for smooth and creative transition: temporal consistency, semantic similarity, and video-text semantic alignment. Extensive experiments validate the effectiveness of our approach over existing methods for generative transition and prediction, enabling the creation of story-level long videos.",None
https://openreview.net/forum?id=FvqGxAyCpi,Customizing Global Model for Diverse Target Distributions in Federated Learning,federated learning; self-supervised learning,None,"Federated learning (FL) is a privacy-preserving approach to train a global model on decentralized data. Most existing FL algorithms optimize the global model by minimizing the average loss among clients, aiming to perform well on commonly assumed uniform target data distribution. In practice, though, the need often arises for a tailored model to excel on its specific unlabeled target dataset with arbitrary distribution. The misalignment of the assumed and actual target distribution violates the plausible uniform assumption and thus undermines the effectiveness of vanilla FL methods. To fill this gap, we propose FedSSA, a self-supervised aggregation method capable of training a specific global model for specific target data. FedSSA leverages the target dataset on the server side to dynamically learn aggregation weights for local models in a self-supervised manner. These aggregation weights are iteratively adjusted to promote transformation-invariant.
With extensive qualitative and quantitative experiments, we demonstrate that FedSSA consistently outperforms 12 classical baselines across multiple datasets, heterogeneity scenarios and different target distributions. Furthermore, we showcase the plug-and-play property of FedSSA by combining it with various FL methods.",None
https://openreview.net/forum?id=FiQRgzKl64,Mixture-of-Supernets: Improving Weight-Sharing Supernet Training with Architecture-Routed Mixture-of-Experts,Neural architecture search; Supernet; Machine Translation; Language models,None,"Weight-sharing supernet has become a vital component for performance estimation in the state-of-the-art (SOTA) neural architecture search (NAS) frameworks. Although supernet can directly generate different subnetworks without retraining, there is no guarantee for the quality of these subnetworks because of weight sharing. In NLP tasks such as machine translation and pre-trained language modeling, we observe that given the same model architecture, there is a large performance gap between supernet and training from scratch. Hence, supernet cannot be directly used and retraining is necessary after finding the optimal architectures. 

In this work, we propose mixture-of-supernets, a generalized supernet formulation where mixture-of-experts (MoE) is adopted to enhance the expressive power of the supernet model, with negligible training overhead. In this way, different subnetworks do not share the model weights directly, but do so indirectly through an architecture-based routing mechanism. As a result, model weights of different subnetworks are customized towards their specific architectures and the weight generation is learned by gradient descent. Compared to existing weight-sharing supernet for NLP, our method can minimize the retraining time, greatly improving training efficiency. In addition, the proposed method achieves the SOTA performance in NAS for building fast machine translation models, yielding better latency-BLEU tradeoff compared to HAT, the state-of-the-art NAS for MT. We also achieve the SOTA performance in NAS for building memory-efficient task-agnostic BERT models, outperforming NAS-BERT and AutoDistil in various model sizes.",None
https://openreview.net/forum?id=5KcFkhEj4x,In Search of the Long-Tail: Systematic Generation of Long-Tail Knowledge via Logical Rule Induced Search,long-tail; evaluation; generation; large language model; symbolic rule; reasoning,We propose a framework that systematically generates long-tail knowledge statements for evaluating large language models' performance on the long-tail distribution..,"Since large language models (LLMs) have approached human-level performance on many tasks, it has become increasingly harder for researchers to find tasks that are still challenging to the models. Failure cases usually come from the long-tail distribution -- data to which an oracle language model could assign a probability on the lower end of its distribution. Systematically finding evaluation data in the long-tail distribution is important, but current methodology such as prompt engineering or crowdsourcing are insufficient because coming up with long-tail examples is also hard for humans due to our cognitive bias. In this paper, we propose a Logic-Induced-Knowledge-Search (LINK) framework for systematically generating long-tail knowledge statements. Grounded by a symbolic logic rule, we search for long-tail values for each variable of the rule by first prompting a large language model, then verifying the correctness of the values with a critic, and lastly pushing for the long-tail distribution with a reranker. Using this framework we construct a dataset, Logic-Induced-Long-Tail (LINT [https://doi.org/10.5281/zenodo.8384878]), consisting of 200 symbolic rules and 40K knowledge statements spanning across four different domains. Human annotations find that 89% of the statements in LINT are factually correct. In contrast, ChatGPT and GPT4 struggle with directly generating long-tail statements under the guidance of logic rules, each only getting 61% and 79% of their statements correct. Moreover, their ``long-tail"" generations in fact fall into the higher likelihood range, and thus are not really long-tail. Our findings suggest that LINK is effective for generating data in the long-tail distribution while enforcing quality. To demonstrate how the community can utilize LINT for systematically evaluating LLMs' capabilities in the long-tail distribution, we challenge the models with a simple entailment classification task using samples from LINT. We find that ChatGPT and GPT4 performances drop by 2% and 4% when reasoning on long-tail knowledge statements compared to on head distribution statements. We hope our work can inspire future research on generating evaluation data in the long-tail distribution.",None
https://openreview.net/forum?id=P2Fjm0nIit,NeRF Compression via Transform Coding,NeRF; neural compression; transform coding; neural rendering,None,"Neural Radiance Fields (NeRFs) have emerged as powerful tools for capturing detailed 3D scenes through continuous volumetric representations. Recent NeRFs utilize feature grids to improve rendering quality and speed; however, these representations introduce significant storage overhead. This paper presents a novel method for efficiently compressing a grid-based NeRF model. Our approach is based on the non-linear transform coding paradigm, where we compress the model's feature grids using end-to-end optimized neural compression. Since these neural compressors are overfitted to individual scenes, we develop lightweight decoders and encoder-free compression. To exploit the spatial inhomogeneity of the latent feature grids, we introduce an importance-weighted rate-distortion objective and a sparse entropy model using a masking mechanism. Our experimental results validate that our proposed method surpasses existing works in terms of grid-based NeRF compression efficacy and reconstruction quality.",None
https://openreview.net/forum?id=XcwHDoKvVg,Learning from Shortcut: A Shortcut-guided Approach for Graph Rationalization,graph rationalization; shortcut learning,None,"The remarkable success in graph neural networks (GNNs) promotes the Graph Rationalization methods that aim to provide explanations to support the prediction results by identifying a small subset of the original graph (i.e., rationale). Although existing methods have achieved promising results, recent studies have proved that these methods still suffer from  exploiting shortcuts in the data to yield task results and compose rationales. Different from previous methods plagued by shortcuts, in this paper, we propose a Shortcut-guided Graph Rationalization (SGR) method, which identifies rationales by learning from shortcuts. Specifically, SGR consists of two training stages. In the first stage, we train a shortcut guider with an early stop strategy to obtain shortcut information. During the second stage, SGR separates the graph into the rationale and non-rationale subgraphs and lets them learn from the shortcut information generated by the frozen shortcut guider to identify which information belongs to shortcuts and which does not. Finally, we employ the non-rationale subgraphs as environments and identify the invariant rationales which filter out the shortcuts under environment shifts. Extensive experimental results on both synthetic and real-world datasets clearly validate the effectiveness of our proposed method.",None
https://openreview.net/forum?id=vEEWhGjx0M,Adversarial Attacks on Combinatorial Multi-Armed Bandits,Adversairal attacks; combinatorial bandit; online learning,None,"We study reward poisoning attacks on Combinatorial Multi-armed Bandits (CMAB). We first provide a sufficient and necessary condition for the attackability of CMAB, which depends on the intrinsic properties of the corresponding CMAB instance such as the reward distributions of super arms and outcome distributions of base arms. Additionally, we devise an attack algorithm for attackable CMAB instances. Contrary to prior understanding of multi-armed bandits, our work reveals a surprising fact that the attackability of a specific CMAB instance also depends on whether the bandit instance is known or unknown to the adversary. This finding indicates that adversarial attacks on CMAB are difficult in practice and a general attack strategy for any CMAB instance does not exist since the environment is mostly unknown to the adversary. We validate our theoretical findings via extensive experiments on real-world CMAB applications including probabilistic maximum covering problem, online minimum spanning tree,  cascading bandits for online ranking, and online shortest path.",None
https://openreview.net/forum?id=qDdSRaOiyb,Explaining Time Series via Contrastive and Locally Sparse Perturbations,time series; explainability; perturbation,A novel perturbation-based method for time series explanation,"Explaining multivariate time series is a compound challenge, as it requires identifying important locations in the time series and matching complex temporal patterns.
Although previous saliency-based methods addressed the challenges,
their perturbation may not alleviate the distribution shift issue, which is inevitable especially in heterogeneous samples.
We present ContraLSP, a locally sparse model that introduces counterfactual samples to build uninformative perturbations but keeps distribution using contrastive learning.
Furthermore, we incorporate sample-specific sparse gates to generate more binary-skewed and smooth masks, which easily integrate temporal trends and select the salient features parsimoniously.
Empirical studies on both synthetic and real-world datasets show that ContraLSP outperforms state-of-the-art models, demonstrating a substantial improvement in explanation quality for time series data.
The source code is available at \url{https://github.com/zichuan-liu/ContraLSP}.",None
https://openreview.net/forum?id=CThn4xaLDT,E(3) Equivariant Scalar Interaction Network,Equivariant Neural Network; Machine learning for Science; Lie group,"We propose an equivariant neural network, Scalar Interaction Network (SiNet)","Equivariant Graph Neural Networks have demonstrated exceptional performance in modeling geometric data frequently observed in natural science research. The fundamental component of such models is the equivariant operation, which involves operations such as tensor product and scalarization. We present a conceptual framework that unifies the equivariant operations via equivariant basis decomposition. Within this framework, we generalize the idea of replacing the equivariant basis with input features to design efficient equivariant operations capable of modeling different type-$l$ features. To implement this, we propose Scalar Interaction and design an equivariant network, Scalar Interaction Network (SINet), with it. SINet's efficacy extends to efficiently mapping high type-$l$ features while maintaining a complexity $O(L^2)$ with the maximum $L$, representing a significant improvement over the $O(L^6)$ of tensor-product methods.
Empirical results demonstrate SINet's capability to model complex quantum systems with high precision and computational efficiency. Its performance is competitive with current state-of-the-art methods in the field, showcasing its potential to advance the modeling of geometric data. This work highlights the potential of scalar interaction as an building block for constructing equivariant networks and opens up new avenues for future exploration in these vital fields.",None
https://openreview.net/forum?id=nATTIkte9f,LMO-DP: Accurately Fine-Tuning Language Models with Stronger Differential Privacy,Differential Privacy; Natural Language Processing; Fine-tuning,None,"Differentially Private Stochastic Gradient Descent (DP-SGD) and its variants have been proposed to ensure rigorous privacy for fine-tuning large-scale pre-trained language models. State-of-the-art (SOTA) DP-SGD methods rely heavily on the Gaussian mechanism since its key component – moment accountant (MA) leverages the properties of Gaussian noise to accumulate the overall privacy budget via tight DP composition. However, the privacy constraints imposed in DP-SGD, solely on the Gaussian noise, may still overly perturb the gradients and degrade the fine-tuning accuracy, especially in stronger privacy regimes (e.g., the total privacy budget $\epsilon < 3$). To address such limitations, we propose a novel Language Model-based Optimal Differential Privacy (LMO-DP) framework, which takes the first step to enable the tight composition of a sub-optimal DP mechanism (non-Gaussian) for accurately fine-tuning language models, even in stronger privacy regimes (e.g., $0.5 \leq \epsilon < 3$). Furthermore, LMO-DP efficiently approximates the sub-optimal DP and fast convergence, compared to the SOTA methods. For instance, fine-tuning RoBERTa-large (with 300M parameters) on the SST-2 dataset can achieve the 92.20% accuracy (given the total privacy budgets $\epsilon = 0.3$ and $\delta = 0$), compared with the ∼50% accuracy of most SOTA methods. We also draw similar findings on text generation tasks while privately fine-tuning GPT-2.",None
https://openreview.net/forum?id=NX0eNGXezp,Semi-HyperGraph Benchmark: Enhancing Flexibility of Hypergraph Learning with Datasets and Benchmarks,Graph Neural Networks; Hypergraph Learning; Datasets and Benchmarks,"We introduce a useful and flexible extension of hypergraphs by including simple edges, and present the Semi-HyperGraph Benchmark (SHGB), a collection of datasets combining hypergraphs and simple edges, with an extensible evaluation framework.","Graphs are widely used to encapsulate a variety of data formats, but real-world networks often involve complex node relations beyond only being pairwise. While hypergraphs have been developed and employed to account for the complex node relations, they reduce the flexibility of machine learning systems by totally disregarding simple edges, which to some extent leads to a drop in performance. Additionally, Graph Neural Networks (GNNs) research are normally separated into simple graphs and hypergraphs, and these two classes of methods tend not to interchange. Therefore, there is a need for a more flexible benchmark that allows GNNs to employ both simple edge and hyperedge information. In this paper, we present the *Semi-HyperGraph Benchmark (SHGB)*, a collection of comprehensive datasets combining hypergraphs and simple edges, with an accessible evaluation framework to fully understand the performance of GNNs on complex graphs. SHGB contains 23 real-world hypergraph datasets with simple edges included, across various domains such as biology, social media, and e-commerce. Furthermore, we provide an extensible evaluation framework and a supporting codebase to facilitate the training and evaluation of GNNs on SHGB. Our empirical study of existing GNNs on SHGB reveals various research opportunities and gaps, including (1) evaluating the actual performance improvement of hypergraph GNNs over simple graph GNNs; (2) comparing the impact of different sampling strategies on hypergraph learning methods; and (3) exploring ways to integrate simple edge and hyperedge information. We make our source code and full datasets publicly available at https://anonymous-url/.",None
https://openreview.net/forum?id=vg31nvdrzF,Small Visual Language Models can also be Open-Ended Few-Shot Learners,multimodal few-shot learning; visual language models; self-supervised learning; in-context learning,"We present Self-Context Adaptation (SeCAt), a self-supervised approach for equipping small visual language models with in-context learning abilities, to perform open-ended few-shot learning.","We present Self-Context Adaptation (SeCAt), a self-supervised approach that unlocks open-ended few-shot abilities of small visual language models. Our proposed adaptation algorithm explicitly learns from symbolic, yet self-supervised training tasks. Specifically, our approach imitates image captions in a self-supervised way based on clustering a large pool of images followed by assigning semantically-unrelated names to clusters. By doing so, we construct the `self-context', a training signal consisting of interleaved sequences of image and pseudo-caption pairs and a query image for which the model is trained to produce the right pseudo-caption. We demonstrate the performance and flexibility of SeCAt on several multimodal few-shot datasets, spanning various granularities. By using models with approximately 1B parameters we outperform the few-shot abilities of much larger models, such as Frozen and FROMAGe. SeCAt opens new possibilities for research in open-ended few-shot learning that otherwise requires access to large or proprietary models.",None
https://openreview.net/forum?id=G2Lnqs4eMJ,Optimal Neural Network Approximation for High-Dimensional Continuous Functions,Neural Network Optimizations; KA representation; Elementary Superexpressive Activations,None,"The original version of the Kolmogorov-Arnold representation theorem states
that for any continuous function $f : [0, 1]^d \rightarrow \mathbb{R}$, there exist $(d+1)(2d+1)$ univariate continuous functions such that $f$ can be expressed as product and linear combinations of them. So one can use this representation to find the optimum size of a neural network to approximate $f$. Now the important question is to check how does the size of the neural network depends on $d$.  It is proved that function space generated by special class of activation function called EUAF (elementary universal activation function), with $\mathcal{O}(d^2)$ neurons is dense in $C([a, b]^d)$ with 11 hidden layers.  In this paper we provide classes of $d$-variate functions for which the optimized neural networks will have $\mathcal{O}(d)$ number of neurons with elementary superexpressive activation function defined by Yarotsky. We provide a new construction of neural network of $\mathcal{O}(d)$ neuron size to approximate $d$-variate continuous functions of certain classes. We also prove that the size $\mathcal{O}(d)$ is optimal in those cases.",None
https://openreview.net/forum?id=qhAx0fU9YE,When Does Bias Transfer in Transfer Learning?,fine-tuning; pre-training; inductive bias; transfer learning,"In this work, we explore the phenomenon of ""bias transfer"", or the tendency for biases of the source model to persist even after adapting the model to the target dataset.","Using transfer learning to adapt a pre-trained ""source model"" to a downstream ""target task"" can dramatically increase performance with seemingly no downside. In this work, we demonstrate that there can exist a downside after all: bias transfer, or the tendency for biases of the source model to persist even after adapting the model to the target dataset. Through a combination of synthetic and natural experiments, we show that bias transfer both (a) arises in realistic settings (such as when pre-training on ImageNet or other standard datasets) and (b) can occur even when the target dataset is explicitly de-biased. As transfer-learned models are increasingly deployed in the real world, our work highlights the importance of understanding the limitations of pre-trained source models.",None
https://openreview.net/forum?id=nkUQPOwYy0,Fast Multipole Attention: A Divide-and-Conquer Attention Mechanism for Long Sequences,Neural Networks; Natural Language Processing; Transformer; Attention; Language Model,None,"Transformer-based models have achieved state-of-the-art performance in many areas. However, the quadratic complexity of self-attention  with respect to the input length hinders the applicability of Transformer-based models to long sequences.
To address this, we present Fast Multipole Attention, a new attention mechanism that uses a divide-and-conquer strategy to reduce the time and memory complexity of attention for sequences of length $n$ from $\mathcal{O}(n^2)$ to 
$\mathcal{O}(n \log n)$ or
$O(n)$, while retaining a global receptive field. 
The hierarchical approach groups queries, keys, and values into $\mathcal{O}( \log n)$ levels of resolution, where groups at greater distance are increasingly larger in size and the weights to compute group quantities are learned. As such, interaction between tokens far from each other is considered in lower resolution in an efficient hierarchical manner. The overall complexity of Fast Multipole Attention is $\mathcal{O}(n \log n)$ or $\mathcal{O}(n)$, depending on whether the queries are down-sampled or not.
This multi-level divide-and-conquer strategy is inspired by fast summation methods from $n$-body physics and the Fast Multipole Method.
We perform evaluation on autoregressive and bidirectional language modeling tasks by comparing our Fast Multipole Attention model with other efficient attention variants on medium-size datasets.
We find empirically that the Fast Multipole Transformer performs much better than other efficient transformers in terms of memory size and accuracy.
The Fast Multipole Attention mechanism has the potential to empower large language models with much greater sequence lengths, taking the full context into account in an efficient, naturally hierarchical manner during training and when generating long sequences.",None
https://openreview.net/forum?id=wxClzZdjqP,LLM4GCL: CAN LARGE LANGUAGE MODEL EM-POWER GRAPH CONTRASTIVE LEARNING?,GNN; Graph Contrastive Learning; LLM,This paper explores several feasible pipelines that utilize LLM to enhance the performance of GCL,"Graph contrastive learning (GCL) has made significant strides in pre-training graph neural networks (GNNs) without requiring human annotations. Previous GCL efforts have primarily concentrated on augmenting graphs, assuming the node features are pre-embedded. However, many real-world graphs contain textual node attributes (e.g., citation network), known as text-attributed graphs (TAGs). The existing GCL methods often simply convert the textual attributes into numerical features using shallow or heuristic methods like skip-gram and bag-of-words, which cannot capture the semantic nuances and general knowledge embedded in natural language. Motivated by the exceptional capabilities of large language models (LLMs), like ChatGPT, in comprehending text, in this work, we delve into the realm of GCL on TAGs in the era of LLMs, which we term LLM4GCL. We explore two potential pipelines: \textit{LLM-as-GraphAugmentor} and \textit{LLM-as-TextEncoder}. The former aims to directly leverage LLMs to conduct augmentations at the feature and structure levels through prompts. The latter attempts to employ LLMs to encode nodes' textual attributes into embedding vectors. Building on these two pipelines, we conduct comprehensive and systematic studies on six benchmark datasets, exploring various feasible designs. The results show the promise of LLM4GCL in enhancing the performance of state-of-the-art GCL methods. Our code and dataset will be publicly released upon acceptance.",None
https://openreview.net/forum?id=VJvbOSXRUq,GNNX-BENCH: Unravelling the Utility of Perturbation-based GNN Explainers through In-depth Benchmarking,graph neural network explanations; factual explanations; counterfactual explanations,None,"Numerous explainability methods have been proposed to shed light on the inner workings of GNNs. Despite the inclusion of empirical evaluations in all the proposed algorithms, the interrogative aspects of these evaluations lack diversity. As a result, various facets of explainability pertaining to GNNs, such as a comparative analysis of counterfactual reasoners, their stability to variational factors such as different GNN architectures, noise, stochasticity in non-convex loss surfaces, feasibility amidst domain constraints, and so forth, have yet to be formally investigated. Motivated by this need, we present a benchmarking study on perturbation-based explainability methods for GNNs, aiming to systematically evaluate and compare a wide range of explainability techniques. Among the key findings of our study, we identify the Pareto-optimal methods that exhibit superior efficacy and stability in the presence of noise. Nonetheless, our study reveals that
all algorithms are affected by stability issues when faced with noisy data. Furthermore, we have established that the current generation of counterfactual explainers often fails to provide feasible recourses due to violations of topological constraints encoded by domain-specific considerations. Overall, this benchmarking study empowers stakeholders in the field of GNNs with a comprehensive understanding of the state-of-the-art explainability methods, potential research problems for further enhancement, and the implications of their application in real-world scenarios.",None
https://openreview.net/forum?id=kNGxg8shA1,Noise Robust Graph Learning under Feature-Dependent Graph-Noise,Graph Neural Networks; Robust Graph Neural Networks; Graph Noise,None,"In real-world scenarios, node features frequently exhibit noise due to various factors, making GNNs vulnerable. Various methods enhance robustness, but they make an unrealistic assumption that the noise in node features is independent of the graph structure of node labels, restricting their practicality. To this end, we introduce more realistic noise scenario, called feature-dependent graph-noise (FDGN), where noisy node features may entail both structure and label noise, and propose a generative model to capture these causal relationships. Our proposed method, PRINGLE, outperforms baselines on commonly used benchmark datasets and newly introduced real-world graph datasets that simulate FDGN in e-commerce systems.",None
https://openreview.net/forum?id=jrm33chK71,Few and Fewer: Learning Better from Few Examples Using Fewer Base Classes,Few-Shot Learning; Transfer Learning; Data-centric,We improve few-shot classification performance by finetuning on selected subsets of the base dataset or by selecting in a static library of specialist features extractors.,"When training data is scarce, it is common to make use of a feature extractor that has been pre-trained on a large “base” dataset, either by fine-tuning its parameters on the “target” dataset or by directly adopting its representation as features for a simple classifier. Fine-tuning is ineffective for few-shot learning, since the target dataset contains only a handful of examples. However, directly adopting the features without fine-tuning relies on the distribution of the base dataset being similar enough to that of the target dataset in order to achieve separability and generalization. This paper investigates whether better features for the target dataset can be obtained by training on fewer base classes, in an effort to bring the distribution of the base dataset closer to that of the target dataset. We consider cross-domain few-shot image classification in eight different domains from Meta-Dataset and entertain multiple real-world settings (domain-informed, task-informed and uninformed) where progressively less detail is known about the target task. To our knowledge, this is the first demonstration that fine-tuning on a subset of carefully selected base classes can significantly improve few-shot learning. Our contributions are simple and intuitive methods that can be implemented in any few-shot solution. We also give insights into the conditions in which these solutions are likely to provide a boost in accuracy. We release the code to reproduce all experiments from this paper on GitHub. https://anonymous.4open.science/r/Few-and-Fewer-C978",None
https://openreview.net/forum?id=bQNiz6aid0,Quantum sequential scattering model for quantum state learning,quantum neural networks; quantum state learning; quantum computing; quantum machine learning; quantum optimization,None,"Learning probability distribution is an essential framework in classical learning theory. As a counterpart, quantum state learning has spurred the exploration of quantum machine learning theory. However, as dimensionality increases, learning a high-dimensional unknown quantum state via conventional quantum neural network approaches remains challenging due to trainability issues. In this work, we devise the quantum sequential scattering model (QSSM), inspired by the classical diffusion model, to overcome this scalability issue. Training of our model could effectively circumvent the vanishing gradient problem to a large class of high-dimensional target states possessing polynomial-scaled Schmidt ranks. Theoretical analysis and numerical experiments provide evidence for our model's effectiveness in learning both physical and algorithmic meaningful quantum states and show an out-performance beating the conventional approaches in training speed and learning accuracy. Our work has indicated that an increasing entanglement, a property of quantum states, in the target states, necessitates a larger scaled model, which could reduce our model's learning performance and efficiency.",None
https://openreview.net/forum?id=4Ay23yeuz0,Mixed-Type Tabular Data Synthesis with Score-based Diffusion in Latent Space,Tabular data; tabular generation; diffusion models,None,"Recent advances in tabular data generation have greatly enhanced synthetic data quality. However, extending diffusion models to tabular data is challenging due to the intricately varied distributions and a blend of data types of tabular data. This paper introduces TabSyn, a methodology that synthesizes tabular data by leveraging a diffusion model within a variational autoencoder (VAE) crafted latent space. The key advantages of the proposed Tabsyn include (1) Generality: the ability to handle a broad spectrum of data types by converting them into a single unified space and explicitly capturing inter-column relations; (2) Quality: optimizing the distribution of latent embeddings to enhance the subsequent training of diffusion models, which helps generate high-quality synthetic data; (3) Speed: much fewer number of reverse steps and faster synthesis speed than existing diffusion-based methods. Extensive experiments on six datasets with five metrics demonstrate that Tabsyn outperforms existing methods. Specifically, it reduces the error rates by 86% and 67% for column-wise distribution and pair-wise column correlation estimations compared with the most competitive baselines. The code has been made available at https://github.com/amazon-science/tabsyn.",None
https://openreview.net/forum?id=o8tjamaJ80,Adversarial AutoMixup,Data Augmentation; Mixup; Image Classification,None,"Data mixing augmentation has been widely applied to improve the generalization ability of deep neural networks. Recently, offline data mixing augmentation, e.g. handcrafted and saliency information-based mixup, has been gradually replaced by automatic mixing approaches. Through minimizing two sub-tasks, namely, mixed sample generation and mixup classification in an end-to-end way, AutoMix significantly improves accuracy on image classification tasks. However, as the optimization objective is consistent for the two sub-tasks, this approach is prone to generating consistent instead of diverse mixed samples, which results in overfitting for target task training. In this paper, we propose AdAutomixup, an adversarial automatic mixup augmentation approach that generates challenging samples to train a robust classifier for image classification, by alternatively optimizing the classifier and the mixup sample generator. AdAutomixup comprises two modules, a mixed example generator, and a target classifier. The mixed sample generator aims to produce hard mixed examples to challenge the target classifier, while the target classifier's aim is to learn robust features from hard mixed examples to improve generalization. To prevent the collapse of the inherent meanings of images, we further introduce an exponential moving average (EMA) teacher and cosine similarity to train AdAutomixup in an end-to-end way. Extensive experiments on seven image benchmarks consistently prove that our approach outperforms the state of the art in various classification scenarios. The source code is available at 
https://github.com/JinXins/Adversarial-AutoMixup.",None
https://openreview.net/forum?id=pBxeZ6pVUD,Grounded Object-Centric Learning,object-centric representation learning; the binding problem; the grounding problem; slot attention,We propose conditional slot attention model to learn specialized slots which bind to specific object types and remain invariant to identity-preserving changes in object appearance.,"The extraction of object-centric representations for downstream tasks is an emerging area of research. Learning grounded representations of objects that are guaranteed to be stable and invariant promises robust performance across different tasks and environments. Slot Attention (SA) learns object-centric representations by assigning objects to *slots*, but presupposes a *single* distribution from which all slots are randomly initialised. This results in an inability to learn *specialized* slots which bind to specific object types and remain invariant to identity-preserving changes in object appearance. To address this, we present *Conditional Slot Attention* (CoSA) using a novel concept of *Grounded Slot Dictionary* (GSD) inspired by vector quantization. Our proposed GSD comprises (i) canonical object-level property vectors and (ii) parametric Gaussian distributions, which define a prior over the slots. We demonstrate the benefits of our method in multiple downstream tasks such as scene generation, composition, and task adaptation, whilst remaining competitive with SA in object discovery.",None
https://openreview.net/forum?id=KEpR8hFzvO,Harnessing the Power of Neural Operators with Automatically Encoded Conservation Laws,Hidden Physics; Generalizability; Scientific Machine Learning,None,"Neural operators (NOs) have emerged as effective tools for modeling complex physical systems in scientific machine learning. In NOs, a central characteristic is to learn the governing physical laws directly from data. In contrast to other machine learning applications, partial knowledge is often known a priori about the physical system at hand whereby quantities such as mass, energy and momentum are exactly conserved. Currently, NOs have to learn these conservation laws from data and can only approximately satisfy them due to finite training data and random noise. In this work, we introduce conservation law-encoded neural operators (clawNOs), a suite of NOs that endow inference with automatic satisfaction of such conservation laws. ClawNOs are built with a divergence-free prediction of the solution field, with which the continuity equation is automatically guaranteed. As a consequence, clawNOs are compliant with the most fundamental and ubiquitous conservation laws essential for correct physical consistency. As demonstrations, we consider a wide variety of scientific applications ranging from constitutive modeling of material deformation, incompressible fluid dynamics, to atmospheric simulation. ClawNOs significantly outperform the state-of-the-art NOs in both accuracy and generalizability, especially in small-data regimes and long-term prediction.",None
https://openreview.net/forum?id=htEL8LrrVe,Communication Bounds for the Distributed Experts Problem,Online Learning; Communication Bounds; Distributed Expert Problem; Bandit Learning,Towards optimal communication bounds for the distributed expert problem under various scenarios,"In this work, we study the experts problem in the distributed setting where an expert's cost needs to be aggregated across multiple servers. Our study considers various communication models such as the message-passing model and the broadcast model, along with multiple aggregation functions, such as summing and taking the maximum of an expert's cost across servers. We propose the first communication-efficient protocols that achieve near-optimal regret in these settings, even against a strong adversary who can choose the inputs adaptively. Additionally, we give a lower bound showing that the communication of our protocols is nearly optimal. Finally, we implement our protocols and demonstrate empirical savings on real-world benchmarks.",None
https://openreview.net/forum?id=c8UABqZfld,Spatial Matching Loss Function for Mass Segmentation on Whole Mammography Images,Mass Segmentation; Mammography; AU-Net; Loss Function; Spatial Matching Loss,New framework for calculating loss for mass segmentation to incorporate higher level spatial information in the loss.,"Breast cancer is one of the cancer types with a high mortality rate among women, and mammography is one of the primary means to improve the identification of breast cancer. Deep-learning-based approaches are among the pioneering methods for mass segmentation in mammography images; in this category of methods, the loss function is one of the core elements. Most of the proposed losses aim to measure pixel-level similarities. While the hard-coded location information is provided in these losses, they mostly neglect to consider higher-level information such as relative distance, sizes, and quantities, which are important for mass segmentation. Motivated by this observation, in this paper we propose a framework for loss calculation in mass segmentation for mammography images that incorporates the higher-level spatial information in the loss by spatial matching between the prediction and the ground truth masks while calculating the loss. The proposed loss calculation framework is termed Spatial Matching (SM) loss. Instead of only calculating the loss over the entire masks that captures the similarity of the segmentation and the ground truth only at the pixel level, SM loss also compares the two in cells in a grid that enables the loss to measure higher-level similarities in the locations, sizes, and quantities. The grid size is selected according to each sample, which enables the method to consider the variation in mass sizes. In this study, Binary Cross Entropy (BCE) and Tversky are used as the core loss in experiments for the SM loss. AU-Net is selected as the baseline approach. We tested our method on the INbreast dataset. The results of our experiments show a significant boost in the performance of the baseline method while outperforming state-of-the-art mass segmentation methods.",None
https://openreview.net/forum?id=Ts95eXsPBc,Spatially-Aware Transformers for Embodied Agents,Episodic Memory; Spatial Inference; Prediction; Generation; Reinforcement Learning,"We propose a transformer-based episodic memory model, the Spatially-Aware Episodic Transformer, that incorporates both temporal and spatial dimensions to improve memory utilization and downstream task accuracy.","Episodic memory plays a crucial role in various cognitive processes, such as the ability to mentally recall past events. While cognitive science emphasizes the significance of spatial context in the formation and retrieval of episodic memory, the current primary approach to implementing episodic memory in AI systems is through transformers that store temporally ordered experiences, which overlooks the spatial dimension. As a result, it is unclear how the underlying structure could be extended to incorporate the spatial axis beyond temporal order alone and thereby what benefits can be obtained. To address this, this paper explores the use of Spatially-Aware Transformer models that incorporate spatial information. These models enable the creation of place-centric episodic memory that considers both temporal and spatial dimensions. Adopting this approach, we demonstrate that memory utilization efficiency can be improved, leading to enhanced accuracy in various place-centric downstream tasks. Additionally, we propose the Adaptive Memory Allocator, a memory management method based on reinforcement learning that aims to optimize efficiency of memory utilization. Our experiments demonstrate the advantages of our proposed model in various environments and across multiple downstream tasks, including prediction, generation, reasoning, and reinforcement learning. The source code for our models and experiments will be available at \href{https://github.com/spatially_aware_transformer}{https://github.com/spatially_aware_transformer}.",None
https://openreview.net/forum?id=3GDKJSQnW2,Pivotal Prompt Tuning for Video Dynamic Editing,Video Editing; Multi-modal video generation; Prompt Analysis; Diffusion model,This paper proposes video editing framework that performs dynamic motion editing via pivotal prompt tuning.,"Text-conditioned image editing has recently provided high-quality edits on images based on diffusion frameworks. Unfortunately, this success did not carry over to video editing, which continues to be challenging. Video editing is limited to rigid editing such as object overlay and style transfer. This paper proposes pivotal dynamic editing (PDEdit) for performing spatial-temporal non-rigid video editing based only on the target text, which has never been attempted before. PDEdit is capable of changing the motion of an object/person in the video, either at a specific moment or throughout the video, while preserving the temporal consistency of edited motions and a high level of fidelity to the original input video. In contrast to previous works, the proposed method performs editing based only on the input video and target text. It does not require any other auxiliary inputs (e.g., object masks or source video captions). Based on the video diffusion model, PDEdit using the proposed prompt pivoting leverages the target text prompt for editing the input video. The quality and adaptability of the proposed method on numerous input videos from different domains show the proposed to be highly effective. It can produce high-fidelity video edits under a single unified PDEdit framework. The code for this work will be made publicly available.",None
https://openreview.net/forum?id=7U5QE9T4hI,Learning to Extrapolate and Adjust: Two-Stage Meta-Learning for Concept Drift in Online Time Series Forecasting,time series forecasting; concept drift; meta learning,"We propose a model-agnostic meta-learning framework to handle concept drift in time series forecasting, which consists of the extrapolation and adjustment modules to deal with two types of main concept drifts, i.e., macro- and micro-drift.","The non-stationary nature of time series data in many real-world applications makes accurate time series forecasting challenging. In this paper, we consider concept drift where the underlying distribution or environment of time series changes. We first classify concepts into two categories, macro-drift corresponding to stable and long-term changes and micro-drift referring to sudden or short-term changes. Next, we propose a unified meta-learning framework called LEAF (Learning to Extrapolate and Adjust for Forecasting). Specifically, an extrapolation module is first meta-learnt to track the dynamics of the prediction model in latent space and extrapolate to the future considering macro-drift.  Then an adjustment module incorporates meta-learnable surrogate loss to capture sample-specific micro-drift patterns. Through this two-stage framework, different types of concept drifts can be handled. In particular, LEAF is model-agnostic and can be applied to any deep prediction model. To further advance the research of concept drift on time series, we open source three electric load time series datasets collected from real-world scenarios, which exhibit diverse and typical concept drifts and are ideal benchmark datasets for further research. Extensive experiments on multiple datasets demonstrate the effectiveness of LEAF.",None
https://openreview.net/forum?id=xAqcJ9XoTf,On the Stability of Expressive Positional Encodings for Graphs,graph neural networks; positional encoding; stability,None,"Designing effective positional encodings for graphs is key to building powerful graph transformers and enhancing message-passing graph neural networks. Although widespread, using Laplacian eigenvectors as positional encodings faces two fundamental challenges: (1) *Non-uniqueness*: there are many different eigendecompositions of the same Laplacian, and (2) *Instability*: small perturbations to the Laplacian could result in completely different eigenspaces, leading to unpredictable changes in positional encoding.  Despite many attempts to address non-uniqueness, most methods overlook stability, leading to poor generalization on unseen graph structures. We identify the cause of instability to be the use of ""hard partition'' of eigenspaces. Hence, we introduce Stable and Expressive Positional Encodings (SPE), an architecture for processing eigenvectors that uses eigenvalues to ``softly partition'' eigenspaces. SPE is the first architecture that is (1) provably stable, and (2) universally expressive for basis invariant functions whilst respecting all symmetries of eigenvectors. Besides guaranteed stability, we prove that SPE is at least as expressive as existing methods, and highly capable of counting graph structures. Finally, we evaluate the effectiveness of our method on molecular property prediction, and out-of-distribution generalization tasks, finding improved generalization compared to existing positional encoding methods. Our code is available
at https://github.com/Graph-COM/SPE.",None
https://openreview.net/forum?id=THtX863Io2,Who SAID that? Benchmarking Social Media AI Detection,AI-generated text detection; benchmark; large language model,None,"AI-generated content (AIGC) has proliferated across various online platforms, offering both transformative prospects and posing significant risks related to misinformation and manipulation. Addressing these challenges, this paper introduces SAID (\underline{s}ocial media \underline{AI} \underline{d}etection), a novel benchmark developed to assess AIGC detection models' capabilities in realistic scenarios. It incorporates real AIGC data from popular social media platforms like Zhihu and Quora. Unlike existing benchmarks, SAID deals with content that reflects the sophisticated strategies employed by AIGCs on the Internet to evade detection or gain visibility, providing a more realistic and challenging evaluation landscape. A notable finding of our study, based on the Zhihu dataset, reveals that expert annotators can distinguish between AI-generated and human-generated texts with an average accuracy rate of 97\%. This finding necessitates a re-evaluation of human capability in recognizing AIGC in today’s widely AI-influenced environment. Furthermore, we present a new user-oriented AIGC detection challenge focusing on the practicality and effectiveness of identifying AIGC based on user information and answer content.",None
https://openreview.net/forum?id=sawjxRnVpF,Curvature-Informed SGD via General Purpose Lie-Group Preconditioners,Lie Group; Second Order Optimization; Optimization for Deep Learning,We use Lie Group curvature estimates to precondition the gradient for improved generalization of SGD,"We present a novel approach to accelerate stochastic gradient descent (SGD) by utilizing curvature information obtained from Hessian-vector products or finite differences of parameters and gradients, similar to the BFGS algorithm. Our approach involves two preconditioners: a matrix-free preconditioner and a low-rank approximation preconditioner. We update both preconditioners online using a criterion that is robust to stochastic gradient noise and does not require line search or damping. To preserve the corresponding symmetry or invariance, our preconditioners are constrained to certain connected Lie groups. The Lie group's equi-variance property simplifies the preconditioner fitting process, while its invariance property eliminates the need for damping, which is commonly required in second-order optimizers. As a result, the learning rate for parameter updating and the step size for preconditioner fitting are naturally normalized, and their default values work well in most scenarios. Our proposed approach offers a promising direction for improving the convergence of SGD with low computational overhead. We demonstrate that Preconditioned SGD (PSGD) outperforms SoTA on Vision, NLP, and RL tasks across multiple modern deep-learning architectures.",None
https://openreview.net/forum?id=dRel8fuUK4,Low-Cost High-Power Membership Inference by Boosting Relativity,Privacy Auditing; Information Leakage; Membership Infererence Attacks; Reference Models,None,"We present a membership inference attack game and design a novel attack (RMIA), which effectively leverages both reference models and population data in its likelihood ratio test. Our test amplifies the distinction between members and non-members relative to any target model. Our algorithm exhibits superior test power (true-positive rate) when compared to prior methods, even at extremely low false-positive error rates (as low as 0), and  dominates them throughout the TPR-FPR tradeoff curve. It also performs exceptionally well under challenging real-world constraints, where only a limited number of reference models (as few as 1) are available, where the prior attack results approach random guess. Our method lays the groundwork for cost-effective and practical yet powerful privacy risk analysis of machine learning algorithms.",None
https://openreview.net/forum?id=p5oXp5Kvq5,A Causal Ordering Prior for Unsupervised Representation Learning,latent causal ordering; ANM; identifiability results; representation learning,"We propose a causal representation learning method without any auxiliary data by promoting a causal ordering in the latent space, resulting in an improved identifiability class of the models.","Unsupervised representation learning with variational inference relies heavily on independence assumptions over latent variables. Causal representation learning (CRL), however, argues that factors of variation in a dataset are, in fact, causally related. Allowing latent variables to be correlated, as a consequence of causal relationships, is more realistic and generalisable. So far, provably identifiable methods rely on: auxiliary information, weak labels, and interventional or even counterfactual data. Inspired by causal discovery with functional causal models, we propose a fully unsupervised representation learning method that considers a data generation process with a latent additive noise model (ANM). We encourage the latent space to follow a causal ordering via loss function based on the Hessian of the latent distribution.",None
https://openreview.net/forum?id=HiTg16qhxp,Dynamic Neural Response Tuning,biological neuron; artificial neural network; information transmission; information aggregation; neural response; dynamic tuning; activation function; neural representation; neuronal,None,"Artificial Neural Networks (ANNs) have gained widespread applications across various areas in recent years. The ANN design was initially inspired by principles of biology. The biological neural network's fundamental response process comprises information transmission and aggregation. The information transmission in biological neurons is often achieved by triggering action potentials that propagate through axons. ANNs utilize activation mechanisms to simulate such biological behavior. However, previous studies have only considered static response conditions, while the biological neuron's response conditions are typically dynamic, depending on multiple factors such as neuronal properties and the real-time environment. Therefore, the dynamic response conditions of biological neurons could help improve the static ones of existing activations in ANNs. Additionally, the biological neuron's aggregated response exhibits high specificity for different categories, allowing the nervous system to differentiate and identify objects. Inspired by these biological patterns, we propose a novel Dynamic Neural Response Tuning (DNRT) mechanism, which aligns the response patterns of ANNs with those of biological neurons. DNRT comprises Response-Adaptive Activation (RAA) and Aggregated Response Regularization (ARR), mimicking the biological neuron's information transmission and aggregation behaviors. RAA dynamically adjusts the response condition based on the characteristics and strength of the input signal. ARR is devised to enhance the network's ability to learn category specificity by imposing constraints on the network's response distribution. Extensive experimental studies indicate that the proposed DNRT is highly interpretable, applicable to various mainstream network architectures, and can achieve remarkable performance compared with existing neural response mechanisms in multiple tasks and domains. Code is available at https://github.com/horrible-dong/DNRT.",None
https://openreview.net/forum?id=Let8OMe20n,Confidence-aware Reward Optimization for Fine-tuning Text-to-Image Models,text-to-image generation; overoptimization; confidence calibration,We explore the issue of reward overoptimization in text-to-image generation and propose a simple uncertainty estimation-based method for mitigating the risk.,"Fine-tuning text-to-image models with reward functions trained on human feedback data has proven effective for aligning model behavior with human intent. However, excessive optimization with such reward models, which serve as mere proxy objectives, can compromise the performance of fine-tuned models, a phenomenon known as reward overoptimization. To investigate this issue in depth, we introduce the Text-Image Alignment Assessment (TIA2) benchmark, which comprises a diverse collection of text prompts, images, and human annotations. Our evaluation of several state-of-the-art reward models on this benchmark reveals their frequent misalignment with human assessment. We empirically demonstrate that overoptimization occurs notably when a poorly aligned reward model is used as the fine-tuning objective. To address this, we propose TextNorm, a simple method that enhances alignment based on a measure of reward model confidence estimated across a set of semantically contrastive text prompts. We demonstrate that incorporating the confidence-calibrated rewards in fine-tuning effectively reduces overoptimization, resulting in twice as many wins in human evaluation for text-image alignment compared against the baseline reward models.",None
https://openreview.net/forum?id=VzPGV19Bnp,Enhancing Detail Preservation for Customized Text-to-Image Generation: A Regularization-Free Approach,Generative Model; Diffusion Model,None,"Recent text-to-image generation models have demonstrated impressive capability of generating text-aligned images with high fidelity. However, generating images of novel concepts specified by a reference image remains a challenging task. To address this problem, researchers have been exploring various methods for customizing pre-trained text-to-image generation models. Currently, most existing methods for customizing pre-trained text-to-image generation models involve the use of regularization techniques to prevent over-fitting. Although regularization will ease the challenge of customization and leads to successful content creation with respect to text guidance, it may restrict the model capability, resulting in the loss of detailed information and inferior performance. In this work, we propose ProFusion, a novel framework for customized text-to-image generation, which can tackle the over-fitting problem without the widely used regularization. Specifically, it consists of an encoder network and a novel sampling method. Given a single user-provided image from an arbitrary domain, the proposed framework can customize a pre-trained text-to-image generation model within half a minute. Empirical results demonstrate that our proposed framework outperforms existing methods.",None
https://openreview.net/forum?id=jvtmdK69KQ,Statistical Perspective of Top-K Sparse Softmax Gating Mixture of Experts,Mixture of Experts; Maximum Likelihood Estimation; Voronoi Loss Function,None,"Top-K sparse softmax gating mixture of experts has been widely used for scaling up massive deep-learning architectures without increasing the computational cost. Despite its popularity in real-world applications, the theoretical understanding of that gating function has remained an open problem. The main challenge comes from the structure of the top-K sparse softmax gating function, which partitions the input space into multiple regions with distinct behaviors. By focusing on a Gaussian mixture of experts, we establish theoretical results on the effects of the top-K sparse softmax gating function on both density and parameter estimations. Our results hinge upon defining novel loss functions among parameters to capture different behaviors of the input regions. When the true number of experts $k_{\ast}$ is known, we demonstrate that the convergence rates of density and parameter estimations are both parametric on the sample size. However, when $k_{\ast}$ becomes unknown and the true model is over-specified by a Gaussian mixture of $k$ experts where $k > k_{\ast}$, our findings suggest that the number of experts selected from the top-K sparse softmax gating function must exceed the total cardinality of a certain number of Voronoi cells associated with the true parameters to guarantee the convergence of the density estimation. Moreover, while the density estimation rate remains parametric under this setting, the parameter estimation rates become substantially slow due to an intrinsic interaction between the softmax gating and expert functions.",None
https://openreview.net/forum?id=xUzjizyzHg,DECap: Towards Generalized Explicit Caption Editing via Diffusion Mechanism,Explicit Caption Editing; Image Captioning; Diffusion Model,None,"Explicit Caption Editing (ECE) --- refining reference image captions through a sequence of explicit edit operations (e.g., KEEP, DETELE words) --- has raised significant attention due to its explainable and human-like nature. After training with carefully designed reference and ground-truth caption pairs, state-of-the-art ECE models exhibit limited generalization ability beyond the original training data distribution, i.e., they are tailored to refine content details only in in-domain samples but fail to correct errors in out-of-domain samples. To this end, we propose a new Diffusion-based Explicit Caption editing method: DECap. Specifically, we reformulate the ECE task as a denoising process under the diffusion mechanism, and introduce innovative edit-based noising and denoising processes. The noising process can help to eliminate the need for meticulous paired data selection by directly introducing word-level noises (i.e., random words) for model training, learning diverse distribution over input reference captions. The denoising process involves the explicit predictions of edit operations and corresponding content words, refining reference captions through iterative step-wise editing. To further improve the inference speed for caption editing, DECap discards the prevalent multi-stage design, and directly generates edit operations and content words simultaneously. Extensive experiments have demonstrated the strong generalization ability of DECap in various caption editing scenarios. More interestingly, it also shows great potential in improving both the quality and controllability of caption generation.",None
https://openreview.net/forum?id=SQGUDc9tC8,The Devil is in the Neurons: Interpreting and Mitigating Social Biases in Language Models,Interpretable social bias,None,"Pre-trained Language models (PLMs) have been acknowledged to contain harmful information, such as social biases, which may cause negative social impacts or even bring catastrophic results in application. Previous works on this problem mainly focused on using black-box methods such as probing to detect and quantify social biases in PLMs by observing model outputs. As a result, previous debiasing methods mainly finetune or even pre-train PLMs on newly constructed anti-stereotypical datasets, which are high-cost. In this work, we try to unveil the mystery of social bias inside language models by introducing the concept of {\sc Social Bias Neurons}. Specifically, we propose {\sc Integrated Gap Gradients (IG$^2$)} to accurately pinpoint units (i.e., neurons) in a language model that can be attributed to undesirable behavior, such as social bias.  By formalizing undesirable behavior as a distributional property of language, we employ sentiment-bearing prompts to elicit classes of sensitive words (demographics) correlated with such sentiments. Our IG$^2$ thus attributes the uneven distribution for different demographics to specific Social Bias Neurons, which track the trail of unwanted behavior inside PLM units to achieve interoperability. Moreover, derived from our interpretable technique, {\sc Bias Neuron Suppression (BNS)} is further proposed to mitigate social biases. By studying BERT, RoBERTa, and their attributable differences from debiased FairBERTa, IG$^2$ allows us to locate and suppress identified neurons, and further mitigate undesired behaviors. As measured by prior metrics from StereoSet, our model achieves a higher degree of fairness while maintaining language modeling ability with low cost\footnote{This work contains examples that potentially implicate stereotypes, associations, and other harms that could be offensive to individuals in certain social groups.}.",None
https://openreview.net/forum?id=xCawdgA8Qr,Leveraging Behavioral Cloning for Representation Alignment in Cross-Domain Policy Transfer,imitation learning; domain transfer; zero-shot transfer,We demonstrate that training a single multi-domain policy with behavioral cloning and MMD loss can effectively shape a domain-shared feature space for cross-domain transfer without online interaction.,"The limited transferability of learned policies is a major challenge that restricts the applicability of learning-based solutions in decision-making tasks. In this paper, we present a simple method for aligning latent state representations across different domains using unaligned trajectories of proxy tasks. Once the alignment process is completed, policies trained on the shared representation can be transferred to another domain without further interaction. Our key finding is that multi-domain behavioral cloning is a powerful means of shaping a shared latent space. We also observe that the commonly used domain discriminative objective for distribution matching can be overly restrictive, potentially disrupting the latent state structure of each domain. As an alternative, we propose to use maximum mean discrepancy for regularization. Since our method focuses on capturing shared structures, it does not require discovering the exact cross-domain correspondence that existing methods aim for. Furthermore, our approach involves training only a single multi-domain policy, making it easy to extend. We evaluate our method across various domain shifts, including cross-robot and cross-viewpoint settings, and demonstrate that our approach outperforms existing methods that employ adversarial domain translation. We also conduct ablation studies to investigate the effectiveness of each loss component for different domain shifts.",None
https://openreview.net/forum?id=vW1SkPl4kp,Provably Efficient Iterated CVaR Reinforcement Learning with Function Approximation and Human Feedback,Reinforcement Learning; Iterated CVaR; Learning Theory; Function Approximation; Human Feedback,None,"Risk-sensitive reinforcement learning (RL) aims to optimize policies that balance the expected reward and risk. In this paper, we present a novel risk-sensitive RL framework that employs an Iterated Conditional Value-at-Risk (CVaR) objective under both linear and general function approximations, enriched by human feedback. These new formulations provide a principled way to guarantee safety in each decision making step throughout the control process. Moreover, integrating human feedback into risk-sensitive RL framework bridges the gap between algorithmic decision-making and human participation, allowing us to also guarantee safety for human-in-the-loop systems. We propose provably sample-efficient algorithms for this Iterated CVaR RL and provide rigorous theoretical analysis. Furthermore, we establish a matching lower bound to corroborate the optimality of our algorithms in a linear context.",None
https://openreview.net/forum?id=vSwu81S33z,Enhancing Transfer Learning with Flexible Nonparametric Posterior Sampling,Transfer Learning; Nonparametric Learning; Bayesian Neural Network,Posterior sampling method for transfer learning scenarios using nonparametric prior,"Transfer learning has recently shown significant performance across various tasks involving deep neural networks. In these transfer learning scenarios, the prior distribution for downstream data becomes crucial in Bayesian model averaging (BMA). While previous works proposed the prior over the neural network parameters centered around the pre-trained solution, such strategies have limitations when dealing with distribution shifts between upstream and downstream data. This paper introduces nonparametric transfer learning (NPTL), a flexible posterior sampling method to address the distribution shift issue within the context of nonparametric learning. The nonparametric learning (NPL) method is a recent approach that employs a nonparametric prior for posterior sampling, efficiently accounting for model misspecification scenarios, which is suitable for transfer learning scenarios that may involve the distribution shift between upstream and downstream tasks. Through extensive empirical validations, we demonstrate that our approach surpasses other baselines in BMA performance.",None
https://openreview.net/forum?id=7mR83Q12cJ,Counterfactual Data Augmentation with Contrastive Learning,Data Augmentation; Contrastive Learning; Treatment Effect; Causal Inference,We present a model-agnostic data augmentation for treatment effects estimation utilizing contrastive learning.,"Statistical disparity between distinct treatment groups is one of the most significant challenges for estimating Conditional Average Treatment Effects (CATE). To address this, we introduce a model-agnostic data augmentation method that imputes the counterfactual outcomes for a selected subset of individuals. Specifically, we utilize contrastive learning to learn a representation space and a similarity measure such that in the learned representation space \textit{close} individuals identified by the learned similarity measure have \textit{similar} potential outcomes. This property ensures reliable imputation of counterfactual outcomes for the individuals with close neighbors from the alternative treatment group. By augmenting the original dataset with these reliable imputations, we can effectively reduce the discrepancy between different treatment groups, while inducing minimal imputation error. The augmented dataset is subsequently employed to train CATE estimation models. Theoretical analysis and experimental studies on synthetic and semi-synthetic benchmarks demonstrate that our method achieves significant improvements in both performance and robustness to overfitting across state-of-the-art models.",None
https://openreview.net/forum?id=B6pQxqUcT8,ToolChain*: Efficient Action Space Navigation in Large Language Models with A* Search,Large Language Model; Tool Use; Tree Search; A* Search,None,"Large language models (LLMs) have demonstrated powerful decision-making and planning capabilities in solving complicated real-world problems. LLM-based autonomous agents can interact with diverse tools (e.g., functional APIs) and generate solution plans that execute a series of API function calls in a step-by-step manner. The multitude of candidate API function calls significantly expands the action space, amplifying the critical need for efficient action space navigation. However, existing methods either struggle with unidirectional exploration in expansive action spaces, trapped into a locally optimal solution, or suffer from exhaustively traversing all potential actions, causing inefficient navigation. To address these issues, we propose ToolChain*, an efficient tree search-based planning algorithm for LLM-based agents. It formulates the entire action space as a decision tree, where each node represents a possible API function call involved in a solution plan. By incorporating the A$^*$ search algorithm with task-specific cost function design, it efficiently prunes high-cost branches that may involve incorrect actions, identifying the most low-cost valid path as the solution. Extensive experiments on multiple tool-use and reasoning tasks demonstrate that ToolChain* efficiently balances exploration and exploitation within an expansive action space. It outperforms state-of-the-art baselines on planning and reasoning tasks by 3.1% and 3.5% on average while requiring 7.35x and 2.31x less time, respectively.",None
https://openreview.net/forum?id=RR8y0WKrFv,Ensemble Distillation for Unsupervised Constituency Parsing,Constituency Parsing; Unsupervised Grammar Induction; Knowledge Distillation,"The paper proposes an ensemble method and multi-teacher distillation approach for unsupervised constituency parsing, demonstrating robustness and effectiveness.","We investigate the unsupervised constituency parsing task, which organizes words and phrases of a sentence into a hierarchical structure without using linguistically annotated data. We observe that existing unsupervised parsers capture different aspects of parsing structures, which can be leveraged to enhance unsupervised parsing performance.
To this end, we propose a notion of ""tree averaging,"" based on which we further propose a novel ensemble method for unsupervised parsing.
To improve inference efficiency, we further distill the ensemble knowledge into a student model; such an ensemble-then-distill process is an effective approach to mitigate the over-smoothing problem existing in common multi-teacher distilling methods.
Experiments show that our method surpasses all previous approaches, consistently demonstrating its effectiveness and robustness across various runs, with different ensemble components, and under domain-shift conditions.",None
