urls,titles,keywords,tldrs,abstracts,one_sentence_summ
https://openreview.net/forum?id=KDTaSChivXd,Learning from student's mistakes: Improving mean teacher for end-to-end semi-supervised video action detection,semi-supervised; activity detection; student-teacher; video understanding,None,"In this work, we focus on semi-supervised learning for video action detection. We present Enhanced Mean Teacher, a simple end-to-end student-teacher based framework which rely on pseudo-labels to learn from unlabeled samples. Limited amount of data make the teacher prone to unreliable boundaries while detecting the spatio-temporal actions. We propose a novel auxiliary module, which learns from student’s mistakes on labeled samples and improve the spatio-temporal pseudo-labels generated by the teacher on unlabeled set. The proposed framework utilize spatial and temporal augmentations to generate pseudo-labels where both classification as well as spatio-temporal consistencies are used to train the model. We evaluate our approach on two action detection benchmark datasets, UCF101-24, and JHMDB-21. On UCF101-24, our approach outperforms the supervised baseline by an approximate margin of 19% on f-mAP@0.5 and 25% on v-mAP@0.5. Using merely 10-15% of the annotations in UCF-101-24, the proposed approach provides a competitive performance compared to the supervised baseline trained on 100% annotations. We also evaluate the effectiveness of Enhanced Mean Teacher for video object segmentation demonstrating its generalization capability to other tasks in video domain.",None
https://openreview.net/forum?id=oCl1ggnIZ1_,Analysis of Radio Localiser Networks under Distribution Shift,RF localisation; RF positioning; robustness; benchmarking; domain shift; localisation; positioning,Comparing and benchmarking SOTA RF localisation methods,"Deploying radio frequency (RF) localisation systems invariably entails non-trivial effort, particularly for the latest learning-based breeds. There has been little prior work on characterising and comparing how learnt localiser networks can be deployed in the field under real-world RF distribution shifts. In this paper, we present RadioBench: a suite of 8 learnt localiser nets from the state-of-the-art to study and benchmark their real-world deployability, utilising five novel industry-grade datasets. We train 10k models to analyse the inner workings of these learnt localiser nets and uncover their differing behaviours across three performance axes: (i) learning, (ii) proneness to distribution shift, and (iii) localisation. We use insights gained from this analysis to recommend best practices for the deployability of learning-based RF localisation under practical constraints.",None
https://openreview.net/forum?id=elIEtsQdOYP,Tensor Decompositions For Temporal Knowledge Graph Completion with Time Perspective,Knowledge Graph; Temporal Knowledge Graph Completion,"Instead of focusing on facts and their evolution, we observe temporal knowledge graphs through time perspective, and improve the current tensor decomposition model based on the observed properties.","Facts in the real world are often tied to time, such as the spread of diseases, and the state of military affairs. Therefore, knowledge graphs combined with temporal factors have gained growing attention. In the temporal knowledge graph, most researchers focus on the original facts and pay attention to their changes over time. The temporal factors are only used as auxiliary information for representation learning. In this paper, we try to observe from the perspective of time and find some interesting properties of temporal knowledge graph: (1) Simultaneousness. Various facts occur at the same time; (2) Aggregation. The facts may aggregately occur for a certain individual, organization, or location; (3) Associativity. Some specific relations tend to occur at specific times, such as celebrations at festivals. Based on the above three properties, we add a simple time-aware module to the existing tensor decomposition-based temporal knowledge graph model TComplEx Lacroix et al. (2020), which obtains impressive improvements and achieves state-of-the-art results on four standard temporal knowledge graph completion benchmarks. Specifically, in terms of mean reciprocal rank (MRR), we advance the state-of-the-art by +21.8% on ICEWS14, +16.9% on ICEWS05-15, +20.7% on YAGO15k, and 13.1% on GDELT.",None
https://openreview.net/forum?id=O_m1c-A5w6w,StepGCN: Step-oriented Graph Convolutional Networks in Representation Learning,None,None,"Graph Convolutional Networks (GCNs) are employed to address a number of tasks in our society with their representation learning approach. Nonetheless, despite their effectiveness and usefulness, the majority of GCN-oriented approaches have an over-smoothing concern. Over-smoothing is the problem of node representations converging into a certain value, making the nodes indistinguishable. To effectively address the over-smoothing problem, we introduce StepGCN, a GCN model that integrates step learning techniques with graph residual connection networks. With our StepGCN, we achieved significant performance improvements in multiple representation learning benchmark datasets, and demonstrate that step learning can be expanded to other graph networks.",None
https://openreview.net/forum?id=iYZkvCji36L,Hierarchical Multi-Resolution Graph Generation Networks,Graph Generative models; GNN; Multinomial distribution,None,"In real world domains, graphs often have natural hierarchies.
However, data-driven graph generation is yet to effectively respect and exploit such structures. 
We propose a novel approach that recursively generates community structures at multiple resolutions, with the generated structures conforming to training data distribution at each level of the hierarchy.
While the generation of a community at one level takes place sequentially, lower-level sub-structures of the community can be handled in parallel.
This significantly improves the speed of both generation and learning, resulting in $\mathcal{O}(\log n)$ generative rounds. 
Our method is further supported by an expressive probability distribution for intermediate and leaf levels of this hierarchical model.
Our method achieves the state of the art performance in graph generation in both accuracy and efficiency on many datasets.",None
https://openreview.net/forum?id=DD8ZJNdTPtO,Stochastic Optimization under Strongly Convexity and Lipschitz Hessian: Minimax Sample Complexity,None,None,"Optimization of convex functions under stochastic zeroth-order feedback has been a major and challenging question in online learning. In this work we consider the problem of optimizing second-order smooth and strongly convex functions where the algorithm is only accessible to noisy evaluations of the objective function it queries. We provide the first tight characterization for the rate of the minimax simple regret by developing matching upper and lower bounds. We propose an algorithm that features a combination of a bootstrapping stage and a mirror-descent stage. The main innovation of our approach is the usage of a gradient estimation scheme that exploits the local geometry of the objective function, and we provide sharp analysis for the corresponding estimation bounds.",None
https://openreview.net/forum?id=vUC2qwPVvw,Gradient-based Algorithms for Pessimistic Bilevel Optimization,pessimistic bilevel optimization; convergence analysis; nonconvex; gradient-based method,"We propose the first gradient-based algorithm for pessimistic bilevel optimization, provide the first convergence result with nonlinear objective functions, and validate our design and analysis through experiments on several robust learning problems.","As a powerful framework for a variety of machine learning problems, bilevel optimization has attracted much attention. While many modern gradient-based algorithms have been devised for optimistic bilevel optimization, pessimistic bilevel optimization (PBO) is still less-explored and only studied under the linear settings. To fill this void, we investigate PBO with nonlinear inner- and outer-level objective functions in this work, by reformulating it into a  single-level constrained optimization problem. In particular, two gradient-based algorithms are first proposed to solve the reformulated problem, i.e., the switching gradient method (SG-PBO) and  the primal-dual method (PD-PBO). Through carefully handling the bias errors in gradient estimations resulted by the nature of bilevel optimization, we show that both SG-PBO and PD-PBO converge to the global minimum of the reformulated problem when it is strongly convex, which immediately implies the convergence to the original PBO. Moreover, we propose the proximal scheme (Prox-PBO) with the convergence guarantee for the nonconvex reformulated problem. To the best of our knowledge, this is the first work that investigates gradient-based algorithms and provides convergence analysis for PBO under non-linear settings. We further conduct experiments on an illustrative example and a robust hyperparameter learning problem, which clearly validate our algorithmic design and theoretical analysis.",None
https://openreview.net/forum?id=0o_PPAJstY,A Multi-objective Perspective towards Improving Meta-Generalization,meta learning; multi-objective optimization,We propose to improve meta-generalization from a multi-objective point of view.,"To improve meta-generalization, i.e., accommodating out-of-domain meta-testing tasks beyond meta-training ones, is of significance to extending the success of meta-learning beyond standard benchmarks. Previous heterogeneous meta-learning algorithms have shown that tailoring the global meta-knowledge by the learned clusters during meta-training promotes better meta-generalization to novel meta-testing tasks. Inspired by this, we propose a novel multi-objective perspective to sharpen the compositionality of the meta-trained clusters, through which we have empirically validated that the meta-generalization further improves. Grounded on the hierarchically structured meta-learning framework, we formulate a hypervolume loss to evaluate the degree of conflict between multiple cluster-conditioned parameters in the two-dimensional loss space over two randomly chosen tasks belonging to two clusters and two mixed tasks imitating out-of-domain tasks. Experimental results on more than 16 few-shot image classification datasets show not only improved performance on out-of-domain meta-testing datasets but also better clusters in visualization.",None
https://openreview.net/forum?id=N6iz-EQkuar,Network Controllability Perspectives on Graph Representation,Graph Representation; Network Controllability; Graph Classification,We develop a novel graph representation method using network control properties and demonstrate its theoretical merits.,"Graph representations in fixed dimensional feature space are vital in applying learning tools and data mining algorithms to perform graph analytics. Such representations must encode the graph's topological and structural information at the local and global scales without posing significant computation overhead. This paper employs a unique approach grounded in networked control system theory to obtain expressive graph representations with desired properties. We consider graphs as networked dynamical systems and study their controllability properties to explore the underlying graph structure. The controllability of a networked dynamical system profoundly depends on the underlying network topology, and we exploit this relationship to design novel graph representations using controllability Gramian and related metrics. We discuss the merits of this new approach in terms of the desired properties (for instance, permutation and scale invariance) of the proposed representations. Our evaluation of various benchmark datasets in the graph classification framework demonstrates that the proposed representations either outperform (sometimes by more than 6%), or give similar results to the state-of-the-art embeddings.",None
https://openreview.net/forum?id=J0IhgZ8ziv-,ENHANCING THE PRIVACY OF FEDERATED LEARNING THROUGH DATA SYNTHESIS,None,None,"Federated Learning (FL) is a distributed machine learning architecture where edge devices collaboratively learn the shared model, while the training data is securely held at the edge devices. FL promises a way forward to preserving data privacy by sending model updates in the form of gradients or the weights themselves. However, these updates still contain the essence of the original training data and can be
reconstructed using gradient-based attacks. To overcome this, we propose a novel Privacy-Preserving Federated Learning algorithm (PPFed) wherein we generate a condensed dataset from the original training data at each edge device. The client’s then train their local models on the condensed dataset which is then broadcasted to the server, followed by regular federated averaging. Our method provides privacy by being robust against gradient-based attacks, which holds across different benchmark datasets and CNN based architectures",None
https://openreview.net/forum?id=a6NvoZ5DLoe,DYNAMIC ENSEMBLE FOR PROBABILISTIC TIME- SERIES FORECASTING VIA DEEP REINFORCEMENT LEARNING,Time series; ensemble; reinforcement learning,We develop a general dynamic ensemble framework for probabilistic multi-horizon time series forecasting using deep reinforcement learning.,"Ensembles from given base learners are known to be indispensable in improving accuracy for most of the prediction tasks, leading to numerous methods. However, the only ensembling strategies that have been considered for time series forecasting in the past have been static methods, ones that have access to the predictions of the base learners but not to the base learners themselves. In this paper, we propose a novel  \textit{dynamic ensemble policy}, which, unlike static methods, uses the power of the ensemble to improve each of the base learners being ensembled by reducing the error accumulation of each base learner via consecutively feeding an ensembled sample to each base learner. To do so, we adopt a deep Reinforcement Learning (RL) framework with a Markov Decision Process (MDP) designed where the ensemble agent interacts with our environment (\textit{TS-GYM}) from offline data. The output of our ensemble strategy is a single autoregressive forecaster that supports several desirable properties of uncertainty quantification and sample path, along with notable performance gain. The effectiveness of the proposed framework is demonstrated in multiple synthetic and real-world experiments.",None
https://openreview.net/forum?id=wUXcwhZ9yT,Recommendation with User Active Disclosing Willingness,recommender system; recommendation; collaborative filtering; user behavior modeling,None,"Recommender system has been deployed in a large amount of real-world applications, profoundly influencing people's daily life and production.Traditional recommender models mostly collect as comprehensive as possible user behaviors for accurate preference estimation.However, considering the privacy, storage/computation burden and other issues, the users may not want to disclose all their behaviors for training the model.In this paper, we study a novel recommendation paradigm, where the users are allowed to indicate their ""willingness"" on disclosing different behaviors, and the models are optimized by trading-off the recommendation quality as well as the violation of the user ""willingness"".More specifically, we formulate the recommendation problem as a multi-player game, where the action is a selection vector representing whether or not involve the items into the model training.For efficiently solving this game, we design a tailored algorithm based on influence function to lower the time cost for recommendation quality exploration, and also extended it with multiple anchor selection vectors.We conduct extensive experiments to demonstrate the effectiveness of our model on balancing the recommendation quality and user disclosing willingness.",None
https://openreview.net/forum?id=uVyD2VRZg_T,The Emergence of Prototypicality: Unsupervised Feature Learning in Hyperbolic Space,Unsupervised Learning; Prototypicality; Hyperbolic Space,We propose a novel unsupervised learning method by leveraging the property of hyperbolic space for organizing images based on  prototypicality and semantics.,"Prototypicality is extensively studied in machine learning and computer vision. However, there is still no widely accepted definition of prototypicality. In this paper, we first propose to define prototypicality based on the concept of congealing. Then, we develop a novel method called HACK to automatically discover prototypical examples from the dataset. HACK conducts unsupervised \pt\ learning in \underline{H}yperbolic space with sphere p\underline{ACK}ing. HACK first generates uniformly packed particles in the Poincar\'e ball of hyperbolic space and then assigns the image uniquely to each particle. Due to the geometrical property of hyperbolic space, prototypical examples naturally emerge and tend to locate in the center of the Poincar\'e ball. HACK naturally leverages hyperbolic space to discover prototypical examples in a data-driven fashion. We verify the effectiveness of the method with synthetic dataset and natural image datasets. Extensive experiments show that HACK can naturally discover the prototypical examples without supervision. The discovered prototypical examples and atypical examples can be used to reduce sample complexity and increase model robustness.",None
https://openreview.net/forum?id=44DHnx0Ya_j,Coordinated Strategy Identification Multi-Agent Reinforcement Learning,Multi-Agent Reinforcement Learning; Coordinated Strategy; Hierarchical Multi-Agent learning; Episodic Memory,"We present a framework which expedites and stabilizes learning of a hierarchical multi-agent reinforcement learning via episodic memory, while achieving coordinated behaviors among agents with a novel theoretic regularization.","An agent's strategy can be considered as a subset of action spaces, specialized in certain goals. This paper introduces a coordinated Strategy Identification Multi-Agent reinforcement learning (MARL) with episodic memory, called SIMA. SIMA derives a new temporal difference (TD) target to increase the sample efficiency. The efficiency is achived by keeping the best returns and corresponding to the best joint strategies for given states. This TD target with an additive strategy mixer automatically switches between an episodic control and a conventional Q-learning according to the existence of similar memories. In addition, each agent needs to behave similarly according to its strategy trajectory for coordinated behaviors among agents and coherent evaluation of a group's joint strategies. To this end, SIMA introduces a theoretical regularization for action policies to maximize the mutual information between an agent’s trajectory and its specified strategy. We demonstrate its significant performance improvement on the StarCraft Multi-Agent Challenge benchmark.",None
https://openreview.net/forum?id=Azw-0kVtsX,One-Vs-All AUC Maximization: an effective solution to the low-resource named entity recognition problem,NLP; NER; Low-Resource; Imbalanced Distribution; AUC Maximization; One-Vs-All,None,"Named entity recognition (NER), a sequence labelling/token classification task, has been traditionally considered a multi-class classification problem, the learning objective of which is to either optimise the multi-class cross entropy loss (CE) or train a conditional random field (CRF). However, these standard learning objectives, though scalable to large NER datasets and used in state-of-the-art work, largely ignore the problem of imbalanced label distributions that is inherent in all NER corpora. We show this leads to degraded performance in low-resource settings. While reformulating this standard multi-class labelling problem as a one-vs-all (OVA) learning problem, we propose to optimise the NER model with an AUC-based alternative loss function that is more capable of handling imbalanced datasets. As OVA often leads to a higher training time compared to the standard multi-class setting, we also develop two training strategies, one trains together the labels that share similar linguistic characteristics, and another employs a meta-learning approach to speed convergence. In order to motivate some of our experiments and better interpret the results, we also develop a Bayesian theory for what is the  AUC function during learning. Experimental results under low-resource NER settings from benchmark corpora show that our methods can achieve consistently better performance compared with the learning objectives commonly used in NER. We also give evidence that our methods are robust and agnostic to the underlying NER embeddings, models, domains, and label distributions. The code to replicate this work will be released upon the publication of this paper.",None
https://openreview.net/forum?id=OA4o8yKW3q,Towards Robust Dataset Learning,robust dataset learning,We study the problem of learning a robust dataset such that any classifier naturally trained on the dataset is adversarially robust.,"We study the problem of learning a robust dataset such that any classifier naturally trained on the dataset is adversarially robust. Such a dataset benefits the downstream tasks as natural training is much faster than adversarial training, and demonstrates that the desired property of robustness is transferable between models and data. In this work, we propose a principled, tri-level optimization to formulate the robust dataset learning problem. We show that, under an abstraction model that characterizes robust vs. non-robust features, the proposed method provably learns a robust dataset. Extensive experiments on MNIST, CIFAR10, and TinyImageNet demostrate the effectiveness of our algorithm with different network initializations and architectures.",None
https://openreview.net/forum?id=xIr81Cft7s,Generalization Mechanics in Deep Learning,Deep Learning; Generalization; regularization,"Uncovers an implicit regularization in deep learning, and gives a new approach to obtain non-vacuous generalization bound","Deep neural nets are well known for their ability to generalize, but understanding the mechanics of generalization remains an important open question. We analyze the probability-flow through a deep net, especially what happens to this flow during the training process.
Quantitatively, this study leads to a new approach for obtaining generalization bounds, using which we derive a non-vacuous bound for an over-parameterized deep network that learns relatively small dataset such as CIFAR-10. On the qualitative side, this reveals that
the process of learning imposes an implicit regularization, \viz orbit-regularization, as an essential ingredient for generalization.",None
https://openreview.net/forum?id=Udho-Hry4RZ,COMBAT: Alternated Training for Near-Perfect Clean-Label Backdoor Attacks,backdoor; clean-label; alternated training,"We propose a novel mechanism to develop clean-label attacks with near-perfect attack performance, based on alternated training between a trigger generator and a surrogate classifier model.","Backdoor attacks pose a critical concern to the practice of using third-party data for AI development. The data can be poisoned to make a trained model misbehaves when a predefined trigger pattern appears, granting the attackers illegal benefits. While most proposed backdoor attacks are dirty-label, clean-label attacks are more desirable by keeping data labels unchanged to dodge human inspection. However, designing a working clean-label attack is a challenging task, and existing clean-label attacks show underwhelming performance. In this paper, we propose a novel mechanism to develop clean-label attacks with near-perfect attack performance. The key component is a trigger pattern generator, which is trained together with a surrogate model in an alternate manner. Our proposed mechanism is flexible and customizable, allowing different backdoor trigger types and behaviors for either single or multiple target labels. Our backdoor attacks can reach near-perfect attack success rates and bypass all state-of-the-art backdoor defenses, as illustrated via comprehensive experiments on three standard benchmark datasets, including CIFAR-10, GTSRB, and CelebA.",None
https://openreview.net/forum?id=-MQWXqNyoa,Intrinsic Computational Complexity of Equivariant Neural Networks,Equivariant Neural Networks; Learning Theory,This paper theoretically studies the requried computational complexity for equivariant neural networks to achieve a desired expressivity.,"Equivariant neural networks have shown significant advantages in learning on data with intrinsic symmetries represented by groups. A major concern is on the high computational costs in the cases of large-scale groups, especially in the inference stage. This paper studies the required computational complexity of equivariant neural networks in inference for achieving a desired expressivity. We theoretically compare three classes of ReLU networks: (1) two-layer group-averaging networks (TGNs); (2) two-layer layer-wise equivariant networks (TENs); and (3) two-layer networks without any equivariant constraints (TNs), with a new notion {\it intrinsic computational complexity} for better characterizing computational costs. We prove that (1) TGNs/TENs have equal and full expressivities to represent any invariant function that can be learned by a TN, where the TGNs and TENs have equal intrinsic computational complexities; (2) a TGN/TEN requires at most double the intrinsic computational complexity of a TN; and (3) a TEN can achieve the inference speed coincident with its intrinsic computational complexity, while TGNs are strictly slower, which justifies the computational advantages of layer-wise equivariant architectures over group averaging. Our theory rules out the existence of equivariant networks with group-scale-independent computational costs, summarized in a new no-free-lunch theorem: when more equivariance is desired, more computation is required.",None
https://openreview.net/forum?id=ZTPzwWtKW7o,Evaluating Robustness of Generative Models with Adversarial Networks,Adversarial examples; Generative models; Generative adversarial networks; Adversarial attacks,None,"With the advent of adversarial robustness as a research area, much novel work attempts to design creative defense mechanisms against adversarial vulnerabilities that arise. While classification models are the most common target of adversarial robustness research, generative models are often underestimated though they play essential roles in many applications. This work evaluates generative models for reconstruction tasks in terms of their adversarial robustness. We constructed two frameworks: a standard and a universal-attack framework. The standard framework requires an input to find its perturbation, and the universal-attack framework generates adversarial perturbation from the distribution of a dataset. Extensive experimental evidence discussed in this paper suggests that both frameworks can effectively alter how images are reconstructed and classified using classic generative models trained on MNIST and Cropped Yale Face datasets. Further, these frameworks outperform state-of-the-art adversarial attacks. Moreover, we showcase using the proposed framework to retrain a generative model to improve its resilience against adversarial perturbations. Furthermore, for the sake of generative models, an attack may desire not to alter the latent space. Thus, we also include the analysis of the latent space.",None
https://openreview.net/forum?id=l2FXO1RJ5Hs,Precautionary Unfairness in Self-Supervised Contrastive Pre-training,fairness; contrastive learning,None,"Recently, self-supervised contrastive pre-training has become the de facto regime, that allows for efficient downstream fine-tuning. Meanwhile, its fairness issues are barely studied, though they have drawn great attention from the machine learning community,
where structured biases in data can lead to biased predictions against under-presented groups. Most existing fairness metrics and algorithms focus on supervised settings, e.g., based on disparities in prediction performance, and they become inapplicable in the absence of supervision. We are thus interested in the challenging question: how does the pre-training representation (un)fairness transfer to the downstream task (un)fairness, and can we define and pursue fairness in unsupervised pre-training? Firstly, we empirically show that imbalanced groups in the pre-training data indeed lead to unfairness in the pre-trained representations, and that cannot be easily fixed by fairness-aware fine-tuning without sacrificing efficiency. Secondly, motivated by the observation that the majority group of the pre-training data dominates the learned representations, we design the first unfairness metric that can be applicable to self-supervised learning, and leverage that to guide the contrastive pre-training for fairness-aware representations. Our experiments demonstrate that the underestimated representation disparities strike over 10% surges on the proposed metric and our algorithm improves 10 out of 13 tasks on the 1%-labeled CelebA dataset. Codes will be released upon acceptance.",None
https://openreview.net/forum?id=bGQw0awHUjQ,Certified Robustness on Structural Graph Matching,Structural graph matching (GM); certified robustness; randomized smoothing; joint Gaussian distribution,We are the first to define certified robustness on GM and design a new certification strategy using a joint smoothing distribution to maximize certified region.,"The vulnerability of graph matching (GM) to adversarial attacks has received increasing attention from emerging empirical studies, while the certified robustness of GM has not been explored. Motivated by randomized smoothing, we are the first to define certified robustness on GM and design a new certification strategy called Structure-based Certified Robustness of Graph Matching (SCR-GM). Structural prior information of nodes is used to construct a joint smoothing distribution matrix with physical significance, which certifies a wider range than those obtained by previous iterative optimization methods. Furthermore, we propose a certified space that can be used to derive a strictly certified radius and two radii for evaluation. Experimental results on graph matching datasets reveal that our strategy achieves state-of-the-art $\ell_{2}$ certified accuracy and regions.",None
https://openreview.net/forum?id=WePih5bXsNB,Deep Contrastive Learning Approximates Ensembles of One-Class SVMs with Neural Tangent Kernels,contrastive learning; one-class SVM; neural tangent kernel; sequential convex programming,None,"To demystify the (self-supervised) contrastive learning in representation learning, in the paper we show that a model learned by deep contrastive learning with a family of loss functions such as InfoNCE essentially approximates an ensemble of one-class support vector machines (SVMs) with neural tangent kernels (NTKs). This result comes from the fact that each gradient for network weight update in contrastive learning can be interpreted approximately as the primal solution for a one-class SVM with contrastive gradients as input. From the dual perspective, the Lagrange multipliers provide unique insights into the importance of the anchor-positive-negative triplet samples. In this way, we further propose a novel sequential convex programming (SCP) algorithm for contrastive learning, where each sub-problem is a one-class SVM. Empirically we demonstrate that our approach can learn better gradients than conventional contrastive learning approaches that significantly improve performance.",None
https://openreview.net/forum?id=ZLfD0cowleE,VEHICLE-INFRASTRUCTURE COOPERATIVE 3D DETECTION VIA FEATURE FLOW PREDICTION,None,None,"Effectively utilizing data from infrastructure could greatly improve autonomous driving safety. Vehicle-Infrastructure Cooperative 3D Object Detection (VIC3D) is an important task to localize and recognize objects surrounding the ego-vehicle by combining the sensor data from both ego-vehicle and roadside infrastructure. However, there are serious temporal asynchrony problems between vehicle and infrastructure data. To the best of our knowledge, no existing work in the literature could effectively solve the asynchrony problem with limited communication bandwidth and computational resources on vehicle-infrastructure devices. This work proposes a novel approach for VIC3D, called Feature Flow Network(FFNet), to effectively address the problem of temporal asynchrony caused by different sensor initialization and latency. Compared with previous feature fusion approaches that only use the current static feature, FFNet transmits the feature flow and generates the future features on-the-fly, aligned with the ego-vehicle timestamp. We propose a self-supervised method to train the feature flow generation model, and use the pre-trained infrastructure model to extract features from randomly assigned future frames as ground truth. Extensive experiments on the DAIR-V2X dataset (a large-scale real-world V2X dataset) show that FFNet establishes a new state of the art, surpassing SOTA methods by up to 5% mAP while with comparable transmission cost. In particularly, FFNet can even make up for almost all the performance drop caused by the temporal asynchrony in 200ms delay.",None
https://openreview.net/forum?id=7GQfA9xAqxN,Hypothetical Training for Robust Machine Reading Comprehension of Tabular Context,None,None,"Machine Reading Comprehension (MRC) models easily learn the spurious correlations from complex context such as tabular data. Counterfactual training—using the original and augmented data—has become a promising solution. However, it is costly to construct faithful counterfactual examples because it is tricky to maintain the consistency and dependency of the table entries. In this paper, we take a more economic fashion to ask hypothetical questions, e.g., “in which year would the net profit be larger if the revenue in 2019 were $38,298?”, whose effects on the answers are equivalent to those expensive counterfactual tables. We propose a hypothetical training framework that uses pairs of examples with different hypothetical questions to supervise the direction of model gradient w.r.t. the input towards the answer change. We conduct experiments on MRC datasets with factual and hypothetical examples. Performance gain on a newly constructed stress test validates the effectiveness and rationality of our approach.",None
https://openreview.net/forum?id=1_ZHr9Ha_ZJ,Multi-Reward Fusion:  Learning from Other Policies by Distilling ,Energy-Based; Policy Distilling; Reinforcement Learning; Auto Reward Shaping,Multi-Reward Fusion:  Learn from other policies by distilling,"Designing rewards is crucial for applying reinforcement learning in practice. However, it is  difficult to design a shaping reward which can accelerate agents' learning process without biasing the original task's optimization objective. Moreover, the low-dimensional representation of the reward and value function (i.e. scalar value) may also be an obstruction during the learning process. This paper contributes towards tackling these challenges, by proposing a new method, called Multi-Reward Fusion (MRF). MRF take as input  a list of human designed rewards, which contains the information from multiple perspectives about the task, and learns separate  policies for each component of the reward list. We formulate the problem of learning the target policy as a distillation task, propose a novel method which can selectively distills knowledge from the auxiliary policies, and theoretically show the feasibility of this method. We conduct extensive experiments and show that the MRF method performs better than state-of-the-art reward shaping methods.",None
https://openreview.net/forum?id=jpWa2RnZpIK,MaskNeRF: Masked Neural Radiance Fields for Sparse View Synthesis,None,None,"Although Neural Radiance Fields (NeRF) has achieved impressive 3D reconstruction with dense view images, its performance degrades significantly when the training views are sparse. We observe that under the sparse view setting, it is important to learn the correspondence of pixels among different views, i.e., the 3D consistency, to improve the reconstruction quality. To achieve this, we first propose the Hard-Mask that utilizes the depth information to locate pixels with correspondence relationship and then assigns higher loss weights on these pixels. The key idea is to achieve pixel-wise differentiated optimization of NeRF based on the 3D consistency among target views and source views instead of treating each pixel equally. This optimization strategy helps NeRF-based algorithms to learn fine-grained object details with limited data. To deal with the absence of accurate depth information, the Soft-Mask is proposed to estimate the correspondence relationship based on the trend of training losses. Our proposed method can serve as a plug-in component for existing NeRF-based view-synthesis models. Extensive experiments on recent representative works, including NeRF, IBRNet and MVSNeRF, show that our method can significantly improve the model performance under sparse view conditions (e.g., up to 70\% improvement in PSNR on DTU dataset).",None
https://openreview.net/forum?id=ToNvGM_jXlA,Self-supervised Learning for Cell Segmentation and Quantification in Digital Pathology Images,Medical Segmentation; Self-supervised Learning; contrastive learning,Identifying cell bodies in brain tissue digital pathology images,"Parkinson’s Disease (PD) is the second most common neurodegenerative disease in humans, impacting 2-3% of people over the age of 65. PD is characterized by the gradual loss of dopaminergic neurons in the Substantia Nigra (a part of the midbrain). At present, the number of dopaminergic neurons in the Substantia Nigra is one of the most important indexes in evaluating drug efficacy in PD animal models. Currently, analyzing and quantifying dopaminergic neurons is con- ducted manually by expert biologists through careful analysis of digital pathology images. However, this approach is laborious, time-consuming, and highly subjective, which significantly delays the progress in PD research and drug  development. As such, a reliable and unbiased automated system is highly demanded for the quantification of neurons in digital pathology images. To this end, in this paper, we propose an end-to-end deep learning framework for the segmentation and quantification of dopaminergic neurons in PD animal models. Our framework relies on self-supervised learning advances to handle the limited amount of data for training deep models. Extensive experiments demonstrate the effectiveness of the developed method in quantifying neurons with a small amount of labeled data. As a result, the proposed methodology can lead to reliable data support for PD research and drug discovery by accelerating the digital pathology analysis.",None
https://openreview.net/forum?id=uUU05MP7Pv7,Mitigating Demographic Bias of Federated Learning Models via Global Domain Smoothing,Federated Learning; Demographic Fairness,None,"Federated learning (FL) has shown impressive performance in training modern machine learning models from distributed data sources. However, the distributed training process of FL could suffer from a non-trivial bias issue, where the trained models are affected by the imbalanced distribution of the training data on local clients, and eventually lead to a severe bias of the aggregated global model. In
this paper, we propose a novel fairness-aware FL training framework Worst-Fair Domain Smoothing (WFDS) to address the bias issue of FL models from a domain-shifting perspective. Our framework consists of two concurrent components: 1) local worst-fair training, and 2) reference domain smoothing. The first module is designed to train fair local models and enforces the robustness of local fairness against domain shifts from local distribution to global distribution by performing worst-fair training. The second module simulates a reference data domain of the studied FL application for all clients, and implicitly reduces the domain discrepancy of training data among different clients. With reduced domain discrepancy, the fairness of each local model will be learned from similar training distributions despite on different clients. As such, improved global fairness can be achieved after aggregating the local models into the global model. Evaluation results on
multiple real-world datasets show that WFDS can achieve significant performance gains in demographic fairness compared to state-of-the-art baselines.",None
https://openreview.net/forum?id=uh93gVo6Veu,Imbalanced Lifelong Learning with AUC Maximization,Imbalanced Lifelong Learning; AUC Maximization,We propose a new approach to empower continual learning with imbalanced data: designing an algorithm to directly maximize one widely used metric in an imbalanced data setting: Area Under the ROC Curve (AUC).,"Imbalanced data is ubiquitous in machine learning, such as medical or fine-grained image datasets. The existing continual learning methods employ various techniques such as balanced sampling to improve classification accuracy in this setting. However, classification accuracy is not a suitable metric for imbalanced data, and hence these methods may not obtain a good classifier as measured by other metrics (e.g., recall, F1-score, Area under the ROC Curve). In this paper, we propose a solution to enable efficient imbalanced continual learning by designing an algorithm to effectively maximize one widely used metric in an imbalanced data setting: Area Under the ROC Curve (AUC). We find that simply replacing accuracy with AUC will cause \textit{gradient interference problem} due to the imbalanced data distribution. To address this issue, we propose a new algorithm, namely DIANA, which performs a novel synthesis of model \underline{D}ecoupl\underline{I}ng \underline{AN}d \underline{A}lignment. In particular, the algorithm updates two models simultaneously: one focuses on learning the current knowledge while the other concentrates on reviewing previously-learned knowledge, and the two models gradually align during training. We conduct extensive experiments on datasets across various imbalanced domains, ranging from natural images to medical and satellite images. The results show that DIANA achieves state-of-the-art performance on all the imbalanced datasets compared with several competitive baselines. We further consider standard balanced benchmarks used in lifelong learning to show the effectiveness of DIANA as a general lifelong learning method.",None
https://openreview.net/forum?id=z9fXRC5XdT,Text and Patterns: For Effective Chain of Thought It Takes Two to Tango,in-context learning; few-shot prompting; chain of thought prompting; large-language models,Text and patterns play a complementary role in the success of few-shot prompting.,"In the past decade, we witnessed dramatic gains in natural language processing and an unprecedented scaling of large language models. These developments have been accelerated by the advent of few-shot techniques such as chain of thought (CoT) prompting. Specifically, CoT pushes the performance of large language models in a few-shot setup by augmenting the prompts with intermediate steps. Despite impressive results across various tasks, the reasons behind their success have not been explored. This work uses counterfactual prompting to develop a deeper understanding of CoT-based few-shot prompting mechanisms in large language models. We first systematically identify and define the key components of a prompt: symbols, patterns, and text. Then, we devise and conduct an exhaustive set of deliberated experiments across four different tasks, by querying the model with counterfactual prompts where only one of these components is altered. Our experiments across three large language models (PaLM, GPT-3, and CODEX) reveal several surprising findings and brings into question the conventional wisdom around few-shot prompting. First, the presence of factual patterns in a prompt is practically immaterial to the success of CoT. Second, our results conclude that the primary role of intermediate steps may not be to facilitate learning ""how"" to solve a task. The intermediate steps are rather a beacon for the model to realize ""what"" symbols to replicate in the output to form a factual answer. As such, the patterns are merely a channel to ""trick"" the model into forming sentences that resemble correct answers.  This pathway is facilitated by text, which imbues patterns with commonsense knowledge and meaning. Our empirical and qualitative analysis reveals that a symbiotic relationship between text and patterns explains the success of few-shot prompting: text helps extract commonsense from the question to help patterns, and patterns enforce task understanding and direct text generation. Such systematic understanding of CoT enables us to devise a concise chain of thought, dubbed as CCoT, where text and patterns are pruned by over 20%, only retaining their key roles. We achieve this reduction in the number of tokens while delivering on par or slightly higher solve task rate. We release datasets and anonymized code for reproducing our results at https://anonymous.4open.science/r/CoTTwoToTango-3106/.",None
https://openreview.net/forum?id=sy0PqUr2fq9,Fairness-Aware Model-Based Multi-Agent Reinforcement Learning for Traffic Signal Control,Traffic signal control; reinforcement learning; fairness,A novel Fairness-aware Model-based Multi-agent Reinforcement Learning (FM2Light) method to improve the sample efficiency and fairness for multi-intersection control.,"Poorly timed traffic lights exacerbate traffic congestion and greenhouse gas emissions. Traffic signal control with reinforcement learning (RL) algorithms has shown great potential in dealing with such issues and improving the efficiency of traffic systems. RL-based solutions can perform better than classic rule-based methods, especially in dynamic environments. However, most of the existing RL-based solutions are model-free methods and require a large number of interactions with the environment, which can be very costly or even unacceptable in real-world scenarios. Furthermore, the fairness of multi-intersection control has been ignored in most of the previous works, which may lead to unfair congestion at different intersections. In this work, we propose a novel Fairness-aware Model-based Multi-agent Reinforcement Learning (FM2Light) method to improve the sample efficiency, thus addressing the data-expensive training, and handle unfair control in multi-intersection scenarios with a better reward design. With rigorous experiments under different real-world scenarios, we demonstrate that our method can achieve comparable asymptotic performance to model-free RL methods while achieving much higher sample efficiency and greater fairness.",None
https://openreview.net/forum?id=CU8BwVAzLme,Pathfinding Neural Cellular Automata,pathfinding; neural cellular automata; graph neural networks; algorithmic alignment,We show the algorithmic alignment of Neural Cellular Automata with pathfinding problems using hand-coded networks and learned models,"Pathfinding makes up an important sub-component of a broad range of complex tasks in AI, such as robot path planning, transport routing, and game playing. While classical algorithms can efficiently compute shortest paths, neural networks could be better suited to adapting these sub-routines to more complex and intractable tasks. As a step toward developing such networks, we hand-code and learn models for Breadth-First Search (BFS), i.e. shortest path finding, using the unified architectural framework of Neural Cellular Automata, which are iterative neural networks with equal-size inputs and outputs. Similarly, we present a neural implementation of Depth-First Search (DFS), and outline how it can be combined with neural BFS to produce an NCA for computing diameter of a graph. We experiment with architectural modifications inspired by these hand-coded NCAs, training networks from scratch to solve the diameter problem on grid mazes while exhibiting strong generalization ability. Finally, we introduce a scheme in which data points are mutated adversarially during training. We find that adversarially evolving mazes leads to increased generalization on out-of-distribution examples, while at the same time generating data-sets with significantly more complex solutions for reasoning tasks.",None
https://openreview.net/forum?id=jl-zL6aETgQ,Semi-Offline Reinforcement Learning for Portfolio Optimization,None,None,"We introduce semi-offline reinforcement learning (RL), a new formalization of the sequential decision-making problem for portfolio optimization. Unlike the standard and the fully-offline RL settings, the unique challenge of semi-offline RL is the limited access to an actively evolving environment. Therefore, existing online/offline RL approaches are incapable of handling the distributional shift between the fixed observations in the training set and those in an out-of-distribution test domain. In this paper, we propose a novel off-policy RL algorithm named \textit{stationarity-constrained MDP} (SC-MDP), which decouples the previously-collected training observations into two streams of \textit{stationary} and \textit{non-stationary} latent variables through a probabilistic inference framework. We demonstrate that in this way, the learned policies can be persistently profitable despite rapidly-changing environment dynamics. Our approach remarkably outperforms the existing online RL algorithms, advanced offline RL methods, and state-of-the-art stock prediction models on three real-world financial datasets.",None
https://openreview.net/forum?id=tFmjPd8J5o1,A Note on Quantifying the Influence of Energy Regularization for Imbalanced Classification,Influence Function; Energy based model; Imbalanced Dataset,None,"For classification problems where classifiers predict $\bar{p}(y|\mathbf{x})$, namely the probability of label $y$ given data $\mathbf{x}$, an energy value can be defined (e.g. LogSumExp of the logits) and used to evaluate the estimated $\bar{p}(\mathbf{x})$ by learned model, which is widely used for generative learning. However, previous works overlook the relationship between the estimated $\bar{p}(\mathbf{x})$ and the testing accuracy of a classifier {when shifts occur regarding $p(\mathbf{x})$ from the the training set to the testing set} \emph{e.g.} imbalanced dataset learning. In this paper, we propose to evaluate the influence of the energy value regarding $\bar{p}(\mathbf{x})$ on the testing accuracy via influence function which is a standard tool in robust statistics. In particular, we empirically show that the energy value could influence the testing accuracy of the model trained on the imbalanced dataset. Based on our findings, we further propose a technique that regularizes the energy value on the training set to improve imbalanced data learning. We theoretically prove that regularizing energy value could adjust the margin and re-weight the sample. Experimental results show the effectiveness of our method. In particular, when finetuning with our method for only a few epochs, the testing accuracy could be effectively boosted on popular imbalance classification benchmarks.",None
https://openreview.net/forum?id=UifByHdLmmf,Unlearning with Fisher Masking,machine unlearning; Fisher Information,We develop a new unlearning strategy based on Fisher Masking which shows strong unlearning performances across different datasets and deep neural network structures.,"Machine unlearning aims to revoke some training data after learning in response to requests from users, model developers, and administrators. Most previous methods are based on direct fine tuning, which may neither remove data completely nor retain full performances on the remain data. In this work, we find that, by first masking some important parameters before fine tuning, the performances of unlearning could be significantly improved. We propose a new masking strategy tailored to unlearning based on Fisher information. Experiments on various datasets and network structures show the effectiveness of the method: without any fine tuning, the proposed Fisher masking could unlearn almost completely while maintaining most of the performance on the remain data. It also exhibits stronger stability comparing with other unlearning baselines.",None
https://openreview.net/forum?id=3HX__RcSFZj,A Semantic Hierarchical Graph Neural Network for Text Classification,None,None,"The key to the text classification task is language representation and important information extraction, and there are many related studies. In recent years, the research on graph neural network (GNN) in text classification has gradually emerged and shown its advantages, but the existing models mainly focus on directly inputting words as graph nodes into the GNN models ignoring the different levels of semantic structure information in the samples. To address the issue, we propose a new hierarchical graph neural network (HieGNN) which extracts corresponding information from word-level, sentence-level (sen-level) and document-level (doc-level) respectively. The doc-level focuses on processing samples from a global perspective, while sen-level and word-level focus on processing samples from the sentences and words themselves. The model is tested on five datasets, and compared with the pure GNN-based model and the hybrid GNN and BERT model, it achieves better classification results on two datasets and similar results on three datasets, which demonstrate that our model is able to obtain more useful information for classification from samples.",None
https://openreview.net/forum?id=8TKFt2x3Sx,Injecting Image Details into CLIP's Feature Space,Text-Based Information Retrieval; Fine-Detail; CLIP; Single Feature; Detail Compression; Complete Cover; Feature Space Alignment; Self-Supervised,"We propose a framework, including a model-agnostic complete cover scheme to obtain image patches, a fusing model, the corresponding query proxy loss and a new text-image retrieval benchmark.","Although CLIP-like Visual Language Models provide a functional joint feature space for image and text, due to the limitation of the CILP-like model's image input size (e.g., 224), subtle details are lost in the feature representation if we input high-resolution images (e.g., 2240). In this work, we introduce an efficient framework that can produce a single feature representation for a high-resolution image that injects image details and shares the same semantic space as the original CLIP. In the framework, we train a feature fusing model based on CLIP features extracted from a carefully designed image patch method (Complete Cover) that can cover objects of any scale, weakly supervised by image-agnostic class prompted queries. We validate our framework by retrieving images from class prompted queries on the existing real-world and synthetic datasets, showing significant performance improvement on these tasks. Furthermore, to fully demonstrate our framework's detail retrieval ability, we construct a CLEVR-like synthetic dataset called CLVER-DS, which is fully annotated and has a controllable object scale.",None
https://openreview.net/forum?id=ZamTdE_Q7hv,When do Convolutional Neural Networks Stop Learning?,None,None,"Convolutional Neural Networks (CNNs) have demonstrated outstanding performance in computer vision tasks such as image classification, detection, segmentation, and medical image analysis. In general, an arbitrary number of epochs is used to train such neural networks. In a single epoch, the entire training data---divided by batch size---are fed to the network. In practice, validation error with training loss is used to estimate the neural network's generalization, which indicates the optimal learning capacity of the network. Current practice is to stop training when the training loss decreases and the gap between training and validation error increases (i.e., the generalization gap) to avoid overfitting. However, this is a trial-and-error-based approach which raises a critical question: Is it possible to estimate when neural networks stop learning based on training data? This research work introduces a hypothesis that analyzes the data variation across all the layers of a CNN variant to anticipate its near-optimal learning capacity. In the training phase, we use our hypothesis to anticipate the near-optimal learning capacity of a CNN variant without using any validation data. Our hypothesis can be deployed as a plug-and-play to any existing CNN variant without introducing additional trainable parameters to the network. We test our hypothesis\footnote{https://github.com/PaperUnderReviewDeepLearning/ \\Optimization} on six different CNN variants and three different datasets (CIFAR10, CIFAR100, and SVHN). The result based on these CNN variants and datasets shows that our hypothesis saves 58.49\% of computational time (on average) in training.",None
https://openreview.net/forum?id=P880C39xAvM,Turning a Curse Into a Blessing: Enabling Data-Free Backdoor Unlearning via Stabilized Model Inversion,Backdoor Defenses,None,"Effectiveness of many existing backdoor removal techniques crucially rely on access to clean in-distribution data. However, as model is often trained on sensitive or proprietary datasets, it might not be practical to assume the availability of in-distribution samples. To address this problem, we propose a novel approach to reconstruct samples from a backdoored model and then use the reconstructed samples as a proxy for clean in-distribution data needed by the defenses.
We observe an interesting phenomenon that ensuring perceptual similarity between the synthesized samples and the clean training data is \emph{not} adequate to enable effective defenses. We show that the model predictions at such synthesized samples can be unstable to small input perturbations, which misleads downstream backdoor removal techniques to remove these perturbations instead of underlying backdoor triggers. Moreover, unlike clean samples, the predictions at the synthesized samples can also be unstable to small model parameter changes. To tackle these issues, we design an optimization-based data reconstruction technique that ensures visual quality while promoting the stability to perturbations in both data and parameter space. We also observe that while reconstructed from a backdoored model, the synthesized samples do not contain backdoors, and further provide a theoretical analysis that sheds light on this observation. Our evaluation shows that our data synthesis technique can lead to state-of-the-art backdoor removal performance without clean in-distribution data access and the performance is on par with or sometimes even better than using the same amount of clean samples.",None
https://openreview.net/forum?id=jPfDKW3nj5q,Adaptive Kernel Selection for Convolutional Neural Network,Adaptive; Kernel; CNN; Computer Vision,None,"Convolutional Neural Networks (CNN) are used for various applications ranging from computer vision to natural language processing. A kernel, known as the matrix of weights, performs a convolution operation on input data. In general, the optimizer updates the weights of the kernel. Recent research suggests that applying a deterministic kernel after convolution operation can help a CNN to gain better generalization. However, how to compute the weights of the deterministic kernel is still a field of active research. In this work, we derived a lemma that shows of the representativeness of an adaptive deterministic kernel. We construct an adaptive deterministic kernel based on the Gaussian distribution of convoluted data. We generate many set of kernels by shifting weights to different positions of the initially created Gaussian kernel. We notice a pattern of weight distribution in deterministic kernels constructed from the Gaussian distribution of convoluted data. Using the derived lemma, it is possible to sort out a set of kernels (from many set of kernels) that tends to gain better performance in CNN for image classification task. The main object of this research work\footnote{https://github.com/PaperUnderReviewDeepLearning/KernelSet} is to identify these patterns and recommend the better set of kernels to gain performance.",None
https://openreview.net/forum?id=Q31C6XQOEvl,NAPG: Non-Autoregressive Program Generation for Hybrid Tabular-Textual Question Answering,Tabular-Textual Question Answering; Non-Autoregressive Program Generation; Natural Language Processing,We present a non-autoregressive program generation model for the numerical reasoning of hybrid question answering to address the exposure bias issue of autoregressive generation and to boost the decoding speed.,"Hybrid tabular-textual question answering (QA) requires reasoning from heterogeneous information, and the types of reasoning are mainly divided into numerical reasoning and span extraction. The current numerical reasoning method uses LSTM to autoregressively decode program sequences, and each decoding step produces either an operator or an operand. However, the step-by-step decoding suffers from exposure bias, and the accuracy of program generation drops sharply with progressive decoding. In this paper, we propose a non-autoregressive program generation framework, which facilitates program generation in parallel. Our framework, which independently generates complete program tuples containing both operators and operands, can significantly boost the speed of program generation while addressing the error accumulation issue. Our experiments on the MultiHiertt dataset shows that our model can bring about large improvements (+7.97 EM and +6.38 F1 points) over the strong baseline, establishing the new state-of-the-art performance, while being much faster (~21x) in program generation. The performance drop of our method is also significantly smaller than the baseline with increasing numbers of numerical reasoning steps.",None
https://openreview.net/forum?id=ekTnbhhLHg,Improving Inductive Link Prediction through Learning Generalizable Node Representations,Link Prediction; Graph Machine Learning; Inductive Learning; Node Embedding; Representation Learning; Generalizability; Open Graph Benchmark,"We propose new methods for designing inductive tests on any graph dataset, accompanied by unsupervised pre-training of the node attributes for improved generalizability of the link prediction models.","Link prediction is a core task in graph machine learning, as it is useful in many application domains from social networks to biological networks. Link prediction can be performed under different experimental settings: (1) transductive, (2) semi-inductive, and (3) inductive. The most common setting is the transductive one, where the task is to predict whether two observed nodes have a link. In the semi-inductive setting, the task is to predict whether an observed node has a link to a newly observed node, which was unseen during training. For example, cold start in recommendation systems requires suggesting a known product to a new user. We study the inductive setting, where the task is to predict whether two newly observed nodes have a link. The inductive setting occurs in many real-world applications such as predicting interactions between two poorly investigated chemical structures or identifying collaboration possibilities between two new authors. In this paper, we demonstrate that current state-of-the-are techniques perform poorly under the inductive setting, i.e., when generalizing to new nodes, due to the overlapping information between the graph topology and the node attributes. To address this issue and improve the robustness of link prediction models in an inductive setting, we propose new methods for designing inductive tests on any graph dataset, accompanied by unsupervised pre-training of the node attributes. Our experiments show that the inductive test performances of the state-of-the-art link prediction models are substantially lower compared to the transductive scenario. These performances are comparable, and often lower than that of a simple multilayer perceptron on the node attributes. Unsupervised pre-training of the node attributes improves the inductive performance, hence the generalizability of the link prediction models.",None
https://openreview.net/forum?id=vONX8wvmAP,"Online Min-max Optimization: Nonconvexity, Nonstationarity, and Dynamic Regret",Online Optimization; Nonconvex; Minimax,We study the online nonconvex-strongly-concave min-max optimization in the nonstationary environment and propose efficient algorithms with optimal theoretical guarantees under novel notion of regret,"Online min-max optimization has recently gained considerable interest due to its rich applications to game theory, multi-agent reinforcement learning, online robust learning, etc. Theoretical understanding in this field has been mainly focused on convex-concave settings. Online min-max optimization with nonconvex geometries, which captures various online deep learning problems, has yet been studied so far. In this paper, we make the first  effort and investigate online nonconvex-strongly-concave min-max optimization in the nonstationary environment. We first introduce a natural notion of local Nash equilibrium (NE)-regret, and then propose a novel algorithm coined SODA to achieve the optimal regret. We further generalize our study to the setting with stochastic first-order feedback, and show that a variation of SODA can also achieve the same optimal regret in expectation. Our theoretical results and the superior performance of the proposed method are further validated by empirical experiments. To our best knowledge, this is the first exploration of efficient online nonconvex min-max optimization.",None
https://openreview.net/forum?id=5ZarS9RX5I-,Enforcing zero-Hessian in meta-learning,meta learning; Gradient based meta learning; GBML; kernel gradient descent; metric-based learning; optimization-based meta-learning,"This paper argues linearity in the inner loop is the key gradient-based meta learning, thereby suggests algorithms which exploits this prior.","Gradient-Based Meta Learning (GBML) enables us to get task-specific parameters with few-labeled datapoints in an inner loop. However, it has not yet been discussed how GBML can adapt to a new task within a few optimization steps with a huge learning rate in the inner loop. We find that the gradient does not change from the beginning to the end of the inner loop, meaning that it behaves like a linear model. In this paper, we argue that this characteristic is an essential key to understanding convergence in inner loops with huge learning rates. Also, we show that gradient-based meta learning can be interpreted as metric-based meta learning when we adopt our hypothesis that linearity in the inner loop is the key to operating GBML. To empirically prove and exploit our hypothesis, we propose a regularization-based algorithm called enforcing Linearity in the Inner Loop (LIL) which exploits our observation which can be applied to any baselines that has the form of GBML. LIL proves its potential by showing its boosted performance not only on top of general baselines in various architectures, but also on adverse or Hessian-free baselines. Qualitative experiments are also conducted to explain the performance of LIL.",None
https://openreview.net/forum?id=YHCR6CFAK6v,Annealed Training for Combinatorial Optimization on Graphs,combinatorial optimization; graph neural networks; unsupervised learning; simulated annealing,A simple but effective annealed training framework for unsupervised learning of combinatorial optimization problems over graphs,"The hardness of combinatorial optimization (CO) problems hinders collecting solutions for supervised learning. However, learning neural networks for CO problems is notoriously difficult in lack of the labeled data as the training is easily trapped at local optima. In this work, we propose a simple but effective annealed training framework for CO problems. In particular, we transform CO problems into the smoothest unbiased energy-based models (EBMs) by adding carefully selected penalties, then train graph neural networks to approximate the EBMs. We prevent the training from being stuck at local optima near the initialization by introducing an annealed loss function.
An experimental evaluation demonstrates that our annealed training framework obtains substantial improvements. In four types of CO problems, our method achieves performance substantially better than other unsupervised neural methods on both synthetic and real-world graphs.",None
https://openreview.net/forum?id=balnyoGkYfW,Semi-Supervised Segmentation-Guided Tumor-Aware Generative Adversarial Network for Multi-Modality Brain Tumor Translation,brain tumor translation; multi-modality,Tumor-aware multi-modality brain tumor translation.,"Multi-modality brain tumor images are widely used for clinical diagnosis since they can provide complementary information. Yet, due to considerations such as time, cost, and artifacts, it is difficult to get fully paired multi-modality images. Therefore, most of the brain tumor images are modality-missing in practice and only a few are labeled, due to a large amount of expert knowledge required. To tackle this problem, multi-modality brain tumor image translation has been extensively studied. However, existing works often lead to tumor deformation or distortion because they only focus on the whole image. In this paper, we propose a semi-supervised segmentation-guided tumor-aware generative adversarial network called $S^3TAGAN$, which utilizes unpaired brain tumor images with few paired and labeled ones to learn an end-to-end mapping from source modality to target modality. Specifically, we train a semi-supervised segmentation network to get pseudo labels, which aims to help the model focus on the local brain tumor areas. The model can synthesize more realistic images using pseudo tumor labels as additional information to help the global translation. Experiments show that our model achieves competitive results on both quantitative and qualitative evaluations. We also verify the effectiveness of the generated images via the downstream segmentation tasks.",None
https://openreview.net/forum?id=w5q6tHO1dl1,Brainformers: Trading Simplicity for Efficiency,None,None,"Transformers are central to recent successes in natural language processing and computer vision. Transformers have a mostly uniform backbone where layers alternate between feed-forward and self-attention in order to build a deep network. Here we investigate this design choice and find that more complex blocks that have different permutations of feed-forward layers, self-attention layers, and gated layers (for routing through sparse structures) can be more efficient. Using this insight, we develop a complex block, named Brainformer, that consists of a diverse sets of layers such as sparsely gated feed-forward layers with different gating mechanisms, dense feed-forward layers, attention layers, and various forms of layer normalization and activation functions.  Brainformer consistently outperforms the state-of-the-art dense and sparse Transformers, in terms of both quality and efficiency. A Brainformer model with 8 billion activated parameters per token demonstrates 2$\times$ faster training convergence and 5x faster step time compared to its GLaM counterpart. In downstream task evaluation, Brainformer also demonstrates a 3% higher SuperGLUE score with fine-tuning compared to GLaM with a similar number of activated parameters. Finally, Brainformer largely outperforms a Primer dense model with similar computation per token on oneshot evaluation for three important generative tasks.",None
https://openreview.net/forum?id=3M1JnCdz-5F,Learning to Generate Pseudo Anomalies,anomaly detection; generative model; pseudo anomaly; autoencoder,We propose learning mechanism to generate pseudo anomalies for one-class classification in anomaly detection.,"Due to rare occurrence of anomalous events, anomaly detection is often seen as one-class classification (OCC) problem. In this setting, an autoencoder (AE) is typically trained to reconstruct using only normal data in order to learn normalcy representations. It is expected that, at test time, the AE can well reconstruct normal data while poorly reconstructing anomalous data. However, anomalous data is often well reconstructed as well. This phenomenon can be attributed to the fact that when training AE with only normal data, the boundary between normal and abnormal data is unknown, consequently resulting in a boundary that includes the abnormal data as well. To alleviate this problem, we utilize pseudo anomalies to limit the reconstruction capability of an AE. Without imposing strong inductive bias, pseudo anomalies are generated by adding noise to the normal data. Moreover, to improve the quality of pseudo anomalies, we propose a learning mechanism to generate noise by exploiting the aforementioned weakness of AE, i.e., reconstructing anomalies too well. Evaluations on Ped2, Avenue, ShanghaiTech, and CIFAR-10 datasets demonstrate the effectiveness of our approach in improving the discriminative capability of AEs for anomaly detection.",None
https://openreview.net/forum?id=RsSJ2_M2Nk4,SpaceEvo: Searching Hardware-Friendly Search Space for Efficient Int8 Inference,Neural Architecture Search; Search Space Design; INT8 Quantization; Edge Hardware,We introduce techniques to search a quantization-friendly search space for a given device,"INT8 quantization is an essential compression tool to deploy a deep neural network (DNN) on resource-limited edge devices. While it greatly reduces model size and memory cost, current edge-regime DNN models cannot well utilize INT8 quantization to reduce inference latency.  In this work, we find that the poor INT8 latency performance is due to the quantization-unfriendly issue: the operator and configuration (e.g., channel width) choices in a normal model design space lead to diverse quantization efficiency and can slow down the INT8 latency. To alleviate this issue, we propose SpaceEvo to efficiently search a novel hardware-aware, quantization-friendly search space, where its top-tier sub-networks achieve both superior quantization efficiency and accuracy. The key idea is to automatically evolve hardware-preferred operators and configurations guided by a search space quality metric, called Q-T score. However, naively training a candidate space from scratch for Q-T score evaluation brings prohibitive training cost, making it difficult to evolve search space on large-scale tasks (e.g., ImageNet). We further propose to conduct block-wise training and build INT8 accuracy lookup table to greatly reduce the cost. On diverse devices, SpaceEvo consistently outperforms existing manually-designed search spaces by producing both tiny and large quantized models with superior ImageNet accuracy and hardware efficiency. The discovered models, named SeqNet, achieve up to 10.1% accuracy improvement under the same latency. Our study addressed the hardware-friendly search space design challenge in NAS and paved the way for searching the search space towards efficient deployment.",None
https://openreview.net/forum?id=PY1wvNgwhPC,HSVC: Transformer-based Hierarchical Distillation for Software Vulnerability Classification,Transformers-based models; Knowledge distillation; Long-tailed learning; Software vulnerability classification,None,"Software vulnerabilities have diverse characteristics, attacks, and impacts on software systems, stakeholders, and organizations. Such diverse characteristics of vulnerabilities (i.e., CWE-IDs) often lead to more difficulty in handling the label distributions for a Deep Learning model (e.g., addressing a highly imbalanced multi-class classification problem). However, existing vulnerability detection approaches often treat vulnerabilities equally---which does not reflect reality. In this paper, we present a new approach to solving the highly imbalanced software vulnerability classification (SVC) problem by leveraging the hierarchical structure of CWE-IDs and knowledge distillation. Specifically, we split a complex label distribution into sub-distributions based on CWE abstract types (i.e., categorizations that group similar CWE-IDs), so similar CWE-IDs can be grouped and each group will have a more balanced label distribution. We learn TextCNN teachers on each of the simplified distributions respectively, however, they only perform well in their group. Thus, we build a transformer student model to generalize the performance of TextCNN teachers through our hierarchical knowledge distillation framework. We compare our approach with source code transformer models as well as long-tailed learning approaches proposed in the vision domain. Through an extensive evaluation using the real-world 8,636 vulnerabilities, our approach outperforms all of the baselines by 1.97%-13.89%. Our framework can be applied to any transformer-based SVC such as CodeBERT, GraphCodeBERT, and CodeGPT, with slight modifications. Training code and pre-trained models are available at https://github.com/HSVC-TEAM/HSVC.",None
https://openreview.net/forum?id=-4Z25gkP7Oi,Counterfactual Contrastive Learning for Robust Text Classification,Contrastive Learning; Representation Learning; Structural Causal Model,None,"Text classification has recently been promoted by large pre-trained language models (PLMs) which aim to identify target classes with knowledge transferred from sets of reading comprehension tasks. However, derivative models of PLMs still suffer from sensitive performance on different datasets, the reasons are multiple such as cross-domain and label imbalance problems, from which most models may learn the spurious correlation between texts and labels. Existing research requires people to manually add counterfactual samples to the dataset or automatically match so-called counterfactual pairs that are already in the dataset for augmentation. In this paper, we propose a novel LDA-based counterfactual contrastive learning framework and three data augmentation methods, to capture the causal information in texts, which can promote the robustness of text classification. To confirm the effectiveness of our proposed model and methods, we design and conduct several couples of experiments. Experimental results demonstrate that our model works well on five popular text classification datasets on distinct tasks, we find that training with proposed data augmentation outperforms other augmentation methods on many superior models by 1\% or above. Plus, robustness tests on different datasets also show a competitive performance, which proves the effectiveness of our model and data.",None
https://openreview.net/forum?id=QcTbkoBycwk,Efficient Shapley Values Estimation by Amortization for Text Classification,text classification; model interpretation; amortization,We recognize the stability issue in model interpretation for text classifier and propose an amortized approach to generate stable interpretation efficiently.,"Despite the popularity of Shapley Values in explaining neural text classification models, computing them is prohibitive for large pretrained models due to a large number of model evaluations as it needs to perform multiple model evaluations over various perturbed text inputs. In practice, Shapley Values are often estimated stochastically with a smaller number of model evaluations. However, we find that the estimated Shapley Values are quite sensitive to random seeds—the top-ranked features often have little overlap under two different seeds, especially on examples with the longer input text. As a result, a much larger number of model evaluations is needed to reduce the sensitivity to an acceptable level. To mitigate the trade-off between stability and efficiency, we develop an amortized model that directly predicts Shapley Values of each input feature without additional model evaluation. It is trained on a set of examples with Shapley Values estimated from a large number of model evaluations to ensure stability. Experimental results on two text classification datasets demonstrate that, the proposed amortized model can estimate black-box explanation scores in milliseconds per sample in inference time and is up to 60 times more efficient than traditional methods.",None
https://openreview.net/forum?id=rmU3K_ekONM,SplitMixer: Fat Trimmed From MLP-like Models,deep learning architectures; MLP-Mixer; model compression; visual classification,"We present a simple and lightweight isotropic MLP-like architecture, for visual recognition that performs on par with existing models but much less computation.","We present SplitMixer, a simple and lightweight isotropic MLP-like architecture, for visual recognition. It contains two types of interleaving convolutional operations to mix information across spatial locations (spatial mixing) and channels (channel mixing).
The first one includes sequentially applying two depthwise 1D kernels, instead of a 2D kernel, to mix spatial information. The second one is splitting the channels into overlapping or non-overlapping segments, with or without shared parameters, and applying our proposed channel mixing approaches or 3D convolution to mix channel information. Depending on design choices, a number of SplitMixer variants can be constructed to balance accuracy, the number of parameters, and speed. We show, both theoretically and experimentally, that SplitMixer performs on par with the state-of-the-art MLP-like models while having a significantly lower number of parameters and FLOPS. For example, without strong data augmentation and optimization, SplitMixer achieves around 94\% accuracy on CIFAR-10 with only 0.28M parameters, while ConvMixer achieves the same accuracy with about 0.6M parameters. The well-known MLP-Mixer achieves 85.45\% with 17.1M parameters. On CIFAR-100 dataset, SplitMixer achieves around 73\% accuracy, on par with ConvMixer, but with about 52\% fewer parameters and FLOPS. We hope that our results spark further research towards finding more efficient vision architectures and facilitate the development of MLP-like models. Code is available at [Masked].",None
https://openreview.net/forum?id=IAIrNRktVWR,Multimedia Generative Script Learning for Task Planning,multimedia generative script learning; contrastive learning; retrieval-augmented generation; selective multimedia encoding; procedure planning,"We introduce a new multimedia generative script learning task with a new benchmark; novel visually trackable, inductive, diverse script learning methods; and a new multimodal-retrieval-based metric.","Goal-oriented generative script learning aims to generate subsequent steps to reach a particular goal, which is an essential task to assist robots or humans in performing stereotypical activities in daily life. However, an important aspect of this process is the ability to capture historical states visually, which provides detailed information that is not covered by text and will guide subsequent steps. Therefore, we propose a new task, Multimedia Generative Script Learning, to generate subsequent steps by tracking historical states in both text and vision modalities, as well as presenting the first benchmark containing 5,652 tasks and 79,089 steps with descriptive images. This task is challenging in three aspects: the multimedia challenge of capturing the visual states in images, the induction challenge of performing unseen tasks, and the diversity challenge of covering different information in individual steps. We propose to encode visual state changes through a selective multimedia encoder to address the multimedia challenge, transfer knowledge from previously observed tasks using a retrieval-augmented decoder to overcome the induction challenge, and further present distinct information at each step by optimizing a diversity-oriented contrastive learning objective.  We define metrics to evaluate both generation quality and inductive quality. Experiment results demonstrate that our approach significantly outperforms strong baselines.",None
https://openreview.net/forum?id=ml8_xBoTnVA,On Assimilating Learned Views in Contrastive Learning,Contrastive Learning; Self-Supervised Learning; Generative Models; Mutual Information,None,"Transformations based on domain expertise (expert transformations), such as random-resized-crop and color-jitter, have proven critical to the success of contrastive learning techniques such as SimCLR. Recently, several attempts have been made to replace such domain-specific, human-designed transformations with generated views that are learned. However, for imagery data, so far none of these view generation methods has been able to outperform expert transformations. In this work, we tackle a different question: instead of replacing expert transformations with generated views, can we constructively assimilate generated views with expert transformations? We answer this question in the affirmative. To do so, we first propose an information-theoretic framework for designing view generation based on the analysis of Tian et al 2020b on what makes a ""good"" view in contrastive learning. Then, we present two simple yet effective assimilation methods that together with our view generation mechanisms improve the state-of-the-art by up to approximately 3.5% on four different datasets. Importantly, we conduct a detailed empirical study that systematically analyzes a range of view generation and assimilation methods and provides a holistic picture of the efficacy of learned views in contrastive representation learning.",None
https://openreview.net/forum?id=10tgIzcC2vY,Upcycled-FL: Improving Accuracy and Privacy with Less Computation in Federated Learning,Federated Learning; Differential Privacy,We propose a federated learning framework that improves accuracy-privacy tradeoff with less computation.,"Federated learning (FL) is a distributed learning paradigm that allows multiple decentralized edge devices to collaboratively learn toward a common objective without sharing local data. Although local data is not exposed directly, privacy concerns nonetheless exist as sensitive information can be inferred from intermediate computations. As the same data is repeatedly used over an iterative process, information leakage accumulates substantially over time, making it difficult to balance the trade-off between privacy and accuracy. In this paper we introduce Upcycled-FL, a novel federated learning framework, where first-order approximation is  applied at every even iteration. Under such a scheme, half of the steps incur no privacy loss and require much less computation. Theoretically, we establish the convergence rate performance of Upcycled-FL and provide privacy analysis based on objective and output perturbations. Experiments on  real-world data show that Upcycled-FL consistently outperforms existing methods over heterogeneous data, and significantly improves privacy-accuracy trade-off, while reducing 48% of the training time on average.",None
https://openreview.net/forum?id=J3_WcZW3oV1,Dataset Projection: Finding Target-aligned Subsets of Auxiliary Data,datasets; auxiliary data; dataset projection,We project datasets to find subsets of auxiliary datasets that are most aligned with a target dataset.,"To obtain more training data for a target task, one can draw upon related but distinct datasets, or auxiliary datasets. We put forth the problem of dataset projection---finding subsets of auxiliary datasets that are most aligned with a target dataset. These so-called projected datasets can be used as training data to improve performance on target tasks while being substantially smaller than the auxiliary dataset. We then develop a framework for solving such dataset projection problems and demonstrate in a variety of vision and language settings that the resulting projected datasets, when compared to the original auxiliary datasets, (1) are closer approximations of target datasets and (2) can be used to improve test performance or provide analysis for the target datasets.",None
https://openreview.net/forum?id=--qiQPsCV94,Unsupervised Manifold Linearizing and Clustering,Clustering; Manifold Embedding; Manifold Clustering,None,"Clustering data lying close to a union of low-dimensional manifolds, with each manifold as a cluster, is a fundamental problem in machine learning. When the manifolds are assumed to be linear subspaces, many methods succeed using low-rank and sparse priors, which have been studied extensively over the past two decades. Unfortunately, most  real-world datasets can not be well approximated by linear subspaces. On the other hand, several works have proposed to identify the manifolds by learning a feature map such that the data transformed by the map lie in a union of linear subspaces, even though the original data are from non-linear manifolds. However, most works either assume knowledge of the membership of samples to clusters, or are shown to learn trivial representations. In this paper, we propose to simultaneously perform clustering and learn a union-of-subspace representation via Maximal Coding Rate Reduction. Experiments on synthetic and realistic datasets show that the proposed method achieves clustering accuracy comparable with state-of-the-art alternatives, while being more scalable and learning geometrically meaningful representations.",None
https://openreview.net/forum?id=bWhEJ0lF5L9,Graph Contrastive Learning with Reinforced Augmentation,Graph contrastive learning; graph neural network; graph classification; reinforcement learning,"In this paper, we design a novel GA2C model making the augmented views evolves well to energize graph contrastive learning and outperforms the SOTA methods..","Graph contrastive learning (GCL), designing contrastive objectives to learn embeddings from augmented graphs, has become a prevailing method for learning embeddings from graphs in an unsupervised manner. As an important procedure in GCL, graph data augmentation (GDA) directly affects the model performance on the downstream task. Currently, there are three types of GDA strategies: trial-and-error, precomputed method, and adversarial method. However, these strategies ignore the connection between the two consecutive augmentation results because GDA is regarded as an independent process. In this paper, we regard the GDA in GCL as a Markov decision process. Based on this point, we propose a reinforced method, i.e., the fourth type of GDA strategy, using a novel Graph Advantage Actor-Critic (GA2C) model for GCL. On 23 graph datasets, the experimental results verify that GA2C outperforms the SOTA GCL models on a series of downstream tasks such as graph classification, node classification, and link prediction.",None
https://openreview.net/forum?id=sxLL8K3E39G,Block-Diagonal Structure Learning for Subspace Clustering,None,None,"Finding the informative subspaces of high-dimensional ordered datasets is at the core of innumerable applications in computer vision, where spectral-based subspace clustering is arguably the most commonly studied method due to its strong empirical performance. Such algorithms compute an affinity matrix to construct a self-representation for each sample utilizing other samples as a dictionary, and spectral clustering is employed to identify the clustering structure based on the affinity matrix. Since the ordered nature, the block-diagonal structure learning embedded in self-representation plays a vital role in effective subspace clustering. However, direct optimization with block-diagonal priors is challenging due to the random sparseness and connectivity nature of self-representation, and none of the existing techniques resort to the block-diagonal structure learning of self-representation alone. In this paper, we propose a technique, namely block-diagonal structure representation learning, to solve the optimal clustering of the ordered data directly instead of employing spectral clustering. The proposed algorithm can theoretically achieve the global optimal solution of the proposed discrete non-convex block-diagonal partition problem. We test the proposed clustering method on several types of segmentation databases, such as human face recognization, video scene clip partition, motion tracks, and dynamic 3-D facial expression sequences. The experiments illustrate that the proposed method outperforms state-of-the-art subspace clustering methods.",None
https://openreview.net/forum?id=DSKD610FRN1,Decentralized Federated Learning via Overlapping Data Augmentation,federated learning; personalized federated learning; decentralized federated learning,This paper studies the scenario of selective partial sharing in federated learning.,"Recently, there have been rising concerns about the heterogeneity among local clients in federated learning, which could lead to inefficient utilization of the data from other clients. To mitigate the adverse effects of heterogeneity, FL research has mostly focused on learning a globally shared initialization under the assumption that the shared information is consistent among all clients. In this paper, we consider a more general scenario, Selective Partial Sharing (SPS), where each pair of clients may share different patterns or distribution components. We propose a novel FL framework named Fed-SPS to exploit the shared knowledge by a partial and pairwise collaboration. Meanwhile, to reduce data traffic and improve computing efficiency, we realize a decentralized learning paradigm for our framework. Due to privacy concerns, one cannot obtain the overlapped distribution components with direct access to the raw data. While the learned personalized model is an approximation of local distribution, we propose to identify the selective sharing structure by exploring the vulnerability overlap between local models. With the detected sharing structure, we propose an overlapping data augmentation, which efficiently boosts the leveraging of the overlapped data between clients. Comprehensive experiments on a suite of benchmark data sets and a real-world clinical data set show that our approach can achieve better generalization compared with existing methods.",None
https://openreview.net/forum?id=9RDD2hefT94,An interpretable contrastive logical knowledge learning method for sentiment analysis,interpretable sentiment analysis; Talmudic public announcement logic; contrastive logical knowledge learning; knowledge reasoning,We present a novel contrastive logical knowledge learning (CLK) method to learn interpretable TPK models and generate explanations for sentiment analysis tasks.,"Current interpretable sentiment analysis (ISA) methods frequently underperform state-of-the-art models, and few of them cast light on the inner working of pre-trained models.  In this work, we fill the gap by addressing four key research challenges in ISA—knowledge acquisition, knowledge representation, knowledge learning and knowledge reasoning—in one unified framework. Theoretically, we propose a novel contrasitive logical knowledge learning (CLK) framework that can visualize the decisions made through deterministic Talmudic public announcement logic semantics. We apply CLK to current popular sentiment analysis models to obtain CLK based interpretable ones. Empirically, experimental results of both binary sentiment analysis tasks and fine-grained sentiment analysis tasks indicate that CLK can achieve an effective trade-off between accuracy and interpretability. Furthermore, we find that CLK can reduce the uncertainty of logical knowledge for discriminative labels by visualizing the learned feature representations and model output. Besides, we carry out a case study to investigate the fidelity of model interpretability through knowledge reasoning, which demonstrates that the explanations provided by our method are reasonable and consistent for sentiment analysis tasks.",None
https://openreview.net/forum?id=XUqTyU9VlWp,The Impact of Neighborhood Distribution in Graph Convolutional Networks,Graph convolutional networks; graph neural networks; homophily; heterophily,We find the distinguishability of neighborhood distribution plays a more important role in the performance of GCN than homophily and propose GCN-PND to promote neighborhood distinguishability.,"Graph Convolutional Networks (GCNs) which aggregate information from neighbors to learn node representation, have shown excellent ability in processing graph-structured data. However, it is inaccurate that the notable performance of GCNs tends to depend on strong homophily assumption of networks, since GCNs can also perform well over some heterophilous graphs. Thus the impact of homophily on GCNs needs to be reconsidered. In this paper, we study what influences the aggregation of GCNs from the perspective of neighborhood distribution. Theoretical and empirical analysis is provided to reveal that the distinguishability of neighborhood distribution plays a more important role in the performance of GCN than homophily. Furthermore, we address that neighborhood structure and neighborhood range are two key factors for GCNs to promote neighborhood distinguishability. Based on the conclusion, we propose an improved graph convolution network (GCN-PND) including updating graph topology based on the similarity between local neighborhood distribution of nodes and designing extensible aggregation from multi-hop neighbors. We did extensive experiments on graph benchmark datasets to analyze the superiority of the proposed method. The experimental results demonstrate that GCN-PND is more effective on heterophilous datasets than most of existing state-of-the-art GCN methods.",None
https://openreview.net/forum?id=ZA_F5AU-byh,Towards Class-Balanced Transductive Few-Shot Learning,Few-shot classification; Transductive learning; Class-imbalanced Prediction,We develop transductive fine-tuning with margin-based uncertainty weighting and class-balanced normalization to tackle the issue of class imbalanced predictions in few-shot learning.,"In this work, we present an observation of severe class-imbalanced predictions in few-shot learning and propose solving it by acquiring a more balanced marginal probability through Transductive Fine-tuning with Margin-based uncertainty weighting and Class-balanced normalization (TF-MC). Margin-based uncertainty weighting compresses the utilization of wrong predictions with lower loss weights to stabilize predicted marginal distribution. Class-balanced normalization adjusts the predicted probability for testing data to pursue class-balanced fine-tuning without directly regularizing the marginal testing distribution. TF-MC effectively improves the class balance in predictions with state-of-the-art performance on in- / out-of-distribution evaluations of Meta-Dataset and surpasses previous transductive methods by a large margin.",None
https://openreview.net/forum?id=g4RxrIB52M9,Unleashing the Potential of Data Sharing in Ensemble Deep Reinforcement Learning,None,None,"This work studies a crucial but often overlooked element of ensemble methods in deep reinforcement learning: data sharing between ensemble members. We show that data sharing enables peer learning, a powerful learning process in which individual agents learn from each other’s experience to significantly improve their performance. When given access to the experience of other ensemble members, even the worst agent can match or outperform the previously best agent, triggering a virtuous circle. However, we show that peer learning can be unstable when the agents’ ability to learn is impaired due to overtraining on early data. We thus employ the recently proposed solution of periodic resets and show that it ensures effective peer learning. We perform extensive experiments on continuous control tasks from both dense states and pixels to demonstrate the strong effect of peer learning and its interaction with resets.",None
https://openreview.net/forum?id=hw4XagZJuw,Seq2Seq Pre-training with Dual-channel Recombination for Translation,neural machine translation; transformer; sequence to sequence pre-training,None,"Sequence to sequence (\textit{seq2seq}) pre-training has achieved predominate success in natural language generation (NLG).  Generally, the powerful encoding and language generation capacities from the pre-trained seq2seq models can significantly improve most NLG tasks when fine-tuning them with task-specific data. However, as a cross-lingual generation task, machine translation needs an additional ability of representation transferring on languages (or \textit{translation model}). Fine-tuning the pre-trained models to learn the translation model, which is not covered in the self-supervised processing, will lead to the \textit{catastrophic forgetting} problem. This paper presents a dual-channel recombination framework for translation (\textsc{DcRT}) to address the abovementioned problem. In the proposed approach, we incorporate two cross-attention networks into the pre-trained seq2seq model to fetch the contextual information and require them to learn the \textit{translation} and \textit{language} models, respectively. Then, the model generates outputs according to the composite representation. Experimental results on multiple translation tasks demonstrate that the proposed \textsc{DcRT} achieves considerable improvements compared to several strong baselines by tuning less than 20\% parameters. Further, \textsc{DcRT} can incorporate multiple translation tasks into one model without dropping performance, drastically reducing computation and storage consumption.",None
https://openreview.net/forum?id=lXBzOtKn20t,BiViT: Exploring Binary Vision Transformers,quantization; binary quantization; vision transformer; distillation; classification; imagenet,"We introduce BiViT, a the first fully binary quantized binary vision transformer with both 1-bit weights and activations.","We introduce BiViT, a Binary Vision Transformer that tackles the extremely difficult problem of quantizing both the weights and activations of a ViT model to just 1 bit. Initially, we observe that the techniques used to binarize transformers in NLP don't work on Vision Transformers (ViTs). To address this, we introduce some simple yet critical architectural changes, improving 28% over a baseline binarized ViT. Then, we improve 11% over from-scratch training by employing our normalized BiViT distillation scheme, which we find to be crucial for dense distillation in vision. Overall, BiViT can achieve a 58x reduction in operations and a 20x compression in model size, while bringing top-1 accuracy on ImageNet-1k in line with similar benchmarks for binary transformers in NLP. We hope BiViT can be the first step toward even more powerful binary ViT models.",None
https://openreview.net/forum?id=xYNOuQh1Z7Y,Magnum: Tackling High-Dimensional Structures with Self-Organization,self-organization; chunking; time-series data,None,"A big challenge for dealing with real world problems is scalability. In fact, this is partially the reason behind the success of deep learning over other learning paradigms. Here, we tackle the scalability of a novel learning paradigm proposed in 2021 based solely on self organizing principles. This paradigm consists of only dynamical equations which self-organize with the input to create attractor-repeller points that are related to the patterns found in data. To achieve scalability for such a system, we propose the Magnum algorithm, which utilizes many self-organizing subsystems (SubSigma) each with subsets of the problem's variables. The main idea is that by merging SubSigmas, Magnum builds over time a variable correlation by consensus, capable of accurately predicting the structure of large groups of variables. Experiments show that Magnum surpasses or ties with other unsupervised algorithms in all of the high-dimensional chunking problems, each with distinct types of shapes and structural features. Moreover, SubSigma alone outperforms or ties with other unsupervised algorithms in six out of seven basic chunking problems. Thus, this work sheds light in how self-organization learning paradigms can be scaled up to deal with high dimensional structures and compete with current learning paradigms.",None
https://openreview.net/forum?id=cVEOiBz2Em,Deep Bayesian Active Learning for Accelerating Stochastic Simulation,None,None,"Stochastic simulations such as large-scale, spatiotemporal, age-structured epidemic models are computationally expensive at fine-grained resolution. While deep surrogate models can speed up the simulations, doing so for stochastic simulations and with active learning approaches is an underexplored area. We propose Interactive Neural Process (INP), a deep Bayesian active learning framework for learning deep surrogate models to accelerate stochastic simulations. INP consists of two components, a spatiotemporal surrogate model built upon Neural Process (NP) family and an acquisition function for active learning. For surrogate modeling, we develop Spatiotemporal Neural Process (STNP) to mimic the simulator dynamics. For active learning, we propose a novel acquisition function, Latent Information Gain (LIG), calculated in the latent space of NP based models. We perform a theoretical analysis and demonstrate that LIG reduces sample complexity compared with random sampling in high dimensions. We also conduct empirical studies on two complex spatiotemporal simulators for reaction diffusion and infectious disease. The results demonstrate that STNP outperforms the baselines in the offline learning setting and LIG achieves the state-of-the-art for Bayesian active learning.",None
https://openreview.net/forum?id=4dsIu9DOFNB,Generating Features with Increased Crop-Related Diversity for Few-shot Object Detection,Few-shot Object Detection,"We transform the latent space such that the latent norm represents a data property, allowing controllable feature generation.","Two-stage object detectors generate object proposals and classify them to detect objects in images. These proposals often do not perfectly contain the objects but overlap with them in many possible ways, exhibiting great variability induced by different object scales, object positions (w.r.t. the boxes), object parts, and backgrounds. Training a robust classifier against this variability requires abundant training data, which is not available in few-shot settings. To mitigate this issue, we propose a novel variational autoencoder (VAE) based data generation model, which is capable of generating data with increased crop-related variability. The main idea is to transform the latent space such that latent codes with different norms represent different crop-related variations. This allows us to generate features with increased crop-related diversity via simply varying the latent norm. In particular, each latent code is rescaled such that its norm linearly correlates with the IoU score of the input crop w.r.t. the ground-truth box. Here the IoU score is a proxy that represents the crop-related variation. We train this VAE model on base classes conditioned on the semantic code of each class and then use the trained model to generate features for novel classes. Our experimental results show that our generated features consistently improve state-of-the-art few-shot object detection methods on PASCAL VOC and COCO datasets.",None
https://openreview.net/forum?id=5U3xzYJoThy,A New Path: Scaling Vision-and-Language Navigation with Synthetic Instructions and Imitation Learning,vision and language navigation,A new path to improving instruction following agents using pure imitation learning (no RL) and large scale in-domain data augmentation,"Recent studies in Vision-and-Language Navigation (VLN) train RL agents to execute natural-language navigation instructions in photorealistic environments, as a step towards intelligent agents or robots that can follow human instructions. However, given the scarcity of human instruction data and limited diversity in the training environments, these agents still struggle with complex language grounding and spatial language understanding. Pretraining on large text and image-text datasets from the web has been extensively explored but the improvements are limited. To address the scarcity of in-domain instruction data, we investigate large-scale augmentation with synthetic instructions. We take 500+ indoor environments captured in densely-sampled 360◦ panoramas, construct navigation trajectories through these panoramas, and generate a visually-grounded instruction for each trajectory using Marky (Wang et al., 2022), a high-quality multilingual navigation instruction generator. To further increase the variability of the trajectories, we also synthesize image observations from novel viewpoints using an image-to-image GAN. The resulting dataset of 4.2M instruction-trajectory pairs is two orders of magnitude larger than existing human-annotated datasets, and contains a wider variety of environments and viewpoints. To efficiently leverage data at this scale, we train a transformer agent with imitation learning for over 700M steps of experience. On the challenging Room-across-Room dataset, our approach outperforms all existing RL agents, improving the state-of-the-art NDTW from 71.1 to 79.1 in seen environments, and from 64.6 to 66.8 in unseen test environments. Self-supervision with synthetic instructions in new environments can improve further to 68.6 (vs. human 79.5). Our work points to a new path to improving instruction-following agents, emphasizing large-scale imitation learning and the development of synthetic instruction generation capabilities – which are shown to flow through directly to improved instruction-following performance.",None
https://openreview.net/forum?id=upJ3vrFKaL,Collecting The Puzzle Pieces: Disentangled Self-Driven Human Pose Transfer by Permuting Textures,person image generation; human pose transfer; image synthesis,Present a self-driven human pose transfer method by permuting textures.,"Human pose transfer aims to synthesize a new view of a person under a given pose. Recent works achieve this via self-reconstruction, which disentangles pose and texture features from the person image, then combines the two features to reconstruct the person. Such feature-level disentanglement is a difficult and ill-defined problem that could lead to loss of details and unwanted artifacts. In this paper, we propose a self-driven human pose transfer method that permutes the textures at random, then reconstructs the image with a dual branch attention to achieve image-level disentanglement and detail-preserving texture transfer. We find that compared with feature-level disentanglement, image-level disentanglement is more controllable and reliable. Furthermore, we introduce a dual kernel encoder that gives different sizes of receptive fields in order to reduce the noise caused by permutation and thus recover clothing details while aligning pose and textures. Extensive experiments on DeepFashion and Market-1501 shows that our model improves the quality of generated images in terms of FID, LPIPS and SSIM over other self-driven methods, and even outperforming some fully-supervised methods. A user study also shows that among self-driven approaches, images generated by our method are preferred in 72\% of cases over prior work.",None
https://openreview.net/forum?id=f8zhJ1jAfIq,Live in the Moment: Learning Dynamics Model Adapted to Evolving Policy,Reinforcement Learning; Model-based Reinforcement Learning; State-action Visitation Distribution; Distribution Shift; Policy-adapted Dynamics Model Learning,We theoretically analyze how the distribution of historical policies affects the model learning and model rollouts and propose a novel model learning method for model-based RL.,"Model-based reinforcement learning (RL) often achieves higher sample efficiency in practice than model-free RL by learning a dynamics model to generate samples for policy learning. Previous works learn a dynamics model that fits under the empirical state-action visitation distribution for all historical policies, i.e., the sample replay buffer. However, in this paper, we observe that fitting the dynamics model under the distribution for \emph{all historical policies} does not necessarily benefit model prediction for the \emph{current policy} since the policy in use is constantly evolving over time. The evolving policy during training will cause state-action visitation distribution shifts. We theoretically analyze how this distribution shift over historical policies affects the model learning and model rollouts. We then propose a novel dynamics model learning method, named \textit{Policy-adapted Dynamics Model Learning (PDML)}. PDML dynamically adjusts the historical policy mixture distribution to ensure the learned model can continually adapt to the state-action visitation distribution of the evolving policy. Experiments on a range of continuous control environments in MuJoCo show that PDML achieves significant improvement in sample efficiency and higher asymptotic performance combined with the state-of-the-art model-based RL methods.",None
https://openreview.net/forum?id=WHgGpgHFNT,TrajGRU-Attention-ODE: Novel Spatiotemporal Predictive Models,Spatiotemporal predictive model; convolutional recurrent neural network; attention mechanism; neural ordinary differential equation; irregularly sampled time series.,This paper presents novel deep learning models for spatiotemporal predictive tasks.,"To perform the long-term spatiotemporal sequence prediction (SSP) task with irregular time sampling assumptions, we build the sequence-to-sequence models based on the Trajectory Gated Recurrent Unit (TrajGRU) network and our proposed deep learning modules. First, we design a novel attention mechanism, namely Motion-based Attention (MA), and insert it into the TrajGRU network to create the TrajGRU-Attention model. In particular, the TrajGRU-Attention model can alleviate the impact of the vanishing gradient, which leads to the blurry effect in the long-term predictions and handle both regularly sampled and irregularly sampled time series. Second, leveraging the advances in Neural Ordinary Differential Equation (NODE) technique, we proposed the TrajGRU-Attention-ODE model, which can be applied in continuous-time applications. To evaluate the performance of the proposed models, we select three available spatiotemporal datasets based on the complexity level, including the MovingMNIST, MovingMNIST++, and KTH Action. Our models outperform the state-of-the-art NODE model and generate better results than the standard TrajGRU model for SSP tasks with different circumstances of time sampling.",None
https://openreview.net/forum?id=vk96czrH2Y,Learning-Based Radiomic Prediction of Type 2 Diabetes Mellitus Using Image-Derived Phenotypes,Tabular Data; Disease Prediction; Machine Learning for Health; Out-of-Domain Generalization; Classification,Tabular learning models can predict patient diabetes risk from a combination of noninvasive physical examination and CT imaging data.,"Early diagnosis of Type 2 Diabetes Mellitus (T2DM) is crucial to enable timely therapeutic interventions and lifestyle modifications. As medical imaging data become more widely available for many patient populations, we sought to investigate whether image-derived phenotypic data could be leveraged in tabular learning classifier models to predict T2DM incidence without the use of invasive blood lab measurements. We show that both neural network and decision tree models that use image-derived phenotypes can predict patient T2DM status with recall scores as high as 87.6%. We also propose the novel use of these same architectures as 'SynthA1c encoders' that are able to output interpretable values mimicking blood hemoglobin A1C empirical lab measurements. Finally, we demonstrate that T2DM risk prediction model sensitivity to small perturbations in input vector components can be used to predict performance on covariates sampled from previously unseen patient populations.",None
https://openreview.net/forum?id=4k95LUAcqi,Assessing Neural Network Robustness via Adversarial Pivotal Tuning of Real Images,Robustness; Adversarial Examples; StyleGAN; Generative Models,Utilizing StyleGAN's full capacity to manipulate images semantically so as to fool image classifiers through a process called Adversarial Pivotal Tuning.,"The ability to assess the robustness of image classifiers to a diverse set of manipulations is essential to their deployment in the real world. Recently, semantic manipulations of real images have been considered for this purpose, as they may not arise using standard adversarial settings. However, such semantic manipulations are often limited to style, color or attribute changes. While expressive, these manipulations do not consider the full capacity of a pretrained generator to affect adversarial image manipulations. In this work, we aim at leveraging the full capacity of a pretrained image generator to generate highly detailed, diverse and photorealistic image manipulations. Inspired by recent GAN-based image inversion methods, we propose a method called Adversarial Pivotal Tuning (APT). APT first finds a pivot latent space input to a pretrained generator that best reconstructs an input image. It then adjusts the weights of the generator to create small, but semantic, manipulations which fool a pretrained classifier. Crucially, APT changes both the input and the weights of the pretrained generator, while preserving its expressive latent editing capability, thus allowing the use of its full capacity in creating semantic adversarial manipulations. We demonstrate that APT generates a variety of semantic image manipulations, which preserve the input image class, but which fool a variety of pretrained classifiers. We further demonstrate that classifiers trained to be robust to other robustness benchmarks, are not robust to our generated manipulations and propose an approach to improve the robustness towards our generated manipulations.",None
https://openreview.net/forum?id=jg9ELHRfHD7,REV: Information-Theoretic Evaluation of Free-Text Rationales,free-text rationales; conditional V-information; evaluation metric; explainable AI,This paper proposes an evaluation metric based on conditional $\mathcal{V}$-information to measure the information in free-text rationales.,"Free-text rationales are a promising step towards explainable AI, yet their evaluation remains an open research problem. While existing metrics have mostly focused on measuring the direct association between the rationale and a given label, we argue that an ideal metric should also be able to focus on the new information uniquely provided in the rationale that is otherwise not provided in the input or the label. We investigate this research problem from an information-theoretic perspective using the conditional $\mathcal{V}$-information \citep{hewitt-etal-2021-conditional}. More concretely, we propose a metric called REV (Rationale Evaluation with conditional $\mathcal{V}$-information), that can quantify the new information in a rationale supporting a given label beyond the information already available in the input or the label. Experiments on reasoning tasks across four benchmarks, including few-shot prompting with GPT-3, demonstrate the effectiveness of REV in evaluating different types of rationale-label pairs, compared to existing metrics. Through several quantitative comparisons, we demonstrate the capability of REV in providing more sensitive measurements of new information in free-text rationales with respect to a label. Furthermore, REV is consistent with human judgments on rationale evaluations. Overall, when used alongside traditional performance metrics, REV provides deeper insights into a models' reasoning and prediction processes.",None
https://openreview.net/forum?id=383GRAoNhzb,Examining the Difference Among Transformers and CNNs with Explanation Methods,Explanation; transformers; multiple explanations,None,"We propose a methodology that systematically applies deep explanation algorithms on a dataset-wide basis, to compare different types of visual recognition backbones, such as convolutional networks (CNNs), global attention networks, and local attention networks. We examine both qualitative visualizations and quantitative statistics across the dataset, in order to generate intuitions that are not just anecdotal, but are supported by the statistics computed on the whole dataset. Specifically, we propose two methods. The first one, sub-explanation counting, systematically searches for minimally-sufficient explanations of all images and count the amount of sub-explanations for each network. The second one, called cross-testing, computes salient regions using one network and then evaluates the performance by only showing these regions as an image to other networks. Through a combination of qualitative insights and quantitative statistics, we illustrate that 1) there are significant differences between the salient features of CNNs and attention models; 2) the occlusion-robustness in local attention models and global attention models may come from different decision-making mechanisms.",None
https://openreview.net/forum?id=Si_XWk8umO,Towards Large Scale Transfer Learning for Differentially Private Image Classification,Differential Privacy; Understanding Differential Privacy; Image Classification; Deep Learning,"We perform comprehensive exploration of Differentially Private training on ImageNet. Combined with large scale transfer learning and a few insights, we obtain state of the art private results with minimal computational overhead.","Differentially Private Stochastic Gradient Descent (DP-SGD) has emerged as a popular private training algorithm. Unfortunately, the computational cost of training large-scale models with DP-SGD is substantially higher than non-private training. This is further exacerbated by the fact that increasing the number of parameters leads to larger degradation in utility with DP. In this work, we zoom in on the ImageNet dataset and demonstrate that, similar to the non-private case, pre-training over-parameterized models on a large public dataset can lead to substantial gains when the models are finetuned privately. Moreover, by systematically comparing private and non-private models across a range of large batch sizes, we find that similar to the non-private setting, the choice of optimizer can further improve performance substantially with DP. By using the LAMB optimizer with DP-SGD we saw improvement of up to 20$\%$ points (absolute). We also show that finetuning just the last layer for a \emph{single step} in the full batch setting, combined with extremely small-scale (near-zero) initialization leads to both SOTA results of 81.7 $\%$ under a wide privacy budget range of $\epsilon \in [4, 10]$ and $\delta$ = $10^{-6}$  while minimizing the computational overhead substantially. Finally, we present additional results on CIFAR-10 and CIFAR-100, surpassing previous state of the art by leveraging transfer learning with our recommendations.",None
https://openreview.net/forum?id=TjY9fl2Bcs,FedCUAU: Clustered Federated Learning using weight divergence,Federated Learning,This work uses the relative weight divergence between each client update and their aggregated update to cluster clients and govern the knowledge transfer between clusters to improve both the initial and personalized performance.,"The majority of federated learning (FL) approaches aim to learn either a high-performing global model or multiple personalized models. Although there has been significant progress in each research direction, the optimization of one often comes at the expense of the other. In this work, we approach this problem by investigating how different clusters of clients with varying degrees of data heterogeneity may impact the single global model. From this empirical analysis, we discover a surprising insight: despite a significant distribution mismatch between clusters, the knowledge shared from low data heterogeneous clusters to high data heterogeneous clusters can significantly boost the latter's personalized accuracy but not vice versa. By building on this observation, we propose a cluster-based approach named FedCUAU, in which clients are clustered based on their degree of data heterogeneity, and knowledge between each cluster is selectively transferred. Experimental results on standard FL benchmarks show that FedCUAU can be plugged into existing FL algorithms to achieve considerable improvement both the initial and personalized performance. Empirical results shows that FedCUAU improves FedAvg initial global accuracy by $1.53\%$ and $1.82\%$ for Cifar10 and FEMNIST respectively, and personalized accuracy by $0.29\%$ and $3.81\%$.",None
https://openreview.net/forum?id=VBmeysLYDN,CoMoE: Contrastive Mixture-of-Experts are Efficient Representation Learners,Contrastive learning; sparse Mixture of Expert,We study scaling contrastive learning with mixture of experts and improve its performance with a novel regularization.,"While Contrastive Learning (CL) achieves great success in many downstream tasks, its good performance heavily relies on a large model capacity. As previous methods focus on scaling dense models, training and inference costs increase rapidly with model sizes, leading to large resource consumption. In this paper, we explore CL with an efficient scaling method, Mixture of Experts (MoE), to obtain a large but sparse model. We start by plugging in the state-of-the-art CL method to MoE. However, this naive combination fails to visibly improve performance despite a much larger capacity. A closer look reveals that the naive MoE+CL model has a strong tendency to route two augmented views of the same image token to different subsets of experts: such ``cross-view instability"" breaks the weight-sharing nature in CL and misleads the invariant feature learning. To address this issue, we introduce a new regularization mechanism, by enforcing expert-routing similarity between different views of the same image (or its overlapped patch tokens), while promoting expert-routing diversity of patches from different images. The resultant method, called CoMoE, improves by 1.7 points in terms of 1\% semi-supervised learning accuracy on ImageNet, compared to the naive combination baseline. It further surpasses the state-of-the-art CL methods on ImageNet pre-training of Vision Transformer (ViT) by 2.8 points, at the same computational cost. Our findings validate CoMoE as an effective and efficient image representation learner. Code is included in the supplemental materials.",None
https://openreview.net/forum?id=3lr-ESFLUO,Toward Discovering Options that Achieve Faster Planning,Option Discovery; Temporal Abstraction; Planning; Reinforcement Learning,We propose a new objective for option discovery that emphasizes the computational advantage of using options in planning.,"We propose a new objective for option discovery that emphasizes the computational advantage of using options in planning. In a sequential machine, the speed of planning is proportional to the number of elementary operations used to achieve a good policy. For episodic tasks, the number of elementary operations depends on the number of options composed by the policy in an episode and the number of options being considered at each decision point. To reduce the amount of computation in planning, for a given set of episodic tasks and a given number of options, our objective prefers options with which it is possible to achieve a high return by composing few options, and also prefers a smaller set of options to choose from at each decision point. We develop an algorithm that optimizes the proposed objective. In a variant of the classic four-room domain, we show that 1) a higher objective value is typically associated with fewer number of elementary planning operations used by the option-value iteration algorithm to obtain a near-optimal value function, 2) our algorithm achieves an objective value that matches it achieved by two human-designed options 3) the amount of computation used by option-value iteration with options discovered by our algorithm matches those with the human-designed options, 4) the options produced by our algorithm also make intuitive sense--they seem to move to and terminate at the entrance of each room.",None
https://openreview.net/forum?id=GbFK7JJJVTz,Contrastive Graph Representation Learning with Cross-view Reconstruction,Graph Neural Network; Graph Contrastive Learning,Our paper propose a new contrastive learning framework to learn graph representation in accordance with the information bottleneck principle.,"Although different graph self-supervised learning strategies have been proposed to tackle the supervision shortage issue in graph learning tasks, Graph contrastive learning (GCL) has been the most prevalent approach to this problem.  Despite the remarkable performances those GCL methods have achieved, existing GCL methods that heavily depend on various manually designed augmentation techniques still struggle to improve model robustness without risking losing task-relevant information. Consequently, the learned representation is either brittle or unilluminating. In light of this, we introduce the GraphCV, which follows the information bottleneck principle to learn minimal yet sufficient representations from graph data. Specifically, our proposed model elicits the predictive (useful for downstream instance discrimination) and other non-predictive features separately. Except for the conventional contrastive loss which guarantees the consistency and sufficiency of the representations across different augmentation views, we introduce a cross-view reconstruction mechanism to pursue the disentanglement of the two learned representations. Besides, an adversarial global view is added as the third view of contrastive loss to avoid the learned representation from being drafted too far away from the original distribution. We empirically demonstrate that our proposed model outperforms the state-of-the-art on graph classification task over multiple benchmark datasets.",None
https://openreview.net/forum?id=e3lYU9cD8y,SPIDR: SDF-based Neural Point Fields for Illumination and Deformation,None,None,"Implicit neural representations such as neural radiance fields (NeRFs) have re- recently emerged as a promising approach for 3D reconstruction and novel view synthesis. However, NeRF-based methods encode shape, reflectance, and illumination implicitly in their neural representations, and this makes it challenging for users to manipulate these properties in the rendered images explicitly. Exist- ing approaches only enable limited editing of the scene and deformation of the geometry. Furthermore, no existing work enables accurate scene illumination after object deformation. In this work, we introduce SPIDR, a new hybrid neural SDF representation. SPIDR combines point cloud and neural implicit representations to enable the reconstruction of higher quality meshes and surfaces for object deformation and lighting estimation. To more accurately capture environment illumination for scene relighting, we propose a novel neural implicit model to learn environment light. To enable accurate illumination updates after deformation, we use the shadow mapping technique to efficiently approximate the light visibility updates caused by geometry editing. We demonstrate the effectiveness of SPIDR in enabling high quality geometry editing and deformation with accurate updates to the illumination of the scene. In comparison to prior work, we demonstrate significantly better rendering quality after deformation and lighting estimation.",None
https://openreview.net/forum?id=RIcaT3C0wP,A Simple Unsupervised Data Depth-based Method to Detect Adversarial Images,Adversarial attacks; Detection; Vision transformers; Safety AI,We crafted a simple detection method for adversarial samples based on data depths which is especially designed for vision transformers architectures,"Deep neural networks suffer from critical vulnerabilities regarding robustness, which limits their exploitation in many real-world applications. In particular, a serious concern is their inability to defend against adversarial attacks. Although the research community has developed a large amount of effective attacks, the detection problem has received little attention. Existing detection methods either rely on additional training or on specific heuristics at the risk of overfitting. Moreover, they have mainly focused on ResNet architectures while transformers, which are state-of-the-art for vision tasks, have not been properly investigated. In this paper, we overcome these limitations by introducing APPROVED, a simple unsupervised detection method for transformer architectures. It leverages the information available in the logit layer and computes a similarity score with respect to the training distribution. This is accomplished using a data depth that is: (i) computationally efficient; and (ii) non-differentiable, making it harder for gradient-based adversaries to craft malicious samples. Our extensive experiments show that APPROVED consistently outperforms previous detectors on CIFAR10, CIFAR100 and Tiny ImageNet.",None
https://openreview.net/forum?id=FELWgMjxZJj,Open-Vocabulary Semantic Segmentation with Mask-adapted CLIP,vision-language models; open-vocabulary; image segmentation,"For the first time, zero-shot segmentation model matches the supervised model on ADE-20k without seeing any single training images.","Open-vocabulary semantic segmentation aims to segment an image into semantic regions according to text descriptions, which may not have been seen during training. Recent two-stage methods first generate class-agnostic mask proposals and then leverage pre-trained vision-language models, e.g., CLIP, to classify masked regions. We identify the performance bottleneck of this paradigm to be the pre-trained CLIP model, since it does not perform well on masked images. To address this, we propose to finetune CLIP on a collection of masked image regions and their corresponding text descriptions. We collect training data by mining an existing image-caption dataset (e.g., COCO Captions), using CLIP to match masked image regions to nouns in the image captions. Compared with the more precise and manually annotated segmentation labels with fixed classes (e.g., COCO-Stuff), we find our noisy but diverse dataset can better retain CLIP's generalization ability. Along with finetuning the entire model, we utilize the ""blank"" areas in masked images using a method we dub mask prompt tuning. Experiments demonstrate mask prompt tuning brings significant improvement without modifying any weights of CLIP, and it can further improve a fully finetuned model. In particular, when trained on COCO and evaluated on ADE20K-150, our best model achieves 29.6% mIoU, which is +8.5% higher than the previous state-of-the-art. For the first time, open-vocabulary generalist models match the performance of supervised specialist models in 2017 without dataset-specific adaptations.",None
https://openreview.net/forum?id=3ZGJVocZ2XQ,Building compact representations for image-language learning,None,None,"We propose a method to learn compact vision and language representations, which adaptively and iteratively fuses the multi-modal features. It greatly lowers the FLOPs of the model by effectively combining and reducing the number of tokens used for both text and images. This allows the model to scale without a large increase in FLOPs or memory and leads to a data efficient training. In addition, we propose adaptive pre-training data sampling which further improves the data efficiency. We achieve competitive performance compared to much larger models, and do so with significantly less data and FLOPs. With only 40M training examples and with 39 GFLOPs our model of 350M parameters outperforms all methods that have used less than 1B examples for pre-training. Code will be released.",None
https://openreview.net/forum?id=QcffIcjq8bl,Dynamic Pretraining of Vision-Language Models,pretraining; vision language; sampling; curriculum learning,We propose a dynamic pretraining resampling of tasks that learns faster and better models,"Vision-Language pretraining aims to learn universal cross-modal representations and to create models with broad capabilities. In this paper, we propose a novel dynamic pretraining resampling for a variety of pretraining tasks. Unlike recent large-scale vision-language approaches, we show that a set of diverse self- and weakly-supervised pretraining tasks dynamically sampled according to task difficulty provides strong performance. Further, the approach is sample-efficient, using much less data and compute to address a range of downstream tasks. We show that a single 330M pretrained model using only smaller and publicly accessible datasets, achieves competitive or SOTA performance on three diverse groups of tasks: visual question answering, text-based image localization by referring expressions, and video question answering. The code will be released.",None
https://openreview.net/forum?id=RYRUJEjcCY,HEAV: Hierarchical Ensembling of Augmented Views for Image Captioning,image captioning; vision and language,We tackle the problem of how to efficiently and effectively leverage and ensemble heterogeneous views for image captioning,"A great deal of progress has been made in image captioning, driven by research into how to encode the image using pre-trained models. This includes visual encodings (e.g. image grid features or detected objects) and more recently textual encodings (e.g. image tags or text descriptions of image regions). As more advanced encodings are available and incorporated, it is natural to ask: how to efficiently and effectively leverage and ensemble the heterogeneous set of encodings? In this paper, we propose to regard the encodings as augmented views of the input image. The model encodes each view independently with a shared encoder efficiently, and a contrastive loss is incorporated across the encoded views to improve the representation quality, as well as to enable semi-supervised training of image captioning. Our proposed hierarchical decoder then adaptively ensembles the encoded views according to their usefulness by first ensembling within each view at the token level, and then across views at the view level. We demonstrate significant performance improvements of +5.6% CIDEr on MS-COCO compared to state of the art under the same trained-from-scratch setting and +16.8% CIDEr on Flickr30K with semi-supervised training, and conduct rigorous analyses to demonstrate the importance of each part of our design.",None
https://openreview.net/forum?id=_BSowr-_ED,Capsa: A Unified Framework for Quantifying Risk in Deep Neural Networks,uncertainty estimation; robustness; risk-aware ML,"A simple, scalable, and composable framework for creating risk-aware models","The modern pervasiveness of large-scale deep neural networks (NNs) is driven by their extraordinary performance on complex problems but is also plagued by their sudden, unexpected, and often catastrophic failures, particularly on challenging scenarios. Unfortunately, existing algorithms to achieve risk-awareness of NNs are complex and ad-hoc.  Specifically, these methods require significant engineering changes, are often developed only for particular settings, and are not easily composable. Here we present Capsa, a flexible framework for extending models with risk-awareness. Capsa provides principled methodology for quantifying multiple forms of risk and composes different algorithms together to quantify different risk metrics in parallel. We validate Capsa by implementing state-of-the-art uncertainty estimation algorithms within the Capsa framework and benchmarking them on complex perception datasets. Furthermore, we demonstrate the ability of Capsa to easily compose aleatoric uncertainty, epistemic uncertainty, and bias estimation together in a single function set, and show how this integration provides a comprehensive awareness of NN risk.",None
https://openreview.net/forum?id=K-3Qq-CC78,BYPASSING THE STABILITY-PLASTICITY TRADEOFF TO REDUCE PREDICTIVE CHURN,Preditive churn; Stability; Distillation; Ensembles,None,"The impact of an ML model is largely a function of how much trust users have in its predictions. As more data is gathered over time, the model can be updated to take advantage of a larger sample size and have improved performance. Even when model updates improve aggregate metrics such as accuracy, this can lead to errors on samples the previous model got right causing apparent regressions in performance known as predictive churn. Such prediction flips erode user trust thereby reducing the effectiveness of the human-AI team as a whole.
Current approaches for reducing predictive churn fall mainly into two categories: ensembles and distillation. While ensembles are the most effective, they comes at the cost of having to train and use multiple models for inference. Distillation is much more efficient both in terms of training and inference, but is far less effective at reducing churn. We propose a missing middle-ground solution called StackMem based on accumulating models over time which achieves comparable performance to ensembles without any training time increases or changes to training procedures. Additionally, StackMem can be applied to models which are already deployed, unlike ensembles. We demonstrate the effectiveness of StackMem on several computer vision benchmark datasets comparing against STOTA churn reduction methods.",None
https://openreview.net/forum?id=BAakXAV6Cf,Break the Wall Between Homophily and Heterophily for Graph Representation Learning,Graph Neural Networks; Graph Homophily; Graph Heterophily,This work proposes a new GNN model called OGNN (Omnipotent Graph Neural Network) that extracts different aspects of graph representations to generalize well on the whole spectrum of homophily.,"Homophily and heterophily are intrinsic properties of graphs that describe whether two linked nodes share similar properties. Although many Graph Neural Network (GNN) models have been proposed, it remains unclear how to design a model so that it can generalize well to the whole spectrum of homophily. This work addresses the challenge by identifying three graph features, including the ego node feature, the aggregated node feature, and the graph structure feature, that are essential for graph representation learning. It further proposes a new GNN model called OGNN (Omnipotent Graph Neural Network) that extracts all three graph features and adaptively fuses them to achieve generalizability across the whole spectrum of homophily. Extensive experiments on both synthetic and real datasets demonstrate the superiority (average rank 1.56) of our OGNN compared with state-of-the-art methods. Our code will be available at https://*.",None
https://openreview.net/forum?id=TAtAJFo35lc,Learning Object-Centric Dynamic Modes from Video and Emerging Properties,Koopman theory; dynamics; video representation learning; dynamic mode decomposition; video manipulation; object-centric decomposition,"We propose a model for dynamics interpretability and manipulation by means of object-centric dynamic mode decomposition, directly from pixels.","One of the long-term objectives of Artificial Intelligence  is to endow machines with the capacity of structuring and interpreting the world as we do. Towards this goal, recent methods have successfully  decomposed and disentangled video sequences into their composing objects, attributes and dynamics, in a self-supervised fashion. However, there have been scarce efforts to propose useful decompositions of the dynamics in a scene. We propose a method to decompose a video into moving objects, their attributes and the dynamic modes of their trajectories. We model the objects' dynamics with linear system identification tools, by means of a Koopman mapping and the Koopman operator $\mathcal{K}$. This allows user access and interpretation of the dynamics in the scene. We test our framework in a variety of datasets, while illustrating the novel features that emerge from our dynamic modes decomposition: temporal super-resolution, backwards forecasting, model reduction and video dynamics interpretation and manipulation at test-time. We successfully forecast challenging object trajectories from pixels, achieving competitive performance while drawing useful insights.",None
https://openreview.net/forum?id=RePt5K6wPux,Code Means More Than Plain Language: Bringing Syntax Structure Awareness To Algorithmic Problem Solution Generation,program synthesis; transformer; syntax structure,The first work to introduce syntax tree structure in programming synthesis,"Program Synthesis (PS) is the task of building computer programs that satisfy problem specifications. Large-scale pre-trained language models treat the PS as a sequence prediction task, which has gained vivid popularity recently. However, these methods heavily rely on the conventional Natural Language Processing (NLP) tokenizers, which overlooks the rich structural/syntax information in the code. In this work, we posit that the syntax structures help generate syntax error-free and algorithmically correct programs. If the program syntax structures can be integrated into the tokenizer, the program representation space could be significantly simplified. To this end, we propose a new end-to-end framework named ASTer, coupled with our novel syntax-aware tokenization design toolkit. More specifically, our tokenizer encodes and decodes the program by its syntax roles and contents, not by what is superficially shown on the strings. The ASTer encompasses a novel sample-wise and token-wise attention mechanism, and avails the benefits of training with the syntactically aligned samples from our tokenization toolkit. Extensive evaluations show superior performance against state-of-the-arts, which confirms that bringing syntax knowledge into the language model can help better capture the data structure and simplify the search space. All of our codes will be publicly available upon acceptance.",None
https://openreview.net/forum?id=katAmwuUGc,A Deep Reinforcement Learning Approach for Finding Non-Exploitable Strategies in Two-Player Atari Games,None,None,"This paper proposes novel, end-to-end deep reinforcement learning algorithms for learning two-player zero-sum Markov games. 
Different from prior efforts on training agents to beat a fixed set of opponents, our objective is to find the Nash equilibrium policies that are free from exploitation by even the adversarial opponents. We propose (1) Nash DQN algorithm, which integrates DQN with a Nash finding subroutine for the joint value functions; and (2) Nash DQN Exploiter algorithm, which additionally adopts an exploiter for guiding agent's exploration. Our algorithms are the practical variants of theoretical algorithms which are guaranteed to converge to Nash equilibria in the basic tabular setting. Experimental evaluation on both tabular examples and two-player Atari games  demonstrates the robustness of the proposed algorithms against adversarial opponents, as well as their advantageous performance over existing methods.",None
https://openreview.net/forum?id=p-cx6fK0rW9,Deep Invertible Approximation of Topologically Rich Maps between Manifolds,Manifold Learning; Universality; Inversion; Topology,None,"How can we design neural networks that allow for stable universal approximation of maps between topologically interesting manifolds? The answer is with a coordinate projection. Neural networks based on topological data analysis (TDA) use tools such as persistent homology to learn topological signatures of data and stabilize training but may not be universal approximators or have stable inverses. Other architectures universally approximate data distributions on submanifolds but only when the latter are given by a single chart, making them unable to learn maps that change topology. By exploiting the topological parallels between locally bilipschitz maps, covering spaces, and local homeomorphisms, and by using universal approximation arguments from machine learning, we find that a novel network of the form $\mathcal{T} \circ p \circ \mathcal{E}$, where $\mathcal{E}$ is an injective network, $p$ a fixed coordinate projection, and $\mathcal{T}$ a bijective network, is a universal approximator of local diffeomorphisms between compact smooth submanifolds embedded in $\mathbb{R}^n$. We emphasize the case when the target map changes topology. Further, we find that by constraining the projection $p$, multivalued inversions of our networks can be computed without sacrificing universality. As an application, we show that learning a group invariant function with unknown group action naturally reduces to the question of learning local diffeomorphisms for finite groups. Our theory permits us to recover orbits of the group action. We also outline possible extensions of our architecture to address molecular imaging of molecules with symmetries. Finally, our analysis informs the choice of topologically expressive starting spaces in generative problems.",None
https://openreview.net/forum?id=VEqj2fNC2Fw,Explaining  Image Classification through Knowledge-aware Neuron Interpretation,None,None,"Although neural networks have achieved remarkable results, they still encounter doubts due to the intransparency. To this end, neural network prediction explanation is attracting more and more attentions. State of the art methods, however, rarely introduce human-understandable external knowledge, making the explanation hard to interpret by human beings.  In this paper, we propose a knowledge-aware framework to explain neural network predictions for image scene classification. We introduce two notions of core concepts, with the help of knowledge graphs, to measure the association of concepts with respect to image scenes, and analyze solutions for prediction explanation and model manipulation. In our experiments on two popular scene classification datasets ADE20k and Opensurfaces, the proposed solutions produce better results than baseline and state of the art methods, e.g., our method produces over 25% IoU gain on compositional explanation for neuron behaviors. In addition, our core concepts and related explanation metrics can help effectively manipulate the model prediction, further leading to a new training method with 26.7% performance improvement.",None
https://openreview.net/forum?id=4QTrtR181T,An alternative approach to train neural networks using monotone variational inequality,monotone variational inequality; graph neural networks; neural network training,"We investigate training neural networks with monotone variation inequality, yielding performance guarantees and competitive/better performance than widely-used stochastic gradient descent methods, especially during initial training phases.","The current paper investigates an alternative approach to neural network training, which is a non-convex optimization problem, through the lens of another convex problem — to solve a monotone variational inequality (MVI) - inspired by a recent work of (Juditsky and Nemirovski, 2019). MVI solutions can be found by computationally efficient procedures, with performance guarantee of $\ell_2$ and $\ell_{\infty}$ bounds on model recovery and prediction accuracy under the theoretical setting of training a single-layer linear neural network. We study the use of MVI for training multi-layer neural networks by proposing a practical and completely general algorithm called \textit{stochastic variational inequality}  (\texttt{SVI}). We demonstrate its applicability in training fully-connected neural networks, graph neural networks (GNN), and convolutional networks (CNN) (\texttt{SVI} is completely general for training other network architectures). We show the competitive or better performance of \texttt{SVI} compared to widely-used stochastic gradient descent methods on both synthetic and real network data prediction tasks regarding various performance metrics, especially in the improved efficiency in the early stage of training.",None
https://openreview.net/forum?id=xYy2l4tiOe,Towards Causal Concepts for Explaining Language Models,NLP explainability; concept-based explanations; causality,A framework that derives causal and concept-based explanations for complex NLP models,"The emergence of large-scale pretrained language models has posed unprecedented challenges in deriving explanations of why the model has made some predictions. Stemmed from the compositional nature of languages, spurious correlations have further undermined the trustworthiness of NLP systems. Thus, there exists an urgent demand for causal explanations to encourage fairness and transparency. To derive more causal, usable, and faithful explanations, we propose a complete framework for interpreting language models by deriving causal concepts. Specifically, we propose a post-hoc method that derives both high-level concepts and surface-level local explanations from hidden layer activations. To ensure causality, we optimize for a causal loss that maximizes the Average Treatment Effect (ATE), where we intervene on the concept-level as an innovative substitute to the traditional counterfactual interventions. Moreover, we devise several causality evaluation metrics for explanations that can be universally applied. Extensive experiments on real and synthetic tasks demonstrate that our method achieves superior results on causality, usability, and faithfulness compared to the baselines. Our codebase is available at \url{https://anonymous.4open.science/r/CausalConcept}.",None
https://openreview.net/forum?id=jbd0I0-sdE,"TRIDE: A Temporal, Robust, and Informative Data Augmentation Framework for Disease Progression Modeling",Temporal robustness; data augmentation; representation learning; language modeling; electronic health records,None,"Modeling the progression of a target disease using electronic health records (EHRs), especially early predicting the onset of a disease, is critical for timely and accurate clinical interventions. While numerous deep learning-based prediction models have shown great success in handling sequential multivariate data such as EHRs, they often lack temporal robustness. This is problematic because they may not perform consistently well across different early prediction hours as training data become scarce upon targeting further future. Indeed, having even one weak point of time can significantly restrict the reliability of the models. In this work, we present TRIDE, a temporal, robust and informative data augmentation framework that can learn temporal representations of EHRs and use them to generate diverse and meaningful training samples by optimizing the level of data transformation. We validate TRIDE on modeling the progression of an extremely challenging disease, septic shock, by using real-world EHRs collected from two different medical systems. Our results show that TRIDE significantly outperforms strong baseline models across different prediction times and datasets, and thus enhances the temporal robustness. Further, we provide in-depth analyses of the generated samples and estimated model parameters to clarify the processes.",None
https://openreview.net/forum?id=PvOo1sHKzf,Counterfactual Memorization in Neural Language Models,memorization; influence; language models,None,"Modern neural language models widely used in tasks across NLP risk memorizing sensitive information from their training data. As models continue to scale up in parameters, training data, and compute, understanding memorization in language models is both important from a learning-theoretical point of view, and is practically crucial in real world applications. An open question in previous studies of memorization in language models is how to filter out ""common"" memorization. In fact, most memorization criteria strongly correlate with the number of occurrences in the training set, capturing ""common"" memorization such as familiar phrases, public knowledge or templated texts. In this paper, we provide a principled perspective inspired by a taxonomy of human memory in Psychology. From this perspective, we formulate a notion of counterfactual memorization, which characterizes how a model's predictions change if a particular document is omitted during training. We identify and study counterfactually-memorized training examples in standard text datasets. We further estimate the influence of each training example on the validation set and on generated texts, and show that this can provide direct evidence of the source of memorization at test time.",None
https://openreview.net/forum?id=5pU6126YRp,TT-Rules: Extracting & Optimizing Exact Rules of a CNN-Based Model - Application to Fairness,global & exact interpretability; convolutional neural-networks; rule-based model for fairness,"In this work, we proposed an optimized new CNN-based framework for global and exact interpretability with application to healthcare and fairness tabular datasets.","Most Machine Learning (ML) models are ``black box'' models, but in critical domains such as healthcare, energy, finance, military, or justice, they need to be globally and exactly interpretable. Creating ML models convertible by design into rule-based models is an attractive solution: they produce all the rules (global nature of interpretability) that allow us to obtain exactly the output result (exact nature of interpretability). Today, these rule-based models are mainly decision trees, whose natural interpretability is outweighed by their poor performances and scalability. In this paper, we offer a new three-step framework, TT-rules, that extracts and optimizes exact rules from a recent family of Convolution Neural Networks (CNNs) called Truth Table nets (TTnets). First, we show how to extract rules $\mathcal{R}$ in Disjunction Normal Form (DNF) from TTnets, which we adapt and enhance for tabular datasets. Secondly, we explain how the TT-rules framework permits the optimization of two key interpretability factors, namely the number of rules and their size, transforming the original set $\mathcal{R}$ into an optimized $\mathcal{R}_{opt}$. Our rule-based model is thus composed of $\mathcal{R}_{opt}$ with a final binary linear regression and allows multi-label classification. In a third step, we improve the rules' visualization by converting them into Reduced Ordered Binary Decision Diagrams (ROBDD) and enriching them by computing interesting associated probabilities. To evaluate TT-rules' performances, we applied it to two tabular healthcare datasets and two fairness datasets. Our framework reaches competitive results compared to state-of-the-art rule-based models in terms of accuracy, complexity, and statistical parity, also giving exact and global interpretability. In addition, we show that practitioners can use their domain knowledge to diagnose individual fairness of a given TT-rules model by analyzing and further modifying the rules $\mathcal{R}_{opt}$. As an example of the compactness of our framework's output, we draw all the rules in $\mathcal{R}_{opt}$ for one model on the Adult dataset (only 15 conditions for an 84.6\% accuracy).",None
https://openreview.net/forum?id=9jW_Oynp0au,PointConvFormer: Revenge of the Point-Based Convolution,None,"We introduce PointConvFormer, a novel building block using transformer attention to improve point convolution.","We introduce PointConvFormer, a novel building block for point cloud based deep network architectures. Inspired by generalization theory, PointConvFormer combines ideas from point convolution, where filter weights are only based on relative position, and Transformers which utilize feature-based attention. In PointConvFormer, attention computed from feature difference between points in the neighborhood is used to modify the convolutional weights at each point. Hence, we preserved the invariances from point convolution, whereas attention helps to select relevant points in the neighborhood for convolution. We experiment on both semantic segmentation and scene flow estimation tasks on point clouds with multiple datasets including ScanNet, SemanticKitti, FlyingThings3D and KITTI. Our results show that PointConvFormer substantially outperforms classic convolutions, regular transformers, and voxelized sparse convolution approaches with much smaller and faster networks. Visualizations show that PointConvFormer performs similarly to convolution on flat areas, whereas the neighborhood selection effect is stronger on object boundaries, showing that it has got the best of both worlds. The code will be available with the final version.",None
https://openreview.net/forum?id=CvnKNdZQsxb,Leveraging Human Features at Test-Time,None,None,"Machine learning (ML) models can make decisions based on large amounts of data, but they may be missing important context. For example, a model trained to predict psychiatric outcomes may know nothing about a patient’s social support system, and social support may look different for different patients. In this work, we explore strategies for querying for a small, additional set of these human fea- tures that are relevant for each specific instance at test time, so as to incorporate this information while minimizing the burden to the user to label feature values. We define the problem of querying users for an instance-specific set of human fea- ture values, and propose algorithms to solve it. We show in experiments on real datasets that our approach outperforms a feature selection baseline that chooses the same set of human features for all instances.",None
https://openreview.net/forum?id=TVAFpPEWSn7,On the Activation Function Dependence of the Spectral Bias of Neural Networks,None,None,"Neural networks are universal function approximators which are known to generalize well despite being dramatically overparameterized. We study this phenomenon from the point of view of the spectral bias of neural networks. Our contributions are two-fold. First, we provide a theoretical explanation for the spectral bias of ReLU neural networks by leveraging connections with the theory of finite element methods, which is widely used to numerically solve PDEs. Second, based upon this theory we predict that switching the activation function to a piecewise linear B-spline, namely the Hat function, will remove this spectral bias, which we verify empirically in a variety of settings. This is of particular significance for solving PDEs using neural networks since for such problems it is important to capture all frequencies in the solutions. Our empirical studies also show that neural networks with the Hat activation function are trained significantly faster using stochastic gradient descent and ADAM. Combined with previous work showing that the Hat activation function also improves generalization accuracy on image classification tasks, this indicates that using the Hat activation provides significant advantages over the ReLU on a variety of problems.",None
https://openreview.net/forum?id=1zaoVA_z8Q,SemSup-XC: Semantic Supervision for Extreme Classification,Extreme classification; zero-shot inference; few-shot learning,We propose a new model for extreme classification over very large label spaces and achieve SOTA results on three popular benchmarks.,"Extreme classification (XC) considers the scenario of predicting over a very large number of classes (thousands to millions), with real-world applications including serving search engine results, e-commerce product tagging, and news article  classification. The zero-shot version of this task involves the addition of new categories at test time, requiring models to generalize to novel classes without
additional training data (e.g. one may add a new class “fidget spinner” for ecommerce product tagging). In this paper, we develop SEMSUP-XC, a model that achieves state-of-the-art zero-shot (ZS) and few-shot (FS) performance on three extreme classification benchmarks spanning the domains of law, e-commerce, and Wikipedia. SEMSUP-XC builds upon the recently proposed framework of semantic supervision that uses semantic label descriptions to represent and generalize to classes (e.g., “fidget spinner” described as “A popular spinning toy intended as a stress reliever”). Specifically, we use a combination of contrastive learning, a hybrid lexico-semantic similarity module and automated description collection to train SEMSUP-XC efficiently over extremely large class spaces. SEMSUP-XC
significantly outperforms baselines and state-of-the-art models on all three datasets, by up to 6-10 precision@1 points on zero-shot classification and >10 precision points on few-shot classification, with similar gains for recall@10 (3 for zero-shot and 2 for few-shot). Our ablation studies and qualitative analyses demonstrate the relative importance of our various improvements and show that SEMSUP-XC’s
automated pipeline offers a consistently efficient method for extreme classification.",None
https://openreview.net/forum?id=KajSampr4_,Communication-Optimal Distributed Graph Clustering under Duplication Models,Graph Clustering; Distributed Computation; Communication Complexity; Duplication Models,None,"We consider the problem of clustering graph nodes over large-scale distributed graphs, when graph edges with possibly edge duplicates are observed distributively. Although edge duplicates across different sites appear to be beneficial at the first glance, in fact they could make the clustering task more complicated since potentially their processing would need extra computations and communications. We propose the first communication-optimal algorithms for two well-established communication models namely the message passing and the blackboard models. Specifically, given a graph on $n$ nodes with edges observed at $s$ sites, our algorithms achieve communication costs $\tilde{O}(ns)$ and $\tilde{O}(n+s)$ ($\tilde{O}$ hides a polylogarithmic factor), which almost match their lower bounds, $\Omega(ns)$ and $\Omega(n+s)$, in the message passing and the blackboard models respectively. The communication costs are asymptotically the same as those under non-duplication models, under a mild assumption on edge distribution. Our algorithms can also guarantee clustering quality nearly as good as that of centralizing all edges and then applying any standard clustering algorithm.",None
https://openreview.net/forum?id=653nhbKy6yE,Graph in Graph Neural Network,Graph Neural Network; Deep Learning; Sub-graph,None,"Most existing Graph Neural Networks (GNNs) frequently suffer from two limitations: (i) they can only process graphs whose vertices are represented by vectors or single values; and (ii) they assume each input graph is independent from others during the propagation. In this paper, we propose \textbf{the first GNN model (called Graph in Graph Neural Network (GIG)) that can process graphs whose vertices are also represented by graphs}. Considering that the relationship between different graphs may contain crucial task-related cues, we further propose a GIG graph relationship modelling (GRM) strategy that integrates multiple target graph samples as a global graph, each of whose vertex describes a target graph sample. We then applies the GIG model to jointly process the combined graph samples (i.e., the global graph), where additional task-specific relationship cues among graph samples can be extracted in an end-to-end manner. The experimental results show that the proposed GIG model and the GRM strategy generalize well on various graph analysis tasks, providing new state-of-the-art results on five out of seven benchmark graph datasets. Importantly, not only its vertex/edge updating functions are flexible to be customized from different existing GNNs but also it is robust to different settings. Our code is provided in the supplementary material for reproducibly purpose.",None
https://openreview.net/forum?id=u7ugqk7VBP8,Prefix Conditioning Unifies Language and Label Supervision,Vision-language contrastive learning; Zero-shot recognition,Prefix conditioning technique to train vision-language model with image-caption and image-classification dataset.,"Image-classification datasets have been used to pretrain image recognition models. Recently, web-scale image-caption datasets have emerged as a source of powerful pretraining alternative. Image-caption datasets are more ``open-domain'', containing a wider variety of scene types and vocabulary words than traditional classification datasets, and models trained on these datasets have demonstrated strong performance on few- and zero-shot recognition tasks.
When naively unifying image-classification and -caption dataset, we show that such dataset biases negatively affect pre-training by reducing the generalizability of learned representations and thus jeopardizing zero-shot performance since the unification can tailor the model for the classification dataset, making it vulnerable to the distribution shift from the dataset. In this work, we address the problem by disentangling the dataset bias using prefix tokens that inform a language encoder of the type of the input dataset (e.g., image-classification or caption) at training time. This approach allows the language encoder to share the knowledge from two datasets as well as switch the mode of feature extraction, i.e., image-classification dataset or image-caption dataset tailored mode, where we use image-caption mode in the zero-shot evaluation.
Our method is generic and can be easily integrated into existing VL pre-training objectives such as CLIP or UniCL. In experiments, we show that this simple technique improves the performance in zero-shot image recognition accuracy and robustness to the image-level distribution shift.",None
https://openreview.net/forum?id=4wXotzMJ7Wo,Towards Representative Subset Selection for Self-Supervised Speech Recognition,subset selection; self-supervised speech recognition; active learning; data pruning,A new data subset selection method for self-supervised speech recognition that performs better than existing dataset pruning strategies.,"Self-supervised speech recognition models require considerable labeled training data for learning high-fidelity representations for Automatic Speech Recognition (ASR) which is computationally demanding and time-consuming, thereby hindering the usage of these models in resource-constrained environments. We consider the task of identifying an optimal subset of data to train self-supervised speech models for ASR. We make a surprising observation that the dataset pruning strategies used in vision tasks for sampling the most informative examples do not perform better than random subset selection on the task of fine-tuning self-supervised ASR. We then present the COWERAGE algorithm for better subset selection in self-supervised ASR, which is based on our finding that ensuring the coverage of examples based on training Word Error Rate (WER) in the early training epochs leads to better generalization performance. Extensive experiments on the wav2vec 2.0 model and TIMIT, Librispeech, and LJSpeech datasets show the effectiveness of COWERAGE, with up to 17% absolute WER improvement over existing dataset pruning methods and random sampling. We also demonstrate that the coverage of training instances in terms of WER ensures inclusion of phonemically diverse examples which leads to better test accuracy in self-supervised speech recognition models.",None
https://openreview.net/forum?id=nJuzV-izmPJ,Generative Adversarial Training for Neural Combinatorial Optimization Models,Vehicle Routing Problems; Combinatorial Optimization; Deep Reinforcement Learning,We propose a general framework to improve the generalization ability of deep learning models for Combinatorial Optimization Problems.,"Recent studies show that deep neural networks can be trained to learn good heuristics for various Combinatorial Optimization Problems (COPs). However, it remains a great challenge for the trained deep optimization models to generalize to distributions different from the training one. To address this issue, we propose a general framework, Generative Adversarial Neural Combinatorial Optimization (GANCO) which is equipped with another deep model to generate training instances for the optimization model, so as to improve its generalization ability. The two models are trained alternatively in an adversarial way, where the generation model is trained by reinforcement learning to find instance distributions hard for the optimization model. We apply the GANCO framework to two recent deep combinatorial optimization models, i.e., AM and POMO. Extensive experiments on various COPs such as Traveling Salesman Problem, Capacitated Vehicle Routing Problem, and 0-1 Knapsack Problem show that GANCO can significantly improve the generalization ability of optimization models on various instance distributions.",None
https://openreview.net/forum?id=sRQNwKcE2X,Representation Learning via Consistent Assignment of Views over Random Partitions,representation learning; unsupervised learning; self-supervised learning; computer vision,An unsupervised representation learning method for visual data based on self-supervised clustering.,"We introduce Consistent Assignment of views over Random Partitions (CARP), a self-supervised clustering method for representation learning of visual features.
CARP learns prototypes in an end-to-end online fashion using gradient descent without additional non-differentiable modules to solve the cluster assignment problem.
We present a new pretext task based on random partitions of prototypes by enforcing consistency between views' assignments over these random subsets.
We use a fast (student) and a slow (teacher) learners to provide stable targets for the assignment task.
We present an extensive ablation study and show that our proposed random partition pretext task (1) improves the quality of the learned representations by devising multiple random classification tasks and (2) improves training stability and prevents collapsed solutions in joint-embedding training.
CARP achieves top-1 linear accuracy of 71.7% and k-NN performance of 64.8% on the ImageNet-1M, surpassing contemporary work under limited training conditions.
When trained for longer epochs, CARP outperforms state-of-the-art methods in the k-NN evaluation and performs comparably in other benchmarks.",None
https://openreview.net/forum?id=dN70O8pmW8,Memory-efficient Trajectory Matching for Scalable Dataset Distillation,dataset condensation; dataset distillation; imagenet-1k; deep learning; dataset synthesis,we propose a memory-efficient method that scales dataset distillation to ImageNet-1K with IPC 10 and 50 for the first time and achieves state of the art performances,"Dataset distillation methods aim to compress a large  dataset into a small set of synthetic samples, such that when being trained on, competitive performances can be achieved compared to regular training on the entire dataset. Among recently proposed methods, Matching Training Trajectories (MTT) achieves state-of-the-art performance on CIFAR-10/100, while having difficulty scaling to ImageNet-1k dataset due to the large memory requirement when performing unrolled gradient computation through back-propagation. Surprisingly, we show that there exists a procedure to exactly calculate the gradient of the trajectory matching loss  with constant memory requirement (irrelevant to the number of unrolled steps). With this finding, the proposed memory-efficient trajectory matching method can easily scale to ImageNet-1K with roughly 6x memory reduction while introducing only around 2% runtime overhead than original MTT. Further, we find that assigning soft labels for synthetic images is crucial for the performance when scaling to larger number of categories (e.g., 1,000) and propose a novel soft label version of trajectory matching that facilities better aligning of model training trajectories on large datasets. 
The proposed algorithm not only surpasses previous SOTA on ImageNet-1K under extremely low IPCs (Images Per Class), but also for the first time enables us to scale up to 50 IPCs on ImageNet-1K. Our method (TESLA) achieves 27.9% testing accuracy, a remarkable +18.2% margin over prior arts.",None
https://openreview.net/forum?id=sWSWudSpYy,Enhancing Cross-Category Learning in Recommendation Systems with Multi-Layer Embedding Training,None,None,"Modern DNN-based recommendation systems rely on training-derived real-valued embeddings of sparse categorical features. Input sparsity makes obtaining high-quality embeddings for rarely-occurring categories harder as their representations are updated infrequently. We demonstrate an effective overparameterization technique for enhancing embeddings training by enabling useful cross-category learning. Our scheme trains embeddings using training-time forced factorization of the embedding (linear) layer, with an inner dimension higher than the target embedding dimension.

We show that factorization breaks update sparsity via non-homogeneneous weighting of dense base embedding matrices. Such weighting controls the magnitude of weight updates in each embedding direction, and is adaptive to training-time embedding singular values. The dynamics of singular values further explains the puzzling importance of factorization inner dimension on learning enhancements.

We call the scheme multi-layer embeddings training (MLET). For deployment efficiency, MLET converts the trained two-layer embedding into a single-layer one at the conclusion of training, avoiding inference-time model size increase. MLET consistently produces better models when tested on multiple recommendation models for click-through rate (CTR) prediction. At constant model quality, MLET allows embedding dimension reduction by up to 16x, and 5.8x on average, across the models. MLET retains its benefits in combination with other table reduction methods (hashing and quantization).",None
https://openreview.net/forum?id=Af43zsue7kw,StructViT: Learning Correlation Structures for Vision Transformers,transformer; self-attention; image classification; video classification; correlation,We introduce structural self-attention (StructSA) that exploits geometric structures of query-key correlations and the proposed network StructViT achieves state-of-the-art results on various image and video classification benchmarks.,"We introduce the structural self-attention (StructSA) mechanism that leverages structural patterns of query-key correlation for visual representation learning. StructSA generates attention by recognizing space-time structures of correlations and performs long-range interactions across entire locations, effectively capturing structural patterns, e.g., spatial layouts, motion, or inter-object relations in images and videos. Using StructSA as a main building block, we develop the structural vision transformer (StructViT) and evaluate its effectiveness on both image and video classification tasks, achieving state-of-the-art results on ImageNet-1K, Kinetics-400, Something-Something V1 & V2, Diving-48, and FineGym.",None
https://openreview.net/forum?id=zMVCSe945x,Taming Policy Constrained Offline Reinforcement Learning for Non-expert Demonstrations,Contaminated Datasets; Robust Offline Reinforcement Learning,The performance losses of policy constraint-based offline RL algorithms on contaminated datasets can be alleviated by gradient penalty and constraint relaxation.,"A promising paradigm for offline reinforcement learning (RL) is to constrain the learned policy to stay close to the dataset behaviors, known as policy constraint offline RL. However, existing works heavily rely on the purity of the data, exhibiting performance degradation or even catastrophic failure when learning from contaminated datasets containing impure trajectories of diverse levels. e.g., expert level, medium level, etc., while offline contaminated data logs exist commonly in the real world.  To mitigate this, we first introduce gradient penalty over the learned value function to tackle the exploding Q-function gradients. We then relax the closeness constraints towards non-optimal actions with critic weighted constraint relaxation. Experimental results show that the proposed techniques effectively tame the non-optimal trajectories for policy constraint offline RL methods, evaluated on a set of contaminated D4RL Mujoco and Adroit datasets.",None
https://openreview.net/forum?id=wkU9ezzXbHk,Attentional Context Alignment for Multimodal Sequential Learning,Multimodal; Attentional Context; Alignment,None,"Transformer-based methods have gone mainstream in multimodal sequential learning. The intra and inter modality interactions are captured by the query-key associations of multi-head attention, where the calculated multimodal contexts are expected to be relevant to the query modality. However, in existing literature, the alignments between different calculated contextual sequences, that can back-evaluate the effectiveness of multi-head attention, are under-explored. Based on this concern, we propose a new constrained scheme called Multimodal Contextual Contrast (MCC), which could align the attentional sequences from both local and global perspectives, making the attentional capture more accurate. Concretely, the multimodal contexts of different modalities are mapped into a common feature space, those contexts at the same sequential step are considered as a positive group and the remaining sets are negative. From local perspective, we sample the negative groups for a positive group by randomly changing the sequential step of one specific context and keeping the other stay the same. From coarse global perspective, we divide all the contextual groups into two sets (i.e., aligned and unaligned), making the total score of aligned group relatively large. We extend the vectorial inner product operation for more input and calculate the aligned score for each multimodal group. Considering that the computational complexity scales exponentially to the number of modalities, we adopt stochastic expectation approximation (SEA) for the real process. The extensive experimental results on several tasks reveal the effectiveness of our contributions.",None
https://openreview.net/forum?id=noJYC9HMP42,REAP: A Large-Scale Realistic Adversarial Patch Benchmark,adversarial examples; adversarial patch; benchmark; traffic sign detection,We create a realistic benchmark for evaluating adversarial patch attacks and defenses containing over 14k traffic signs on driving scenes where the signs are annotated with realistic geometric and lighting transforms.,"Machine learning models are known to be susceptible to adversarial perturbation. One famous attack is the adversarial patch, a sticker with a particularly crafted pattern that makes the model incorrectly predict the object it is placed on. This attack presents a critical threat to cyber-physical systems that rely on cameras such as autonomous cars. Despite the significance of the problem, conducting research in this setting has been difficult; evaluating attacks and defenses in the real world is exceptionally costly while synthetic data are unrealistic. In this work, we propose the REAP (REalistic Adversarial Patch) Benchmark, a digital benchmark that allows the user to evaluate patch attacks on real images, and under real-world conditions. Built on top of the Mapillary Vistas dataset, our benchmark contains over 14,000 traffic signs. Each sign is augmented with a pair of geometric and lighting transformations, which can be used to apply a digitally generated patch realistically onto the sign while matching real-world conditions. Using our benchmark, we perform the first large-scale assessments of adversarial patch attacks under realistic conditions. Our experiments suggest that adversarial patch attacks may present a smaller threat than previously believed and that the success rate of an attack on simpler digital simulations is not predictive of its actual effectiveness in practice",None
https://openreview.net/forum?id=sz_iMI6IPM,PRANC: Pseudo RAndom Networks for Compacting deep models,Computer Vision; Compacting Deep Models,A method to compress networks for sharing knowledge and storage,"Compacting deep models has various applications where the communication and/or storage is expensive including multi-agent learning. We introduce a simple yet effective framework for compacting neural networks. In short, we train our network to be a linear combination of many pseudo-randomly generated frozen models. Then, one can reconstruct the model by communicating or storing the single `seed' scalar used to generate the pseudo-random `basis' networks along with the learned linear mixture coefficients. Our method, denoted as PRANC, learns almost $100\times$ fewer parameters than a deep model and still performs reasonably well on several datasets and architectures. PRANC enables 1) efficient communication of models between agents, 2) efficient model storage, and 3) memory-efficient inference by generating layer-wise weights on the fly. We test PRANC on CIFAR-10, CIFAR-100, tinyImageNet, and ImageNet-100 with various architectures like AlexNet, LeNet, ResNet18, ResNet20, and ResNet56 and demonstrate a massive reduction in the number of parameters while providing satisfactory performance on these benchmark datasets.",None
https://openreview.net/forum?id=sW4dg6x_sGv,Biological connectomes as a representation for the architecture of artificial neural networks,neural architecture; biologically inspired; connectomes; neuro-AI,We map the neural circuitry of a nematode taken from neuroscience literature into an ANN and show that it works well on certain tasks but not others.,"Grand efforts in neuroscience are working toward mapping the connectomes of many new species, including the near completion of the Drosophila melanogaster. It is important to ask whether these models could benefit artificial intelligence. In this work we ask two fundamental questions: (1) where and when biological connectomes can provide use in machine learning, (2) which design principles are necessary for extracting a good representation of the connectome. Toward this end, we translate the motor circuit of the C. Elegans nematode into artificial neural networks at varying levels of biophysical realism and evaluate the outcome of training these networks on motor and non-motor behavioral tasks. We demonstrate that biophysical realism need not be upheld to attain the advantages of using biological circuits. We also establish that, even if the exact wiring diagram is not retained, the architectural statistics provide a valuable prior. Finally, we show that while the C. Elegans locomotion circuit provides a powerful inductive bias on locomotion problems, its structure may hinder performance on tasks unrelated to locomotion such as visual classification problems.",None
https://openreview.net/forum?id=6BdJ5G5wEdp,MSQ-BioBERT: Ambiguity Resolution to Enhance BioBERT Medical Question-Answering,Question answering; Question augmentation; BioBERT; Matrix approximation,A way to improve BioBERT Question-answering using multiple synonymous questions.,"Bidirectional Encoder Representations from Transformers (BERT) and its biomedical variation (BioBERT) achieve impressive results on the SQuAD or medical question-answering (QA) datasets, and so they are widely used for a variety of passage-based QA tasks. However, their performances rapidly deteriorate when encountering passage and context ambiguities. This issue is prevalent and unavoidable in many fields, notably the medical field. To address this issue, we introduce a novel approach called the Multiple Synonymous Questions BioBERT (MSQ-BioBERT), which integrates question augmentation, rather than the typical single question used by traditional BioBERT, to elevate performance. Experiments with both an ambiguous medical dataset and open biomedical datasets demonstrate the significant performance gains of the MSQ-BioBERT approach, showcasing a new method for addressing ambiguity in QA tasks.",None
https://openreview.net/forum?id=IXsI73NDuqN,Asymmetric Certified Robustness via Feature-Convex Neural Networks,robustness; certification; convex; machine learning,"We propose a novel, convexity-based learning architecture which enables closed-form adversarial robustness certificates for all norm balls in an asymmetric robustness setting.","Recent works have introduced input-convex neural networks (ICNNs) as learning models with advantageous training, inference, and generalization properties linked to their convex structure. In this paper, we propose a novel feature-convex neural network (FCNN) architecture as the composition of an ICNN with a Lipschitz feature map in order to achieve adversarial robustness. We consider the asymmetric binary classification setting with one ""sensitive"" class, and for this class we prove deterministic, closed-form, and easily-computable certified robust radii for arbitrary $\ell_p$-norms. We theoretically justify the use of these models by characterizing their decision region geometry, extending the universal approximation theorem for ICNN regression to the classification setting, and proving a lower bound on the probability that such models perfectly fit even unstructured uniformly distributed data in sufficiently high dimensions. Experiments on Malimg malware classification as well as subsets of MNIST, CIFAR-10, and ImageNet-scale datasets show that FCNNs can attain orders of magnitude larger certified $\ell_1$-radii than competing methods while maintaining substantial $\ell_2$- and $\ell_{\infty}$-radii.",None
https://openreview.net/forum?id=vk2855b0aT,O-ViT: Orthogonal Vision Transformer,None,None,"Inspired by the tremendous success of self-attention mechanism in natural language processing, the Vision Transformer (ViT) creatively applies it to image patch sequences and achieves incredible performance. However, ViT brings about feature redundancy and low utilization of model capacity. To address this problem, we propose a novel and effective method named Orthogonal Vision Transformer (O-ViT), to optimize ViT from the geometric perspective. O-ViT limits parameters of self-attention blocks to reside on the orthogonal manifold, which can reduce the similarity between trainable parameters and construct a higher degree of distinction between features. Moreover, O-ViT achieves both orthogonal constraints and negligible optimization overhead by adopting a surjective mapping between the orthogonal group and its Lie algebra. Comparative experiments on various image recognition tasks demonstrate the validity of O-ViT. The experimental results show that O-ViT can boost the performance of ViT by up to 6.4%.",None
https://openreview.net/forum?id=1nZelVKqpks,Disentangled (Un)Controllable Features,Representation Learning; Reinforcement Learning,Separation of Controllable and Uncontrollable Features in Latent Space,"In the context of MDPs with high-dimensional states, reinforcement learning can achieve better results when using a compressed, low-dimensional representation of the original input space. A variety of learning objectives have therefore been used to learn useful representations. However, these representations usually lack interpretability of the different features. We propose a representation learning algorithm that is able to disentangle latent features into a controllable and an uncontrollable part. The resulting representations are easily interpretable and can be used for learning and planning efficiently by leveraging the specific properties of the two parts. To highlight the benefits of the approach, the disentangling properties of the algorithm are illustrated in three different environments.",None
https://openreview.net/forum?id=q_u6UVhenn7,G-CEALS: Gaussian Cluster Embedding in Autoencoder Latent Space for Tabular Data Representation,embedding clustering; tabular data; Gaussian clusters; autoencoder; representation learning,This paper proposes an unsupervised learning method to improve embedding clustering of tabular data,"The latent representation in an autoencoder achieves dimensionality reduction via self-supervised data reconstruction learning. The quality of latent representations has been improved for images by jointly learning a t-distributed embedding with clustering inspired by the neighborhood embedding concept proposed for data visualization. In this paper, we discuss the objectives of clustering and data visualization to present a novel Gaussian Cluster Embedding in Autoencoder Latent Space (G-CEALS) by replacing t-distributions with Gaussian clusters. Unlike current methods, the proposed method defines the Gaussian embedding and the target cluster distribution independently to accommodate any clustering algorithm in representation learning. The proposed G-CEALS method outperforms six baseline clustering and cluster embedding methods on five out of seven tabular data sets and is on par with a cluster embedding method on the sixth data set. In general, G-CEALS outperforms all six methods for clustering tabular data when the data dimensionality is greater than ten. Realizing the superior performance of traditional machine learning with tabular data over deep learning, this paper shows one of the first joint representation learning and clustering methods to improve the clustering of tabular data.",None
https://openreview.net/forum?id=b1g6e7enW5o,QUANTIZATION AWARE FACTORIZATION FOR DEEP NEURAL NETWORK COMPRESSION,tensor methods; compression; quantization,We propose a novel approach to neural network compression that performs tensor factorization and quantization simultaneously.,"Tensor approximation of convolutional and fully-connected weights is an effective way to reduce  parameters and FLOP in neural networks. Due to memory and power consumption limitations of mobile or embedded devices, the quantization step is usually necessary when pre-trained models are deployed. A conventional post-training quantization approach applied to networks with decomposed weights yields a drop in accuracy. Therefore, our goal is to develop an algorithm that finds tensor approximation directly with quantized factors and thus benefit from both compression techniques while keeping the prediction quality of the model. Namely, we propose to use Alternating Direction Method of Multipliers (ADMM) for approximating a float tensor by a tensor of Canonical Polyadic format (CP), whose factors are close to their quantized versions. This leads to lower approximation error after quantization and smaller quality drop in model predictions while maintaining the same compression rate.",None
https://openreview.net/forum?id=ZRkHGPMY3dd,Fairness of Federated Learning with Dynamic Participants,Federated Learning; Dynamic Fairness; Benefit; Normalized SGD,None,"The concept of fairness has widely caught the attention of Federated Learning (FL). While there are tremendous studies about various notations of fairness in FL in recent years, all of them only consider the case where the training process starts and ends at the time point for all participants. Actually, participants could be dynamic and they may join and leave the training process at different time points. However, participants who join the training process at different time points receive similar incentive benefits can be seen as a signal of unfairness. In this paper, we provide the first study on such fairness of FL for dynamic participants. First, we propose a new mathematical definition of the above fairness namely $\textit{dynamic fairness}$. Briefly speaking, an algorithm is dynamically fair and satisfies that local agents who participate in the model training longer should receive more benefits than those who participate in the process shorter. Second, we develop a simple but novel method, which could be seen as a normalized version of $\textit{Fedavg}$, and theoretically show that it is fairer than $\textit{Fedavg}$.  Moreover, we can combine our method with the previous methods in fair FL for static participants to additionally guarantee fair treatment for local agents who join the training process at the same time point by minimizing the discrepancy of benefits they receive. Finally, empirically we propose a measure for $\textit{dynamic fairness}$ and demonstrate that our method can achieve a fairer performance under our definition of fairness through intensive experiments on three benchmark datasets.",None
https://openreview.net/forum?id=FEBCwrGzR3j,PromptSum: Planning with Mixed Prompts for Parameter-Efficient Controllable Abstractive Summarization,summarization; controllability; parameter-efficiency; prompt-tuning; pre-training; multi-tasking,"A new prompting mechanism which enables controllable, parameter-efficient and data-efficient summarization.","Prompt tuning (PT), a technique that only tunes the additional prompt embeddings while keeping the backbone pretrained language model frozen, has shown promising results in language understanding tasks, especially in low-resource scenarios. However, there lacks better prompt design methods for generation tasks such as summarization. At the same time, summarization guided through instructions (discrete prompts) can achieve a desirable double objective of higher quality and controllability in summary generation. Towards a triple goal of data-efficiency, parameter-efficiency and controllability, we introduce PromptSum, a method combining PT with a multi-task objective and discrete entity prompts for abstractive summarization. Our model achieves state-of-the-art results on several popular few-shot benchmarks as well as a strong level of controllability through entities, all while only tuning several orders of magnitude less parameters.",None
https://openreview.net/forum?id=u2e4grt3aKm,Multimodal Open-Vocabulary Video Classification via Vision and Language Models,open-vocabulary; multimodal; video; optical flow; audio,We propose a method for open-vocabulary video classification leveraging pre-trained vision and language models and multimodal signals like optical flow and audio to improve the performance.,"Utilizing vision and language models (VLMs) pre-trained on internet-scale image-text pairs is becoming a promising paradigm for open-vocabulary vision tasks. This work conducts an extensive study for multimodal open-vocabulary video classification via pre-trained VLMs by leveraging motion and audio that naturally exist in the video. We design an asymmetrical cross-modal fusion mechanism to aggregate multimodal information differently for video and optical flow / audio. Experiments on Kinetics and VGGSound show that introducing more modalities significantly improves the accuracy on seen classes, while generalizing better to unseen classes over existing approaches. Despite its simplicity, our method achieves state-of-the-art results on UCF and HMDB zero-shot video action recognition benchmarks, significantly outperforming traditional zero-shot techniques, video-text pre-training methods and recent VLM-based approaches. Code and models will be released.",None
https://openreview.net/forum?id=XlKwprKzOZ,SDMuse: Stochastic Differential Music Editing and Generation via Hybrid Representation,None,None,"While deep generative models have empowered music generation, it remains a challenging and under-explored problem to edit an existing musical piece at fine granularity.
In this paper, we propose SDMuse, a unified stochastic differential music editing and generation framework, which can not only compose a whole musical piece from scratch, but also modify existing musical pieces in many ways, such as combination, continuation, inpainting, and style transferring.
The proposed SDMuse follows a two-stage pipeline to achieve music generation and editing on top of a hybrid representation including pianoroll and MIDI-event.
In particular, SDMuse first generates/edits pianoroll by iteratively denoising through a stochastic differential equation (SDE) based on a diffusion model generative prior, and then refines the generated pianoroll and predicts MIDI-event tokens auto-regressively.
We evaluate the generated music of our method on ailabs1k7 pop music dataset in terms of quality and controllability on various music editing and generation tasks. Experimental results demonstrate the effectiveness of our proposed stochastic differential music editing and generation process, as well as the hybrid representations.",None
https://openreview.net/forum?id=7QTldIMkkqX,Masked Autoencoders Enable Efficient Knowledge Distillers,Transformer; Pretraining; Knowledge Distillation,"This paper studies the potential of distilling knowledge from self-supervised pre-trained models, especially Masked Autoencoders","This paper studies the potential of distilling knowledge from self-supervised pre-trained models, especially Masked Autoencoders. Our approach is simple: in addition to optimizing the pixel reconstruction loss on masked inputs, we minimize the distance between the intermediate feature map of the teacher model and that of the student model. This design leads to a computationally efficient knowledge distillation framework,  given 1) only a small visible subset of patches is used, and 2) the teacher model only needs to forward propagate inputs through the first few layers for obtaining intermediate feature maps. 

Compared to directly distilling fine-tuned models, distilling pre-trained models substantially improves the performance of downstream representation learning, meanwhile incurring little extra pre-training cost. For example, by distilling the knowledge from an MAE pre-trained ViT-L into a ViT-B, our method achieves an 84.0% ImageNet top-1 accuracy, outperforming the baseline of distilling a fine-tuned ViT-L by 1.2%, with no extra training time at all. More interestingly, our method can robustly tackle different masking ratios: e.g., by pushing to the extreme 95% masking ratio where merely TEN patches are visible during distillation, our ViT-B still secures a top-1 accuracy of 83.8%, meanwhile further reducing total training time by 13% of that of the distilling during fine-tuning baseline.",None
https://openreview.net/forum?id=W4HBwaybWedX,Language-Aware Soft Prompting for Vision & Language Foundation Models,None,None,"This paper is on soft prompt learning for Vision & Language (V&L) models. Similarly to their NLP counterparts, V&L models can be adapted to a downstream task by learning soft continuous prompts using a few training examples. Current methods learn the soft prompts by minimizing a cross-entropy loss using as class weights the features obtained by passing the prompts plus the class names through the text encoder. Such methods, however, significantly overfit the training data suffering from large accuracy degradation when tested on unseen classes from the same domain. Our main contribution, in this paper, is a surprisingly simple approach to alleviate this problem: we use a second cross entropy loss to minimize the distance between the learned soft prompts and a set of hand-engineered manual prompts (obtained by prompt engineering). The proposed loss can be interpreted in multiple ways including as a regularizer, as a means for language-based augmentation, and as a way of learning more discriminative class centroids. Importantly, our formulation is inherently amenable to including, during training, virtual classes, i.e. class names for which no visual samples are available, further increasing the robustness of the learned prompts. Through extensive evaluations on 11 datasets, we show that our approach (a) significantly outperforms all prior works on soft prompting, and (b) matches and surpasses, for the first time, the accuracy on novel classes obtained by hand-crafted prompts and CLIP for the majority of the test datasets. Code will be made available.",None
https://openreview.net/forum?id=ek6kvkKb7wm,On Structural Expressive Power of Graph Transformers,graph representation learning; graph isomorphism testing; graph Transformer,Investigating the expressive power of graph Transformers.,"Graph Transformer (GT) has recently received wide attention in the research community with its outstanding performance, yet its structural expressive power has not been well analyzed. Inspired by the connections between Weisfeiler-Lehman (WL) graph isomorphism test and graph neural network (GNN), we introduce \textbf{GT test}, a generalized graph isomorphism test algorithm as a powerful theoretical tool for exploring the structural discriminative power of graph Transformers. We theoretically prove that the GT test is an expressivity upper bound on a wide range of graph Transformers, and the representational power of GT test can be approximated by a simple Transformer network arbitrarily under certain conditions. With the GT test, we show how graph Transformers' expressive power is determined by the design of structural encodings, and present conditions that make the expressivity of graph Transformers beyond WL test and GNNs. Moreover, motivated by the popular shortest path distance encoding, we follow the theory-oriented principles and develop a provably stronger structural encoding method, Shortest Path Induced Subgraph (\textit{SPIS}) encoding. Our theoretical findings provide a novel and practical paradigm for investigating the expressive power of graph Transformers, and extensive synthetic and real-world experiments empirically verify the strengths of our proposed methods.",None
https://openreview.net/forum?id=NCNT1r62-UV,Projected Latent Distillation for Data-Agnostic Consolidation in Multi-Agent Continual Learning,continual learning; knowledge distillation,None,"Many real-world applications are characterized by non-stationary distributions. In this setting, independent expert models trained on subsets of the data can benefit from each other and improve their generalization and forward transfer by sharing knowledge.
In this paper, we formalize this problem as a multi-agent continual learning scenario, where agents are trained independently but they can communicate by sharing the model parameters after each learning experience. We split the learning problem into two phases: adaptation and consolidation. Adaptation is a learning phase that optimizes the current task, while consolidation prevents forgetting by combining expert models together, enabling knowledge sharing. We propose Data-Agnostic Consolidation (DAC), a novel double knowledge distillation method. The method performs distillation in the latent space via a novel Projected Latent Distillation (PLD) loss. Experimental results show state-of-the-art accuracy on SplitCIFAR100 even when a single out-of-distribution image is used as the only source of data during consolidation.",None
https://openreview.net/forum?id=6G1MXNU8VtV,Black-Box Adversarial Attack Guided by Model Behavior for Programming Pre-trained Language Models,black-box; adversarial attack; pre-trained models for programming languages; code model,We use the uncertainty of model outputs to guide searching for adversarial examples by the variable name replacement.,"Pre-trained models for programming languages are widely used to solve code tasks in Software Engineering (SE) community, such as code clone detection and bug identification. Reliability is the primary concern of these machine learning applications in SE because software failure can lead to intolerable loss. However, deep neural networks are known to suffer from adversarial attacks.  In this paper, we propose a novel black-box adversarial attack based on model behaviors for pre-trained programming language models, named Representation Nearest Neighbor Search(RNNS). The proposed approach can efficiently identify adversarial examples via variable replacement in an ample search space of real variable names under similarity constraints. We evaluate RNNS on 6 code tasks (e.g., clone detection), 3 programming languages (Java, Python, and C), and 3 pre-trained code models: CodeBERT, GraphCodeBERT, and CodeT5. The results demonstrate that RNNS outperforms the state-of-the-art black-box attacking method (MHM) in terms of both attack success rate and quality of generated adversarial examples.",None
https://openreview.net/forum?id=7zxPlqOT5us,Learning Critically in Federated Learning with Noisy and Heterogeneous Clients,Federated learning; Noisy labels; Class imbalance,None,"Federated learning (FL) is a distributed learning framework for collaboratively training models with privacy guarantee. Class imbalance problem is a main problem in FL with heterogeneous clients. Besides, Label noise is also an inherent problem in scenarios since clients have varied expertise in annotations. However, the co-existence of heterogeneous label noise and class-imbalance distribution in FL’s small local datasets renders conventional label-noise learning methods ineffective. Thus, in this paper, we propose algorithm FedCNI, including a noise-resilience local solver and a robust global aggregator, to address the challenges of noisy and highly-skewed data in FL without using an additional clean proxy dataset. For the local solver, we first design a prototypical classifier to detect the noisy samples by evaluating the similarity between samples and prototypes. Then, we introduce a curriculum pseudo labeling method with thresholds for different classes cautiously from the noisy samples. For the global aggregator, We aggregate critically by switching re-weighted aggregation from data-size to noise level in different learning periods. Experiments on real-world datasets demonstrate that our method can substantially outperform state-of-the-art solutions and is robust in mix-heterogeneous FL environments.",None
https://openreview.net/forum?id=TFMEqzfFrP_,Input Perturbation Reduces Exposure Bias in Diffusion Models,Generative Models; Diffusion Model,None,"Denoising Diffusion Probabilistic Models (DDPMs) are fast becoming one of the dominant generative methods thanks to their high generation quality and diversity. However, one of the main problems of  DDPMs is their large computational cost, which is due to the chain of sampling steps. In this paper, we argue that one of the reasons why DDPMs need a long sampling chain is due to an exposure bias problem, similar to the analogous problem in autoregressive text generation. Specifically, we note that there is a discrepancy between training and  testing, since the former is conditioned on the ground truth samples, while the latter is conditioned on the previously generated results. In order to alleviate this problem, we propose a very simple but effective training protocol modification, consisting in perturbing the ground truth samples to simulate the inference time prediction errors.  We empirically show that the proposed input perturbation leads to a significant improvement of the sample quality and to smoother sampling chains, with a drastic acceleration of the inference time. For instance, in all the tested benchmarks, we observed an acceleration over a state-of-the-art DDPM of 12.5 times.",None
https://openreview.net/forum?id=qRD7kqmr9HJ,Pruning Parameterization with Bi-level Optimization for Efficient Semantic Segmentation on the Edge,Segmentation; efficient deep learning; pruning,We proposed a pruning parameterization method for real-time semantic segmentation on the edge.,"With the ever-increasing popularity of edge devices, it is necessary to implement real-time segmentation on the edge for autonomous driving and many other applications. Vision Transformers (ViTs) have shown considerably stronger results for many vision tasks. However, ViTs with the full-attention mechanism usually consume a large number of computational resources, leading to difficulties for real-time inference on edge devices. In this paper, we aim to derive ViTs with fewer computations and fast inference speed to facilitate the dense prediction of semantic segmentation on edge devices. To achieve this, we propose a pruning parameterization method to formulate the pruning problem of semantic segmentation. Then we adopt a bi-level optimization method to solve this problem with the help of implicit gradients. Our experimental results demonstrate that we can achieve 38.9 mIoU on ADE20K val with a speed of 56.5 FPS on Samsung S21, which is the highest mIoU under the same computation constraint with real-time inference.",None
https://openreview.net/forum?id=FU2FX1wDN2x,gGN: learning to represent nodes in directed graphs as low-rank Gaussian distributions,knowledge graphs; representation learning; low-rank approximation; Gaussian distribution; deep learning,Representing graph nodes using low-rank Gaussian distributions,"Unsupervised learning of node representations from knowledge graphs is critical for numerous downstream tasks, ranging from large-scale graph analysis to measuring semantic similarity between nodes. This study presents gGN as a novel representation that defines graph nodes as Gaussian distributions. Unlike existing representations that approximate such distributions using diagonal covariance matrices, our proposal approximates them using low-rank perturbations. We demonstrate that this low-rank approximation is more expressive and better suited to represent complex asymmetric relations between nodes. In addition, we provide a computationally affordable algorithm for learning the low-rank representations in an unsupervised fashion. This learning algorithm uses a novel loss function based on the reverse Kullback-Leibler divergence and two ranking metrics whose joint minimization results in node representations that preserve not only node depths but also local and global asymmetric relationships between nodes. We assessed the representation power of the low-rank approximation with an in-depth systematic empirical study. The results show that our proposal was significantly better than the diagonal approximation for preserving graph structures. Moreover, gGN also outperformed 17 methods on the downstream task of measuring semantic similarity between graph nodes.",None
https://openreview.net/forum?id=M_c03_fU2cl,Domain-Unified Prompt Representations for Source-Free Domain Generalization,Source-free domain generalization; vision-language pretraining model,None,"Domain generalization (DG), aiming to make models work on unseen domains, is a surefire way toward general artificial intelligence. Limited by the scale and diversity of current DG datasets, it is difficult for existing methods to scale to diverse domains in open-world scenarios (e.g., science fiction and pixelate style). Therefore, the source-free domain generalization (SFDG) task is necessary and challenging. To address this challenge, we propose an approach based on large-scale vision-language pretraining models (e.g., CLIP), which exploits the extensive domain information embedded in it. The proposed scheme generates diverse prompts from a domain bank that contains many more diverse domains than existing DG datasets. Furthermore, our method yields domain-unified representations from these prompts, thus being able to cope with samples from open-world domains. Extensive experiments on mainstream DG datasets, namely PACS, VLCS, OfficeHome, and DomainNet, show that the proposed method achieves competitive performance compared to state-of-the-art DG methods that require source domain data for training.",None
https://openreview.net/forum?id=jAD0chIdt_,Impulse Control Arbitration for A Dual System of Exploitation and Exploration,reinforcement learning. exploration-exploitation tradeoff; impulse control switching,We propose a plug-and-play framework with a learned impulse control switching mechanism for targeted arbitration between exploration and exploitation behaviour.,"Efficient reinforcement learning (RL) involves a trade-off between ""exploitative"" actions that maximise expected reward and ``explorative"" ones that lead to the visitation of ""novel"" states. To encourage exploration, existing methods proposed methods such as injecting stochasticity into action selection, implicit regularisation, and additive synthetic reward. However, these techniques do not necessarily offer entirely systematic approaches making this trade-off. Here we introduce SElective Reinforcement EXploration (SEREX), a plug-and-play framework that casts the exploration-exploitation trade-off as a game between an RL agent--- exploiter, which purely exploits task-dependent rewards, and another RL agent--- switcher, which chooses at which states to activate a pure exploration policy that is trained to minimise system uncertainty and override Exploiter. Using a form of policies known as impulse control, switcher is able to determine the best set of states to switch to the exploration policy while Exploiter is free to execute its actions everywhere else. We prove that SEREX converges quickly and induces a natural schedule towards pure exploitation. Through extensive empirical studies in both discrete and continuous control benchmarks, we show that with minimal modification, SEREX can be readily combined with existing RL algorithms and yields significant improvement in performance.",None
https://openreview.net/forum?id=mXwThfu1HQL,Deep Patch Visual Odometry,Visual Odometry; SLAM; Simultaneous Localization and Mapping; 3D; Structure from Motion,We propose a new deep learning system for monocular Visual Odometry.,"We propose Deep Patch Visual Odometry (DPVO), a new deep learning system for monocular Visual Odometry (VO). DPVO is accurate and robust while running at 2x-5x real-time speeds on a single RTX-3090 GPU using only 4GB of memory. We perform evaluation on standard benchmarks and outperform all prior work (classical or learned) in both accuracy and speed.",None
https://openreview.net/forum?id=Xt87fcPFArU,Bidirectional global to local attention for deep metric learning.,Deep Metric Learning; Visual Similarity Learning; Attention,None,"Deep metric learning (DML) provides rich measures of content-based visual similarity, which have become an essential component for many downstream tasks in computer vision and beyond. This paper questions a central paradigm of DML, the process of embedding individual images before comparing their embedding vectors. The embedding drastically reduces image information, removing all spatial information and pooling local image characteristics into a holistic representation. But how can we determine for an individual image the characteristics that would render it similar to a particular other image without having seen the other one? Rather than aiming for the least common denominator and requiring a common embedding space for all training images, our approach identifies for each pair of input images the locations and features that should be considered to compare them. We follow a cross-attention approach to determine these meaningful local features in one image by measuring their correspondences to the other image. Overall image similarity is then a non-linear aggregation of these meaningful local comparisons. The experimental evaluation on standard DML benchmarks shows this approach to significantly improve over the state of the art.",None
https://openreview.net/forum?id=f_yTeb1v-GW,Siamese DETR,object detection; unsupervised learning; Transformer,None,"Recent self-supervised methods are mainly designed for representation learning with the base model, e.g., ResNets or ViTs. They cannot be easily transferred to DETR, especially the task-specific module Transformer. In this work, we present Siamese DETR, a Siamese self-supervised pretraining approach for the Transformer architecture in DETR. We consider learning view-invariant and detection-oriented representations simultaneously through two complementary tasks, i.e., localization and discrimination, in a novel multi-view learning framework. Two self-supervised pretext tasks are designed: (a) Multi-View Region Detection aims at learning to localize regions-of-interest between augmented views of the input, and (b) Multi-View Semantic Discrimination attempts to improve object-level discrimination for each region. The proposed Siamese DETR achieves state-of-the-art transfer performance on COCO and PASCAL VOC detection using different DETR variants in all setups. Code will be made available.",None
https://openreview.net/forum?id=7Di4aNrBAhv,Contrastive Graph Few-Shot Learning,Graph representation learning; Few-shot learning; Contrastive learning,"We propose CGFL, a general and effective framework to mitigate the distribution shift impact for learning more generalizable representations on graph few-shot-learning tasks.","Prevailing supervised deep graph learning models often suffer from label sparsity issue. Although many graph few-shot learning (GFL) methods have been developed to avoid performance degradation in face of limited annotated data, they excessively rely on labeled data, where the distribution shift in the test phase might result in impaired generalization ability. Additionally, they lack a general purpose as their designs are coupled with task or data-specific characteristics. To this end, we propose a general and effective Contrastive Graph Few-shot Learning framework (CGFL). CGFL leverages a self-distilled contrastive learning procedure to boost GFL. Specifically, our model firstly pre-trains a graph encoder with contrastive learning using unlabeled data. Later, the trained encoder is frozen as a teacher model to distill a student model with a contrastive loss. The distilled model is finally fed to GFL. CGFL learns data representation in a self-supervised manner, thus mitigating the distribution shift impact for better generalization and making model task and data-independent for a general graph mining purpose. Furthermore, we introduce an information-based method to quantitatively measure the capability of CGFL. Comprehensive experiments demonstrate that CGFL outperforms state- of-the-art baselines on several graph mining tasks across various datasets in the few-shot scenario. We also provide a quantitative measurement of CGFL’s success.",None
https://openreview.net/forum?id=8TjyUm_XarL,Domain Generalization in Regression,domain generalization; regression; meta-learning,We propose a new domain generalization setting in regression scenario and a weighted meta-learning solution.,"In the context of classification, \textit{domain generalization} (DG) aims to predict the labels of unseen target-domain data only using labeled source-domain data, where the source and target domains usually share \textit{the same label set}. However, in the context of regression, DG is not well studied in the literature, and the main reason is that ranges of response variable in both domains are often \textit{different}, even disjoint under some extreme conditions. In this paper, we study a new problem setting: \textit{domain generalization in regression} (DGR), and propose a weighted meta-learning strategy to get optimal meta-initialization across disjoint domains to help address the DGR problem. The motivation is that when the meta-model performs well on one domain, we hope such a model also performs well in other related domains. To measure the relatedness regarding domains in the context of regression, we use the feature discrepancy in meta-space to calculate the discrepancy between any two domains and treat the discrepancy as the weight of a meta-training task in the meta-learning framework. The extensive regression experiments on standard domain generalization benchmark demonstrate the superiority of the proposed method.",None
https://openreview.net/forum?id=2sAVJZGwQRx,EFFECTIVE FREQUENCY-BASED BACKDOOR ATTACKS WITH LOW POISONING RATIOS,None,None,"Backdoor attack has been considered a serious threat to deep learning. Although several seminal backdoor attack methods have been proposed, they often required at least a certain poisoning ratio (\eg, 1\% or more) to achieve high attack success rate (ASR). 
However, the attack with a large poisoning ratio may be difficult to evade human inspection or backdoor defenses, \ie, low stealthiness. 
To tackle the dilemma between high ASR and low stealthiness, we aim to enhance ASR under low poisoning ratio, \ie, pursuing high ASR and high stealthiness simultaneously. To achieve this goal, we propose a novel frequency-based backdoor attack, where the trigger is generated based on important frequencies that contribute positively to the model prediction with respect to the target class. 
Extensive experiments on four benchmark datasets (CIFAR-10, CIFAR-100, GTSRB, Tiny ImageNet) verify the effectiveness and stealthiness of the proposed method under extremely low poisoning ratios. Specifically, with only 0.01\% poisoning ratio, our attack could achieve the ASR of 80.51%, 51.3%, 76.3%, and 87.2% on above four datasets, respectively, while the ASR values of most state-of-the-art (SOTA) attack methods are close to 0. Meanwhile, our method could well evade several SOTA backdoor defense methods, \ie, the ASR values are not significantly affected under defense.",None
https://openreview.net/forum?id=PNyvODFNTkZ,Lightweight CNNs Under A Unifying Tensor View,compression; tensor decomposition; CNNs; FPGA,"A unifying tensor view is introduced, which provides an easy-to-understand graphical illustration of various lightweight CNN components. A novel shift layer pruning scheme is proposed in response to the framework.","Despite the decomposition of convolutional kernels for lightweight CNNs being well studied, previous works that relied on tensor network diagrams or higher dimensional abstraction lacked geometry intuition. Our work captures the CNN kernel as a 3D tensor and explores its various decompositions, allowing for a straightforward graphical and analytical perspective between different tensor approximation schemes and efficient CNN components, including pointwise and depthwise convolutions. Extensive experiments are conducted, showing that a pointwise-depthwise-pointwise (PDP) configuration via a canonical polyadic decomposition (CPD) initialization can be a viable starting point for lightweight CNNs. The compression ratio of VGG-16 can reach over $50\%$ while its performance outperforms its randomly initialized counterpart by $>10\%$ in terms of accuracy. FPGA experiments for the PDP model further demonstrate its hardware efficacy, namely, $2.4\times$ faster and $1.4\times$ more energy efficient than the standard conv2d. Furthermore, our framework offers a unique slice-wise illustration and is the first to ever draw a connection to the shift layer. Such insight inspires a first-of-its-kind pruning method for shift layers, achieving nearly $50\%$ compression with $<1\%$ drop in accuracy for ShiftResNet-20.",None
https://openreview.net/forum?id=Eo89g5X1m5g,Sample Relationships through the Lens of Learning Dynamics with Label Information,Sample Relationship; Iterated Learning; Generalisation; Neural Networks; Neural Tangent Kernel,"We propose a new kernel function for neural networks which can take the label information into consideration, and show that it helps to improve generalisation performance.","Although much research has been done on proposing new models or loss functions to improve the generalisation of artificial neural networks (ANNs), less attention has been directed to the data, which is also an important factor for training ANNs. In this work, we start from approximating the interaction between two samples, i.e. how learning one sample would modify the model's prediction on the other sample. Through analysing the terms involved in weight updates in supervised learning, we find that the signs of labels influence the interactions between samples. Therefore, we propose the labelled pseudo Neural Tangent Kernel (lpNTK) which takes label information into consideration when measuring the interactions between samples. We first prove that lpNTK would asymptotically converge to the well-known empirical NTK in terms of the Frobenius norm under certain assumptions. Secondly, we illustrate how lpNTK helps to understand learning phenomena identified in previous work, specifically the learning difficulty of samples and forgetting events during learning. Moreover, we also show that lpNTK can help to improve the generalisation performance of ANNs in image classification tasks, compared with the original whole training sets.",None
https://openreview.net/forum?id=6MMOFoiWnDM,GT-CausIn: a novel causal-based insight for traffic prediction,spatiotemporal forecasting; causal discovery; graph neural networks,"A model fusing causal knowledge, space dependency and temporal dependency is proposed in this work.","Traffic forecasting is an important issue of spatiotemporal series prediction. Among different methods, graph neural networks have achieved so far the most promising results, learning relations between graph nodes then becomes a crucial task. However, improvement space is very limited when these relations are learned in a node-to-node manner. The challenge stems from (1) obscure temporal dependencies between different stations, (2) difficulties in defining variables beyond the node level, and (3) no ready-made method to validate the learned relations. To confront these challenges, we define legitimate traffic variables to discover the causal structure of the traffic network. The causal relation is carefully checked with statistic tools and case analysis. We then present a novel model named Graph Spatial-Temporal Network Based on Causal Insight (GT-CausIn), where graph diffusion layers and temporal convolutional network (TCN) layers are integrated with causal knowledge to capture dependencies in spatiotemporal space. Experiments are carried out on two real-world traffic datasets: PEMS-BAY and METR-LA, which show that GT-CausIn significantly outperforms the state-of-the-art models.",None
https://openreview.net/forum?id=fZb-Mg6Wip5,KerDEQ: Optimization induced Deep Equilibrium models via Gaussian Kernel,None,None,"Although the optimization induced deep equilibrium models (OptEqs) show the connection between the neural networks' structure and the designed hidden optimization problems (problems that the network's forward procedure tries to solve), we find that the linear kernels used in their hidden optimization problem hinder their performance since linear kernels cannot extract non-linear feature dependencies from the inputs. Inspired by the classical machine learning algorithms, we use the widely used Gaussian kernels to construct the OptEqs hidden optimization problem and then propose our deep equilibrium model named KerDEQ. With Gaussian kernels, it can extract the input features' non-linear information more efficiently compared with the original OptEqs. Furthermore, KerDEQ can be regarded as a weight-tied neural network with infinite width and depth, therefore it shows better performance. Apart from that, our KerDEQ also shows better uncertainty calibration properties and performs more stably under different corruptions, especially under noise credit to the Gaussian kernel hidden optimization problem and its induced structure.  Furthermore, we also conduct various experiments to demonstrate the effectiveness and reliability of our KerDEQ.",None
https://openreview.net/forum?id=gUxSHy2mNUh,TCNL: Transparent and Controllable Network Learning Via Embedding Human-Guided Concepts,Transparency-Interpretability; Human-Guided Concepts,Propose a novel method to improve interpretability of CNN by merging concept information  corresponding to human understanding,"Explaining deep learning models is of vital importance for understanding artificial intelligence systems, improving safety, and evaluating fairness. To better understand and control the CNN model, many methods for transparency-interpretability have been proposed. However, most of these works are less intuitive for human understanding and have insufficient human control over the CNN model. We propose a novel method, Transparent and Controllable Network Learning (TCNL), to overcome such challenges. Towards the goal of improving transparency-interpretability, in TCNL, we define some concepts for specific classification tasks through scientific human-intuition study and incorporate concept information into the CNN model. In TCNL, the shallow feature extractor gets preliminary features first. Then several concept feature extractors are built right after the shallow feature extractor to learn high-dimensional concept representations. The concept feature extractor is encouraged to encode information related to the predefined concepts. We also build the concept mapper to visualize features extracted by the concept extractor in a human-intuitive way. TCNL provides a generalizable approach to transparency-interpretability. Researchers can define concepts corresponding to certain classification tasks and encourage the model to encode specific concept information, which to a certain extent improves transparency-interpretability and the controllability of the CNN model. The datasets (with concept sets) for our experiments will also be released.",None
https://openreview.net/forum?id=-I2nYWac2Id,Uplift Modelling based on Graph Neural Network Combined with Causal Knowledge,uplift modeling; Graph Neural Network; Knowledge Representation; Structure Learning,Improve uplift modeling performance through causal knowledge representation and structural neighborhood learning,"Uplift modeling is a crucial method to estimate marketing effect modeling, which is widely used to evaluate the effect of treatment on outcomes. On the one hand, we can find the treatment with the best effect through uplift modeling. On the other hand, we can find customers who tend to make corresponding positive decisions in a given treatment. The past uplift modeling methods are mostly based on the difference-in-difference(DID) framework, combined with the machine learning model as the learner to make an estimation, ignoring the relationship and confidential information among features in uplift modeling. We propose a graph neural network-based framework combining causal knowledge as an estimator of uplift value. Firstly, we proposed a causal representation method based on conditional average treatment effect(CATE) estimation and adjacency matrix structure learning. Secondly, we proposed an uplift modeling framework based on graph convolution networks to combine the causal knowledge, which has better scalability. Our experimental results show that our method can estimate the uplift value with minor errors in the general simulation data, and its performance has also been verified in the actual industry marketing data.",None
https://openreview.net/forum?id=2a5Ru3JtNe0,From ChebNet to ChebGibbsNet,Spectral Graph Convolutional Networks; Gibbs phenomenon; Gibbs damping factors; ChebNet,None,"Recent advancements in Spectral Graph Convolutional Networks (SpecGCNs) have led to state-of-the-art performance in various graph representation learning tasks. To exploit the potential of SpecGCNs, we analyze corresponding graph filters via polynomial interpolation, the cornerstone of graph signal processing. Different polynomial bases, such as Bernstein, Chebyshev, and monomial basis, have various convergence rates that will affect the error in polynomial interpolation. Although adopting Chebyshev basis for interpolation can minimize maximum error, the performance of ChebNet is still weaker than GPR-GNN and BernNet. We point out it is caused by the Gibbs phenomenon, which occurs when the corresponding graph frequency response function approximates the target function. It reduces the approximation ability of a truncated polynomial interpolation. In order to mitigate the Gibbs phenomenon, we propose to add the Gibbs damping factor with each term of Chebyshev polynomials on ChebNet. As a result, our lightweight approach leads to a significant performance boost. Afterwards, we reorganize ChebNet via decoupling feature propagation and transformation. We name this variant as ChebGibbsNet. Our experiments indicate that ChebGibbsNet is superior to other advanced SpecGCNs, such as GPR-GNN and BernNet, in both homogeneous graphs and heterogeneous graphs.",None
https://openreview.net/forum?id=9XFX-DdkGp9,SPI-GAN: Denoising Diffusion GANs with Straight-Path Interpolations,None,None,"Score-based generative models (SGMs) are a recently proposed paradigm for deep generative tasks and now show the state-of-the-art sampling performance. It is known that the original SGM design solves the two problems of the generative trilemma: i) sampling quality, and ii) sampling diversity. However, the last problem of the trilemma was not solved, i.e., their training/sampling complexity is notoriously high. To this end, combining SGMs with simpler models, e.g., generative adversarial networks (GANs), is gathering much attention currently. We present an enhanced denoising method using GANs, called straight-path interpolation GAN (SPI-GAN), which drastically reduces the sampling time while achieving as high sampling quality and diversity as SGMs. Our SPI-GAN can be compared to the state-of-the-art shortcut-based denoising method using GANs, called denoising diffusion GAN (DD-GAN). However, our method corresponds to an extreme method that does not use any intermediate shortcut information of the reverse SDE path, in which case DD-GAN ($K=1$) fails to obtain good results. Nevertheless, our straight-path interpolation method greatly stabilizes the overall training process. As a result, SPI-GAN is one of the best-balanced models in terms of the sampling quality/diversity/time for CIFAR-10, CelebA-HQ-256, and LSUN-Church-256.",None
https://openreview.net/forum?id=Bgcp4BniE-U,Generated Distributions Are All You Need for Membership Inference Attacks Against Generative Models,generative models; diffusion models; membership inference,Our work proposes a generalized membership inference against various generative models.,"Generative models have shown their promising performance on various real-world tasks, which, at the same time, introduce the threat of leaking private information of their training data. Several membership inference attacks against generative models have been proposed in recent years and exhibit their effectiveness in different settings. However, these attacks all suffer from their own limitations and cannot be generalized to all generative models under all scenarios. In this paper, we propose the first generalized membership inference attack for generative models, which can be utilized to quantitatively evaluate the privacy leakage of various existing generative models. Compared with previous works, our attack has three main advantages, i.e., (i) only requires black-box access to the target model, (ii) is computationally efficient, and (iii) can be generalized to numerous generative models. Extensive experiments show that various existing generative models in a variety of applications are vulnerable to our attack. For example, our attack could achieve the AUC of 0.997 (0.997) and 0.998 (0.999) against the generative model of DDPM (DDIM) on the CelebA and CIFAR-10 datasets. These results demonstrate that private information can be effectively exploited by attackers in an efficient way, which calls on the community to be aware of privacy threats when designing generative models.",None
https://openreview.net/forum?id=GpicUyuSdTr,SynMotor: A Benchmark Suite for Object Attribute Regression and Multi-task Learning,synthetic dataset; benchmark development; 3D point cloud; object attribute regression; multi-task learning,None,"In this paper, we develop a novel benchmark suite including both a 2D synthetic image dataset and a 3D synthetic point cloud dataset. Our work is a sub-task in the framework of a remanufacturing project, in which small electric motors are used as fundamental objects. Apart from the given detection, classification, and segmentation annotations, the key objects also have multiple learnable attributes with ground truth provided. This benchmark can be used for computer vision tasks including 2D/3D detection, classification, segmentation, and multi-attribute learning. It is worth mentioning that most attributes of the motors are quantified as continuously variable rather than binary, which makes our benchmark well suited for the less explored regression tasks. In addition, appropriate evaluation metrics are adopted or developed for each task and promising baseline results are provided. We hope this benchmark can stimulate more research efforts on the sub-domain of object attribute learning and multi-task learning in the future.",None
https://openreview.net/forum?id=wVdbbVAVuIH,Training via Confidence Ranking,loss function,We devise a series of loss function for training a new better model than deployed one in real-world machine learning system.,"Model evolution and constant available data are two common phenomenon in large-scale real-world machine learning application, e.g. ads and recommendation system. To adapt, real-world system typically operates both retraining with all available data and \textit{online-learning} with recent available data to update models periodically with the goal of better serving performance for future data. However, if model and data evolution results in a vastly different training manner, it may induce negative impact on online A/B platform. In this paper, we propose a novel framework, named Confidence Ranking, to design optimization objective as a ranking function with two different models. Our confidence ranking loss allows directly optimizing the logits output for different convex surrogate function of metrics, e.g. AUC and Accuracy depending on the target tasks and datasets. Armed with our proposed methods, our experiments show that the confidence ranking loss can outperform for test-set performance on CTR prediction and model compression with various setting against the knowledge distillation baselines.",None
https://openreview.net/forum?id=4GtbV7o7-6l,SC2EGSet: StarCraft II Esport Replay and Game-state Dataset,StarCraft II; esports; machine learning; dataset,"Infrastructure, and a dataset crucial for research in a new and developing field of esports.","As a relatively new form of sport, esports offers unparalleled data availability. Despite the vast amounts of data that are generated by game engines, it can be challenging to extract them and verify their integrity for the purposes of practical and scientific use.

Our work aims to open esports to a broader scientific community by supplying raw and pre-processed files from StarCraft II esports tournaments. These files can be used in statistical and machine learning modeling tasks and related to various laboratory-based measurements (e.g., behavioral tests, brain imaging). We have gathered publicly available game-engine generated ""replays"" of tournament matches and performed data extraction and cleanup using a low-level application programming interface (API) parser library.

Additionally, we open-sourced and published all the custom tools that were developed in the process of creating our dataset. These tools include PyTorch and PyTorch Lightning API abstractions to load and model the data.

Our dataset contains replays from major and premiere StarCraft II tournaments since 2016. To prepare the dataset, we processed 55 tournament ""replaypacks"" that contained 17930 files with game-state information. Based on initial investigation of available StarCraft II datasets, we observed that our dataset is the largest publicly available source of StarCraft II esports data upon its publication.

Analysis of the extracted data holds promise for further Artificial Intelligence (AI), Machine Learning (ML), psychological, Human-Computer Interaction (HCI), and sports-related studies in a variety of supervised and self-supervised tasks.",None
https://openreview.net/forum?id=n6CXWcySQPm,Latent-space disentanglement with untrained generator networks allows to isolate different motion types in video data,video analysis; isolation of motion; generator networks; deep image prior,The paper provides a novel approach to isolate different types of motion in video data using untrained generator networks with disentangled latent space variables,"Isolating different types of motion in video data is a highly relevant problem in video analysis. Applications can be found, for example, in dynamic medical or biological imaging, where the analysis and further processing of the dynamics of interest is often complicated by additional, unwanted dynamics, such as motion of the measurement subject.
In this work, it is shown that a representation of video data via untrained generator networks, together with a specific technique for latent space disentanglement that uses minimal, one-dimensional information on some of the underlying dynamics, allows to efficiently isolate different, highly non-linear motion types. In particular, such a representation allows to freeze any selection of motion types, and to obtain accurate independent representations of other dynamics of interest.
Obtaining such a representation does not require any pre-training on a training data set, i.e., all parameters of the generator network are learned directly from a single video.",None
https://openreview.net/forum?id=1o5SGx71kAO,FV-MgNet: Fully Connected V-cycle MgNet for Interpretable Time Series Forecasting,long time series forecasting; multigrid; MgNet; V-cycle; fully connected layer,"By investigating iterative methods for a constrained linear model, we propose a new class of fully connected V-cycle MgNet  for long-term time series forecasting.","By investigating iterative methods for a constrained linear model, we propose a new class of fully connected V-cycle MgNet  for long-term time series forecasting, one of the most difficult tasks in forecasting problems. MgNet is a CNN model that was proposed for image classification based on the multigrid (MG) methods for solving discretized partial differential equations (PDEs). We replace the convolutional operations with fully connected operations in the existing MgNet and then apply it to the forecasting problems. Motivated by the V-cycle structure in MG, we further propose the FV-MgNet, a V-cycle version of fully connected MgNet, to extract features hierarchically. By evaluating the performance of FV-MgNet on popular data sets and comparing it with state-of-the-art models, we show that the FV-MgNet achieves better results with less memory usage and faster inference speed. In addition, we also develop ablation experiments to demonstrate the structure of FV-MgNet is the best choice among the many variants.",None
https://openreview.net/forum?id=y6EnaJlhcWZ,Prosody-TTS: Self-Supervised Prosody Pretraining with Latent Diffusion For Text-to-Speech,Text-to-speech; Prosody modeling; Self-supervised learning; Diffusion probabilistic model,"We propose Prosody-TTS, a TTS model to enhance prosody modeling by introducing self-supervised prosody pre-training and generative latent diffusion.","Expressive text-to-speech aims to generate high-quality samples with rich and diverse prosody, which is hampered by two major challenges: 1) considering the one-to-many mapping problem, prosodic attributes in highly dynamic voices are difficult to capture and model without intonation; 2) the TTS model should learn a diverse latent space and prevent producing dull samples with a collapsed prosodic distribution. This paper proposes Prosody-TTS, a two-stage TTS pipeline that improves prosody modeling and sampling by introducing several components: 1) a self-supervised learning model to derive the prosodic representation without relying on text transcriptions or local prosody ground-truth, which ensures the model covers diverse speaking voices, preventing sub-optimal solutions and distribution collapse; and 2) a latent diffusion model to sample and produce diverse patterns within the learned prosodic space, which prevents TTS models from generating the dull samples with mean distribution. Prosody-TTS achieves high-fidelity speech synthesis with rich and diverse prosodic attributes. Experiments results demonstrate that it surpasses the state-of-the-art models in terms of audio quality and prosody naturalness. The downstream evaluation and ablation studies further demonstrate the effectiveness of each design. Audio samples are available at https://Prosody-TTS.github.io/.",None
https://openreview.net/forum?id=aco19TMw9gA,Adversarial Attack Detection Under Realistic Constraints,Adversarial attacks; Detection; Vision transformers; Safety AI,"We propose a simple, real-time, softmax-based detection method for adversarial samples.","While adversarial attacks are a serious threat for neural networks safety, existing defense mechanisms remain very limited regarding their applicability to real-world settings. Any industrial-driven attack detector is expected to meet three unavoidable requirements: (R1) being adapted to black-box scenario where the user has only access to the predicted probabilities, (R2) making fast inference and (R3) not involving any training phase. In this paper, we introduce REFEREE, the first detector that meets all these requirements while improving state-of-the-art performances. It leverages the concept of information projections (I-projection), which generalizes ideas coming from out-of-distribution detection and allows to extract relevant information contained in the softmax outputs of a network. Our extensive experiments demonstrates that REFEREE improves upon existing methods while considerably reducing the inference time: it requires less than 0.05 seconds by test input, which is up to 400 times faster than former methods. This makes REFEREE an excellent candidate for adversarial attacks detection in real-world applications.",None
https://openreview.net/forum?id=CS7dB_FnGx,Incremental Unified Parameter Additional Tuning with Basic Memory Replaying,class incremental learning; parameter-additional-tuning; basic memory replaying,We propose a novel method for class incremental learning by tuning an unified additional parameter structure and replaying basic memory.,"Class incremental learning (CIL) aims to develop an open intelligence system that can continuously learn new concepts from new tasks while retaining the knowledge to distinguish between new and old concepts. Recently, parameter-additional-tuning methods (PAT) have successfully alleviated catastrophic forgetting by starting from a well-pre-trained model and only allowing a few additional parameters to be trained. However, the contradiction between stability and plasticity and the lack of inter-task features still challenge PAT-based CIL methods. To address these, we propose Unified PAT and basic memory replaying (BMR). On the one hand, unified PAT transfer the model to sequential arrival downstream tasks based on a fixed pre-trained vision transformer by unifying the prompt-based and the adapter-based methods, offering more diversified plastic structures to efficiently capture more useful features without large-scale parameters. On the other hand, BMR synthesizes on-call virtual old samples with a fixed-size basic memory to create a global task that covers up all the sub-tasks, which makes inter-task features more learnable without a large memory budget. Abundant experiments prove the effectiveness of our method.",None
https://openreview.net/forum?id=-x5WuMO4APy,FastDiff 2: Dually Incorporating GANs into Diffusion Models for High-Quality Speech Synthesis,Speech synthesis; Neural vocoder; Diffusion probabilistic model; Generative adversarial network,"We propose FastDiff 2, a conditional diffusion model to trade off diversity for quality and speed by incorporating GANs into diffusion models.","FastDiff, as a class of denoising probabilistic models, has recently achieved impressive performances in speech synthesis. It utilizes a noise predictor to learn a tight inference schedule for skipping denoising steps. Despite the successful speedup of FastDiff, there is still room for improvements, e.g., further optimizing the speed-quality trade-off and accelerating DDPMs training procedures. After analyzing GANs and diffusion models in conditional speech synthesis, we find that: GANs produce samples but do not cover the whole distribution, and the coverage degree does not distinctly impact audio quality. Inspired by these observations, we propose to trade off diversity for quality and speed by incorporating GANs into diffusion models, introducing two GAN-empowered modeling perspectives: (1) FastDiff 2 (Diff-GAN), whose denoising distribution is parametrized by conditional GANs; and (2) FastDiff 2 (GAN-Diff), in which the denoising model is treated as a generator in GAN for adversarial training. Unlike the acceleration methods based on skipping the denoising steps, FastDiff 2 provides a principled way to speed up both the training and inference processes. Experimental results demonstrate that both variants of FastDiff 2 enjoy an efficient 4-step sampling process as in FastDiff yet demonstrate a superior sample quality. Audio samples are available at https://FastDiff2.github.io/.",None
https://openreview.net/forum?id=P5ZTXA7zy6,When Neural ODEs meet Neural Operators,None,None,"Differential equation-based neural networks perform well in a variety of deep learning fields. Among those many methods, neural ordinary differential equations (NODEs) are one of the most fundamental work. NODEs have been applied to general downstream tasks such as image classification, time series classification, and image generation. The ODE function of NODEs can be understood as a special type of differential operators, which had been overlooked before.  In this paper, therefore, we study the feasibility of modeling NODEs (or the ODE function of NODEs) as neural operators. Our neural operator-based methods are more rigorous than existing approaches when it comes to learning the differential operator (or the ODE function). To this end, we design a new neural operator structure called branched Fourier neural operator (BFNO), which is suitable for modeling the ODE function. It shows improved performance for several general machine learning tasks, as compared to existing various NODE models.",None
https://openreview.net/forum?id=Ew9gIwAQ7wr,FFCV: Accelerating Training by Removing Data Bottlenecks,infrastructure; data loading; fast training; library; usability,"We present FFCV, an easy-to-use yet highly optimized library for training machine learning models.","We present FFCV, a library for easy, fast, resource-efficient training of machine learning models. FFCV speeds up model training by eliminating (often subtle) data bottlenecks from the training process. In particular, we combine techniques such as an efficient file storage format, caching, data pre-loading, asynchronous data transfer, and just-in-time compilation to (a) make data loading and transfer significantly more efficient, ensuring that GPUs can reach full utilization; and (b) offload as much data processing as possible to the CPU asynchronously, freeing GPU up capacity for training. Using FFCV, we train ResNet-18 and ResNet-50 on the ImageNet dataset with a state-of-the-art tradeoff between accuracy and training time. For example, across the range of ResNet-50 models we test, we obtain the same accuracy as the best baselines in half the time. We demonstrate FFCV's performance, ease-of-use, extensibility, and ability to adapt to resource constraints through several case studies.",None
https://openreview.net/forum?id=d1LQQzVFkSL,Noether Embeddings: Fast Temporal Association Mining,temporal knowledge graph; association rule mining; representation learning; Noether's theorem,None,"Simple and expressive in representing multi-relational events, temporal knowledge graphs (TKGs) have attracted increasing research interest. While temporal associations (TAs) reveal cause-effect relationships between event pairs across time, to the best of our knowledge, no previous work has paid attention to exploring such basic but meaningful regularities on TKGs. Despite the importance, temporal association mining (TAM) is prohibitively challenging due to its enormous search space. Inspired by Noether’s theorem in theoretical physics, we reduce the problem of TAM to search for conserved quantities with a search space invariant to the number of related events. We develop Noether Embeddings, an embedding model that jointly encodes the absolute time and relative interval of events and event pairs, respectively, by rotating complex vectors. It is proved theoretically and experimentally that our embedding model enforces convergence to a conserved quantity of decoding results implying time translation symmetries within associated event pairs. By using Noether Embeddings, a three-stage TAM framework is developed, respectively of the encoding, decoding, and selecting process. We successfully mined TAs both with semantic interpretability and statistical reliability. Experiments show that our method achieves a 23.7 times speedup over an optimized search algorithm for TAM on GDELT dataset.",None
https://openreview.net/forum?id=BEpJFTH50iT,Searching optimal adjustment features for treatment effect estimation,treatment effect estimation; covariate separation; confounder balancing,We construct a reinforcement-learning based framework to search the optimal adjustment features for more precise treatment effect estimation.,"Most efforts devoted to causal inference focus on controlling the adjustment features to further alleviate the confounding effect. In realistic applications, the collected covariates often contain variables correlating to only one of the treatment (e.g., instrumental variables) and the outcome (e.g., precision variables). Due to the absence of prior knowledge, the brute-force approach for the practitioner is to include every covariate for adjustment. However, previous literature shows that adjusting the former covariates (treatment-only) hurts the treatment effect estimation, while adjusting the latter covariates (outcome-only) brings benefits. Consequently, it is meaningful to find an optimal adjustment set rather than the brute-force approach for more efficient treatment effect estimation. To this end, we establish a variance metric which is computationally tractable to measure the optimality of the adjustment set. From the non-parametric viewpoint, we theoretically show that our metric is minimized if and only if the adjustment features contain the confounders and the outcome-only variables. As optimizing the proposed variance metric is a combinational optimization problem, we incorporate the Reinforcement Learning (RL) to search the corresponding optimal adjustment set. More specifically, we adopt the encoder-decoder model as the actor to generate the binary feature mask on the original covariates, which serves as the differentiable policy. Meanwhile, the proposed variance metric serves as the reward to guide the policy update. Empirical results on synthetic and real-world datasets demonstrate that ~(a) our method successfully searches the optimal adjustment sets and (b) the searched adjustment features achieve more precise treatment effect estimation.",None
https://openreview.net/forum?id=P0bfBJaD4KP,Universal Graph Neural Networks without Message Passing,None,None,"Message-Passing Graph Neural Networks (MP-GNNs) have become the de facto paradigm for learning on graph for years. Nevertheless, recent works also obtain promising empirical results with other kinds of architectures like global self-attention and even MLPs. This raises an important theoretical question: what is the minimal prerequisite for an expressive graph model? In this work, we theoretically show that when equipped with proper position encodings, even a simple Bag-of-Nodes (BoN) model (node-wise MLP followed by global readout) can be universal on graphs. We name this model as Universal Bag-of-Nodes (UBoN). Synthetic experiments on the EXP dataset show that UBoN indeed achieves expressive power beyond 1-WL test. On real-world graph classification tasks, UBoN also obtains comparable performance to MP-GNNs while enjoying better training and inference efficiency (50% less training time compared to GCN). We believe that our theoretical and empirical results might inspire more research on simple and expressive GNN architectures.",None
https://openreview.net/forum?id=aqIvCsRsYt,CLIPPING: Distilling CLIP-based Models for Video-Language Understanding,Knowledge Distillation; Vison-Language Understanding; Model Compression,"In this paper, we propose a novel knowledge distillation method that is specially designed for small vison-language models.","Pre-training a vison-language model and then fine-tuning it on downstream tasks have become a popular paradigm. However, pre-trained vison-language models with the Transformer architecture usually have a large number of parameters and take long inference time. Knowledge distillation has been an efficient technique to transfer the capability of a large model to a small one while maintaining the accuracy, which has achieved remarkable success in natural language processing. However, the collection of the pre-training data for the pre-training knowledge distillation costs huge manpower in multi-modality applications. In this paper, we propose a novel knowledge distillation method, named CLIPPING, where the plentiful knowledge of a large teacher model that has been fine-tuned for video-language tasks with the powerful pre-trained CLIP can be effectively transferred to a small student only at the fine-tuning stage. Especially, a new layer-wise alignment is proposed for knowledge distillation of the intermediate layers from the Transformer to the CNN in CLIPPING, which enables the student model to well absorb the knowledge of the teacher. Besides, we present an effective cross-modality knowledge distillation, which includes both the knowledge of the global video-caption distributions from the teacher model and the knowledge of the local video-caption distributions from the pre-training model (CLIP). Finally, CLIPPING with MobileViT-v2 as the vison encoder without any vison-language pre-training achieves 91.5%-95.3% of the performance of its teacher on three video-language retrieval benchmarks, with its vison encoder being 19.5x smaller. CLIPPING also significantly outperforms a state-of-the-art small baseline (ALL-in-one-B) on the MSR-VTT dataset, obtaining relatively 7.4% performance gain, with 29% fewer parameters and 86.9% fewer flops. Moreover, CLIPPING is comparable or even superior to many large pre-training models.",None
https://openreview.net/forum?id=4WoJDxyCxq,To be private and robust: Differentially Private Optimizers Can Learn Adversarially Robust Models,deep learning; differential privacy; adversarial robustness; Pareto optimality,We show that DP models can be adversarially robust with rigorous proof on linear models and empirical evidence on deep networks.,"Machine learning models have shone in a variety of domains and attracted increasing attention from both the security and the privacy communities. One important yet worrying question is: will training models under the differential privacy (DP) constraint unfavorably impact on the adversarial robustness? While previous works have postulated that privacy comes at the cost of worse robustness, we give the first theoretical analysis to show that DP models can indeed be robust and accurate, even sometimes more robust than their naturally-trained non-private counterparts. We observe three key factors that influence the privacy-robustness-accuracy tradeoff: (1) hyperparamters for DP optimizers are critical; (2) pre-training on public data significantly mitigates the accuracy and robustness drop; (3) choice of DP optimizers makes a difference. With these factors set properly, we achieve 90\% natural accuracy, 72\% robust accuracy ($+9\%$ than the non-private model) under $l_2(0.5)$ attack, and 69\% robust accuracy ($+16\%$ than the non-private model) with pre-trained SimCLRv2 model under $l_\infty(4/255)$ attack on CIFAR10 with $\epsilon=2$. In fact, we show both theoretically and empirically that DP models are Pareto optimal in terms of accuracy and robustness. Additionally, the robustness of DP models is consistently observed on MNIST, Fashion MNIST and CelebA, with ResNet and Vision Transformer. We believe our encouraging results are a significant step towards training models that are private as well as robust, including deep neural networks.",None
https://openreview.net/forum?id=x4XN_dP6mrQ,Polite Teacher: Semi-Supervised Instance Segmentation with Mutual Learning and Pseudo-Label Thresholding,semi-supervised learning; instance segmentation; semi-supervised instance segmentation,"We present Polite Teacher, a mutual learning framework with pseudo-label thresholding for single-stage semi-supervised instance segmentation.","We present Polite Teacher, a simple yet effective method for the task of semi-supervised instance segmentation. The proposed architecture relies on the Teacher-Student mutual learning framework. To filter out noisy pseudo-labels, we use confidence thresholding for bounding boxes and mask scoring for masks. The approach has been tested with CenterMask, a single-stage anchor-free detector. Tested on the COCO 2017 val dataset, our architecture significantly (approx. +8 pp. in mask AP) outperforms the baseline at different supervision regimes. To the best of our knowledge, this is one of the first works tackling the problem of semi-supervised instance segmentation and the first one devoted to an anchor-free detector. The code is available.",None
https://openreview.net/forum?id=nd8Z_Xbdrfx,Reducing Forgetting In Federated Learning with Truncated Cross-Entropy,continual learning; catastrophic forgetting; distribution shifts; federated learning,Inspired by methods in continual learning we propose and analyze a simple approach for supervised federated learning with non-iid data,"In Federated Learning, a global model is learned by aggregating model updates computed from a set of client nodes, each having their own data. A key challenge in federated learning is the heterogeneity of data across clients whose data distributions differ from one another. Standard federated learning algorithms perform multiple gradient steps before synchronizing the model, which can lead to clients overly minimizing their local objective and diverging from other client solutions, particularly in the supervised learning setting. We demonstrate that in such a setting, individual client models experience the ``catastrophic forgetting"" phenomenon with respect to other client data. We propose a simple yet efficient approach that  modifies the cross-entropy objective on a per-client basis such that classes outside a client's label set are shielded from abrupt representation change. Through extensive empirical evaluations, we demonstrate that our approach can greatly alleviate this problem, especially in the most challenging federated learning settings with high heterogeneity, low participation, and large numbers of clients.",None
https://openreview.net/forum?id=MpikUXtGQCI,On the Convergence and Calibration of Deep Learning with Differential Privacy,deep learning; differential privacy; calibration; convergence; neural tangent kernel,"We show that differentially private deep learning can be severely mis-calibrated due to the gradient clipping, which can be alleviated by a new clipping method.","Differentially private (DP) neural network achieves the privacy usually at the cost of slower convergence (and thus lower performance) than its non-private counterpart. To analyze the difficulty of DP training, this work gives the first convergence analysis through the lens of training dynamics and the neural tangent kernel (NTK). We successfully characterize the effects of two key components in the DP training: the per-sample gradient clipping (flat or layerwise) and the noise addition. Our analysis not only initiates a general principled framework to understand the DP deep learning with any network architecture and loss function, but also motivates a new clipping method -- the \textit{global clipping}, that significantly improves the convergence, as well as preserves the same DP guarantee and computational efficiency as the existing method, which we term as \textit{local clipping}.

Theoretically speaking, we precisely characterize the effect of per-sample clipping on the NTK matrix and show that the noise scale of DP optimizers does not affect the convergence in the \textit{gradient flow} regime. In particular, we shed light on several behaviors that are only guaranteed by our global clipping. For example, the global clipping can preserve the positive semi-definiteness of NTK, which is almost certainly broken by the local clipping; DP gradient descent (GD) with global clipping converges monotonically to zero loss, while the convergence of local clipping can be non-monotone; the global clipping is surprisingly effective at learning \textit{calibrated classifiers}, whereas existing DP classifiers are oftentimes over-confident and unreliable. Notably, our analysis framework easily extends to other optimizers, e.g., DP-Adam. We demonstrate through numerous experiments that DP optimizers equipped with global clipping perform strongly. Implementation-wise, the global clipping can be realized by inserting only one line of code into the Pytorch \texttt{Opacus} library.",None
https://openreview.net/forum?id=2skHw9HVf3,TAPPFL: TASK-AGNOSTIC PRIVACY-PRESERVING REPRESENTATION LEARNING FOR FEDERATED LEARNING AGAINST ATTRIBUTE INFERENCE ATTACKS,None,None,"Federated learning (FL), a new collaborative learning paradigm, has been widely studied recently due to its property to collaboratively train data from different sources without needing to share the raw training data. Nevertheless, recent studies show that an adversary (e.g., an honest-but-curious server) can still be possible to infer private information about the training data, e.g., sensitive information such as income, race, and sexual orientation. To mitigate the attribute inference attacks, various existing privacy-preserving FL methods can be adopted/adapted. However, all these existing methods have key limitations: they need to know the FL task in advance, or have intolerable computational overheads or utility losses, or do not have provable privacy guarantees. We aim to address all these issues and design a task-agnostic privacy-preserving FL (short for TAPPFL) method against attribute inference attacks from the information-theoretic perspective. Specifically, we formally formulate TAPPFL via two mutual information goals, where one goal learns task-agnostic data representations that contain the least information about the private attribute in each device’s data, and the other goal includes as much information as possible about the training data to maintain utility. However, it is intractable to compute exact mutual information in general. Then, we derive tractable variational mutual information bounds, and each bound can be parameterized via a neural network. Next, we alternatively train these parameterized neural networks to approximate the true mutual information and learn privacy-preserving representations for device data. We also derive theoretical privacy guarantees of our TAPPFL against worst-case attribute inference attacks. Extensive results on multiple datesets and applications validates the effectiveness of our TAPPFL to protect data privacy, maintain the FL utility, and be efficient as well.",None
https://openreview.net/forum?id=S5RYm-9Q4o,Fine-Grained Source Code Vulnerability Detection via Graph Neural Networks,None,None,"The number of exploitable vulnerabilities in software continues to increase, the speed of bug fixes and software updates have not increased accordingly. It is therefore crucial to analyze the source code and identify vulnerabilities in the early phase of software development. In this paper, a fine-grained source code vulnerability detection model based on Graph Neural Networks (GNNs) is proposed with the aim of locating vulnerabilities at the function level and line level. First of all, detailed information about the source code is extracted through multi-dimensional program feature encoding to facilitate learning about patterns of vulnerability. Second, extensive experiments are conducted on both a public hybrid dataset and our proposed dataset, which is collected entirely from real software projects. It is demonstrated that our proposed model outperforms the state-of-the-art methods and achieves significant improvements even when faced with more complex real-project source code. Finally, a novel location module is designed to identify potential key vulnerable lines of code. And the effectiveness of the model and its contributions to reducing human workload in practical production are evaluated.",None
https://openreview.net/forum?id=wekD3L39fk,Randomized Adversarial Style Perturbations for Domain Generalization,Domain Generalization; Data Augmentation; Adversarial Attacks,None,"While deep neural networks have shown remarkable progress in various computer vision tasks, they often suffer from weak generalization ability on unseen domains. To tackle performance degradation under such domain shifts, Domain Generalization (DG) aims to learn domain invariant features applicable to unseen target domains based only on the data in source domains. This paper presents a simple yet effective approach for domain generalization via style perturbation using adversarial attacks. Motivated by the observation that the characteristics of each domain are captured by the feature statistics corresponding to style, we propose a novel domain generalization technique, referred to as Randomized Adversarial Style Perturbations (RASP). The proposed algorithm augments the styles of features to deceive the network outputs towards randomly selected labels during training and prevents the network from being misled by the unexpected styles observed in unseen target domains. While RASP is effective to handle domain shifts, its naïve integration into the training procedure might degrade the capability of learning knowledge from source domains because it has no restriction on the perturbations of representations. This challenge is alleviated by Normalized Feature Mixup (NFM), which facilitates learning the original features while achieving robustness to perturbed representations via their mixup during training. We evaluate the proposed algorithm via extensive experiments on various benchmarks and show that our approach improves domain generalization ability, especially in large-scale benchmarks.",None
https://openreview.net/forum?id=3qvEPE6q4L,FedMAE: Federated Self-Supervised Learning with One-Block Masked Auto-Encoder,Federated Learning; Self-Supervised Learning; Masked AutoEncoder,A novel federated self-supervised learning framework with a cascade design,"Latest federated learning (FL) methods started to focus on how to use unlabeled data in clients for training due to users' privacy concerns, high labeling costs, or lack of expertise. However, current Federated Semi-Supervised/Self-Supervised Learning (FSSL) approaches fail to learn large-scale images because of the limited computing resources of local clients. In this paper, we introduce a new framework FedMAE, which stands for Federated Masked AutoEncoder, to address the problem of how to utilize unlabeled large-scale images for FL. Specifically, FedMAE can pre-train one-block Masked AutoEncoder (MAE) using large images in lightweight client devices, and then cascades multiple pre-trained one-block MAEs in the server to build a multi-block ViT backbone for downstream tasks. Theoretical analysis and experimental results on image reconstruction and classification show that our FedMAE achieves superior performance compared to the state-of-the-art FSSL methods.",None
https://openreview.net/forum?id=PQfP-d9BWkF,APLA: Class-imbalanced Semi-supervised Learning with Adapative Pseudo-labeling and Loss Adjustment,semi-supervised learning; class-imbalanced learning; class-imbalanced semi-supervised learning,We use Class-Aware Pseudo-label Thresholding and Class-Aware Loss Adjustment to improve the performance of existing SSL algorithm in Class-imbalanced setting.,"Semi-supervised learning (SSL) can substantially improve the performance of deep neural networks by utilizing unlabeled data when labeled data is scarce. Existing SSL algorithms implicitly assume that the class distribution of labeled datasets and unlabeled datasets are balanced, which means the different classes have the same numbers of training samples. However, they can hardly perform well on minority classes(the classes with few training examples) when the class distribution of training data is imbalanced, since the pseudo-labels learned from unlabeled data tend to be biased toward majority classes(the classes with a large number of training examples). To alleviate this issue, we propose a method called Adaptive Pseudo-labeling and Loss Adjustment (APLA) for class-imbalanced semi-supervised learning (CISSL), which includes Class-Aware Pseudo-label Thresholding (CAPT) that can utilize the imbalanced unlabeled data by dynamically adjusting the threshold for selecting pseudo-labels, and Class-Aware Loss Adjustment (CALA) that can mitigate the bias in both supervised loss and unsupervised loss. According to the experiments, APLA can deliver much higher accuracy than benchmark methods under various CISSL scenarios.",None
https://openreview.net/forum?id=kD2J9vcfByo,Label-Efficient Online Continual Object Detection in Streaming Video,Online Continual Learning; Object Detection; Complementary Learning Systems; Streaming Video,"Towards label-efficient online continual object detection in video streams, our Efficient-CLS only uses 25% annotation costs while it still outperforms the best baseline.","To thrive in evolving environments, humans are capable of continual acquisition and transfer of new knowledge, from a continuous video stream, with minimal supervision, while retaining previously learnt experiences. In contrast to human learning, most standard continual learning (CL) benchmarks focus on learning from static i.i.d. images that all have labels for training. Here, we examine a more realistic and challenging problem—Label-Efficient Online Continual Object Detection (LEOCOD) in streaming video. By addressing this problem, it would greatly benefit many real-world applications (e.g., personalized robots, augmented/virtual reality headsets, etc.) with reduced data annotation costs and model retraining time. To tackle this problem, we seek inspirations from complementary learning systems (CLS) in human brains and propose Efficient-CLS, a plug-and-play module that can be easily inserted into and improve existing continual learners. On two challenging CL benchmarks for streaming real-world videos, we integrate Efficient-CLS into state-of-the-art CL algorithms, and achieve significant improvement with minimal forgetting across all supervision levels. Remarkably, with only 25% annotated video frames, our Efficient-CLS still outperforms the base CL learners, which are trained with 100% annotations on all video frames. We will make source code publicly available upon publication.",None
https://openreview.net/forum?id=Z4Kexjh34vT,Hypernetwork approach to Bayesian MAML,few-shot learnirng; MAML; hypernetworks,"n this paper we propose a novel generalization of Bayesian MAML, which employs Bayesian principles along with Hypernetworks for MAML.","The main goal of Few-Shot learning algorithms is to enable learning from small amounts of data. One of the most popular and elegant Few-Shot learning approaches is Model-Agnostic Meta-Learning (MAML). The main idea behind this method is to learn shared universal weights of a meta-model, which then are adapted for specific tasks. However, due to limited data size, the method suffers from overfitting and poorly quantifies uncertainty. Bayesian approaches could, in principle, alleviate these shortcomings by learning weight distributions in place of point-wise weights. Unfortunately, previous Bayesian modifications of MAML are limited in a way similar to the classic MAML, e.g., task-specific adaptations must share the same structure and can not diverge much from the universal meta-model. Additionally, task-specific distributions are considered posteriors to the universal distributions working as priors, and optimizing them jointly with gradients is hard and poses a risk of getting stuck in local optima.

In this paper, we propose BH-MAML, a novel Bayesian MAML generalization that employs Bayesian principles and Hypernetworks for MAML. We achieve better convergence than the previous methods by classically learning universal weights. Furthermore, Bayesian treatment of the specific tasks enables uncertainty quantification, and high flexibility of task adaptations is achieved using Hypernetworks instead of gradient-based updates. Consequently, the proposed approach not only improves over the previous methods, both classic and Bayesian MAML in several standard Few-Shot learning benchmarks but also benefits from the properties of the Bayesian framework.",None
https://openreview.net/forum?id=cri2n_3PJAw,Token-level Fitting Issues of Seq2seq Models,overfitting; underfitting; seq2seq model,We find that seq2seq models trained with early-stopping suffer from overfitting and underfitting at the token level. We identify three major factors that influence token-level fitting.,"Sequence-to-sequence (seq2seq) models have been widely used for natural language process, computer vision, and other deep learning tasks. We find that seq2seq models trained with early-stopping suffer from issues at the token level. In particular, while some tokens in the vocabulary demonstrate overfitting, others underfit when training is stopped. Experiments show that the phenomena are pervasive in different models, even in fine-tuned large pretrained-models.  We identify three major factors that influence token-level fitting, which include token frequency, parts-of-speech, and prediction discrepancy. Further, we find that external factors such as language, model size, domain, data scale, and pretraining can also influence the fitting of tokens.",None
https://openreview.net/forum?id=7KdrFjpmJf7,Learning Sampling Policy to Achieve Fewer  Queries for  Zeroth-Order Optimization,Zeroth-order optimization; reinforcement learning,TL,"Zeroth-order (ZO) methods, which use the finite difference of two function evaluations (also called ZO gradient) to approximate first-order gradient, have attracted much attention recently in machine learning because of its broad applications.
The accurateness of ZO gradient highly depends on how many finite differences are averaged, which are intrinsically determined by the number of  perturbations randomly drawn from a distribution. 
Existing ZO methods try to learn a data-driven distribution for sampling the perturbations to improve the efficiency of ZO optimization (ZOO) algorithms. 
In this paper, we explore  a  new and parallel direction, i.e. , learn an optimal sampling policy  instead of using totally random strategy  to generate perturbations based on the techniques of reinforcement
learning (RL), which makes it possible to  approximate the gradient  with only two function evaluations.  Specifically, we first formulate the problem of learning a sampling policy as a Markov decision process. Then, we propose our ZO-RL algorithm,  \textit{i.e.}, using deep deterministic policy gradient, an actor-critic RL algorithm to  learn a  sampling policy which can guide the generation of perturbed vectors in getting ZO gradients as accurate as possible. Importantly, the existing ZOO algorithms of learning a distribution can be plugged in  to improve the exploration of  ZO-RL.
Experimental results  with different ZO estimators show that our ZO-RL algorithm can effectively reduce the query complexity of ZOO algorithms  and converge faster than existing ZOO algorithms especially in the later stage of the  optimization process.",None
https://openreview.net/forum?id=jMtwOppbKOU,Practical Real Video Denoising with Realistic Degradation Model,Real Video Denoising; Degradation Model,This paper proposes a new realistic video degradation model for practical real video denoising.,"Existing video denoising methods typically assume noisy videos are degraded from clean videos by adding Gaussian noise. However, deep models trained on such a degradation assumption will inevitably give rise to poor performance for real videos due to degradation mismatch. Although some studies attempt to train deep models on noisy and noise-free video pairs captured by cameras, such models can only work well for specific cameras and do not generalize well for other videos. In this paper, we propose to lift this limitation and focus on the problem of general real video denoising with the aim to generalize well on unseen real-world videos. We tackle this problem by firstly investigating the common behaviors of video noises and observing two important characteristics: 1) downscaling helps to reduce the noise level in spatial space and 2) the information from the adjacent frames help to remove the noise of the current frame in temporal space. Motivated by these two observations, we propose a multi-scale recurrent architecture by making full use of the above two characteristics. Secondly, we propose a synthetic real noise degradation model by randomly shuffling different noise types to train the denoising model. With a synthesized and enriched degradation space, our degradation model can help to bridge the distribution gap between training data and real-world data. Extensive experiments demonstrate that our proposed method achieves the state-of-the-art performance and better generalization ability than existing methods on both synthetic Gaussian denoising and practical real video denoising.",None
https://openreview.net/forum?id=aS1Ef2vkIkR,Variational Counterfactual Prediction under Runtime Domain Corruption,Causal inference; treatment effect estimation; deep learning; variational inference; domain adaptation; domain shift; covariate shift; privacy concern.,Proposed an upper bound and an adversarially unified variational method for run-time causal inference.,"Causal inference is pivotal to decision-making as it can estimate the potential treatment effect before the decision is actually made on an individual or a population, and its applications are seen in high-stake areas such as healthcare, education, and e-commerce. So far, various neural methods have been proposed to address the causal effect estimation based on observational data, where the counterfactual prediction commonly assumes the same availability of variables at both training and inference (i.e., runtime) stages. In reality, the accessibility of variables is usually impaired due mainly to privacy and ethical concerns, like medical records. We term this \textit{runtime domain corruption}, which seriously challenges the generalizability of the trained counterfactual predictor on top of the existence of confoundedness and selection bias. To counteract runtime domain corruption, we subsume counterfactual prediction under the notion of domain adaptation. Specifically, we upper-bound the error w.r.t. the target domain (i.e., runtime covariates) by the sum of source domain error and inter-domain distribution distance. In addition, we build an adversarially unified variational causal effect model, named VEGAN, with a novel two-stage adversarial domain adaptation to implicitly reduce the distribution disparity between treated and control groups first, and between training and inference domains afterwards. With extensive experiments on causal inference benchmark datasets, we demonstrate that our proposed method outperforms other state-of-the-art baselines on individual-level causal effect estimation in the presence of runtime domain corruption.",None
https://openreview.net/forum?id=ctnmrjv6lU5,RealSinger: Ultra-Realistic Singing Voice Generation via Stochastic Differential Equations,None,None,"Synthesizing high-quality singing voice from music score is a challenging problem in music generation and has many practical applications. Samples generated by existing singing voice synthesis (SVS) systems can roughly reflect the lyrics, pitch and duration in a given score, but they fail to contain necessary details. In this paper, based on stochastic differential equations (SDE) we propose RealSinger to generate 22.05kHz ultra-realistic singing voice conditioned on a music score. Our RealSinger learns to find the stochastic process path from a source of white noise to the target singing voice manifold under the conditional music score, allowing to sing the music score while maintaining the local voice details of the target singer. During training, our model learns to accurately predict the direction of movement in the ambient Euclidean space onto the low-dimensional singing voice manifold. RealSinger's framework is very flexible. It can either generate intermediate feature representations of the singing voice, such as mel-spectrogram, or directly generate the final waveform, as in the end-to-end style which rectify defects and accumulation errors introduced by two-stage connected singing synthesis systems. An extensive subjective and objective test on benchmark datasets shows significant gains in perceptual quality using RealSinger. The mean opinion scores (MOS) obtained with RealSinger are closer to those of the human singer's original high-fidelity singing voice than to those obtained with any state-of-the-art method. Audio samples are available at https://realsinger.github.io/.",None
https://openreview.net/forum?id=8xoV4ZrIgbk,Homeomorphism Alignment in Two Spaces for Unsupervised Domain Adaptation,Homeomorphism Alignment; Unsupervised Domain Adaptation; Self-supervised Learning,A new appraoch uses Homeomorphism property to do Unsupervised Domain Adaptation.,"The existing unsupervised domain adaptation methods always align the features from the source and target domains explicitly or implicitly in a common space, i.e., the domain invariant space. Explicit distribution matching always ignores the discriminability of the learned features, while implicit distribution matching such as self-supervised learning suffers from the pseudo-label noises. It is difficult to find a common space which maintains discriminative structure of the source and target domain data when aligning the data distributions. We propose a novel approach dubbed as HomeomorphisM Alignment (HMA) so that the source and target features can be aligned in two different spaces. Specifically, an invertible neural network based homeomorphism is constructed. Distribution matching method is used as a sewing up tool for connecting homeomorphism mapping between the source and target feature spaces. Theoretically, we show this mapping can preserve data topological structure, i.e., the samples in the same cluster are still in the same projected cluster. Based on this property, we adapt the model by the cross entropy of transformed and original source features and prediction consistency between target features and transformed target features. Extensive experiments demonstrate that our method can achieve the state-of-the-art results.",None
https://openreview.net/forum?id=W6t8U1eGvSj,Leveraging Online Semantic Point Fusion for 3D-Aware Object Goal Navigation,Reinforcement Learning; Robot; Navigation,We propose a two-stage reinforcement learning framework that is powered by an online semantic point fusion algorithm.,"Object goal navigation in unseen environments is a fundamental task for building intelligent embodied agents. Existing works tackle this problem with modular or end-to-end learning-based methods, which implicitly learn from 2D maps, sparse scene graphs or video sequences, ignoring the established fact that objects lie in 3D. Hence, in this work, we propose a dedicated 3D-aware online semantic point fusion algorithm that online aggregates 3D points along with their semantic predictions from RGB-D observations to form a high-efficient 3D point-based sparse map, which further enables us to check spatial semantic consistency. To leverage the 3D information for navigation while remaining sample efficient, we then propose a two-stage reinforcement learning framework that decomposes the object goal navigation into two complementary sub-tasks, namely exploration and verification, each learning in a different discrete action space. Thanks to the highly accurate semantic understanding and robust goal verification, our framework achieves the best performance among all modular-based methods on the Matterport3D and Gibson datasets. Furthermore, compared to mainstream RL-based works, our method requires (5-28x) less computational cost for training. We will release the source code upon acceptance.",None
https://openreview.net/forum?id=oBXFemWGPWN,Source-Target Coordinated Training with Multi-head Hybrid-Attention for Domain Adaptive Semantic Segmentation,domain adaptation; semantic segmentation,None,"Domain adaptive semantic segmentation aims to densely assign semantic labels for each pixel on the unlabeled target domain by transferring knowledge from the labeled source domain. Due to the domain shift problem, the success of adaptation on the unseen domain depends on the feature alignment between different domains. Hence, this paper focuses on feature alignment for domain adaptive semantic segmentation, \ie, when to align and how to align. Since no label is available in the target domain, aligning the target distribution too early would lead to poor performance due to pseudo-label noise, while too late may cause the model to underfit the target domain. In this paper, we propose a Source-Target Coordinated Training (STCT) framework, where a coordination weight is designed to control the time to align. For the problem of how to align, we design a Multi-head Hybrid-Attention (MHA) module to replace the multi-head self-attention (MSA) module in the transformer. The proposed MHA module consists of intra-domain self-attention and inter-domain cross-attention mechanisms. Compared with the MSA module, the MHA module achieves feature alignment by explicitly constructing interaction between different domains without additional computations and parameters. Moreover, to fully explore the potential of the proposed MHA module, we comprehensively investigate different designs for the MHA module and find some important strategies for effective feature alignment. Our proposed method achieves competitive performance on two challenging synthetic-to-real benchmarks, GTA5-to-CityScapes and SYNTHIA-to-Cityscapes.",None
https://openreview.net/forum?id=HNcqEt0zuMo,On the Role of Self-supervision in Deep Multi-view Clustering,deep learning; multi-view clustering; self-supervised learning,"We investigate self-supervision in deep multi-view clustering, and present several new models and novel findings.","Self-supervised learning is a central component in many recent approaches to deep multi-view clustering (MVC). However, we find large variations in the motivation and design of self-supervision-based methods for deep MVC. To address this, we present DeepMVC, a new, unified framework for deep MVC. Crucially, we show that many recent methods can be regarded as instances of our framework -- allowing us to implement recent methods in a unified and consistent manner. We make key observations about the effect of self-supervision, and in particular, drawbacks of representation alignment. Motivated by these insights, we develop several new DeepMVC instances, with new forms of self-supervision. We conduct extensive experiments, and find that (i) the popular contrastive alignment degrades performance when the number of views becomes large; (ii) all methods benefit from some form of self-supervision; and (iii) our new instances outperform previous methods on several datasets. Based on our findings, we suggest several promising directions for future research. To enhance the openness of the field, we provide an open-source implementation of DeepMVC, including recent models and our new instances. Our implementation includes a consistent evaluation protocol, facilitating fair and accurate evaluation of methods and components.",None
https://openreview.net/forum?id=U7CMcGV6LYM,"A Simple, Yet Effective Approach to Finding Biases in Code Generation",Code generation; Natural Language Processing; Reasoning; Biases,Code generation models suffer from biases that we can expose with simple tricks,"Recently, scores of high-performing code generation systems have surfaced. Like most natural language tasks, code generation is approached using large language models as a core, trained under the masked or causal language modeling schema. 
This work shows that current code generation systems exhibit biases inherited from large language model backbones, which might leak into generated code under specific circumstances.
To investigate the effect, we propose a framework that automatically removes hints and exposes various biases that these code generation models use. We apply our framework to three coding challenges and test it across top-performing coding generation models. Our experiments reveal biases towards specific prompt structure and exploitation of keywords during code generation. Finally, we demonstrate how to use our framework as a data transformation technique, which we find a promising direction toward more robust code generation.",None
https://openreview.net/forum?id=SdBfRJE9SX-,What Does Vision Supervision Bring to Language Models? A Case Study of CLIP,Contrastive Language-Image Pre-training; Vision-and-Language; Knowledge Probing,None,"Vision-language~(V+L) pre-training has shown promising performance in cross-modal tasks such as image-text retrieval and image captioning. On the other hand, these models surprisingly perform worse than text-only models (e.g., BERT) on widely-used text-only understanding tasks. The conflicting results naturally raise a question: What does vision supervision bring to language models? 
In this paper, we investigate this under-explored problem with one representative cross-modal model CLIP.
We compare the text encoder of CLIP and widely-used text-only models on a wide range of tasks. We design a suite of evaluation tasks across three perception aspects, including the linguistic world featuring syntactic knowledge~(e.g., dependency labeling), the visual world examining visual-related commonsense knowledge (e.g., color), and the embodied world featuring physical-related commonsense knowledge (e.g., mass). Experiments demonstrate that text-only models are not always better than CLIP on these perception tasks. 
Although the text encoder of CLIP falls far behind text-only models in linguistic-related tasks, CLIP achieves better zero-shot results in visual and embodied worlds with only $0.3\%$ parameters compared to OPT-175B (one of the largest text-only models). This proves that CLIP can empower text encoders to learn rich visual and embodied knowledge through vision-text pre-training. Furthermore, qualitative studies show that CLIP pre-training yet restricts the text encoder from learning fine-grained semantics, like understanding ambiguous texts. These results shed light on future directions to improve V+L pre-training.",None
https://openreview.net/forum?id=ApV_xBR9UUC,ML-ViG: Multi-Label Image Recognition with Vision Graph Convolutional Network,Multi-Label Image Recognition; Graph Convolutional Network,The first fully graph convolutional model for the task of multi-label image recognition.,"Multi-Label Image Recognition (MLIR) aims to predict multiple object labels in a single image. Graph representations have been used to model label correlation or visual relationships separately. However, the representations of label embeddings and visual features are not well aligned, which hinders effective representation learning and leads to inferior performance. In this work, we propose the first fully graph convolutional model, termed Multi-Label Vision Graph Convolutional Network (ML-ViG), for the task of MLIR. ML-ViG unifies the representation of visual features and label embeddings, enabling the graph structures to capture the (1) spatial relationship among visual region features, (2) semantic relationship among object labels, and (3) cross-level relationship between labels and regions. In order to effectively pass messages between visual features and labels, Multi-Label Graph Convolutional Network (MLG) module is proposed. 
ML-ViG achieves state-of-the-art performance with significantly lower computational costs on MS-COCO, VOC2007, and VG-500 datasets. Codes and models will be released.",None
https://openreview.net/forum?id=BcmrpOpUGN2,Warped Convolutional Networks: Bridge Homography to $\mathfrak{sl}(3)$ algebra by Group Convolution,SL(3); Homography Learning; Lie algebra; Equivariance; Group Equivariant Architecture,We propose a Warped Convolution Networks to effectively learn the homography on $\mathfrak{sl}(3)$ algebra with group convolution.,"Homography has an essential relationship with the special linear group and the embedding Lie algebra structure. Although the Lie algebra representation is elegant, few researchers have established the connection between homography and algebra expression in neural networks. In this paper, we propose Warped Convolution Networks (WCN) to effectively learn and represent the homography by $SL(3)$ group and $\mathfrak{sl}(3)$ algebra with group convolution. To this end, six commutative subgroups within the $SL(3)$ group are composed to form a homography. For each subgroup, a warping function is proposed to bridge the Lie algebra structure to its corresponding parameters in homography. By taking advantage of the warped convolution, homography learning is formulated into several simple pseudo-translation regressions. By walking along the Lie topology, our proposed WCN is able to learn the features that are invariant to homography. Moreover, it can be easily plugged into other popular CNN-based methods. Extensive experiments on the POT benchmark, S-COCO-Proj, and MNIST-Proj dataset show that our proposed method is effective for planar object tracking, homography estimation, and classification.",None
https://openreview.net/forum?id=ApNK_ApJoec,Disentangling Writer and Character Styles for Handwriting Generation,None,None,"Training machines for synthesizing diverse handwritings is an intriguing task. Recently, some RNN-based methods are proposed to generate stylized online Chinese characters. But these methods mainly focus on learning a person’s overall writing style and hence neglect the detailed style inconsistencies between characters from the same writer. For example, one person’s handwritings always appear an overall uniformity (e.g., character slant and aspect ratios) but there are still small style differences between local regions (e.g., stroke length and curvature) of characters. Motivated by this, in this paper, we propose to disentangle the style representations at both writer and character levels from individual handwritings. Specifically, we propose the style-disentangled transformer (SDT), equipped with two complementary contrastive objectives, to extract the overall writer-wise and detailed character-wise style representations, respectively, which boosts the generation quality of online handwritings. Extensive experiments on various language scripts verify the superiority of SDT. Particularly, we empirically find that the two learned style representations provide information with different frequency magnitudes, which demonstrates the necessity of separate style extraction.",None
https://openreview.net/forum?id=aBFFLGhi381,Deep Leakage from Model in Federated Learning,Federated learning; model leakage; data security,None,"Distributed machine learning has been widely used in recent years to tackle large and complex dataset problems. Therewith, the security of distributed learning has also drawn increasing attention from both academia and industry. In this context, federated learning (FL) was developed as a “secure” distributed learning by maintaining private training data locally and only public model gradients are communicated between. However, to date, a variety of gradient leakage attacks have been proposed for this procedure and prove that it is insecure. For instance, a common drawback of these attacks is shared: {they require} too much auxiliary information such as model weights, optimizers, and some hyperparameters (e.g., learning rate), which are difficult to obtain in real situations. Moreover, many existing algorithms avoid transmitting model gradients in FL and turn to sending model weights, such as FedAvg, but few people consider its security breach. In this paper, we present two novel frameworks to demonstrate that transmitting model weights is also likely to leak private local data of clients, i.e., (DLM and DLM+), under the FL scenario. In addition, a variety of experiments are performed to illustrate the effect and generality of our attack frameworks. At the end of this paper, we also introduce two defenses to the proposed attacks and evaluate their protective effects. Comprehensively, the proposed attack and defense schemes can be applied to the generally distributed learning scenario as well, just with some appropriate customization.",None
https://openreview.net/forum?id=rWW2WAGjfOi,learning hierarchical multi-agent cooperation with long short-term intention,hierarchical multi-agent reinforcement learning; intention; communication; attention; behavior inference,This paper proposes a new hierarchical multi-agent cooperation framework which leverages long short-term intention to improve agents' coordination,"Communication is a significant method to relieve partial observable and non-stationary problems in Multi-Agent System. However, most of existing work needs to persistently communicate by exchanging partial observation or latent embeddings (intention) which is unrealistic in real-world settings. To overcome this problem, we propose learning hierarchical multi-agent cooperation with long short-term intention (HLSI), a hierarchical multi-agent cooperation framework. In our work, each agent communicates by sharing high-level policy's latent embeddings (long-term intention) which keeps contant until macro action change. To make the communication messages contain more useful content, we maximize mutual information between agent's macro action and agent's future trajectory conditioned on historical trajectory.  Agent integrates these messages through the attention mechanism. Then, long short-term intention fusion module will fuse the long-term intention received from other agents and short-term intention inferred by a behaivor inference network to approximate other agents' real short-term intention, which helps agent better understand others' next behavior. We provide comprehensive evaluation and ablations studies in multi-agent cooperative settings. The results show that our method achieves better performance than other multi-agent communication and hierarchical multi-agent reinforcement learning baselines.",None
https://openreview.net/forum?id=n9iRY8XFfXW,FEAT: A general framework for Feature-aware Multivariate Time-series Representation Learning ,multivariate time-series; representation learning; self-supervised learning; contrastive learning; gating; reconstruction,A self-supervised framework for learning feature-aware multivariate time-series representation,"Multivariate time-series is complex and uncertain. The overall temporal patterns change dynamically over time, and each feature is often observed to have a unique pattern. Therefore, it is challenging to model a framework that can flexibly learn dynamically changing temporal patterns as well as feature-specific unique patterns simultaneously. We propose a general framework for FEature-Aware multivariate Time-series representation learning, called FEAT. Unlike previous methods that only focus on training the overall temporal dependencies, we focus on training feature-agnostic as well as feature-specific patterns in a data-driven manner. Specifically, we introduce a feature-wise encoder to explicitly model the feature-specific information and design an element-wise gating layer that learns the influence of feature-specific patterns per dataset in general. FEAT outperforms the benchmark models in average accuracy on 29 UEA multivariate classification datasets and in MSE and MAE on four multivariate forecasting datasets.",None
