urls,titles,keywords,tldrs,abstracts,one_sentence_summ
https://openreview.net/forum?id=arg1dQSS6Mh,Attribute Alignment and Enhancement for Generalized Zero-Shot Learning,zero-shot learning; image classification; attribute alignment; graph neural network; attention network,None,"Generalized zero-shot learning (GZSL) aims to recognize both seen and unseen classes, which challenges the generalization ability of a model. In this paper, we propose a novel approach to fully utilize attributes information, referred to as attribute alignment and enhancement (A3E) network. It contains two modules. First, attribute localization (AL) module utilizes the supervision of class attribute vectors to guide visual localization for attributes through the implicit localization capability within the feature extractor, and the visual features corresponding to the attributes (attribute-visual features) are obtained. Second, enhanced attribute scoring (EAS) module employs the supervision of the attribute word vectors (attribute semantics) to project input attribute visual features to attribute semantic space using Graph Attention Network (GAT). Based on the constructed attribute relation graph (ARG), EAS module generates enhanced representation of attributes. Experiments on standard datasets demonstrate that the enhanced attribute representation greatly improves the classification performance, which helps A3E to achieve state-of-the-art performances in both ZSL and GZSL tasks.",None
https://openreview.net/forum?id=jotL-ImpbF,A Hierarchical Hyper-rectangle Mass Model for Fine-grained Entity Typing,entity typing; hierarchical classification; hRMM; geometric embedding,None,"Fine-grained entity typing is the task of detecting types of entities inside a given language text. Entity typing models typically transform entities into vectors in high-dimensional space, hyperbolic space, or add additional context information. However, such spaces or feature transformations are not compatible with modeling types' inter-dependencies and diverse scenarios. We study the ability of the hierarchical hyper-rectangle mass model(hRMM), which represents mentions and types into hyper-rectangle mass(hRM) and thus captures the relationships of ontology into a geometric mass view. Natural language contexts are fed into the encoder and then projected to hyper-rectangle mass embedding(hRME). We find that hRM perfectly depicts features of mentions and types. With further research in hypervolume indicators and adaptive thresholds, performance achieves additional improvement. Experiments show that our approach achieves better performance on several entity typing benchmarks and attains state-of-the-art results on two benchmark datasets.",None
https://openreview.net/forum?id=9AuIMiZhkL2,Ti-MAE: Self-Supervised Masked Time Series Autoencoders,Time-Series; Autoencoders; Representation Learning; Self-Supervised Learning,Self-Supervised Masked Time Series Autoencoders for time series forecasting and classification,"Multivariate Time Series forecasting has been an increasingly popular topic in various applications and scenarios. Recently, contrastive learning and Transformer-based models have achieved good performance in many long-term series forecasting tasks. However, there are still several issues in existing methods. First, the training paradigm of contrastive learning and downstream prediction tasks are inconsistent, leading the accuracy of prediction not good enough. Second, existing Transformer-based models which learn similar patterns in historical time series data to predict future values always induces severe distribution shift problems, and does not fully leverage the sequence information compared to self-supervised methods. To address these issues, we propose a novel framework named Ti-MAE, in which the input time series are assumed to follow an integrate distribution. In detail, Ti-MAE randomly masks out embedded time series data and learns an autoencoder to reconstruct them at the point-level. Ti-MAE adopts mask modeling as the auxiliary task rather than contrastive learning and bridges the connection between existing representation learning and generative Transformer-based methods, reducing the difference between upstream and downstream forecasting tasks while maintaining the utilization of original time series data. Experiments on several public real-world datasets demonstrate that our framework of masked autoencoding could learn strong representations directly from the raw data, yielding better performance in time series forecasting and classification tasks. The code will be made public after this paper is accepted.",None
https://openreview.net/forum?id=NhR0jUSuelq,Improving Model Consistency of Decentralized Federated Learning via Sharpness Aware Minimization and Multiple Gossip Approaches,None,None,"To mitigate the privacy leakages and reduce the communication burden of Federated Learning (FL), decentralized FL (DFL) discards the central server and each client only communicates with its neighbors in the decentralized communication network. However, existing DFL algorithms tend to feature high inconsistency among local models, which results in severe distribution shifts across clients and inferior performance compared with centralized FL (CFL), especially on heterogeneous data or with sparse connectivity of communication topology.
To alleviate this challenge, we propose two DFL algorithms named DFedSAM and DFedSAM-MGS to improve the performance.
Specifically, DFedSAM leverages gradient perturbation to generate local flatness models via Sharpness Aware Minimization (SAM), which searches for model parameters with uniformly low loss function values. 
In addition, DFedSAM-MGS further boosts DFedSAM by adopting the technique of Multiple Gossip Steps (MGS) for a better model consistency, which accelerates the aggregation of local flatness models and better balances the communication complexity and learning performance.
In the theoretical perspective, we present the improved convergence rates $\small \mathcal{O}\big(\frac{1}{T}+\frac{1}{T^2(1-\lambda)^2}\big)$ and $\small \mathcal{O}\big(\frac{1}{T}+\frac{\lambda^Q+1}{T^2(1-\lambda^Q)^2}\big)$ in the stochastic non-convex setting for DFedSAM and DFedSAM-MGS, respectively, where $1-\lambda$ is the spectral gap of the gossip matrix $W$ and $Q$ is the gossip steps in MGS. Meanwhile, we empirically confirm that our methods can achieve competitive performance compared with CFL baselines and outperform existing DFL baselines.",None
https://openreview.net/forum?id=u9sFrzSBRK8,Learning Combinatorial Node Labeling Algorithms,graph learning; reinforcement learning; combinatorial optimization,We present the combinatorial node labeling framework and an accompanying neural network architecture to solve hard graph optimization problems.,"We present the combinatorial node labeling framework, which generalizes many prior approaches to solving hard graph optimization problems by supporting problems where solutions consist of arbitrarily many node labels, such as graph coloring. We then introduce a neural network architecture to implement this framework. Our architecture builds on a graph attention network with several inductive biases to improve solution quality and is trained using policy gradient reinforcement learning. We demonstrate our approach on both graph coloring and minimum vertex cover. Our learned heuristics match or outperform classical hand-crafted greedy heuristics and machine learning approaches while taking only seconds on large graphs. We conduct a detailed analysis of the learned heuristics and architecture choices and show that they successfully adapt to different graph structures.",None
https://openreview.net/forum?id=WyXH_H0Pdtv,DEEP ACCURATE SOLVER FOR THE GEODESIC PROBLEM,Geodesic distance; Geometric Deep learning.,Deep Local solver for approximating geodesic distances on manifolds.,"A high order accurate deep learning method for computing geodesic distances on surfaces is introduced. The proposed method exploits a dynamic programming principle which lends itself to a scheme with quasi-linear computational complexity. We consider two main components for computing distances on surfaces; A numerical solver that locally approximates the distance function and an efficient causal ordering scheme by which points are updated. The quality of the distance approximation is determined by the local solver and is the main focus of this paper. A common approach to compute distances on continuous surfaces is by considering a discretized polygonal mesh approximating the surface, and estimating distances on the polygon. With such an approximation, the exact geodesic distances restricted to the polygon are at most second order accurate with respect to the distances on the corresponding continuous surface. Here, by order of accuracy we refer to the rate of convergence as a function of the average distance between sampled points. To improve the rate of convergence, we consider a neural network based local solver which implicitly approximates the structure of the continuous surface. The proposed solver circumvents the polyhedral representation, by directly consuming sampled mesh vertices for approximation of distances on the sampled continuous surfaces. We provide numerical evidence that the proposed update scheme, with appropriate local numerical support, provides better accuracy compared to the best possible polyhedral approximations and previous learning based methods. We introduce a trained solver which is third order accurate, with quasi-linear complexity in the number of sampled points.",None
https://openreview.net/forum?id=9_pgtXEB652,PBFormer: Capturing Complex Scene Text Shape with Polynomial Band Transformer,Complex Shape Text Detection; Text Representation; Transformer; Computer Vision; Application,"This paper presents PBFormer, an efficient yet powerful scene text detector that unifies the transformer with a novel text shape representation, Polynomial  Band, which performs well for complex shape or crowded texts.","We present PBFormer, an efficient yet powerful scene text detector that unifies the transformer with a novel text shape representation Polynomial  Band (PB).  The representation has four polynomial curves to fit a text's top, bottom, left, and right sides, which can capture a text with a complex shape by varying polynomial coefficients.  PB has appealing features compared with conventional representations: 1)  It can model different curvatures with a fixed number of parameters, while polygon-points-based methods need to utilize a different number of points.  2) It can distinguish adjacent or overlapping texts as they have apparent different curve coefficients, while segmentation-based methods suffer from adhesive spatial positions. PBFormer combines the PB with the transformer, which can directly generate smooth text contours sampled from predicted curves without interpolation.  To leverage the advantage of PB,  PBFormer has a parameter-free cross-scale pixel attention module.  The module can enlarge text features and suppress irrelevant areas to benefit from detecting texts with diverse scale variations.  Furthermore, PBFormer is trained with a shape-contained loss, which not only enforces the piecewise alignment between the ground truth and the predicted curves but also makes curves' position and shapes consistent with each other.  Without bells and whistles about text pre-training, our method is superior to the previous state-of-the-art text detectors on the arbitrary-shaped CTW1500 and Total-Text datasets. Codes will be public.",None
https://openreview.net/forum?id=fKuGCzLoje,Towards A Unified Policy Abstraction Theory and Representation Learning Approach in Markov Decision Processes,None,None,"Lying on the heart of intelligent decision-making systems, how policy is represented and optimized is a fundamental problem. The root challenge in this problem is the large scale and the high complexity of policy space, which exacerbates the difficulty of policy learning especially in real-world scenarios. Towards a desirable surrogate policy space, recently policy representation in a low-dimensional latent space has shown its potential in improving both the evaluation and optimization of policy. The key question involved in these studies is by what criterion we should abstract the policy space for desired compression and generalization. However, both the theory on policy abstraction and the methodology on policy representation learning are less studied in the literature. In this work, we make very first efforts to fill up the vacancy. First, we propose a unified policy abstraction theory, containing three types of policy abstraction associated to policy features at different levels. Then, we generalize them to three policy metrics that quantify the distance (i.e., similarity) of policies, for more convenient use in learning policy representation. Further, we propose a policy representation learning approach based on deep metric learning.  For the empirical study, we investigate the efficacy of the proposed policy metrics and representations, in characterizing policy difference and conveying policy generalization respectively. Our experiments are conducted in both policy optimization and evaluation problems, containing trust-region policy optimization (TRPO), diversity-guided evolution strategy (DGES) and off-policy evaluation (OPE). Somewhat naturally, the experimental results indicate that there is no a universally optimal abstraction for all downstream learning problems; while the influence-irrelevance policy abstraction can be a generally preferred choice.",None
https://openreview.net/forum?id=1-B8dz847_,Pairwise Confidence Difference on Unlabeled Data is Sufficient for Binary Classification,Weakly supervised learning; binary classification; unbiased risk estimator,"The difference of confidence labels on unlabeled data pairs, as a novel type of weak supervision, is sufficient to train binary classifiers with theoretical guarantees.","Learning with confidence labels is an emerging weakly supervised learning paradigm, where training data are equipped with confidence labels instead of exact labels. Positive-confidence (Pconf) classification is a typical learning problem in this context, where we are given only positive data equipped with confidence. However, pointwise confidence may not be accessible in real-world scenarios. In this paper, we dive into a novel weakly supervised learning problem called confidence-difference (ConfDiff) classification. Instead of pointwise confidence, we are given only unlabeled data pairs equipped with confidence difference specifying the difference in the probabilities of being positive. An unbiased risk estimator is derived to tackle the problem, and we show that the estimation error bound achieves the optimal convergence rate. Extensive experiments on benchmark data sets validate the effectiveness of our proposed approaches in leveraging the supervision information of the confidence difference.",None
https://openreview.net/forum?id=4JoV9g5R1M,Emergent Communication with Attention,emergent communication; attention mechanism; compositionality; interpretability,We study emergent language from attention agents with the referential game showing that their language is more compositional and interpretable.,"To develop computational agents that can better communicate with others using their own emergent language, we endow the agents with an ability to focus their attention on particular concepts in the environment. Humans often understand a thing or scene as a composite of concepts and those concepts are further mapped onto words. We implement this intuition as attention mechanisms in Speaker and Listener agents in a referential game and show attention leads to more compositional and interpretable emergent language. We also demonstrate how attention helps us understand the learned communication protocol by investigating the attention weights associated with each message symbol and the alignment of attention weights between Speaker and Listener agents. Overall, our results suggest that attention is a promising mechanism for developing more human-like emergent language.",None
https://openreview.net/forum?id=v61jhmI2zz,Discovering Bugs in Vision Models using Off-the-shelf Image Generation and Captioning,robustness; failure discovery,This work demonstrates the utility of large-scale generative models to automatically discover bugs in vision models in an open-ended manner.,"Automatically discovering failures in vision models under real-world settings remains an open challenge. This work shows how off-the-shelf, large-scale, image-to-text and text-to-image models, trained on vast amounts of data, can be leveraged to automatically find such failures. In essence, a conditional text-to-image generative model is used to generate large amounts of synthetic, yet realistic, inputs given a ground-truth label. A captioning model is used to describe misclassified inputs. Descriptions are used in turn to generate more inputs, thereby assessing whether specific descriptions induce more failures than expected. As failures are grounded to natural language, we automatically obtain a high-level, human-interpretable explanation of each failure. We use this pipeline to demonstrate that we can effectively interrogate classifiers trained on ImageNet to find specific failure cases and discover spurious correlations. We also show that we can scale the approach to generate adversarial datasets targeting specific classifier architectures. This work demonstrates the utility of large-scale generative models to automatically discover bugs in vision models in an open-ended manner. We also describe a number of limitations and pitfalls related to this approach.",None
https://openreview.net/forum?id=zaEiQ2dgLv,MetaFS: An Effective Wrapper Feature Selection via Meta Learning,Meta Learning; feature selection,We propose a meta-learning-based wrapper feature selection framewrok that doesn't require re-training plenty of models to evaluate different subsets.,"Feature selection is of great importance and applies in lots of fields, such as medical and commercial. Wrapper methods, directly comparing the performance of different feature combinations, are widely used in real-world applications. However, selecting effective features meets the following two main challenges: 1) feature combinations are distributed in a huge discrete space; and 2) efficient and precise combinations evaluation is hard. To tackle these challenges, we propose a novel deep meta-learning-based feature selection framework, termed MetaFS, containing a Feature Subset Sampler (FSS) and a Meta Feature Estimator (MetaFE), which transforms the discrete search space into continuous and adopts meta-learning technique for effective feature selection. Specifically, FSS parameterizes the distribution of discrete search space and applies gradient-based methods to optimize. MetaFE learns the representations of different feature combinations, and dynamically generates unique models without retraining for efficient and precise combination evaluation. We adopt a bi-level optimization strategy to optimize the MetaFS. After optimization, we evaluate multiple feature combinations sampled from the converged distribution (i.e., the condensed search space) and select the optimal one. Finally, we conduct extensive experiments on two datasets, illustrating the superiority of MetaFS over 7 state-of-the-art methods.",None
https://openreview.net/forum?id=F5uYcwABMu,"Same Pre-training Loss, Better Downstream: Implicit Bias Matters for Language Models",Language Modeling; Implicit Bias,We study the role of implicit bias in language modeling,"Language modeling on large-scale datasets leads to impressive performance gains on various downstream language tasks.  The (validation) pre-training loss (or perplexity in autoregressive language modeling) is often used as the evaluation metric when developing language models since the pre-training loss tends to be well-correlated with downstream performance (which is itself difficult to evaluate comprehensively). Contrary to this conventional wisdom, this paper shows that 1) pre-training loss cannot fully explain downstream performance and 2) flatness of the model is well-correlated with downstream performance where pre-training loss is not. On simplified datasets, we identify three ways to produce models with the same (statistically optimal) pre-training loss but different downstream performance: continue pre-training after convergence, increasing the model size, and changing the training algorithm.  These experiments demonstrate the existence of implicit bias of pre-training algorithms/optimizers---among models with the same minimal pre-training loss, they implicitly prefer more transferable ones. Toward understanding this implicit bias, we prove that SGD with standard mini-batch noise implicitly prefers flatter minima in language models, and empirically observe a strong correlation between flatness and downstream performance among models with the same minimal pre-training loss. We also prove in a synthetic language setting that among the models with the minimal pre-training loss, the flattest model transfers to downstream tasks.",None
https://openreview.net/forum?id=-XC_lMynIT,Signal to Sequence Attention-Based Multiple Instance Network for Segmentation Free Inference of RNA Modifications,Multiple Instance Learning; Deep Learning; RNA Modification; Computational Biology,None,"Direct RNA sequencing technology works by allowing long RNA molecules to pass through tiny pores, generating electrical current, called squiggle, that are interpreted as a series of RNA nucleotides through the use of Deep Learning algorithms. The platform has also facilitated computational detection of RNA modifications via machine learning and statistical approaches as they cause detectable shift in the current generated as the modified nucleotides pass through the pores. Nevertheless, since modifications only occur in a handful of positions along the molecules, existing techniques require segmentation of the long squiggle in order to filter off irrelevant signals and this step produces large computational and storage overhead. Inspired by the recent work in vector similarity search, we introduce a segmentation-free approach by utilizing scaled-dot product attention to perform implicit segmentation and feature extraction of raw signals that correspond to sites of interest. We further demonstrate the feasibility of our approach by achieving significant speedup while maintaining competitive performance in m6A detection against existing state-of-the-art methods.",None
https://openreview.net/forum?id=cwf7nnoK5o,Interval-based Offline Policy Evaluation without Sufficient Exploration or Realizability,Offline policy evaluation; marginal importance sampling; offline reinforcement learning,"We characterize the minimax bias of OPE caused by the insufficiency of exploration and the lack of (strong) realizability, and propose a new estimator achieving it.","We study the problem of offline policy evaluation (OPE),
where the goal is to estimate the value of given decision-making policy without interacting with the actual environment.
In particular, we consider the interval-based OPE, where the output is an interval rather than a point, indicating the uncertainty of the evaluation.
The interval-based estimation is especially important in OPE since, 
when the data coverage is insufficient relative to the complexity of the environmental model,
any OPE method can be biased even with infinite sample size.
In this paper, we characterize the worst case of such irreducible bias, called the *minimax bias*, in terms of the discrepancy between the target policy and the data-sampling distribution,
and show that the marginal-importance-sampling (MIS) estimator achieves the minimax bias with an appropriate importance-weight function.
Motivated with this result, we then propose a new interval-based MIS estimator that asymptotically achieves the minimax bias.",None
https://openreview.net/forum?id=WFBksaezAs,Multi-Prompt Alignment for Multi-source Unsupervised Domain Adaptation,None,None,"Most existing methods for multi-source unsupervised domain adaptation (UDA) rely on a common feature encoder to extract domain-invariant features. However, learning such an encoder involves updating the parameters of the entire network, which makes the optimization computationally expensive, particularly when coupled with min-max objectives. Inspired by recent advances in prompt learning that adapts high-capacity deep models for downstream tasks in a computationally economic way, we introduce Multi-Prompt Alignment (MPA), a simple yet efficient two-stage framework for multi-source UDA. Given a source and target domain pair, MPA first trains an individual prompt to minimize the domain gap through a contrastive loss, while tuning only a small set of parameters. Then, MPA derives a low-dimensional latent space through an auto-encoding process that maximizes the agreement of multiple learned prompts. The resulting embedding further facilitates generalization to unseen domains. Extensive experiments show that our method achieves state-of-the-art results on popular benchmark datasets while requiring substantially fewer tunable parameters. To the best of our knowledge, we are the first to apply prompt learning to the multi-source UDA problem and our method achieves the highest reported average accuracy of 54.1% on DomainNet, the most challenging UDA dataset to date, with only 15.9M parameters trained. More importantly, we demonstrate that the learned embedding space can be easily adapted to novel unseen domains.",None
https://openreview.net/forum?id=rPqxwpEm7M,Dense Correlation Fields for Motion Modeling in Action Recognition,Action recognition; Motion modeling; Video understanding,"In this paper, we present Dense Correlation Fields (DCF) which build up dense visual correlation volumes that preserves both fine local information provided in the lower layer and the high-level semantic information from the deeper layer.","The challenge of action recognition is to capture reasoning motion information. Compared to spatial convolution for appearance, the temporal component provides an additional (and important) clue for motion modeling, as a number of actions can be reliably recognized based on the motion information. In this paper, we present an effective and interpretable module, Dense Correlation Fields (DCF), which builds up dense visual correlation volumes at the feature level to model different motion patterns explicitly. To achieve this goal, we rely on a spatially hierarchical architecture that preserves both fine local information provided in the lower layer and the high-level semantic information from the deeper layer. Our method fuses spatial hierarchical correlation and temporal long-term correlation, which is better suited for small objects and large displacements. This module is extensible and can be plugged into many backbone architectures to accurately predict object interactions in the video. DCF shows consistent improvements over 2D CNNs and 3D CNNs baseline networks with 3.7% and 3.0% gains respectively on the standard video action benchmark of SSV1.",None
https://openreview.net/forum?id=kzqRIEHBgH,What's Behind the Mask: Estimating Uncertainty in Image-to-Image Problems,uncertainty estimation; image-to-image,"We show how to estimate uncertainty in image-to-image problems by computing a mask such that the distance between the masked reconstructed image and the masked true image is guaranteed to be less than a specified threshold, with high  probability.","Estimating uncertainty in image-to-image networks is an important task, particularly as such networks are being increasingly deployed in the biological and medical imaging realms.  In this paper, we introduce a new approach to this problem based on masking.  Given an existing image-to-image network, our approach computes a mask such that the distance between the masked reconstructed image and the masked true image is guaranteed to be less than a specified threshold, with high probability.  The mask thus identifies the more certain regions of the reconstructed image.  Our approach is agnostic to the underlying image-to-image network, and only requires triples of the input (degraded), reconstructed and true images for training.  Furthermore, our method is agnostic to the distance metric used.  As a result, one can use $L_p$-style distances or perceptual distances like LPIPS, which contrasts with interval-based approaches to uncertainty.  Our theoretical guarantees derive from a conformal calibration procedure.  We evaluate our mask-based approach to uncertainty on image colorization, image completion, and super-resolution tasks, demonstrating high quality performance on each.",None
https://openreview.net/forum?id=4RwkbKZhGV,A Time-Consistency Curriculum for Learning from Instance-Dependent Noisy Labels,None,None,"Many machine learning algorithms are known to be fragile on simple instance-independent noisy labels. However, noisy labels in real-world data are more devastating since they are produced by more complicated mechanisms in an instance-dependent manner. In this paper, we target this practical challenge of  \textit{Instance-Dependent Noisy Labels} by jointly training 
(1) a model reversely engineering the noise generating mechanism, which produces an \textit{instance-dependent mapping} between the clean label posterior and the observed noisy label; and (2) a robust classifier that produces clean label posteriors. Compared to previous methods, the former model is novel and enables end-to-end learning of the latter directly from noisy labels. An extensive empirical study indicates that the time-consistency of data is critical to the success of training both models and motivates us to develop a curriculum selecting training data based on their dynamics on the two models' outputs over the course of training. We show that the curriculum-selected data provide both clean labels and high-quality input-output pairs for training the two models. Therefore, it leads to promising and robust classification performance even in notably challenging settings of instance-dependent noisy labels where many SoTA methods could easily fail. Extensive experimental comparisons and ablation studies further demonstrate the advantages and significance of the time-consistency curriculum in learning from instance-dependent noisy labels on multiple benchmark datasets.",None
https://openreview.net/forum?id=3vOtC1t1kF,Efficient Personalized Federated Learning via Sparse Model-Adaptation,Efficient Federated Learning; Personalization; Sparse Model-Adaptation,"We propose an efficient personalized FL method with theoretical analysis, which adaptively learns sparse local models, and achieves SOTA accuracy and efficiency simultaneously.","Federated Learning (FL) aims to train machine learning models for multiple clients without sharing their own private data. Due to the heterogeneity of clients' local data distribution, recent studies explore the personalized FL that learns and deploys distinct local models with the help of auxiliary global models. However, the clients can be heterogeneous in terms of not only local data distribution, but also their computation and communication resources. The capacity and efficiency of personalized models are restricted by the lowest-resource clients, leading to sub-optimal performance and limited practicality of personalized FL. To overcome these challenges, we propose a novel approach named pFedGate for efficient personalized FL by adaptively and efficiently learning sparse local models. With a lightweight trainable gating layer, pFedGate enables clients to reach their full potential in model capacity by generating different sparse models accounting for both the heterogeneous data distributions and resource constraints. Meanwhile, the computation and communication efficiency are both improved thanks to the adaptability between the model sparsity and clients' resources. Further, we theoretically show that the proposed pFedGate has superior complexity with guaranteed convergence and generalization error. Extensive experiments show that pFedGate achieves superior global accuracy, individual accuracy and efficiency simultaneously over state-of-the-art methods, by up to 4.53\% accuracy improvement and 12x smaller model size. We also demonstrate that pFedGate performs better than competitors in the novel clients participation and partial clients participation scenarios, and can learn meaningful sparse local models adapted to different data distributions.",None
https://openreview.net/forum?id=3eQEil044E,Momentum Tracking: Momentum Acceleration for Decentralized Deep Learning on Heterogeneous Data,Decentralized Optimization; Non-Convex Stochastic Optimization; Momentum Acceleration,"In this work, we propose Momentum Tracking, which is the method with momentum acceleration whose convergence rate is proved to be independent of the data-heterogeneity.","SGD with momentum acceleration is one of the key components for improving the performance of neural networks. For decentralized learning, a straightforward approach using momentum acceleration is Distributed SGD (DSGD) with momentum acceleration (DSGDm). However, DSGDm performs worse than DSGD when the data distributions are statistically heterogeneous. Recently, several studies have addressed this issue and proposed methods with momentum acceleration that are more robust to data heterogeneity than DSGDm, although their convergence rates remain dependent on data heterogeneity and decrease when the data distributions are heterogeneous. In this study, we propose Momentum Tracking, which is a method with momentum acceleration whose convergence rate is proven to be independent of data heterogeneity. More specifically, we analyze the convergence rate of Momentum Tracking in the standard deep learning setting, where the objective function is non-convex and the stochastic gradient is used. Then, we identify that it is independent of data heterogeneity for any momentum coefficient $\beta \in [0, 1)$. Through image classification tasks, we demonstrate that Momentum Tracking is more robust to data heterogeneity than the existing decentralized learning methods with momentum acceleration and can consistently outperform these existing methods when the data distributions are heterogeneous.",None
https://openreview.net/forum?id=yCtxVkTaXg,Deep Graph-Level Orthogonal Hypersphere Compression for Anomaly Detection,Unsupervised learning,A deep orthogonal graph-level anomaly detection method and its improvement.,"Graph-level anomaly detection aims to identify abnormal samples of a set of graphs in an unsupervised manner. It is non-trivial to find a reasonable decision boundary between normal data and anomalous data without using any anomalous data in the training stage, especially for data in graphs. This paper first proposes a novel deep graph-level anomaly detection model, which learns the graph representation with maximum mutual information between substructure features and global structure features while exploring a hypersphere anomaly decision boundary. The deep orthogonal projection layer is adopted to keep the training data distribution consistent with the decision hypersphere thus avoiding erroneous evaluations. We further propose projecting the normal data into the interval region between two co-centered hyperspheres, which makes the normal data distribution more compact and effectively overcomes the issue of outliers falling close to the center of the hypersphere. The numerical and visualization results on a few graph datasets demonstrate the effectiveness and superiority of our methods in comparison to many baselines and state-of-the-art.",None
https://openreview.net/forum?id=tF_iDkYA_Z5,Gradient Deconfliction via Orthogonal Projections onto Subspaces For Multi-task Learning,multi-task learning; deep learning,"We propose a multi-task learning method which not only solves all conflicts among the tasks, but can also effectively search for diverse solutions towards different trade-off preferences among the tasks.","Although multi-task learning (MTL) has been a preferred approach and successfully applied in many real-world scenarios, MTL models are not guaranteed to outperform single-task models on all tasks mainly due to the negative effects of conflicting gradients among the tasks. In this paper, we fully examine the influence of conflicting gradients and further emphasize the importance and advantages of achieving non-conflicting gradients which allows simple but effective trade-off strategies among the tasks with stable performance. Base on our findings, we propose the Gradient Deconfliction via Orthogonal Projections onto Subspaces (GradOPS) spanned by other task-specific gradients. Our method not only solves all conflicts among the tasks, but can also effectively search for diverse solutions towards different trade-off preferences among the tasks. Theoretical analysis on convergence is provided, and performance of our algorithm is fully testified on multiple benchmarks in various domains. Results demonstrate that our method can effectively find multiple state-of-the-art solutions with different trade-off strategies among the tasks on multiple datasets.",None
https://openreview.net/forum?id=BGvOEUEMBzE,Pareto Optimization for Active Learning under Out-of-Distribution Data Scenarios,active learning; pareto optimization; out-of-distribution,None,"Pool-based Active Learning (AL) has achieved great success in minimizing labeling costs by sequentially selecting the most informative unlabeled samples from a large unlabeled data pool and querying their labels from oracle/annotators. However, existing AL sampling schemes might not work well under out-of-distribution (OOD) data scenarios, where the unlabeled data pool contains data samples that do not belong to the pre-defined categories of the target task. Achieving good AL performance under OOD data scenarios is a challenging task due to the natural conflict between AL sampling strategies and OOD sample detection -- both more informative in-distribution (ID) data and OOD data in unlabeled data pool may be assigned high informativeness scores (e.g., high entropy) during AL processes. In this paper, we propose a sampling scheme, Monte-Carlo Pareto Optimization for Active Learning (POAL), which selects optimal subsets of unlabeled samples with \emph{fixed batch size} from the unlabeled data pool. We cast the AL sampling task as a multi-objective optimization problem and utilize Pareto optimization based on two conflicting objectives: (1) the typical AL sampling scheme (e.g., maximum entropy), and  (2) the confidence of not being an OOD data sample. Experimental results show the effectiveness of our POAL on classical Machine Learning (ML) and Deep Learning (DL) tasks.",None
https://openreview.net/forum?id=btmflCmNxDl,Self-Consistent Learning: Cooperation between Generators and Discriminators,Cooperative Closed-loop Training; Language Modeling; Sentence Semantic Matching,"This paper presents a self-consistent learning framework with a cooperative closed-loop form, achieving new state-of-the-art results on the sentence semantic matching task on both zero-shot and full-data settings.","Using generated data to improve the performance of downstream discriminative models has recently gained popularity due to the great development of pre-trained language models. In most previous studies, generative models and discriminative models are trained separately and thus could not adapt to any changes in each other. As a result, the generated samples can easily deviate from the real data distribution, while the improvement of the discriminative model quickly reaches saturation. Generative adversarial networks (GANs) train generative models via an adversarial process with discriminative models to achieve joint training. However, the training of standard GANs is notoriously unstable and often falls short of convergence. In this paper, to address these issues, we propose a $\textit{self-consistent learning}$ framework, in which a discriminator and a generator are cooperatively trained in a closed-loop form. The discriminator and the generator enhance each other during multiple rounds of alternating training until a scoring consensus is reached. This framework proves to be easy to train and free from instabilities such as mode collapse and non-convergence. Extensive experiments on sentence semantic matching demonstrate the effectiveness of the proposed framework: the discriminator achieves 10+ AP of improvement on the zero-shot setting and new state-of-the-art performance on the full-data setting.",None
https://openreview.net/forum?id=Sc3Ylriwp4,Learning Dynamical Characteristics with Neural Operators for Data Assimilation,AI for science; data assimilation; generative models,A new deep learning framework is proposed for data assimilation issues.,"Data assimilation refers to a group of algorithms that combines numerical models with observations to obtain an optimal estimation of the system's states. In areas like earth science, numerical models are usually formulated by differential equations, also known as the prior dynamics. It is a great challenge for neural networks to properly exploit the dynamical characteristics for data assimilation, because first, it is difficult to represent complicated dynamical characteristics in neural networks, and second, the dynamics are likely to be biased. The state-of-the-art neural networks borrow from the traditional method to introduce dynamical characteristics by optimizing the 4D-Var objective function in which the dynamics are inherently quantified, but the iterative optimization process leads to high computational cost. In this paper, we develop a novel deep learning framework with neural operators for data assimilation. The key novelty of our proposed approach is that we design a so-called flow operator through self-supervised learning to explicitly learn dynamical characteristics for reconstructed states. Numerical experiments on the Lorenz-63 and Lorenz-96 systems, which are the standard benchmarks for data assimilation performance evaluation, show that the proposed method is at least three times faster than state-of-the-art neural networks, and reduces the dynamic loss by two orders of magnitude. It is also demonstrated that our method is well-adapted to biases in the prior dynamics.",None
https://openreview.net/forum?id=9KmnrUpU2DG,Lost Domain Generalization Is a Natural Consequence of Lack of Training Domains,Domain Generalization; Domain Complexity,We show a hardness result for the number of training domains required to achieve a small population error on the test domain.,"We show a hardness result for the number of training domains required to achieve a small population error in the test domain. Although many domain generalization algorithms have been developed under various domain-invariance assumptions, there is significant evidence to indicate that out-of-distribution (o.o.d.) test accuracy of state-of-the-art o.o.d. algorithms is on par with empirical risk minimization and random guess on the domain generalization benchmarks such as DomainBed. In this work, we analyze its cause and attribute the lost domain generalization to the lack of training domains. We show that, in a minimax lower bound fashion, \emph{any} learning algorithm that outputs a classifier with an $\epsilon$ excess error to the Bayes optimal classifier requires at least $\mathrm{poly}(1/\epsilon)$ number of training domains, even though the number of training data sampled from each training domain is large. Experiments on the DomainBed benchmark demonstrate that o.o.d. test accuracy is monotonically increasing as the number of training domains increases. Our result sheds light on the intrinsic hardness of domain generalization and suggests benchmarking o.o.d. algorithms by the datasets with a sufficient number of training domains.",None
https://openreview.net/forum?id=AGLG_ncNp0X,Personalized Federated Hypernetworks for Privacy Preservation in Multi-Task Reinforcement Learning,microgrid clusters; energy demand response; transactive energy control; neural networks; multi-agent reinforcement learning; reinforcement learning; multi-task learning; transfer learning; hypernetworks; federated learning; personalized federated learning; microgrids,We use hypernetworks to aggregate learning across multiple reinforcement learning agents in a microgrid energy demand response setting while preserving privacy.,"Multi-Agent Reinforcement Learning currently focuses on implementations where all data and training can be centralized to one machine. But what if local agents are split across multiple tasks, and need to keep data private between each? We develop the first application of Personalized Federated Hypernetworks (PFH) to Reinforcement Learning (RL). We then present a novel application of PFH to few-shot transfer, and demonstrate significant initial increases in learning. PFH has never been demonstrated beyond supervised learning benchmarks, so we apply PFH to an important domain: RL price-setting for energy demand response. We consider a general case across where agents are split across multiple microgrids, wherein energy consumption data must be kept private within each microgrid. Together, our work explores how the fields of personalized federated learning and RL can come together to make learning efficient across multiple tasks while keeping data secure.",None
https://openreview.net/forum?id=5iqzNK-Qeb,CBLab: Scalable Traffic Simulation with Enriched Data Supporting,Infrastructure; Traffic Policy; Traffic Simulation; Large-scale Dataset,"We present CBLab, a toolkit for scalable traffic simulation with enriched input data supporting.","Traffic simulation provides interactive data for the optimization of traffic policies. However, existing traffic simulators are limited by their lack of scalability and shortage in input data, which prevents them from generating interactive data from traffic simulation in the scenarios of real large-scale city road networks. 

In this paper, we present \textbf{C}ity \textbf{B}rain \textbf{Lab}, a toolkit for scalable traffic simulation. CBLab is consist of three components: CBEngine, CBData, and CBScenario. CBEngine is a highly efficient simulator supporting large-scale traffic simulation. CBData includes a traffic dataset with road network data of 100 cities all around the world. We also develop a pipeline to conduct a one-click transformation from raw road networks to input data of our traffic simulation. Combining CBEngine and CBData allows researchers to run scalable traffic simulations in the road network of real large-scale cities. Based on that, CBScenario implements an interactive environment and several baseline methods for two scenarios of traffic policies respectively, with which traffic policies adaptable for large-scale urban traffic can be trained and tuned. To the best of our knowledge, CBLab is the first infrastructure supporting traffic policy optimization in large-scale urban scenarios. The code is available on GitHub:~\url{https://github.com/CityBrainLab/CityBrainLab.git}.",None
https://openreview.net/forum?id=qr0EbR8lH5,Personalized Decentralized Bilevel Optimization over Stochastic and Directed Networks,decentralized stochastic gradient descent: bilevel optimization: hyper-gradient: personalization: directed network: federated learning: distributed learning: fully-decentralized,We propose a gradient-based bilevel optimization as a general approach of personalization and propose a decentralized hyper-gradient estimation altgorithm that runs on stochastic and directed communication networks.,"While personalization in distributed learning has been extensively studied, existing approaches employ dedicated algorithms to optimize their specific type of parameters (e.g., client clusters or model interpolation weights), making it difficult to simultaneously optimize different types of parameters to yield better performance.
Moreover, their algorithms require centralized or static undirected communication networks, which can be vulnerable to center-point failures or deadlocks.
This study proposes optimizing various types of parameters using a single algorithm that runs on more practical communication environments.
First, we propose a gradient-based bilevel optimization that reduces most personalization approaches to the optimization of client-wise hyperparameters.
Second, we propose a decentralized algorithm to estimate gradients with respect to the hyperparameters, which can run even on stochastic and directed communication networks.
Our empirical results demonstrated that the gradient-based bilevel optimization enabled combining existing personalization approaches which led to state-of-the-art performance, confirming it can perform on multiple simulated communication environments including a stochastic and directed network.",None
https://openreview.net/forum?id=gaIMkuIFwCG,ContextSpeech: Expressive and Efficient Text-to-Speech for Paragraph Reading,Text-to-Speech; Contextual Modeling; Efficient Transformer,"We propose ContextSpeech with memory reuse mechanism ,broaden contextual semantic information and linearized attention for paragraph reading TTS.","Although Text-to-Speech (TTS) has made rapid progress in speech quality at sentence level, it still faces a lot of challenges in paragraph / long-form reading. Synthesizing sentence by sentence in a paragraph and then concatenating them together will cause inconsistent issues that affect paragraph-level expressiveness. While directly modelling all the sentences in a paragraph will incur large computation / memory cost. In this paper, we develop a TTS system called ContextSpeech, which models the contextual information in a paragraph for coherence and expressiveness without largely increasing the computation or memory cost. On the one hand, we introduce a memory-cached recurrence mechanism to let the current sentence see more history information both on the text and speech sides. On the other hand, we construct text-based semantic information in a hierarchical structure, which can broaden the horizon and incorporate the future information. Additionally, we use a linearized self-attention with compatible relative-position encoding to reduce the computation / memory cost. Experiments show that ContextSpeech significantly improves the paragraph-level voice quality and prosody expressiveness in terms of both subjective and objective evaluation metrics. Furthermore, ContextSpeech achieves better model efficiency in both training and inference stage.",None
https://openreview.net/forum?id=e9-w5aLkZM,Learning Object Affordance with Contact and Grasp Generation,Object Affordance; Hand Grasps Generation; Conditional Variational Autoencoder; DLearning,None,"Understanding object affordance can help in designing better and more robust robotic grasping. Existing work in the computer vision community formulates the object affordance understanding as a grasping pose generation problem, which treats the problem as a black box by learning a mapping between objects and the distributions of possible grasping poses for the objects. On the other hand, in the robotics community, estimating object affordance represented by contact maps is of the most importance as localizing the positions of the possible affordance can help the planning of grasping actions. In this paper, we propose to formulate the object affordance understanding as both contacts and grasp poses generation. we factorize the learning task into two sequential stages, rather than the black-box strategy: (1) we first reason the contact maps by allowing multi-modal contact generation; (2) assuming that grasping poses are fully constrained given contact maps, we learn a one-to-one mapping from the contact maps to the grasping poses. Further, we propose a penetration-aware partial optimization from the intermediate contacts. It combines local and global optimization for the refinement of the partial poses of the generated grasps exhibiting penetration. Extensive validations on two public datasets show our method outperforms state-of-the-art methods regarding grasp generation on various metrics.",None
https://openreview.net/forum?id=6RWJe6lPbQ,Deep Graph-Level Clustering Using Pseudo-Label-Guided Mutual Information Maximization Network,Graph-level clustering; Graph representation learning; Deep learning; Unsupervised learning,None,"In this work, we study the problem of partitioning a set of graphs into different groups such that the graphs in the same group are similar while the graphs in different groups are dissimilar. This problem was rarely studied previously, although there have been a lot of work on node clustering and graph classification. The problem is challenging because it is difficult to measure the similarity or distance between graphs. One feasible approach is using graph kernels to compute a similarity matrix for the graphs and then performing spectral clustering, but the effectiveness of existing graph kernels in measuring the similarity between graphs is very limited. To solve the problem, we propose a novel method called Deep Graph-Level Clustering (DGLC). DGLC utilizes a graph isomorphism network to learn graph-level representations by maximizing the mutual information between the representations of entire graphs and substructures, under the regularization of a clustering module that ensures discriminative representations via pseudo labels. DGLC achieves graph-level representation learning and graph-level clustering in an end-to-end manner. The experimental results on six benchmark datasets of graphs show that our DGLC has state-of-the-art performance in comparison to many baselines.",None
https://openreview.net/forum?id=kcemndN1Tw,Deep Generative Model based Rate-Distortion for Image Downscaling Assessment,None,None,"In this paper, we propose a novel measure, namely Image Downscaling Assessment by Rate-Distortion (IDA-RD), to quantitatively evaluate image downscaling algorithms. In contrast to image-based methods that measure the quality of downscaled images, ours is process-based that draws ideas from the rate-distortion theory to measure the distortion incurred during downscaling. Our main idea is that downscaling and super-resolution (SR) can be viewed as the encoding and decoding processes in the rate-distortion model, respectively, and that a downscaling algorithm that preserves more details in the resulting low-resolution (LR) images should lead to less distorted high-resolution (HR) images in SR. In other words, the distortion should increase as the downscaling algorithm deteriorates. However, it is non-trivial to measure this distortion as it requires the SR algorithm to be blind and stochastic. Our key insight is that such requirements can be met by recent SR algorithms based on deep generative models that can find all matching HR images for a given LR image on their learned image manifolds. Empirically, we first validate our IDA-RD measure with synthetic downscaling algorithms which simulate distortions by adding various types and levels of degradations to the downscaled images. We then test our measure on traditional downscaling algorithms such as bicubic, bilinear, nearest neighbor interpolation as well as state-of-the-art downscaling algorithms such as DPID, L0-regularized downscaling, and Perceptual downscaling. Experimental results show the effectiveness of our IDA-RD in evaluating image downscaling algorithms.",None
https://openreview.net/forum?id=e1WfacHtbj,Selective Classifier Ensemble,selective prediction; selective classification; ensemble learning,None,"Selective classification allows a machine learning model to abstain on some hard inputs and thus improve the safety of its predictions. In this paper, we study the ensemble of selective classifiers, i.e. selective classifier ensemble, which combines several weak selective classifiers to obtain a more powerful model. We prove that under some assumptions, the ensemble has a lower selective risk than the individual model under a range of coverage. This is nontrivial since the selective risk is a non-convex function of the model prediction. The assumptions and the theoretical result are supported by systematic experiments on both computer vision and natural language processing tasks. A surprising empirical result is that a simple selective classifier ensemble, namely, the ensemble model with maximum probability as confidence, is the state-of-the-art selective classifier. For instance, on CIFAR-10, using the same VGG-16 backbone model, this ensemble reduces the AURC (Area Under Risk-Coverage Curve) by about 24%, relative to the previous state-of-the-art method.",None
https://openreview.net/forum?id=e20T84suZx,Enhancing the Transferability of Adversarial Examples via a Few Queries and Fuzzy Domain Eliminating,adversarial examples; transferability; deep neural network,"In this work, we propose a novel method called query prior-based method and the fuzzy domain eliminating technique to enhance the family of fast gradient sign methods and improve their attack transferability by using a few queries.","Due to the vulnerability of deep neural networks, the black-box attack has drawn great attention from the community. Though transferable priors decrease the query number of the black-box query attacks in recent efforts, the average number of queries is still larger than 100, which is easily affected by the number of queries limit policy. In this work, we propose a novel method called query prior-based method to enhance the attack transferability of the family of fast gradient sign methods by using a few queries. Specifically, for the untargeted attack, we find that the successful attacked adversarial examples prefer to be classified as the wrong categories with higher probability by the victim model. Therefore, the weighted augmented cross-entropy loss is proposed to reduce the gradient angle between the surrogate model and the victim model for enhancing the transferability of the adversarial examples. In addition, the fuzzy domain eliminating technique is proposed to avoid the generated adversarial examples getting stuck in the local optimum. Specifically, we define the fuzzy domain of the input example $x$ in the $\epsilon$-ball of $x$. Then, temperature scaling and fuzzy scaling are utilized to eliminate the fuzzy domain for enhancing the transferability of the generated adversarial examples. Theoretical analysis and extensive experiments demonstrate that our method could significantly improve the transferability of gradient-based adversarial attacks on CIFAR10/100 and ImageNet and outperform the black-box query attack with the same few queries.",None
https://openreview.net/forum?id=l4f-zJqY2s,Label-distribution-agnostic Ensemble Learning on Federated Long-tailed Data,fedearted learning; long-tailed learning,None,"Federated Learning (FL) is a distributed machine learning paradigm that enables devices to collaboratively train a shared model. However, the long-tailed distribution in nature deteriorates the performance of the global model, which is difficult to address due to data heterogeneity, e.g., local clients may exhibit diverse imbalanced class distributions. Moreover, existing re-balance strategies generally utilize label distribution as the class prior, which may conflict with the privacy requirement of FL. To this end, we propose a Label-Distribution-Agnostic Ensemble (LDAE) learning framework to integrate heterogeneous data distributions using multiple experts, which targets to optimize a balanced global objective under privacy protection. In particular, we derive a privacy-preserving proxy from the model updates of clients to guide the grouping and updating of multiple experts. Knowledge from clients can be aggregated via implicit interactions among different expert groups. We theoretically and experimentally demonstrate that (1) there is a global objective gap between global and local re-balance strategies\footnote{The local re-balance strategy means that each client utilizes re-balance methods based on the local label distribution, while the global re-balance strategy applies re-balance methods using global label distribution as the class-wise prior.} and (2) with protecting data privacy, the proxy can be used as an alternative to label distribution for existing class prior based re-balance strategies. Extensive experiments on long-tailed decentralized datasets demonstrate the effectiveness of our method, showing superior performance to state-of-the-art methods.",None
https://openreview.net/forum?id=XtRJsuVsLU,Benchmarking Approximate k-Nearest Neighbour Search for Big High Dimensional Dynamic Data,Nearest Neighbour Search; Similarity Search; Indexing; Knowledge retrieval; Knowledge discovery; High Dimensional Data; Big Data; Large Scale; Hashing; Graph Traversal; Product Quantisation; Online Learning; Representation Learning; Metric Learning; Robotic Vision,A novel framework for benchmarking Approximate k-Nearest Neighbour (ANN) methods on big high dimensional dynamic data that identifies suitable ANN methods for ML and other applications and will accelerate future ANN research.,"Approximate k-Nearest Neighbour (ANN) methods are commonly used for mining information from big high-dimensional datasets. For each application the high-level dataset properties and run-time requirements determine which method will provide the most suitable tradeoffs. However, due to a significant lack of comprehensive benchmarking, judicious method selection is not currently possible for ANN applications that involve frequent online changes to datasets. Here we address this issue by building upon existing benchmarks for static search problems to provide a new benchmarking framework for big high dimensional dynamic data. We apply our framework to dynamic scenarios modelled after common real world applications. In all cases we are able to identify a suitable recall-runtime tradeoff to improve upon a worst-case exhaustive search. Our framework provides a flexible solution to accelerate future ANN research and enable researchers in other online data-rich domains to find suitable methods for handling their ANN searches.",None
https://openreview.net/forum?id=6OxI4WqGr6,Semi-Supervised Offline Reinforcement Learning with Action-Free Trajectories,None,None,"Natural agents can effectively learn from multiple data sources that differ in size, quality, and types of measurements. We study this heterogeneity in the context of offline reinforcement learning (RL) by introducing a new, practically motivated semi-supervised setting. Here, an agent has access to two sets of trajectories: labelled trajectories containing state, action, reward triplets at every timestep, along with unlabelled trajectories that contain only state and reward information.  For this setting, we develop a simple meta-algorithmic pipeline that learns an inverse-dynamics model on the labelled data to obtain proxy-labels for the unlabelled data, followed by the use of any offline RL algorithm on the true and proxy-labelled trajectories. Empirically, we find this simple pipeline to be highly successful --- on several D4RL benchmarks~\cite{fu2020d4rl}, certain offline RL algorithms can match the performance of variants trained on a fully labeled dataset even when we label only 10\% trajectories from the low return regime. Finally, we perform a large-scale controlled empirical study investigating the interplay of data-centric properties of the labelled and unlabelled datasets, with algorithmic design choices (e.g., inverse dynamics, offline RL algorithm) to identify general trends and best practices for training RL agents on semi-supervised offline datasets.",None
https://openreview.net/forum?id=UROBiQEOLP,E-Forcing: Improving Autoregressive Models by Treating it as an Energy-Based One,autoregressive models; exposure bias; language modeling; neural machine translation,we propose a unique method termed E-Forcing for training autoregressive generative models that takes advantage of a well-designed energy-based learning objective.,"Autoregressive generative models are commonly used to solve tasks involving sequential data. They have, however, been plagued by a slew of inherent flaws due to the intrinsic characteristics of chain-style conditional modeling (e.g., exposure bias or lack of long-range coherence), severely limiting their ability to model  distributions properly. In this paper, we propose a unique method termed E-Forcing for training autoregressive generative models that takes advantage of a well-designed energy-based learning objective. By leveraging the extra degree of freedom of the softmax operation, we are allowed to make the autoregressive model itself an energy-based model for measuring the likelihood of input without introducing any extra parameters. Furthermore, we show that with the help of E-Forcing, we can alleviate the above flaws for autoregressive models. Extensive empirical results, covering numerous benchmarks demonstrate the effectiveness of the proposed approach.",None
https://openreview.net/forum?id=ezgCdnzApo,Masked Vector Quantization,generative models; dropout; vector quantization; autoencoder; discrete representations,"We proposed Masked Vector Quantization, a novel variant of Vector Quantization, which increases the representational capacity of each code vector by learning mask configurations via winner-takes-all training regime called Multiple Hypotheses Dropout.","Generative models with discrete latent representations have recently demonstrated an impressive ability to learn complex high-dimensional data distributions. However, their performance relies on a long sequence of tokens per instance and a large number of codebook entries, resulting in long sampling times and considerable computation to fit the categorical posterior. 
To address these issues, we propose the Masked Vector Quantization (MVQ) framework which increases the representational capacity of each code vector by learning mask configurations via a stochastic winner-takes-all training regime called Multiple Hypotheses Dropout  (MH-Dropout). On ImageNet 64$\times$64, reduces FID in existing vector quantization architectures by up to $68\%$ at 2 tokens per instance and $57\%$ at 5 tokens. These improvements widen as codebook entries is reduced and allows for $7\textup{-}45\times$ speed-up in token sampling during inference. As an additional benefit, we find that smaller latent spaces lead to MVQ identifying transferable visual representations where multiple can be smoothly combined.",None
https://openreview.net/forum?id=EJPWfoJRba,On the Importance of the Policy Structure in Offline Reinforcement Learning,offline reinforcement learning; discrete latent representations,"We introduce a structure in a policy representation in offline reinforcement learning, which reduces the critic loss during the training and improves the resulting policy performance.","Offline reinforcement learning (RL) has attracted a great deal of attention recently as an approach to utilizing past experience to learn a policy. Recent studies have reported the challenges of offline RL, such as estimating the values of actions that are out of the data distribution. To mitigate the issues of offline RL, we propose an algorithm that leverages a mixture of deterministic policies. With our framework, the state-action space is divided by learning discrete latent variables, and sub-policies corresponding to each region are trained. The proposed algorithm, which we call Value-Weighted Variational Auto-Encoder (V2AE), is derived by considering the variational lower bound of the offline RL objective function. The aim of this work is to shed lights on the importance on the policy structure in offline RL. We show empirically that the use of the proposed mixture policy can reduce the accumulation of the approximation error in offline RL, which was reported in previous studies. Experimental results also indicate that introducing the policy structure improves the performance on tasks with D4RL benchmarking datasets.",None
https://openreview.net/forum?id=VgCqZL_N0a,Bandit Learning in Many-to-one Matching Markets with Uniqueness Conditions,matching markets; multi-armed bandit; many-to-one setting; uniqueness conditions,None,"An emerging line of research is dedicated to the problem of one-to-one matching markets with bandits, where the preference of one side is unknown and thus we need to match while learning the preference through multiple rounds of interaction. However, in many real-world applications such as online recruitment platform for short-term workers, one side of the market can select more than one participant from the other side, which motivates the study of the many-to-one matching problem. Moreover, the existence of a unique stable matching is crucial to the competitive equilibrium of the market. In this paper, we first introduce a more general new \textit{$\tilde{\alpha}$}-condition to guarantee the uniqueness of stable matching in many-to-one matching problems, which generalizes some established uniqueness conditions such as \textit{SPC} and \textit{Serial Dictatorship}, and recovers the known $\alpha$-condition if the problem is reduced to one-to-one matching. Under this new condition, we design an MO-UCB-D4 algorithm with $O\left(\frac{NK\log(T)}{\Delta^2}\right)$ regret bound, where $T$ is the time horizon, $N$ is the number of agents, $K$ is the number of arms, and $\Delta$ is the minimum reward gap. Extensive experiments show that our algorithm achieves uniform good performances under different uniqueness conditions.",None
https://openreview.net/forum?id=iV0r9898C-,Few-Shot Anomaly Detection on Industrial Images through Contrastive Fine-Tuning,Anomaly Detection; Transfer Learning; Few-Shot Learning,We proposed a few-shot anomaly detection approach towards industrial defect identification,"Detecting abnormal products through imagery data is essential to the quality control in manufacturing. Existing approaches towards anomaly detection~(AD) often rely on substantial amount of anomaly-free samples to train representation and density models. Nevertheless, large anomaly-free datasets may not always be available before inference stage and this requires building an anomaly detection framework with only a handful of normal samples, a.k.a. few-shot anomaly detection (FSAD). We propose two techniques to address the challenges in FSAD. First, we employ a  model pretrained on large source dataset to initialize model weights. To ameliorate the covariate shift between source and target domains, we adopt contrastive training on the few-shot target domain data. Second, to encourage learning representations suitable for downstream AD, we further incorporate cross-instance pairs to increase tightness within normal sample cluster and better separation between normal and synthesized negative samples. Extensive evaluations on six few-shot anomaly detection benchmarks demonstrate the effectiveness of the proposed method.",None
https://openreview.net/forum?id=EA6YF_qwVe,Rate-Distortion Optimized Post-Training Quantization for Learned Image Compression,learned image compression; post-training quantization; rate-distortion optimization,None,"Quantizing floating-point neural network to its fixed-point representation is crucial for Learned Image Compression (LIC) because it ensures the decoding consistency for interoperability and reduces space-time complexity for implementation. Existing solutions often have to retrain the network for model quantization which is time consuming and impractical. This work suggests the use of Post-Training Quantization (PTQ) to directly process pretrained, off-the-shelf LIC models. We theoretically prove that minimizing the mean squared error (MSE) in PTQ is sub-optimal for compression task and thus develop a novel Rate-Distortion (R-D) Optimized PTQ (RDO-PTQ) to best retain the compression performance. Such RDO-PTQ just needs to compress few images (e.g., 10) to optimize the transformation of weight, bias, and activation of underlying LIC model from its native 32-bit floating-point (FP32) format to 8-bit fixed-point (INT8) precision for fixed-point inference onwards. Experiments reveal outstanding efficiency of the proposed method on different LICs, showing the closest coding performance to their floating-point counterparts. And, our method is a lightweight and plug-and-play approach without any need of model retraining which is attractive to practitioners.",None
https://openreview.net/forum?id=_p6enPE4Xa,OCD: Learning to Overfit with Conditional Diffusion Models,Local learning; hypernetworks; diffusion processes,Local learning with a hypernetwork that employs a diffusion process,"We present a dynamic model in which the weights are conditioned on an input sample $x$ and are learned to match those that would be obtained by finetuning a base model on $x$ and its label $y$. This mapping between an input sample and network weights is shown to be approximated by a linear transformation of the sample distribution, which suggests that a denoising diffusion model can be suitable for this task. The diffusion model we therefore employ focuses on modifying a single layer of the base model and is conditioned on the input, activations, and output of this layer. Our experiments demonstrate the wide applicability of the method for image classification, 3D reconstruction, tabular data, and speech separation. Our code is attached as supplementary.",None
https://openreview.net/forum?id=hT4qiZK0Iv,On the robustness of self-supervised models for generative spoken language modeling,robustness; speech; language modeling; spoken language modeling,Method to learn robust self-supervised speech representation for generative spoken language modeling,"Self-supervised representations have been extensively studied for discriminative and generative tasks. However, their robustness capabilities have not been extensively investigated. This work focuses on self-supervised representations for spoken generative language models. First, we empirically demonstrate how current state-of-the-art speech representation models lack robustness to basic signal variations that do not alter the spoken information. To overcome this, we propose an effective and efficient method to learn robust self-supervised speech representation for generative spoken language modeling. The proposed approach is based on applying a set of signal transformations to the speech signal and optimizing the model using an iterative pseudo-labeling scheme. Our method significantly improves over the evaluated baselines when considering encoding metrics. We additionally evaluate our method on the speech-to-speech translation task. We consider Spanish-English and French-English conversions and empirically demonstrate the benefits of following the proposed approach.",None
https://openreview.net/forum?id=r6a21wSch9p,Non-equispaced Fourier Neural Solvers for PDEs,Neural Operators; PDE Solvers,None,"Solving partial differential equations is difficult. Recently proposed neural resolution-invariant models,  despite their effectiveness and efficiency, usually require equispaced spatial points of data. However, sampling in spatial domain is sometimes inevitably non-equispaced in real-world systems, limiting their applicability. In this paper, we aim to propose a Non-equispaced Fourier PDE Solver (\textsc{NFS}) with adaptive interpolation on resampled equispaced points and a variant of Fourier Neural Operators as its components.  Experimental results on complex PDEs demonstrate its advantages in accuracy and efficiency. Compared with the spatially-equispaced benchmark methods, it achieves superior performance with $42.85\%$ improvements on MAE, and is able to handle non-equispaced data with a tiny loss of accuracy. Besides, to our best knowledge, \textsc{NFS} is the first ML-based method with mesh invariant inference ability to successfully model turbulent flows in non-equispaced scenarios, with a minor deviation of the error on unseen spatial points.",None
https://openreview.net/forum?id=UvlCVoLV1i,Probable Dataset Searching Method with Uncertain Dataset Information in Adjusting Architecture Hyper Parameter,None,None,"Different types of tasks with uncertain dataset information are studied because different parts of data may have different difficulties to achieve. For example, in unsupervised learning and domain adaptation, datasets are provided without label information because of the cost of human annotation.  In deep learning, adjusting architecture hyper parameters is important for the model performance and is also time consuming, so we try to adjust hyper parameters in two types of uncertain dataset information:1, dataset labels are postponed to be obtained so hyper parameters need to be adjusted without complete dataset information. 2, hyper parameters are adjusted with a subset training dataset since training models with complete training dataset is time consuming. Here, we propose several loss functions to search for probable dataset when the complete dataset information is not obtained. The experiments on 9 real world data demonstrate the performance of our method.",None
https://openreview.net/forum?id=IVE5g1af87,Switching One-Versus-the-Rest Loss to Increase Logit Margins for Adversarial Robustness,Adversarial examples; Deep learning; Loss function; Adversarial training,We prove that one-versus-rest loss (OVR) increases logit margins two times greater than cross-entropy and propose switching between cross-entropy and OVR by the criterion of logit margins to improve adversarial robustness.,"Adversarial training is a promising method to improve the robustness against adversarial attacks. To enhance its performance, recent methods impose high weights on the cross-entropy loss for important data points near the decision boundary. However, these importance-aware methods are vulnerable to sophisticated attacks, e.g., Auto-Attack. In this paper, we experimentally investigate the cause of their vulnerability via margins between logits for the true label and the other labels because they should be large enough to prevent the largest logit from being flipped by the attacks. Our experiments reveal that the histogram of the logit margins of naive adversarial training has two peaks. Thus, the levels of difficulty in increasing logit margins are roughly divided into two: difficult samples (small logit margins) and easy samples (large logit margins). On the other hand, only one peak near zero appears in the histogram of importance-aware methods, i.e., they reduce the logit margins of easy samples. To increase logit margins of difficult samples without reducing those of easy samples, we propose switching one-versus-the-rest loss (SOVR), which switches from cross-entropy to one-versus-the-rest loss (OVR) for difficult samples. We derive trajectories of logit margins for a simple problem and prove that OVR increases logit margins two times larger than the weighted cross-entropy loss. Thus, SOVR increases logit margins of difficult samples, unlike existing methods. We experimentally show that SOVR achieves better robustness against Auto-Attack than importance-aware methods.",None
https://openreview.net/forum?id=Z7d-t6wbNy,Scaled Neural Multiplicative Model for Tractable Optimization,Input Convex Neural Networks; Shape Constrained Models; Shelf Space Optimization,None,"Challenging decision problems in retail and beyond are often solved using the predict-then-optimize paradigm. An initial effort to develop and parameterize a model of an uncertain environment is followed by a separate effort to identify the best possible solution of an optimization problem. Linear models are often used to ensure optimization problems are tractable. Remarkably accurate Deep Neural Network (DNN) models have recently been developed for various prediction tasks. Such models have been shown to scale to large datasets without loss of accuracy and with good computational performance. It can, however, be challenging to formulate tractable optimization problems based on DNN models. In this work we consider the problem of shelf space allocation for retail stores using DNN models. We highlight the trade-off between predictive performance and the tractability of optimization problems. We introduce a Scaled Neural Multiplicative Model (SNMM) with shape constraints for demand learning that leads to a tractable optimization formulation. Although, this work focuses on a specific application, the formulation of the models are general enough such that they can be extended to many real world applications.",None
https://openreview.net/forum?id=7ks5PS09q1,Quasi-Taylor Samplers for Diffusion Generative Models based on Ideal Derivatives,diffusion models; score based models; neural generative models,Taylor-expansion approach for diffusion generative models is discussed.,"Diffusion generative models have emerged as a new challenger to popular deep neural generative models such as GANs, but have the drawback that they often require a huge number of neural function evaluations (NFEs) during synthesis unless some sophisticated sampling strategies are employed. This paper proposes new efficient samplers based on the numerical schemes derived by the familiar Taylor expansion, which directly solves the ODE/SDE of interest. In general, it is not easy to compute the derivatives that are required in higher-order Taylor schemes, but in the case of diffusion models, this difficulty is alleviated by the trick that the authors call ``ideal derivative substitution,'' in which the higher-order derivatives are replaced by tractable ones. To derive ideal derivatives, the authors argue the ``single point approximation,'' in which the true score function is approximated by a conditional one, holds in many cases, and considered the derivatives of this approximation. Applying thus obtained new quasi-Taylor samplers to image generation tasks, the authors experimentally confirmed that the proposed samplers could synthesize plausible images in small number of NFEs, and that the performance was better or at the same level as DDIM and Runge-Kutta methods. The paper also argues the relevance of the proposed samplers to the existing ones mentioned above.",None
https://openreview.net/forum?id=4vfv4GDG6G,Agent Prioritization with Interpretable Relation for Trajectory Prediction,None,None,"In this paper, we present a novel multi-agent trajectory prediction model, which discovers interpretable relations among agents and prioritize agent's motion. Different from existing approaches, our interpretable design is inspired by the fundamental navigation and motion functions of agent movements, which represent 'where' and 'how' the agents move in the scenes. Specifically, it generates the relation matrix, where each element indicates the motion impact from one to another. In addition, in highly interactive scenarios, one agent may implicitly gain higher priority to move, while the motion of other agents may be impacted by the prioritized agents with higher priority (e.g., a vehicle stopping or reducing its speed due to crossing pedestrians). Based on this intuition, we design a novel motion prioritization module to learn the agent motion priorities based on the inferred relation matrix. Then, a decoder is proposed to sequentially predict and iteratively update the future trajectories of each agent based on their priority orders and the learned relation structures. We first demonstrate the effectiveness of our prediction model on simulated Charged Particles dataset. Next, extensive evaluations are performed on commonly-used datasets for robot navigation, human-robot interactions, and autonomous agents: real-world NBA basketball and INTERACTION. Finally, we  show that the proposed model outperforms other state-of-the-art relation based methods, and is capable to infer interpretable, meaningful relations among agents.",None
https://openreview.net/forum?id=ykql_wKavL,$z$-SignFedAvg: A Unified  Stochastic Sign-based Compression for Federated Learning,federated averaging; compression; communication efficiency; signSGD,This work proposes the first federated averaging algorithm with sign-based compression.,"Federated Learning (FL) is a promising privacy-preserving distributed learning paradigm but suffers from high communication cost when training large-scale machine learning models.  Sign-based methods,  such as SignSGD \citep{bernstein2018signsgd},  have been proposed as a biased gradient compression technique for reducing the communication cost. However,  sign-based algorithms could diverge under heterogeneous data, which thus motivated the development of advanced techniques, such as the error-feedback method and stochastic sign-based compression, to fix this issue.
Nevertheless, these methods still suffer from slower convergence rates. Besides, none of them allows multiple local SGD updates like FedAvg \citep{mcmahan2017communication}.  In this paper,  we propose a novel noisy perturbation scheme with a general symmetric noise distribution for sign-based compression, which not only allows one to flexibly control the tradeoff between gradient bias and convergence performance, but also provides a unified viewpoint to existing stochastic sign-based methods.  More importantly,  we propose the very first sign-based FedAvg algorithm ($z$-SignFedAvg). Theoretically,  we show that $z$-SignFedAvg achieves a faster convergence rate than existing sign-based methods and,  under the uniformly distributed noise, can enjoy the same convergence rate as its uncompressed counterpart. Last but not the least,  we remark that adding random noise to the local gradients has a double benefit: it protects the clients' privacy by, e.g., the Differential Privacy. Extensive experiments are conducted to demonstrate that the $z$-SignFedAvg can achieve competitive empirical performance on real datasets.",None
https://openreview.net/forum?id=5-3YJbVPp6m,Transfer Learning with Pre-trained Conditional Generative Models,Deep Learning; Transfer Learning; Deep Generative Models; Semi-supervised Learning,We propose a novel transfer learning method using conditional generative models pre-trained on source dataset for an inductive transfer learning setting where NN architectures are not consistent.,"Transfer learning is crucial in training deep neural networks on new target tasks. Current transfer learning methods always assume at least one of (i) source and target task label spaces overlap, (ii) source datasets are available, and (iii) target network architectures are consistent with source ones. However, holding these assumptions is difficult in practical settings because the target task rarely has the same labels as the source task, the source dataset access is restricted due to storage costs and privacy, and the target architecture is often specialized to each task. To transfer source knowledge without these assumptions, we propose a transfer learning method that uses deep generative models and is composed of the following two stages: pseudo pre-training (PP) and pseudo semi-supervised learning (P-SSL). PP trains a target architecture with an artificial dataset synthesized by using conditional source generative models. P-SSL applies SSL algorithms to labeled target data and unlabeled pseudo samples, which are generated by cascading the source classifier and generative models to condition them with target samples. Our experimental results indicate that our method can outperform the baselines of scratch training and knowledge distillation.",None
https://openreview.net/forum?id=Ur_qORZ6-9R,DECN: Evolution Inspired Deep Convolution Network for Black-box Optimization,Learning to Optimize; Black-box Optimization,None,"We design a deep evolutionary convolution network (DECN) for continuous black-box optimization to force the random population to move near the optimal solution, which is the goal of population-based optimization, such as evolutionary algorithm and evolutionary strategy. DECN is composed of two modules: convolution-based reasoning module (CRM) and selection module (SM), to move from hand-designed searching strategies to learned searching strategies in population-based optimization. CRM produces a population that is closer to the optimal solution based on the convolution operators, and SM removes poor solutions. We also design a proper loss function to support the training of DECN. The experimental results on unconstrained continuous optimization problems show that DECN can learn searching strategies and surpass population-based baselines. Moreover, DECN obtains good performance when transferred to optimization problems unseen during the training stage. In addition, DECN is friendly to the acceleration with Graphics Processing Units (GPUs) and runs 102 times faster than unaccelerated EA when evolving 32 populations, each containing 6400 individuals.",None
https://openreview.net/forum?id=sP0p5S-gZ2,Optformer: Beyond Transformer for Black-box Optimization,Transformer; Black-box optimization,None,"We design a novel Transformer for continuous unconstrained black-box optimization, called Optformer. Inspired by the similarity between Vision Transformer and evolutionary algorithms (EAs), we modify Tansformer's multi-head self-attention layer, feed-forward network, and residual connection to implement the functions of crossover, mutation, and selection operators. Moreover, we devise an iterated mode to generate and survive potential solutions like EAs. Optformer establishes a mapping from the random population to the optimal population. Compared to baselines, such as EAs, Bayesian optimization, and the learning-to-optimize method, Optformer shows the top performance in six black-box functions and one real-world application. We also find that untrained Optformer can also achieve good performance.",None
https://openreview.net/forum?id=DL8dTTvCpU,Deformable Graph Transformer,Graph Transformer; Graph Neural Networks,None,"Transformer-based models have recently shown success in representation learning on graph-structured data beyond natural language processing and computer vision. However, the success is limited to small-scale graphs due to the drawbacks of full dot-product attention on graphs such as the quadratic complexity with respect to the number of nodes and message aggregation from enormous irrelevant nodes. To address these issues, we propose Deformable Graph Transformer (DGT) that performs sparse attention via dynamically sampled relevant nodes for efficiently handling large-scale graphs with a linear complexity in the number of nodes. Specifically, our framework first constructs multiple node sequences with various criteria to consider both structural and semantic proximity. Then, combining with our learnable Katz Positional Encodings, the sparse attention is applied to the node sequences for learning node representations with a significantly reduced computational cost. Extensive experiments demonstrate that our DGT achieves state-of-the-art performance on 7 graph benchmark datasets with 2.5 ∼ 449 times less computational cost compared to transformer-based graph models with full attention.",None
https://openreview.net/forum?id=a30kyHbuXfI,Exact manifold Gaussian Variational Bayes,variational inference; Bayes; Riemann; black box; deep learning,New algorithm for bayesian optimization,"We propose an optimization algorithm for Variational Inference (VI) in complex models. Our approach relies on natural gradient updates where the variational space is a Riemann manifold. We develop an efficient algorithm for Gaussian Variational Inference that implicitly satisfies the positive definite constraint on the variational covariance matrix. Our Exact manifold Gaussian Variational Bayes (EMGVB) provides exact but simple update rules and is straightforward to implement. Due to its black-box nature, EMGVB stands as a ready-to-use solution for VI in complex models. Over five datasets, we empirically validate our feasible approach on different statistical, econometric, and deep learning models, discussing its performance with respect to baseline methods.",None
https://openreview.net/forum?id=EpvL_FaLtw,Multi-Treatment Effect Estimation with Proxy: Contrastive Learning and Rank Weighting,None,None,"We study the treatment effect estimation problem for continuous and multi-dimensional treatments, in the setting with unobserved confounders, but high-dimension proxy variables for unobserved confounders are available. Existing methods either directly adjust the relationship between observed covariates and treatments or recover the hidden confounders by probabilistic models. However, they either rely on a correctly specified treatment assignment model or require strong prior of the unobserved confounder distribution. To relax these requirements, we propose a Contrastive Regularizer (CR) to learn the proxy representation that  contains all the relevant information in unobserved confounders. Based on the CR, we propose a novel ranked weighting method (Rw) to de-bias the treatment assignment. Combining Cr and Rw, we propose a neural network framework named CRNet to estimate the effects of multiple continuous treatments under unobserved confounders, evaluated by the Average Dose-Response Function. Empirically, we demonstrate that CRNet achieves state-of-the-art performance on both synthetic and semi-synthetic datasets.",None
https://openreview.net/forum?id=13rQhx37o3u,DeepTime: Deep Time-index Meta-learning for Non-stationary Time-series Forecasting,time-series; forecasting; deep learning; implicit neural representation; meta-learning; time-index; non-stationary,We propose a deep time-index model which leverages a meta-learning formulation to tackle non-stationary time-series forecasting.,"Advances in I.T. infrastructure has led to the collection of longer sequences of time-series. Such sequences are typically non-stationary, exhibiting distribution shifts over time -- a challenging scenario for the forecasting task, due to the problems of covariate shift, and conditional distribution shift. In this paper, we show that deep time-index models possess strong synergies with a meta-learning formulation of forecasting, displaying significant advantages over existing neural forecasting methods in tackling the problems arising from non-stationarity. These advantages include having a stronger smoothness prior, avoiding the problem of covariate shift, and having better sample efficiency. To this end, we propose DeepTime, a deep time-index model trained via meta-learning. Extensive experiments on real-world datasets in the long sequence time-series forecasting setting demonstrate that our approach achieves competitive results with state-of-the-art methods, and is highly efficient. Code is attached as supplementary material, and will be publicly released.",None
https://openreview.net/forum?id=RVgssxlEVfl,"Non-Parametric State-Space Models: Identifiability, Estimation and Forecasting",state-space model; time series forecasting; causal representation learning,"Flexible state space model for time series forecasting, inspired by the general structural causal model.","State-space models (SSMs) provide a standard methodology for time series analysis and prediction. While recent works utilize nonlinear functions to parameterize the transition and emission processes to enhance their expressivity, the form of additive noise still limits their applicability in real-world scenarios. In this work, we propose a general formulation of SSMs with a completely non-parametric transition model and a flexible emission model which can account for sensor distortion. Besides, to deal with more general scenarios (e.g., non-stationary time series), we add a higher level model to capture time-varying characteristics of the process.
Interestingly, we find that even though the proposed model is remarkably flexible, the latent processes are generally identifiable. Given this, we further propose the corresponding estimation procedure and make use of it for the forecasting task. Our model can recover the latent processes and their relations from observed sequential data. Accordingly, the proposed procedure can also be viewed as a method for causal representation learning. We argue that forecasting can benefit from causal representation learning, since the estimated latent variables are generally identifiable. Empirical comparisons on various datasets validate that our model could not only reliably identify the latent processes from the observed data, but also consistently outperform baselines in the forecasting task.",None
https://openreview.net/forum?id=5m_3whfo483,ETSformer: Exponential Smoothing Transformers for Time-series Forecasting,time-series; forecasting; transformer; decomposition; season-trend; interpretable,"We propose an interpretable Transformer architecture which decomposes forecasts into level, growth, and seasonality components.","Transformers have recently been actively studied for time-series forecasting. While often showing promising results in various scenarios, traditional Transformers are not designed to fully exploit the characteristics of time-series data and thus suffer some fundamental limitations, e.g., they are generally not decomposable or interpretable, and are neither effective nor efficient for long-term forecasting. In this paper, we propose ETSformer, a novel time-series Transformer architecture, which exploits the principle of exponential smoothing methods in improving Transformers for time-series forecasting. Specifically, ETSformer leverages a novel level-growth-seasonality decomposed Transformer architecture which leads to more interpretable and disentangled decomposed forecasts. We further propose two novel attention mechanisms -- the exponential smoothing attention and frequency attention, which are specially designed to overcome the limitations of the vanilla attention mechanism for time-series data. Extensive experiments on various time-series benchmarks validate the efficacy and advantages of the proposed method. Code is attached in the supplementary material, and will be made publicly available.",None
https://openreview.net/forum?id=g9VAye0eIKO,Horizon-Free Reinforcement Learning for Latent Markov Decision Processes,reinforcement learning theory; markov decision process; latent markov decision process,"We studied RL for Latent MDPs under the episodic, context in hindsight setting. A SOTA upperbound and the first lowerbound were presented.","We study regret minimization for reinforcement learning (RL) in Latent Markov Decision Processes (LMDPs) with context in hindsight. We design a novel model-based algorithmic framework which can be instantiated with both a model-optimistic and a value-optimistic solver. We prove an $\widetilde{O}\left(\sqrt{M \Gamma S A K}\right)$ regret bound where $M$ is the number of contexts, $S$ is the number of states, $A$ is the number of actions, $K$ is the number of episodes, and $\Gamma \le S$ is the maximum transition degree of any state-action pair. The regret bound only scales logarithmically with the planning horizon, thus yielding the first (nearly) horizon-free regret bound for LMDP. Key in our proof is an analysis of the total variance of alpha vectors, which is carefully bounded by a recursion-based technique. We complement our positive result with a novel $\Omega\left(\sqrt{M S A K}\right)$ regret lower bound with $\Gamma = 2$, which shows our upper bound minimax optimal when $\Gamma$ is a constant. Our lower bound relies on new constructions of hard instances and an argument based on the symmetrization technique from theoretical computer science, both of which are technically different from existing lower bound proof for MDPs, and thus can be of independent interest.",None
https://openreview.net/forum?id=PXRN-uxHoIE,Learning Invariant Features for Online Continual Learning,continual learning; online continual learning,None,"It has been shown recently that learning only discriminative features that are sufficient to separate the classes in a task using a traditional learning method has a major shortcoming for continual learning (CL). This is because many features that are not learned may be necessary for distinguishing classes of some future tasks. When such a future task arrives, these features have to be learned by updating the network, which causes catastrophic forgetting (CF). A recent work on online CL showed that if the learning method can learn as many features as possible from each class, called holistic representations, CF can be significantly reduced to achieve a large performance gain. This paper argues that learning only holistic representations is still insufficient. The learned representations should also be invariant and those features that are present in the data but are irrelevant to the class (e.g., the background information) should be ignored for better generalization across tasks. This new condition further boosts the performance significantly. This paper proposes several strategies and a loss to learn holistic and invariant representations and evaluates their effectiveness in online CL.",None
https://openreview.net/forum?id=pYC3W83uwm,Understanding Curriculum Learning in Policy Optimization for Online Combinatorial Optimization,reinforcement learning theory; curriculum learning,"We initiate the study on using reinforcement learning for solving combinatorial optimization problems, focusing on the curriculum learning technique.","Over the recent years, reinforcement learning (RL) starts to show promising results in tackling combinatorial optimization (CO) problems, in particular when coupled with curriculum learning to facilitate training. Despite emerging empirical evidence, theoretical study on why RL helps is still at its early stage. This paper presents the first systematic study on policy optimization methods for online CO problems. We show that online CO problems can be naturally formulated as latent Markov Decision Processes (LMDPs), and prove convergence bounds on natural policy gradient (NPG) for solving LMDPs. Furthermore, our theory explains the benefit of curriculum learning: it can find a strong sampling policy and reduce the distribution shift, a critical quantity that governs the convergence rate in our theorem. For a canonical online CO problem, Secretary Problem, we formally prove that distribution shift is reduced exponentially with curriculum learning even if the curriculum is randomly generated. Our theory also shows we can simplify the curriculum learning scheme used in prior work from multi-step to single-step. Lastly, we provide extensive experiments on Secretary Problem and Online Knapsack to verify our findings.",None
https://openreview.net/forum?id=gsU2MKneFy,Efficient Method for Bi-level Optimization with Non-smooth Lower-Level Problem,bilevel optimization; nonsmooth,We propose a method solving the nonsmooth bilevel problem and give a new analysis,"Bi-level optimization plays a key role in a lot of machine learning applications. Existing state-of-the-art bi-level optimization methods are limited to smooth or some specific non-smooth lower-level problems. Therefore, achieving an efficient algorithm for the bi-level problems with a generalized non-smooth lower-level objective is still an open problem. To address this problem, in this paper, we propose a new bi-level optimization algorithm based on smoothing and penalty techniques. Using the theory of generalized directional derivative, we derive new conditions for the bilevel optimization problem with nonsmooth, perhaps non-Lipschitz lower-level problem, and prove our method can converge to the points satisfying these conditions. We also compare our method with existing state-of-the-art bi-level optimization methods and demonstrate that our method is superior to the others in terms of accuracy and efficiency.",None
https://openreview.net/forum?id=lc8asG5NwF,Estimating Riemannian Metric with Noise-Contaminated Intrinsic Distance,None,None,"We extend metric learning by studying the Riemannian manifold structure of the underlying data space induced by dissimilarity measures between data points. The key quantity of interest here is the Riemannian metric, which characterizes the Riemannian geometry and defines straight lines and derivatives on the manifold. Being able to estimate the Riemannian metric allows us to gain insights into the underlying manifold and compute geometric features such as the geodesic curves. We model the observed dissimilarity measures as noisy responses generated from a function of the intrinsic geodesic distance between data points. A new local regression approach is proposed to learn the Riemannian metric tensor and its derivatives based on a Taylor expansion for the squared geodesic distances. Our framework is general and accommodates different types of responses, whether they are continuous, binary, or comparative, extending the existing works which consider a single type of response at a time. We develop theoretical foundation for our method by deriving the rates of convergence for the asymptotic bias and variance of the estimated metric tensor. The proposed method is shown to be versatile in simulation studies and a real data application involving taxi trip time in New York City.",None
https://openreview.net/forum?id=xWFguIF_hG,In Search of Smooth Minima for Purifying Backdoor in Deep Neural Networks,AI Security; Backdoor or Trojan Attacks on Deep Networks; Safe and Robust AI,None,"The success of a deep neural network (DNN) heavily relies on the details of the
training scheme; e.g., training data, architectures, hyper-parameters, etc. Recent
backdoor attacks suggest that an adversary can take advantage of such training
details and compromise the integrity of DNN. Our studies show that a backdoor
model is usually optimized to a bad local minima, i.e., sharper minima as compared
to a benign model. Intuitively, backdoor can be purified by re-optimizing the
model to a smoother minima through fine-tuning with a few clean validation data.
However, fine-tuning all DNN parameters often requires huge computational costs as
well as sub-par clean test performance. To address this concern, we propose a novel
backdoor purification technique—N atural G radient Fine-tuning (NGF)—which
focuses on removing backdoor by fine-tuning only one layer. Specifically, NGF
utilizes a loss surface geometry-aware optimizer that can successfully overcome
the challenge of reaching a smooth minima under one-layer optimization scenario.
To enhance the generalization performance of our proposed method, we introduce
a clean data distribution-aware regularizer based on the knowledge of loss surface
curvature matrix, i.e., Fisher Information Matrix. To validate the effectiveness of
our method, we conduct extensive experimentation with four different datasets—
CIFAR10, GTSRB, Tiny-ImageNet, and ImageNet; as well as 11 recent backdoor
attacks, e.g., Blend, Dynamic, Clean Label, etc. NGF achieves state-of-the-art
performance in most of these benchmarks.",None
https://openreview.net/forum?id=amyZRbMrUA,Joint Gaussian Mixture Model for Versatile Deep Visual Model Explanation,Explainable AI; interpretable model; pixel attributing; convolutional neural networks,This paper proposes a GMM-based probablistic model to explain DCNN representations and inference by proxy models and explanatory examples.,"Post-hoc explanations of deep neural networks improve human understanding on the learned representations, decision-making process and uncertainty of the model with faithfulness. Explaining deep convolutional neural networks(DCNN) is especially challenging, due to the high dimensionality of deep features and the complexity of model inference. Most post-hoc explaining methods serve a single form of explanation, restricting the diversity and consistency of the explanation. This paper proposes joint Gaussian mixture model(JGMM), a probabilistic model jointly models inter-layer deep features and produces faithful and consistent post-hoc explanations. JGMM explains deep features by Gaussian mixture model and inter-layer deep feature relations by posterior distribution on the latent component variables. JGMM enables a versatile explaining framework that unifies interpretable proxy model, global or local explanatory example generation or mining. Experiments are performed on various DCNN image classifiers in comparison with other explaining methods. It shows that JGMM can efficiently produce versatile, consistent, faithful and understandable explanations.",None
https://openreview.net/forum?id=dSYkYNNZkV,Localized Graph Contrastive Learning,None,None,"Contrastive learning methods based on InfoNCE loss are popular in node representation learning tasks on graph-structured data. However, its reliance on data augmentation and its quadratic computational complexity might lead to inconsistency and inefficiency problems. To mitigate these limitations, in this paper, we introduce a simple yet effective contrastive model named Localized Graph Contrastive Learning (Local-GCL in short). Local-GCL consists of two key designs: 1) We fabricate the positive examples for each node directly using its first-order neighbors, which frees our method from the reliance on carefully-designed graph augmentations; 2) To improve the efficiency of contrastive learning on graphs, we devise a kernelized contrastive loss, which could be approximately computed in linear time and space complexity with respect to the graph size. We provide theoretical analysis to justify the effectiveness and rationality of the proposed methods. Experiments on various datasets with different scales and properties demonstrate that in spite of its simplicity, Local-GCL achieves quite competitive performance in self-supervised node representation learning tasks on graphs with various scales and properties.",None
https://openreview.net/forum?id=5s2v_0F7MG,OrthoReg: Improving Graph-regularized MLPs via Orthogonality Regularization,None,None,"Graph Neural Networks (GNNs) are currently dominating in modeling graph-structure data, while their high reliance on graph structure for inference significantly impedes them from widespread applications. By contrast, graph-Regularized MLPs (GR-MLPs) implicitly inject the graph structure information into model weights, while their performance can hardly match that of GNNs in most tasks. This motivates us to study the causes of the limited performance of GR-MLPs. In this paper, we demonstrate that node embeddings learned from conventional GR-MLPs suffer from dimensional collapse, a phenomenon in which the largest a few eigenvalues dominate the embedding space, and thus the expressive power is constrained. We further propose ORTHO-REG, a novel GR-MLP model, to mitigate the dimensional collapse issue. Through a soft regularization loss on the correlation matrix of node embeddings, ORTHO-REG explicitly encourages orthogonal node representations and thus can naturally avoid dimensionally collapsed representations. Experiments on traditional transductive semi-supervised classification tasks and inductive node classification for cold-start scenarios demonstrate its effectiveness and superiority.",None
https://openreview.net/forum?id=JXkz3zm8gJ,Learning to Learn with Generative Models of Neural Network Checkpoints,diffusion; DDPMs; learning to learn; generative models; transformers,We construct a dataset of neural network checkpoints and train a loss-conditional generative model on the parameters. The generative model can train neural networks with unseen initializations in one step.,"We explore a data-driven approach for learning to optimize neural networks. We construct a dataset of neural network checkpoints and train a generative model on the parameters. In particular, our model is a conditional diffusion transformer that, given an initial input parameter vector and a prompted loss, error, or return, predicts the distribution over parameter updates that achieve the desired metric. At test time, it can optimize neural networks with unseen parameters for downstream tasks in just one update. We find that our approach successfully generates parameters for a wide range of loss prompts. Moreover, it can sample multimodal parameter solutions and has favorable scaling properties. We apply our method to different neural network architectures and tasks in supervised and reinforcement learning.",None
https://openreview.net/forum?id=BeI1fdNH_X,Improving Explanation Reliability through Group Attribution,Explainable AI; Attribution methods; Group attribution; Attribution reliability,We have proposed the group-wise attribution methods to yield more reliable explanation in understanding a model's prediction,"Although input attribution methods are mainstream in understanding predictions of DNNs for straightforward interpretations, the non-linearity of DNNs often makes the attributed scores unreliable in explaining a given prediction, deteriorating the faithfulness of the explanation. 
However, the challenge could be mitigated by attributing scores to groups of explanatory components instead of the individuals, termed group attribution. While a group attribution would explain the group-wise contribution more reliably, it does not explain the component-wise contributions so that estimating component-wise scores yields less reliable explanation, indicating the trade-off of group attributions.
In this work, we introduce the generalized definition of reliability loss and group attribution, and formulate the optimization problem of the trade-off with these terms. We apply our formalization to Shapley value attribution to propose the optimization method G-SHAP. We show the effectiveness and explanatory benefits of our method through empirical results on image classification tasks.",None
https://openreview.net/forum?id=hlsu-HrU7ON,Intrinsic Motivation via Surprise Memory,reinforcement learning; intrinsic motivation; exploration; memory,Intrinsic motivation emerges through measuring surprise novelty as retrieval errors of a memory network,"We present a new computing model for intrinsic rewards in reinforcement learning that addresses the limitations of existing surprise-driven explorations. The reward is the novelty of the surprise rather than the surprise norm. We estimate the surprise novelty as retrieval errors of a memory network wherein the memory stores and reconstructs surprises. Our surprise memory (SM) augments the capability of surprise-based intrinsic motivators, maintaining the agent's interest in exciting exploration while reducing unwanted attraction to unpredictable or noisy observations. Our experiments demonstrate that the SM combined with various surprise predictors exhibits efficient exploring behaviors and significantly boosts the final performance in sparse reward environments, including Noisy-TV, navigation and challenging Atari games.",None
https://openreview.net/forum?id=1FVv8PS8LYW,Dr-Fairness: Dynamic Data Ratio Adjustment for Fair Training on Real and Generated Data,trustworthy AI; fairness; visual recognition; generated data,"We propose a novel sampling approach called Dr-Fairness that adaptively adjusts data ratios among groups and between real and generated data, which improves group fairness while minimizing accuracy degradation.","Fair visual recognition has become critical for preventing demographic disparity. A major cause of model unfairness is the imbalanced representation of different groups in training data. Recently, several works aim to alleviate this issue using generated data. However, these approaches often use generated data to obtain similar amounts of data across groups, which is not optimal for achieving high fairness due to different learning difficulties and generated data qualities across groups. To address this issue, we propose a novel adaptive sampling approach that leverages both real and generated data for fairness. We design a bilevel optimization that finds the optimal data sampling ratios among groups and between real and generated data while training a model. The ratios are dynamically adjusted considering both the model's accuracy as well as its fairness. To efficiently solve our non-convex bilevel optimization, we propose a simple approximation to the solution given by the implicit function theorem. Extensive experiments show that our framework achieves state-of-the-art fairness and accuracy on the CelebA and ImageNet People Subtree datasets. We also observe that our method adaptively relies less on the generated data when it has poor quality.",None
https://openreview.net/forum?id=xeg2fW5E2l3,Set-Level Self-Supervised Learning from Noisily-Labeled Data,Self-supervised learning; Noisy label learning; Meta-learning; EM algorithm,This paper proposes a set-level self-supervised learning techniques on each training mini-batch to tackle noisy-label learning problems.,"Noisy labels are inevitably presented in real-world datasets due to labeling error or visual content ambiguity. Existing methods generally approach the task of noisy label learning (NLL) by either properly regularizing the model, or reweighting clean/noisy labeled samples. While self-supervised learning (SSL) has been applied to pre-train deep neural networks without label supervision, downstream tasks like image classification still require clean labeled data. And, most SSL strategies are performed at the instance level, regardless of the correctness of its label. In this paper, we propose set-level self-supervised learning (SLSSL), which performs SSL at mini-batch levels with observed noisy labels. By corrupting the labels of each training mini-batch, our SLSSL enforces the model to exhibit sufficient robustness. Moreover, the proposed SLSSL can also be utilized for sample reweighting technique. As a result, the proposed learning scheme can be applied as an expectation-maximization (EM) algorithm during model training. Extensive experiments on synthetic and real-world noisy label data confirm the effectiveness of our framework.",None
https://openreview.net/forum?id=TtMJJWG_J1j,TensorVAE: A Direct Generative Model for Molecular Conformation Generation driven by Novel Feature Engineering,generative model; feature engineering; molecular conformation generation,None,"Efficient generation of 3D conformations of a molecule from its 2D graph is a key challenge in in-silico drug discovery. Deep learning (DL) based generative modelling has recently become a potent tool to tackling this challenge. However, many existing DL-based methods are either indirect-leveraging inter-atomic distances or direct-but requiring complex feature transformation or numerous sampling steps to generate conformations. In this work, we propose a simple model abbreviated TensorVAE capable of generating conformations directly from a 2D molecular graph in a single step. The main novelty of the proposed method is focused on feature engineering. We develop a novel encoding and feature extraction mechanism relying solely on standard convolution operation to generate token-like feature vector for each atom. These feature vectors are then transformed through standard transformer encoders under a conditional Variational Auto Encoder framework for learning to generate conformations directly. We show through experiments on two benchmark datasets that with intuitive and sensible feature engineering, a relatively simple and standard model can provide promising generative capability rivalling recent state-of-the-art models employing more sophisticated and specialized generative architecture.",None
https://openreview.net/forum?id=O0sS_cujvV0,Smoothed-SGDmax: A Stability-Inspired Algorithm to Improve Adversarial Generalization,Adversarial Training; Robust Overfitting; Generalization Bound,None,"Unlike standard training, deep neural networks can suffer from serious overfitting problems in adversarial settings, which is studied extensively by empirical papers. Recent research (e.g., Xing et al. (2021); Xiao et al. (2022)) show that SGDmax-based adversarial training algorithms with $1/s(T)$ training loss incurs a stability-based generalization bound in $\Theta(c+s(T)/n)$. Here $T$ is the number of iterations, $n$ is the number of samples, $s(T)\rightarrow \infty$ as $T\rightarrow \infty$, and $c$ is a $n$-independent term. This reveals that adversarial training can have nonvanishing generalization errors even if the sample size $n$ goes to infinity. A natural question arises: can we eliminate the nonvanishing term $c$ by designing a more generalizable algorithm? We give an affirmative answer in this paper. First, by an adaptation of information-theoretical lower bound on the complexity of solving Lipschitz-convex problems using randomized algorithms, we show that a minimax lower bound for adversarial generalization gap is $\Omega(s(T)/n)$ given training loss $1/s(T)$. This implies that SGDmax does not achieve the lower bound. Next, by observing that the nonvanishing generalization error term for SGDmax comes from the non-smoothness of the adversarial loss function, we employ a smoothing technique to smooth the adversarial loss function. Based on the smoothed loss function, we design a smoothed SGDmax algorithm achieving generalization bound $\mathcal{O}(s(T)/n)$, which matches the minimax lower bound. Experimentally, we show that our algorithm improves adversarial generalization on common datasets.",None
https://openreview.net/forum?id=9sPDt0z3oL4,Finite-time Analysis of Single-timescale Actor-Critic on Linear Quadratic Regulator,single-timescale actor-critic; linear quadratic regulator,Finite-time convergence of single-sample single-timescale actor-critic with a global optimality guarantee,"Actor-critic (AC) methods have achieved state-of-the-art performance in many challenging tasks. However, their convergence in most practical applications are still poorly understood. Existing works mostly consider the uncommon double-loop or two-timescale stepsize variants for the ease of analysis. We investigate the practical yet more challenging vanilla single-sample single-timescale AC for solving the canonical linear quadratic regulator problem. Specifically, the actor and the critic update only once with a single sample in each iteration using proportional stepsizes. We prove that the vanilla AC can attain an $\epsilon$-optimal solution with a sample complexity of $\tilde{\mathcal{O}}(\epsilon^{-2})$, which elucidates on the practical efficiency of single-sample single-timescale AC. We develop a novel analysis framework that directly bounds the whole interconnected iteration system without the conservative decoupling commonly adopted in previous analysis of AC. Our work presents the first finite-time analysis of single-sample single-timescale AC with a global optimality guarantee.",None
https://openreview.net/forum?id=yvF7mAuWv3z,Scalable 3D Object-centric Learning,None,None,"We tackle the task of unsupervised 3D object-centric representation learning on scenes of potentially unbounded scale. 
  Existing approaches to object-centric representation learning exhibit significant limitations in achieving scalable inference due to their dependencies on a fixed global coordinate system. 
  In contrast, we propose to learn view-invariant 3D object representations in localized object coordinate systems. 
  To this end, we estimate the object pose and appearance representation separately and explicitly project object representations across views. 
  We adopt amortized variational inference to process sequential input and update object representations online. 
  To scale up our model to scenes with an arbitrary number of objects, we further introduce a Cognitive Map that allows the registration and querying of objects on a global map. 
  We employ the object-centric neural radiance field (NeRF) as our 3D scene representation, which is jointly inferred by our unsupervised object-centric learning framework. 
  Experimental results demonstrate that our method can infer and maintain object-centric representations of unbounded 3D scenes. 
  Further combined with a per-object NeRF finetuning process, our model can achieve scalable high-quality object-aware scene reconstruction.",None
https://openreview.net/forum?id=XGHRFuJ_ue-,Towards Boosting the Open-Domain Chatbot with Human Feedback,Dialogue System; Human Feedback,"A novel and efficient approach Diamante is proposed to boost the open-domain chatbot, where two kinds of human feedback (including explicit demonstration and implicit preference) are collected and leveraged.","Many open-domain dialogue models pre-trained with social media comments can generate coherent replies but have difficulties producing engaging responses. This phenomenon might mainly result from the deficiency of annotated human-human conversations and the misalignment with human preference. In this paper, we propose a novel and efficient framework Diamante to boost the open-domain chatbot, where two kinds of human feedback (including explicit demonstration and implicit preference) are collected and leveraged. By asking annotators to select or amend the model-generated candidate responses, Diamante efficiently collects the human demonstrated responses and constructs a Chinese chit-chat dataset. To enhance the alignment with human preference, Diamante leverages the implicit preference in the data collection process and introduces the generation-evaluation joint training. Comprehensive experiments indicate that the Diamante dataset and joint training paradigm can significantly boost the performance of pre-trained dialogue models. The overall engagingness of the previous state-of-the-art model has been improved remarkably by 50% in Chinese open-domain conversations.",None
https://openreview.net/forum?id=P8DHF1Y_dph,Learning to Generate All Feasible Actions,Generative neural networks; feasible actions; f-divergence,We propose to train a generative neural network to generate all feasible actions within an interactive environment.,"Several machine learning (ML) applications are characterized by searching for an optimal solution to a complex task. The search space for this optimal solution is often very large, so large in fact that this optimal solution is often not computable. Part of the problem is that many candidate solutions found via ML are actually infeasible and have to be discarded. Restricting the search space to only the feasible solution candidates simplifies finding an optimal solution for the tasks. Further, the set of feasible solutions could be re-used in multiple problems characterized by different tasks. In particular, we observe that complex tasks can be decomposed into subtasks and corresponding skills. We propose to learn a reusable and transferable skill by training an actor to generate all feasible actions. The trained actor can then propose feasible actions, among which an optimal one can be chosen according to a specific task. The actor is trained by interpreting the feasibility of each action as a target distribution. The training procedure minimizes a divergence of the actor's output distribution to this target. We derive the general optimization target for arbitrary f-divergences using a combination of kernel density estimates, resampling, and importance sampling. We further utilize an auxiliary critic to reduce the interactions with the environment. A preliminary comparison to related strategies shows that our approach learns to visit all the modes in the feasible action space, demonstrating the framework's potential for generating multimodal action distributions.",None
https://openreview.net/forum?id=idY99Ugd5ek,Sparsity by Redundancy: Solving $L_1$ with a Simple Reparametrization,L1; sparsity; feature selection; deep learning; landscape,We propose a simple method for solving general L1 penalized objectives with gradient descent,"We identify and prove a general principle: $L_1$ sparsity can be achieved using a redundant parametrization plus $L_2$ penalty. Our results lead to a simple algorithm, \textit{spred}, that seamlessly integrates $L_1$ regularization into any modern deep learning framework. Practically, we demonstrate (1) the efficiency of \textit{spred} in optimizing conventional tasks such as lasso and sparse coding, (2) benchmark our method for nonlinear feature selection of six gene selection tasks, and (3) illustrate the usage of the method for achieving structured and unstructured sparsity in deep learning in an end-to-end manner. Conceptually, our result bridges the gap in understanding the inductive bias of the redundant parametrization common in deep learning and conventional statistical learning.",None
https://openreview.net/forum?id=FwlV6h4KxVE,Test-Time Adaptation for Visual Document Understanding,Test-time adaptation; source data-free domain adaptation; visual document understanding,Proposing a novel test-time adaptation approach and three benchmarks for visual document understanding via masked language modeling and pseudo labeling.,"Self-supervised pretraining has been able to produce transferable representations for various visual document understanding (VDU) tasks. However, the ability of such representations to adapt to new distribution shifts at test-time has not been studied yet. We propose DocTTA, a novel test-time adaptation approach for documents that leverages cross-modality self-supervised learning via masked visual language modeling as well as pseudo labeling to adapt models learned on a \textit{source} domain to an unlabeled \textit{target} domain at test time. We also introduce new benchmarks using existing public datasets for various VDU tasks including entity recognition, key-value extraction, and document visual question answering tasks where DocTTA improves the source model performance up to 1.79\% in (F1 score), 3.43\% (F1 score), and 17.68\%  (ANLS score), respectively.",None
https://openreview.net/forum?id=uwBUzlm0GS,LAU: A novel two-parameter learnable Logmoid Activation Unit,Neural network; Learnable activation function; Function approximation; Dilated convolution,A learnable Activation Unit,"The activation function in deep neural networks has a major impact on the performance  of the training stage. In this work, we proposed a novel learnable Logmoid Activation  Unit (LAU), $f(x)=x\ln(1+\alpha \textrm{sigmoid}(\beta x))$, with two free parameters  $\alpha$ and $\beta$ that can be optimized via back-propagation algorithm. We design  quasi-interpolation type neural network operators with Logmoid-1 in a given feed-forward neural network for approximating any continuous function in closed spaces. This provides a theoretical basis for the excellent empirical performance of LAUs in experimental simulations. For instance, compared with ReLUs the proposed LAUs improves Top-1 classification accuracy on ImageNet-200 by $7\%$ respectively in ShuffleNet-V2, on CIFAR-10 by 6$\%$ respectively in EfficientNet-B0, and on CIFAR-100 by 5$\%$ respectively in MobileNet-V2. Our simulations show that end-to-end learning deep neural networks with learnable Logmoids can increase the predictive performance.",None
https://openreview.net/forum?id=N5fNFLO_MyD,N-Student Learning: An Approach to Model Uncertainty and Combat Overfitting,Noisy Labels; Pseudo-Labels; Overfitting; Supervised Learning,A pseudo-label based multi-network training setup to help combat the problem of overfitting.,"This work presents N-Student Learning, a pseudo-label based multi-network training setup that can be applied to nearly any supervised learning architecture in order to help combat the problem of overfitting and control the way in which a network models uncertainty in the data. The effectiveness of N-Student Learning relies on the idea that a network's predictions on unseen data are largely independent of any instance-dependent noise in the labels. In N-Student Learning, each student network is assigned a subset of the training dataset such that no data point is in every student's training subset. Unbiased pseudo-labels can thus be generated for every data point in the training set by taking the predictions of appropriate student networks. Training on these unbiased pseudo-labels minimizes the extent to which each network overfits to instance-dependent noise in the data. Furthermore, based on prior knowledge of the domain, we can control how the networks learn to model uncertainty that is present in the dataset by adjusting the way that pseudo-labels are generated. While this method is largely inspired by the general problem of overfitting, a natural application is found in the problem of classification with noisy labels — a domain where overfitting is a significant concern. After developing intuition through a toy classification task, we proceed to demonstrate that N-Student Learning performs favorably on benchmark datasets when compared to state-of-the-art methods in the problem of classification with noisy labels.",None
https://openreview.net/forum?id=TkSRbrUjQf3,k-Median Clustering via Metric Embedding: Towards Better Initialization with Differential Privacy,k-Median Clustering; Differential Privacy,None,"In clustering algorithms, the choice of initial centers is crucial for the quality of the learned clusters. We propose a new initialization scheme for the $k$-median problem in the general metric space (e.g., discrete space induced by graphs), based on the construction of metric embedding tree structure of the data. From the tree, we propose a novel and efficient search algorithm, for good initial centers that can be used subsequently for the local search algorithm. The so-called HST initialization method can produce initial centers achieving lower errors than those from another popular initialization method, $k$-median++, with comparable efficiency. Our HST initialization can also be easily extended to the setting of differential privacy (DP) to generate private initial centers. We show that the error of applying DP local search followed by our private HST initialization improves previous results on the approximation error, and approaches the lower bound within a small factor. Experiments demonstrate the effectiveness of our proposed methods.",None
https://openreview.net/forum?id=lbzA07xjED,Analysis of Error Feedback in Compressed Federated Non-Convex Optimization,None,None,"Communication cost between the clients and the central server could be a bottleneck in real-world Federated Learning (FL) systems. In classical distributed learning, the method of Error Feedback (EF) has been a popular technique to remedy the downsides of biased gradient compression, but literature on applying EF to FL is still very limited. In this work, we propose a compressed FL scheme equipped with error feedback, named Fed-EF, with two variants depending on the global optimizer. We provide theoretical analysis showing that Fed-EF matches the convergence rate of the full-precision FL counterparts in non-convex optimization under data heterogeneity. Moreover, we initiate the first analysis of EF under partial client participation, which is an important scenario in FL, and demonstrate that the convergence rate of Fed-EF exhibits an extra slow down factor due to the ``stale error compensation'' effect. Experiments are conducted to validate the efficacy of Fed-EF in practical FL tasks and justify our theoretical findings.",None
https://openreview.net/forum?id=lV0fWRDJwR,Adversarially Robust Neural Lyapunov Control,None,None,"State-of-the-art learning-based stability control methods for nonlinear robotic systems suffer from the issue of reality gap, which stems from discrepancy of the system dynamics between training and target (test) environments. To mitigate this gap, we propose an adversarially robust neural Lyapunov control (ARNLC) method to improve the robustness and generalization capabilities for Lyapunov theory-based stability control. Specifically, inspired by adversarial learning, we introduce an adversary to simulate the dynamics discrepancy, which is learned through deep reinforcement learning to generate the worst-case perturbations during the controller's training. By alternatively updating the controller to minimize the perturbed Lyapunov risk and the adversary to deviate the controller from its objective, the learned control policy enjoys a theoretical guarantee of stability. Empirical evaluations on five stability control tasks with the uniform and worst-case perturbations demonstrate that ARNLC not only accelerates the convergence to asymptotic stability, but can generalize better in the entire perturbation space.",None
https://openreview.net/forum?id=pBaSwBkHBE,EMP: Effective Multidimensional Persistence for Graph Representation Learning,multiparameter persistence; topological data analysis; machine learning,None,"Topological data analysis (TDA) has become increasingly popular in a broad range of machine learning tasks, ranging from anomaly detection and manifold learning to graph classification.
Persistent homology being the key approach in TDA provides a unique topological fingerprint of the data by assessing the evolution of various hidden patterns in the data as we vary a scale parameter. Current PH tools are limited to analyze the data by filtering with single parameter while in many applications, several relevant parameters are equally important to get a much finer information on the data. In this paper, we overcome this problem by introducing Effective Multidimensional Persistence (EMP) framework which enables to investigate the data by varying multiple scale parameters simultaneously. EMP framework provides a highly expressive summary of the data by integrating the multiple descriptor functions to the process successfully. EMP naturally adapts to many known single PH summaries and convert them into multidimensional summaries, for example, EMP Landscapes, EMP Silhouettes, EMP Images, and EMP Surfaces. These summaries deliver a multidimensional fingerprint of the data as matrices and arrays which are suitable for various machine learning models. 
We apply EMP framework in graph classification tasks and observe that EMP boosts the performances of various single PH descriptors, and outperforms the most state-of-the-art methods on benchmark datasets. We further derive theoretical guarantees of the proposed EMP summary and prove the stability properties.",None
https://openreview.net/forum?id=rUxKM6u8WER,Test-time Adaptation for Better Adversarial Robustness,None,None,"Standard adversarial training and its variants have been widely adopted in practice to achieve robustness against adversarial attacks. However, we show in this work that such an approach does not necessarily achieve near optimal generalization performance on test samples. Specifically it is shown that under suitable assumptions, Bayesian optimal robust estimator requires test-time adaptation, and such adaptation can lead to significant performance boost over standard adversarial training. Motivated by this observation, we propose a practically easy to implement method to improve the generalization performance of adversarially-trained networks via an additional self-supervised test-time adaptation step. We further employs a meta adversarial training method to find a good starting point for test-time adaptation, which incorporates the test-time adaptation procedure into the training phase and it strengthens the correlation between the pre-text tasks in self-supervised learning and the original classification task. Extensive empirical experiments on CIFAR10, STL10 and Tiny ImageNet using several different self-supervised tasks show that our method consistently improves the robust accuracy of standard adversarial training under different white-box and black-box attack strategies.",None
https://openreview.net/forum?id=u89Eq-_3oE4,AutoShot: A Short Video Dataset and State-of-the-Art Shot Boundary Detection,Shot boundary detection; short video; dataset,None,"The short-form videos have explosive popularity and have dominated the new social media trends. Prevailing short-video platforms, e.g., TikTok, Instagram Reels, and YouTube Shorts, have changed the way we consume and create content. For video content creation and understanding, the shot boundary detection (SBD) is one of the most essential components in various scenarios. In this work, we release a new public Short video sHot bOundary deTection dataset, named SHOT, consisting of 853 complete short videos and 11,606 shot annotations, with 2,716 high quality shot boundary annotations in 200 test videos. Leveraging this new data wealth, we propose to optimize the model design for video SBD, by conducting neural architecture search in a search space encapsulating various advanced 3D ConvNets and Transformers. Our proposed approach, named AutoShot, achieves higher F1 scores than previous state-of-the-art approaches, e.g., outperforming TransNetV2 by 4.2%, when being derived and evaluated on our newly constructed SHOT dataset. Moreover, to validate the generalizability of the AutoShot architecture, we directly evaluate it on another three public datasets: ClipShots, BBC and RAI, and the F1 scores of AutoShot outperform previous state-of-the-art approaches by 1.1%, 0.9% and 1.2%, respectively. The SHOT dataset and code will be released.",None
https://openreview.net/forum?id=-59_mb1lOf4,Communication-Efficient and Drift-Robust Federated Learning via Elastic Net,Federated learning; Data heterogeneity; Optimization,None,"Federated learning (FL) is a distributed method to train a global model over a set of local clients while keeping data localized, which reduces risks of privacy and security. FL framework faces important challenges including expensive communication cost and client drift problem. Leveraging the elastic net, we propose a communication-efficient and drift-robust FL framework to improve the communication efficiency and resolve the client drift problem. We repurpose two types of the elastic net regularizers (i.e., $\ell_1$ and $\ell_2$ penalties on the local model updates): (1) the $\ell_1$-norm regularizer sparsifies the local updates to enhance the communication efficiency and (2) the $\ell_2$-norm regularizer attempts to resolve the client drift problem by limiting the impact of drifting local updates due to data heterogeneity. Our framework is general; hence, it can be integrated with prior FL techniques, e.g., FedAvg, FedProx, SCAFFOLD, and FedDyn. We show that our framework effectively resolves the communication cost problem and the client drift problem simultaneously.",None
https://openreview.net/forum?id=QHiuyzE69Bx,Grounding High Dimensional Representation Similarity by Comparing Decodability and Network Performance,ablation; representation; semantic decoding; linear decoding; representation similarity; neural network interpretability; activation space,We evaluate representation similarity measures for sensitivity to decoding and network function using ablation on convolutional neural networks.,"To understand and interpret neural networks, representation similarity metrics have been used to compare learned representations between and across networks. Recent experiments have compared these similarity metrics to find the best performing and the most robust metrics, noting that classic baselines perform surprisingly well. These experiments are mostly constrained to studying relatively low-dimensional representations because of the computational cost of prominent representation similarity metrics. We extend previous work to test representation similarity metrics on larger convolutional networks processing larger images. In order to make this work possible, we employ reformulated representation similarity metrics for use on very high-dimensional representations. Using these reformulated similarity metrics, we test how well each metric captures changes to representations induced by ablations in two popular convolutional networks. In order to ground the effects of changes to representations in function, we use linear decoding probes and network performance measures. These measures of function allow us to test how well similarity metrics capture changes in decodable information versus changes in network performance. Linear decoding methods index available information in the representation, while network performance measures index the information used by the network. We show that all the tested representation similarity metrics significantly predict changes in network function and decodability. Within these metrics, on average, Procrustes and CKA outperform regularized CCA-based methods. All metrics predict decodability changes significantly better than they do network function. Procrustes and CKA do not outperform regularized CCA-based metrics for all network and functionality measure combinations. We add to the growing literature on representational similarity metrics to facilitate the improvement of current metrics for network interpretability.",None
https://openreview.net/forum?id=BsxMeLGAmU,Likelihood adjusted semidefinite programs for clustering heterogeneous data,clustering; likelihood inference; semidefinite programming; alternating maximization,We propose an iterative likelihood adjusted SDP for clustering under data heterogeneity.,"Clustering is a widely deployed unsupervised learning tool. Model-based clustering is a flexible framework to tackle data heterogeneity when the clusters have different shapes. Likelihood-based inference for mixture distributions often involves non-convex and high-dimensional objective functions, imposing difficult computational and statistical challenges. The classic expectation-maximization (EM) algorithm is a computationally thrifty iterative method that maximizes a surrogate function minorizing the log-likelihood of observed data in each iteration, which however suffers from bad local maxima even in the special case of the standard Gaussian mixture model with common isotropic covariance matrices. On the other hand, recent studies reveal that the unique global solution of a semidefinite programming (SDP) relaxed $K$-means achieves the information-theoretically sharp threshold for perfectly recovering the cluster labels under the standard Gaussian mixture model. In this paper, we extend the SDP approach to a general setting by integrating cluster labels as model parameters and propose an iterative likelihood adjusted SDP (iLA-SDP) method that directly maximizes the \emph{exact} observed likelihood in the presence of data heterogeneity. By lifting the cluster assignment to group-specific membership matrices, iLA-SDP avoids centroids estimation -- a key feature that allows exact recovery under well-separateness of centroids without being trapped by their adversarial configurations. Thus iLA-SDP is less sensitive than EM to initialization and more stable on high-dimensional data. Our numeric experiments demonstrate that iLA-SDP can achieve lower mis-clustering errors over several widely used clustering methods including $K$-means, SDP and EM algorithms.",None
https://openreview.net/forum?id=frwz3TheDeH,AIA: learn to design greedy algorithm for NP-complete problems using neural networks,None,None,"Algorithm design is an art that heavily requires intuition and expertise of the human designers as well as insights into the problems under consideration. In particular, the design of greedy-selection rules, the core of greedy algorithms, is usually a great challenge to designer: it is relatively easy to understand a greedy algorithm while it is always difficult to find out an effective greedy-selection rule. In the study, we present an approach, called AIA, to learn algorithm design with the aid of neural networks. We consider the minimum weighted set cover (SC) problem, one of the NP-hard problems, as an representative example. Initially, we formulate a given weighted SC problem as an 0-1 integer linear program (ILP): each variable $x_i$ has two options, i.e., $x_i=0$, which denotes abandon of the set $s_i$, and $x_i = 1$, which denotes selection of  $s_i$. Each option of a variable leads to a sub-problem with respect to the original ILP problem. Next, we design a generic search framework to find the optimal solution to the ILP problem. At each search step, the value of a variable is determined with the aid of neural networks. The key of our neural network is the loss function: the original ILP problem and the  sub-problems generated by assigning a variable $x_i$ should satisfy the Bellman-Ford equation, and the dissatisfication of the Bellman-Ford equation is evaluated and used as loss function of our neural network. The trained neural network is used as greedy-selection rule. Experimental results on representative instances suggest that using the NN-based greedy selection rule, we can successfully find the optimal solutions. More importantly, the NN-based greedy-selection rule outperform the outstanding Chavatal greedy algorithm, which was designed by human expert. The basic idea of our approach can be readily extended without significant modification to design greedy algorithm for  other NP-hard problems.",None
https://openreview.net/forum?id=JX1OCjfABRj,Self-Adaptive Perturbation Radii for Adversarial Training,None,None,"Adversarial training has been shown to be the most popular and effective  technique to protect models from imperceptible adversarial samples. Despite its success, it also accompanies the significant performance degeneration to clean data. To achieve a good performance on both clean and adversarial samples, the main effort  is searching for an adaptive perturbation radius for each training sample, which essentially suffers from a  conflict between exact searching  and  computational overhead. To address this conflict, in this paper, firstly we show the superiority of adaptive perturbation radii intuitively and theoretically regarding the   accuracy and robustness respectively. Then we propose our novel self-adaptive adjustment framework for perturbation radii without tedious searching. We also discuss this framework on both deep neural networks (DNNs) and kernel support vector machines (SVMs).  Finally, extensive experimental results show that our framework can improve not only natural generalization performance but also adversarial robustness. It is also competitive with existing searching strategies in terms of running time.",None
https://openreview.net/forum?id=cIFtriyX6on,GCINT: Dynamic Quantization Algorithm for Training Graph Convolution Neural Networks Using Only Integers,Quantization; Graph Neural Networks; Acceleration Training; Integers Networks,Robust and Adaptive Quantization Algorithm for Training Graph Convolution Neural Networks Using Only Integers,"Quantization approaches can minimize storage costs while decreasing the computational complexity of a model, although there is minimal study in the GNN field on quantization networks. We studied the four primary reasons why existing quantization approaches cannot be employed extensively with GNNs: (1)Quantifying the distinctions between data sources; (2)Quantifying the distinctions between data streams; (3)Quantifying the distinctions between concentrations; (4)QAT’s Limitations. Based on this, we propose GCINT, which is an efficient quantization framework prepared for GNN training. The entire forward, backward, optimizer, and loss functions are calculated using integer data. We achieved a training acceleration ratio of nearly 10× compared to FP32 Cuda Core in RTX 2080TI INT8 Tensor Core. Our quantization is independent of the dataset and weight distribution, and more than 2,000 randomized trials have been undertaken on the 8 popular GNN benchmark datasets, with all achieving errors within 1% of the FP32.",None
https://openreview.net/forum?id=fGm87trHel_,A Closer Look at the Calibration of Differentially Private Learners,Calibration; Differential Privacy,None,"We systematically study the calibration of classifiers trained with differentially private stochastic gradient descent (DP-SGD) and observe miscalibration across a wide range of vision and language tasks. Our analysis identifies per-example gradient clipping in DP-SGD as a major cause of miscalibration, and we show that existing approaches for improving calibration with differential privacy only provide marginal improvements in calibration error while occasionally causing large degradations in accuracy. As a solution, we show that differentially private variants of post-processing calibration methods such as temperature scaling and Platt scaling are surprisingly effective and have negligible utility cost to the overall model. Across 7 tasks, temperature scaling and Platt scaling with DP-SGD result in an average 3.1-fold reduction in the in-domain expected calibration error and only incur at most a minor percent drop in accuracy.",None
https://openreview.net/forum?id=C9sU3Tnnki8,Exploring Transformer Backbones for Heterogeneous Treatment Effect Estimation,Causal Inference; Continuous Treatment Effect; Heterogeneous Treatment Effect,We propose a general-purpose treatment effect estimator which significantly outperforms competitive baselines on a variety of challenging TEE problems.,"Previous works on Treatment Effect Estimation (TEE) are not in widespread use because they are predominantly theoretical, where strong parametric assumptions are made but untractable for practical application. Recent works use Multilayer Perceptron (MLP) for modeling casual relationships, however, MLPs lag far behind recent advances in ML methodology, which limits their applicability and generalizability. To extend beyond the single domain formulation and towards more realistic learning scenarios, we explore model design spaces beyond MLPs, i.e., transformer backbones, which provide flexibility where attention layers govern interactions among treatments and covariates to exploit structural similarities of potential outcomes for confounding control. Through careful model design, Transformers as Treatment Effect Estimators (TransTEE) is proposed. We show empirically that TransTEE can: (1) serve as a general-purpose treatment effect estimator which significantly outperforms competitive baselines on a variety of challenging TEE problems (e.g., discrete, continuous, structured, or dosage-associated treatments.) and is applicable to both when covariates are tabular and when they consist of structural data (e.g., texts, graphs); (2) yield multiple advantages: compatibility with propensity score modeling, parameter efficiency, robustness to continuous treatment value distribution shifts, explainable in covariate adjustment, and real-world utility in auditing pre-trained language models.",None
https://openreview.net/forum?id=vT2OIobt3pQ,Few-Shot Learning with Representative Global Prototype,None,None,"Few-shot learning is often challenged by low generalization performance due to the assumption that the data distribution of novel classes and base classes is similar while the model is trained only on the base classes. To mitigate the above issues, we propose a few-shot learning with representative global prototype method. Specifically, to enhance the generalization to novel classes, we propose a method to jointly train the base classes and the novel classes, using selected representative and non-representative samples to optimize representative global prototypes, respectively. Additionally, a method that organically combines the sample of base classes conditional on semantic embedding to generate new samples of novel classes with the original data is proposed to enhance the data of novel classes. Results show that this training method improves the model's ability to describe novel classes, improving the classification performance for a few shots. Intensive experiments have been conducted on two popular benchmark datasets, and the experimental results show that this method significantly improves the classification ability of few-shot learning tasks and achieves state-of-the-art performance.",None
https://openreview.net/forum?id=79xEHFvjx9p,Feature-Driven Talking Face Generation with StyleGAN2,Talking face; GAN; Feature Selection,Audio and image features are extracted through Gan to generate talking face.,"In this work, we wish to use a face image that generate a more natural and real face talking animation video. This is not an easy task because face appearance variation and semantics of speech are coupled together when tacking face have a micro movement. Audio features sometimes contain information about expressions, but they are not accurate enough. So a single audio feature cannot fully represent the movement of the face. For the above reason, we want to use different features to generate talking faces. The StyleGan series show good performance in the direction of image processing, and can perform the style migration task of portraits very well at the same time. We find that StyleGan can be used as a talking face generator. At the same time, we also encode and extract non-identity features and non-lip features, and try to find the subtle relationship between the features and the talking face. We also use the evaluation and ablation study to measure the quality of the generated videos and examine whether our approach is effective and feasible.",None
https://openreview.net/forum?id=K8oz8DyuJD,Supernet Training for Federated Image Classification Under System Heterogeneity,Federated Learning; Image Classification; Supernet Training; System Heterogeneity,We propose a novel framework to tackle issues of data-heterogeneity and model-heterogeneity simultaneously by referring to supernet training.,"Efficient deployment of deep neural networks across many devices and resource constraints, particularly on edge devices, is one of the most challenging problems in the presence of data-privacy preservation issues. Conventional approaches have evolved to either improve a single global model while keeping each local heterogeneous training data decentralized (i.e. data heterogeneity; Federated Learning (FL)) or to train an overarching network that supports diverse architectural settings to address heterogeneous systems equipped with different computational capabilities (i.e. system heterogeneity; Neural Architecture Search). However, few studies have considered both directions simultaneously. This paper proposes the federation of supernet training (FedSup) framework to consider both scenarios simultaneously, i.e., where clients send and receive a supernet that contains all possible architectures sampled from itself. The approach is inspired by observing that averaging parameters during model aggregation for FL is similar to weight-sharing in supernet training. Thus, the proposed FedSup framework combines a weight-sharing approach widely used for training single shot models with FL averaging (FedAvg). Furthermore, we develop an efficient algorithm (E-FedSup) by sending the sub-model to clients on the broadcast stage to reduce communication costs and training overhead, including several strategies to enhance supernet training in the FL environment. We verify the proposed approach with extensive empirical evaluations. The resulting framework also ensures data and model heterogeneity robustness on several standard benchmarks.",None
https://openreview.net/forum?id=GUSf17i8RMZ,CircuitNet: A Generic Neural Network to Realize Universal Circuit Motif Modeling,Bio-inspired neural network; Deep Learning,We proposed CircuitNet by modeling the universal circuit motifs and structures in human brains to function as a generic neural network and tested in several machine learning tasks.,"The successes of artificial neural networks (ANNs) are largely attributed to mimicking the human brain structures. Recent advances in neuroscience revealed that neurons interact with each other through various kinds of connectivity patterns to process information, in which the common connectivity patterns are also called circuit motifs. However, many existing ANNs can only model one or two circuit motifs in their architectures, so that their performance may drastically vary among different types of machine learning tasks. 
In this paper, we propose a new type of neural network inspired by the architectures of neuronal circuits, namely Circuit Neural Network (CircuitNet). In CircuitNet, a group of densely connected neurons, namely circuit motif unit (CMU), form the basic unit of the network, which is capable of modeling universal circuit motifs by adjusting the weights within the CMUs. Compared with traditional feed-forward networks, CircuitNet has the ability to model more types of neuron connections such as feed-back and lateral motifs.
Inspired by the locally dense and globally sparse structure of the human brain, several iterations of signal transmission among different CMUs are achieved by sparse connections through the input ports and output ports of different CMUs. 
Experiments have demonstrated that CircuitNet can outperform popular neural network architectures in function approximation, reinforcement learning, image classification, and time series forecasting tasks.",None
https://openreview.net/forum?id=AO8F51yRk67,Covariance-Robust Minimax Probability Machines for Algorithmic Recourse,Optimization and Learning under Uncertainty; Algorithmic Recourse; Trustworthy ML and Statistics,We propose a novel pipeline to generate a model-agnostic recourse that is robust to model shifts.,"Algorithmic recourse is rising as a prominent technique to promote the explainability and transparency of the predictive model in ethical machine learning. Existing approaches to algorithmic recourse often assume an invariant predictive model; however, this model, in reality, is usually updated temporally upon the input of new data. Thus, a recourse that is valid respective to the present model may become invalid for the future model. To resolve this issue, we propose a pipeline to generate a model-agnostic recourse that is robust to model shifts. Our pipeline first estimates a linear surrogate of the nonlinear (black-box) model using covariance-robust minimax probability machines (MPM); then, the recourse is generated with respect to this robust linear surrogate. We show that the covariance-robust MPM recovers popular regularization schemes, including l_2-regularization and class-reweighting. We also show that our covariance-robust MPM pushes the decision boundary in an intuitive manner, which facilitates an interpretable generation of a robust recourse. The numerical results demonstrate the usefulness and robustness of our pipeline.",None
https://openreview.net/forum?id=oWjudQ3w2y,EM-Network: Learning Better Latent Variable for Sequence-to-Sequence Models,Connectionist temporal classification; Speech recognition; Machine translation,We propose a new sequence model that can learn a promising latent variable by allowing the target sequence as the model's additional input. It significantly advances the current SOTA approaches in speech recognition and machine translation tasks.,"In a sequence-to-sequence (seq2seq) framework, the use of an unobserved latent variable, such as latent alignment and representation, is important to address the mismatch problem between the source input and target output sequences. Existing seq2seq literature typically learns the latent space by only consuming the source input, which might produce a sub-optimal latent variable for predicting the target. Extending an expectation-maximization (EM)-like algorithm, we introduce EM-Network that can yield the promising latent variable by leveraging the target sequence as the model's additional training input. The target input is used as guidance to provide the target-side context and reduce the candidates of the latent variable. The proposed framework is trained in a new self-distillation setup, allowing the original sequence model to benefit from the latent variable of the EM-Network. Specifically, the EM-Network's prediction serves as a soft label for training the inner sequence model, which only takes the source as input. We theoretically show that our training objective can be a lower bound for the log-likelihood of the sequence model and is justified from the EM perspective. We conduct comprehensive experiments on two sequence learning tasks: speech recognition and machine translation. Experimental results demonstrate that the EM-Network significantly advances the current state-of-the-art self-supervised learning approaches. It improves over the best prior work on speech recognition and establishes state-of-the-art performance on WMT'14 and IWSLT'14 datasets. Moreover, the proposed method even achieves considerable performance improvement for fully supervised learning.",None
https://openreview.net/forum?id=Hq16Jk2bVlp,AutoFHE: Automated Adaption of CNNs for Efficient Evaluation over FHE,Fully Homomorphic Encryption; Multi-Objective Co-Evolutionary Search; RNS-CKKS,Automated adaption of CNNs to the RNS-CKKS FHE scheme by jointly evolving polynomial activations (EvoReLUs) and searching for placement of bootstrapping operations.,"Secure inference of deep convolutional neural networks (CNNs) was recently demonstrated under the RNS-CKKS fully homomorphic encryption (FHE) scheme. The state-of-the-art solution uses a high-order composite polynomial to approximate non-arithmetic ReLUs and refreshes zero-level ciphertext through bootstrapping. However, this solution suffers from prohibitively high latency, both due to the number of levels consumed by the polynomials ($47\%$) and the inference time consumed by bootstrapping operations ($70\%$). Furthermore, it requires a hand-crafted architecture for homomorphically evaluating CNNs by placing a bootstrapping operation after every Conv-BN layer. To accelerate CNNs on FHE and automatically design a homomorphic evaluation architecture, we propose AutoFHE: Automated adaption of CNNs for evaluation over FHE. AutoFHE exploits the varying sensitivity of approximate activations across different layers in a network and jointly evolves polynomial activations (EvoReLUs) and searches for placement of bootstrapping operations for evaluation under RNS-CKKS. The salient features of AutoFHE include: i) a multi-objective co-evolutionary (MOCoEv) search algorithm to maximize validation accuracy and minimize the number of bootstrapping operations, ii) a gradient-free search algorithm, R-CCDE, to optimize EvoReLU coefficients, and iii) polynomial-aware training (PAT) to fine-tune polynomial-only CNNs for one epoch to adapt trainable weights to EvoReLUs. We demonstrate the efficacy of AutoFHE through the evaluation of ResNets on CIFAR-10 and CIFAR-100 under RNS-CKKS. Experimental results on CIFAR-10 indicate that in comparison to the state-of-the-art solution, AutoFHE reduces inference time (50 images on 50 threads) by 1,000 seconds and amortized inference time (per image) by $28\%$ and $17\%$ for ResNet-20 and ResNet-32, respectively.",None
https://openreview.net/forum?id=zNQ0IywxSuU,REPRESENTATIVE PROTOTYPE WITH CONSTRASTIVE LEARNING FOR SEMI-SUPENVISED FEW-SHOT CLASSIFICATION,SEMI-SUPENVISED FEW-SHOT CLASSIFICATION,None,"Few-shot learning aims to learn novel classes in the dataset with few samples per class, which is a very challenging task. To mitigate this issue, the prior work obtain representative prototypes with semantic embeddin based on prototypical networks. While the above methods do not meet the requirement of few-shot learning, which requires abundant labeled samples. Therefore, We propose a new model framework to get representative prototypes with semi-supervised learning. Specifically, we introduces the dataset containing unlabeled samples to assist training the model. More importantly, to fully utilize these unlabeled samples, we adopt conditional variational autoencoder to construct more representative prototypes. Simultaneously, we develop novel contrastive loss to improve the model generalization ability. We evaluate our method on miniImageNet and tieredImageNet benchmarks for both 1-shot and 5-shot settings and achieve better performance over the state-of-the-art semisupervised few-shot method.",None
https://openreview.net/forum?id=a_yFkJ4-uEK,Data-efficient Supervised Learning is Powerful for Neural Combinatorial Optimization,combinatorial optimization; data augmentation; neural combinatorial optimization; learning to optimize,None,"Neural combinatorial optimization (NCO) is a promising learning-based approach to solve difficult combinatorial optimization problems. However, how to efficiently train a powerful NCO solver remains challenging. The widely-used reinforcement learning method suffers from sparse rewards and low data efficiency, while the supervised learning approach requires a large number of high-quality solutions. In this work, we develop efficient methods to extract sufficient supervised information from limited labeled data, which can significantly overcome the main shortcoming of supervised learning. To be specific, we propose a set of efficient data augmentation methods and a novel bidirectional loss to better leverage the equivalent properties of problem instances, which finally lead to a promising supervised learning approach. The thorough experimental studies demonstrate our proposed method can achieve state-of-the-art performance on the traveling salesman problem (TSP) only with a small set of 50,000 labeled instances, while it also enjoys better generalization performance. We believe this somewhat surprising finding could lead to valuable rethinking on the value of efficient supervised learning for NCO.",None
https://openreview.net/forum?id=SEfxlDwL7fR,Temporally-Weighted Spike Encoding for Event-based Object Detection and Classification,Event-based vision; spiking neural networks; object detection; classification,Performing spiking neural network-based classification and object detection using a new spike encoding method for event-based vision sensors.,"Event-based cameras exhibit high dynamic range and temporal precision that could make them ideal for detecting objects with high speeds and low relative luminance. These properties have made event-based cameras especially interesting for use in space domain awareness tasks, such as detecting dim, artificial satellites with high brightness backgrounds using ground-based optical sensors; however, the asynchronous nature of event-based data presents new challenges to performing objection detection. While spiking neural networks (SNNs) have been shown to naturally complement the asynchronous and binary properties of event-based data, they also present a number of challenges in their training, such as the spike vanishing problem and the large number of timesteps required for maximizing classification and detection accuracy. Furthermore, the extremely high sampling rate of event-based sensors and the density of noisy space-based data collections can results in excessively large event streams within a short window of recording. We present a temporally-weighted spike encoding that greatly reduces the number of spikes derived from an event-based data stream, enabling the training of larger SNNs with fewer timesteps for maximal accuracy. We propose using this spike encoding with a variant of convolutional SNN trained utilizing surrogate spiking neuron gradients with backpropagation-through-time (BPTT) for both classification and object detection tasks with an emphasis on space-domain awareness. To demonstrate the efficacy of our encoding and SNN approach, we present competitive classification accuracies on benchmark datasets N-MNIST (99.7%), DVS-CIFAR10 (74.0%), and N-Caltech101 (72.8%), as well as state-of-the-art object detection performance on event-based, satellite collections.",None
https://openreview.net/forum?id=9xlU4lhri9,Rethinking the Structure of Stochastic Gradients: Empirical and Statistical Evidence,Gradient Noise; SGD; Deep Learning,We rethink the heavy-tail phenomenon and the covariance structure of stochastic gradients via novel empirical and statistical evidences.,"It is well known that stochastic gradients significantly improve both optimization and generalization of deep neural networks (DNNs). Some works attempted to explain the success of stochastic optimization for deep learning by the arguably heavy-tail properties of gradient noise, while other works presented theoretical and empirical evidence against the heavy-tail hypothesis on gradient noise. Unfortunately, formal statistical tests for analyzing the structure and heavy tails of stochastic gradients in deep learning are still under-explored. In this paper, we mainly make two contributions. First, we conduct formal statistical tests on the distribution of stochastic gradients and gradient noise across both parameters and iterations. Our statistical tests reveal that dimension-wise gradients usually exhibit power-law heavy tails, while iteration-wise gradients and stochastic gradient noise caused by minibatch training usually do not exhibit power-law heavy tails. Second, we further discover that the covariance spectra of stochastic gradients have the power-law structures in deep learning. While previous papers believed that the anisotropic structure of stochastic gradients matters to deep learning, they did not expect the gradient covariance can have such an elegant mathematical structure. Our work challenges the existing belief and provides novel insights on the structure of stochastic gradients. The novel structure of stochastic gradients may help understand the success of stochastic optimization for deep learning.",None
https://openreview.net/forum?id=44GCcwJ5X2,Representing Multi-view Time-series Graph Structures for Multivariate Long-term Time-series Forecasting,time series forecasting; deep learning; representational learning,"An efficient, highly accurate, lightweight model for multivariate long-term time series forecasting.","Multivariate long-term time-series forecasting task is a very challenging task in real-world application areas, such as electricity consumption and influenza-like illness forecasting. At present, researchers are focusing on designing robust and effective models, and have achieved good results. However, there are several issues with existing models that need to be overcome to ensure they provide optimal performance. First, the lack of a relationship structure between multivariate variables needs to be addressed. Second, most models only have a weak ability to capture local dynamic changes across the entire long-term time-series. And, third, the current models suffer from high computational complexity and unsatisfactory accuracy. To address these issues, we propose a novel method called Multi-view Time-series Graph Structure Representation (MTGSR) for multivariate long-term time-series forecasting tasks. MTGSR uses graph convolutional networks (GCNs) to construct topological relationships in the multivariate long-term time-series from three different perspectives: time, dimension, and crossing segments. Variation trends in the different dimensions of the multivariate long-term time-series are extracted through a difference operation so as to construct a topological map that reflects the correlations between the different dimensions. Then, to capture the dynamically changing characteristics of the fluctuation correlations between adjacent local sequences, MTGSR constructs a cross graph by calculating the correlation coefficients between adjacent local sequences. Extensive experiments on five different datasets show that MTGSR reduces errors by 20.41% over the state-of-the-art while maintaining linear complexity. Additionally, memory use is decreased by 66.52% and running time is reduced by 78.09%.",None
https://openreview.net/forum?id=N-S6pJrlkK,Improving Language Model Pretraining with Text Structure Information,Language Model Pretraining; Representation Learning,A pretraining task that distinguishes text structure relationships between sentences can improve general-purpose language model pretraining.,"Inter-sentence pretraining tasks learn from sentence relationships and facilitate high-level language understanding that cannot be directly learned in word-level pretraining tasks. However, we have found experimentally that existing inter-sentence methods for general-purpose language pretraining improve performance only at a relatively small scale but not at larger scales. For an alternative, we propose Text Structure Prediction (TSP), a more sophisticated inter-sentence task that uses text structure to provide more abundant self-supervised learning signals to pretraining models at larger scales. TSP classifies sentence pairs over six designed text structure relationships and it can be seen as an implicit form of learning high-level language understanding by identifying key concepts and relationships in texts. Experiments show that TSP provides improved performance on language understanding tasks for models at various scales. Our approach thus serves as an initial attempt to demonstrate that the exploitation of text structure can facilitate language understanding.",None
https://openreview.net/forum?id=917v6o8fO7,Generalizable Person Re-identification Without Demographics,Generalizable Person Re-Identification; Distributionally robust optimization; Change-of-measure technique,None,"Domain generalizable person re-identification (DG-ReID) aims to learn a ready-to-use domain-agnostic model directly for cross-dataset/domain evaluation, while current methods mainly explore the demographic information such as domain and/or camera labels for domain-invariant representation learning. However, the above-mentioned demographic information is not always accessible in practice due to privacy and security issues. In this paper, we consider the problem of person re-identification in a more general setting, \ie domain generalizable person re-identification without demographics (\textbf{DGWD-ReID}). To address the underlying uncertainty of domain distribution, we introduce distributionally robust optimization (DRO) to learn robust person re-identification models that perform well on all possible data distributions within the uncertainty set without demographics. However, directly applying the popular Kullback-Leibler divergence constrained DRO (or KL-DRO) fails to generalize well under the distribution shifts in real-world scenarios, since the convex condition may not hold for overparameterized neural networks. Inspired by this, we analyze and reformulate the popular KL-DRO by applying the change-of-measure technique, and then propose a simple yet efficient approach, \textbf{Unit-DRO}, which minimizes the loss over a new dataset with hard samples upweighted and other samples downweighted. We perform extensive experiments on both domain generalizable and cross-domain person re-identification tasks, and the empirical results on several large-scale benchmarks show that \iw~achieves superior performance compared to all baselines without using demographics.",None
https://openreview.net/forum?id=9dFQcu9vmX,MemoNav: Working Memory Model for Visual Navigation,Image-Goal Navigation; Memory mechanism; Embodied visual navigation; Embodied AI,"The MemoNav learns three types of scene representations, which contain goal-relevant information and scene-level features and are utilized to improve navigation performance in both 1-goal and multi-goal ImageNav tasks.","We present MemoNav, a novel memory model for image-goal navigation, which utilizes a working memory-inspired pipeline to improve navigation performance. Specifically, the node features on the topological map are stored in the short-term memory (STM), as these features are dynamically updated. The MemoNav retains the informative fraction of the STM via a forgetting module to improve navigation efficiency. To learn a global representation of 3D scenes, we introduce long-term memory (LTM) that continuously aggregates the STM. Afterward, a graph attention module encodes the retained STM and the LTM to generate working memory (WM). After encoding, the WM contains the informative features in the retained STM and the scene-level feature in the LTM and is finally used to generate actions. Consequently, the synergy of these three types of memory increases navigation performance by selectively retaining goal-relevant information and learning a high-level scene feature. When evaluated on multi-goal tasks, the MemoNav outperforms the SoTA methods at all difficulty levels in both Gibson and Matterport3D scenes. The MemoNav also achieves consistent improvements on traditional 1-goal tasks. Moreover, the qualitative results show that our model is less likely to be trapped in a deadlock.",None
https://openreview.net/forum?id=gLl0fZQo6Vu,Agent-Controller Representations: Principled Offline RL with Rich Exogenous Information,offline RL; exogenous information; representation learning; latent state recovery; robustness,representation learning methods for robustness to exogenous information based new offline RL benchmarks,"Learning to control an agent from data collected offline in a rich pixel-based visual observation space is vital for real-world applications of reinforcement learning (RL). A major challenge in this setting is the presence of input information that is hard to model and irrelevant to controlling the agent. This problem has been approached by the theoretical RL community through the lens of exogenous information, i.e, any control-irrelevant information contained in observations. For example, a robot navigating in busy streets needs to ignore irrelevant information, such as other people walking in the background, textures of objects, or birds in the sky. In this paper, we focus on the setting with visually detailed exogenous information, and introduce new offline RL benchmarks offering the ability to study this problem. We find that contemporary representation learning techniques can fail on datasets where the noise is a complex and time dependent process, which is prevalent in practical applications. To address these, we propose to use multi-step inverse models, which have seen a great deal of interest in the RL theory community, to learn Agent-Controller Representations for Offline-RL (ACRO). Despite being simple and requiring no reward, we show theoretically and empirically that the representation created by this objective greatly outperforms baselines.",None
https://openreview.net/forum?id=h5z_RaWLdG1,How Does Adaptive Optimization Impact Local Neural Network Geometry?,optimization; adaptive algorithms; neural networks,We study the difference between the local geometry of the training objective in deep learning using Adaptive algorithms and SGD.,"Adaptive optimization methods are well known to achieve superior convergence relative to vanilla gradient methods. The traditional viewpoint in optimization, particularly in convex optimization, explains this improved performance by arguing that, unlike vanilla gradient schemes, adaptive algorithms mimic the behavior of a second-order method by adapting to the global geometry of the loss function. We argue that in the context of neural network optimization, this traditional viewpoint is insufficient. Instead, we advocate for a local trajectory analysis. For iterate trajectories produced by running a generic optimization algorithm OPT, we introduce $R^{\text{OPT}}_{\text{med}}$, a statistic that is analogous to the condition number of the loss Hessian evaluated at the iterates. Through extensive experiments, we show that adaptive methods such as Adam bias the trajectories towards regions where $R^{\text{Adam}}_{\text{med}}$ is small, where one might expect faster convergence. By contrast, vanilla gradient methods like SGD bias the trajectories towards regions where $R^{\text{SGD}}_{\text{med}}$ is comparatively large. We complement these empirical observations with a theoretical result that provably demonstrates this phenomenon in the simplified setting of a two-layer linear network. We view our findings as evidence for the need of a new explanation of the success of adaptive methods, one that is different than the conventional wisdom.",None
https://openreview.net/forum?id=NTTc8wZktaT,Substructured Graph Convolution for Non-overlapping Graph Decomposition,Graph convolution; non-overlapping graph decomposition; parallel computation; substructuring method,A novel graph convolution for non-overlapping graph decomposition.,"Graph convolutional networks have been widely used to solve the graph problems such as node classification, link prediction, and recommender systems. It is well known that large graphs require large amount of memory and time to train graph convolutional networks. To deal with large graphs, many methods are being done, such as graph sampling or decomposition. In particular, graph decomposition has the advantage of parallel computation, but information loss occurs in the interface part. In this paper, we propose a novel substructured graph convolution that reinforces the interface part lost by graph decomposition. Numerical results indicate that the proposed method is robust in the number of subgraphs compared to other methods.",None
https://openreview.net/forum?id=gnULZPMCPz,On the Neural Tangent Kernel of Equilibrium Models,Equilibrium model; neural tangent kernel,None,"This work studies the neural tangent kernel (NTK) of deep equilibrium (DEQ) model, a practical ``infinite-depth'' architecture which directly computes the infinite-depth limit of a weight-tied network via root-finding. Even though the NTK of a fully-connected neural network is stochastic if its width and depth both tend to infinity simultaneously, we show that contrarily a DEQ model still enjoys a deterministic NTK despite its width and depth going to infinity at the same time. Moreover, such deterministic NTK can be found efficiently via root-finding.",None
https://openreview.net/forum?id=uFWSIObdx5H,"Beyond Counting Linear Regions of Neural Networks, Simple Linear Regions Dominate!",None,None,"Functions represented by a neural network with the widely-used ReLU activation are piecewise linear functions over linear regions (polytopes). Figuring out the properties of such polytopes is of fundamental importance for the development of neural networks.
So far, either theoretical or empirical studies on polytopes stay at the level of counting their number. Despite successes in explaining the power of depth and so on, counting the number of polytopes puts all polytopes on an equal booting, which is essentially an incomplete characterization of polytopes. Beyond counting, here we study the shapes of polytopes via the number of simplices obtained by triangulations of polytopes. First, we demonstrate the properties of the number of simplices in triangulations of polytopes, and compute the upper and lower bounds of the maximal number of simplices that a network can generate. Next, by computing and analyzing the histogram of simplices across polytopes, we find that a ReLU network has surprisingly uniform and simple polytopes, although these polytopes theoretically can be rather diverse and complicated. This finding is a novel implicit bias that concretely reveals what kind of simple functions a network learns and sheds light on why deep learning does not overfit. Lastly, we establish a theorem to illustrate why polytopes produced by a deep network are simple and uniform. The core idea of the proof is counter-intuitive: adding depth probably does not create a more complicated polytope. We hope our work can inspire more research into investigating polytopes of a ReLU neural network, thereby upgrading the knowledge of neural networks to a new level.",None
https://openreview.net/forum?id=h3vfP9ASoXEK,Recovering Top-Two Answers and Confusion Probability in Multi-Choice Crowdsourcing,Crowdsourcing; multiple choice; detecting confusion; task difficulty; two-stage inference algorithm; minimax optimal convergence rate,We propose a computationally and statistically efficient algorithm for multi-choice crowdsourced labeling to recover not only the ground truth but also the most confusing answer with confusion probability.,"We consider multi-choice crowdsourced labeling with the goal of recovering not only the ground truth but also the most confusing answer and the confusion probability. The most confusing answer provides useful information about the task by revealing the most plausible answer other than the ground truth and how plausible it is. To theoretically analyze such scenarios, we propose a model where there are top-two plausible answers for each task, distinguished from the rest of choices. Task difficulty is quantified by the confusion probability between the top two, and worker reliability is quantified by the probability of giving an answer among the top two. Under this model, we propose a two-stage inference algorithm to infer the top-two answers, where the first stage uses the spectral method to obtain an initial estimate for the top two, and the second stage uses the result of the first stage to refine the estimates based on the maximum likelihood estimator (MLE). We show that our algorithm achieves the minimax optimal convergence rate. We conduct both synthetic and real-data experiments and demonstrate that our algorithm achieves the performance near the optimal MLE for synthetic datasets and the best performance for real datasets compared to other recent algorithms. This shows that our model explains well the real datasets with heterogeneous task difficulties due to confusion between plausible answers.",None
https://openreview.net/forum?id=gEvzRWqFoCO,Contrastive Novelty Learning: Anticipating Outliers with Large Language Models,selective prediction; open-set classification; large language models; NLP,"We present Contrastive Novelty Learning, a method to improve open-set selective classification by generating probable novel examples with a large language model, then training a classifier for lower relative confidence on generated examples.","In many task settings, text classification models are likely to encounter examples from novel classes on which they cannot predict correctly. Selective prediction, in which models abstain on low-confidence examples, provides a possible solution, but existing models are often overly confident on OOD examples. To remedy this overconfidence, we introduce Contrastive Novelty Learning (CNL), a two-step method that generates OOD examples representative of novel classes, then trains to decrease confidence on them. First, we generate OOD examples by prompting a large language model twice: we prompt it to enumerate novel classes relevant to the label set, then generate examples from each novel class matching the task format. Second, we train our classifier with a novel contrastive objective that encourages lower confidence on generated OOD examples than training examples. When trained with CNL, classifiers improve in their ability to detect and abstain on OOD examples over prior methods by an average of 2.3% AUAC and 5.5% AUROC across 4 NLP datasets, with no cost to in-distribution accuracy.",None
https://openreview.net/forum?id=H-VlwsYvVi,Speculative Decoding: Lossless Speedup of Autoregressive Translation,None,None,"Different from some previous work accelerating autoregressive translation (AT) at the sacrifice of quality, we propose Speculative Decoding (SpecDec) -- a novel decoding paradigm inspired by speculative execution in computer architecture, which combines respective advantages of AT and non-autoregressive translation (NAT) for lossless speedup of translation. At each decoding step, SpecDec first speculatively drafts (i.e. decodes) next $k$ tokens with an NAT model and then verifies them with an AT model, where only the drafted tokens passing the verification are accepted as decoded tokens for guaranteeing its translation result is exactly the same as AT. The collaboration of NAT drafting and AT verification leads to a much higher decoding speed without quality loss due to parallel computing enabled by speculative decoding.

We conduct experiments in 4 standard WMT translation benchmarks and confirm the vanilla SpecDec yields exactly the same results as AT greedy decoding with an around $3\times$ speedup, and that its variant (SpecDec++) with an advanced verification strategy not only outperforms AT greedy decoding, but also further improves the decoding speed, resulting in an around $5\times$ speedup over AT. Moreover, SpecDec can be easily generalized for speeding up other seq2seq tasks like Abstractive Summarization, and benefit more from stronger computing devices, demonstrating its potential to become a de facto decoding standard in the future for efficient and lossless seq2seq generation.",None
https://openreview.net/forum?id=tCPheuUFBC,$$CONVOLUTION AND POOLING OPERATION MODULE WITH ADAPTIVE STRIDE PROCESSING EFFEC$$,convolution; pooling; adaptive; stride,None,"$$Convolutional neural network is one of the representative models of deep learning,
which has a wide range of applications. Convolution and pooling are two key op-
erations in convolutional neural networks. They play an important role in extract-
ing input features and mapping low-level semantic features to high-level semantic
features. Stride is an important parameter involved in convolution and pooling
operations, which refers to the distance of each slide of the convolution kernel
(pooling kernel) during the convolution (pooling) operation. The stride has an
impact on the granularity of feature extraction and the selection (filtering) of fea-
tures, thus affecting the performance of convolutional neural networks. At present,
in the training of convolutional neural networks, the content of convolution ker-
nel and pooling kernel can be determined by the optimization algorithm based
on gradient descent. However, the stride usually cannot be treated similarly, and
can only be selected manually as a hyperparameter. Most of the existing related
works choose a fixed stride, for example, the value is 1. In fact, different tasks
or inputs may require different stride for better model processing. Therefore, this
paper views the role of stride in convolution and pooling operation from the per-
spective of sampling, and proposes a convolution and pooling operation module
with adaptive stride processing effect. The feature of the proposed module is that
the feature map finally obtained by convolution or pooling operation is no longer
limited to equal interval downsampling (feature extraction) according to a fixed
stride, but adaptively extracted according to the changes of input features. We ap-
ply the proposed module on many convolutional neural network models, including
VGG, Alexnet and MobileNet for image classification, YOLOX-S for object de-
tection, Unet for image segmentation, and so on. Simulation results show that the
proposed module can effectively improve the perform$$",None
https://openreview.net/forum?id=0bLE93R9d0O,Transformer Module Networks for Systematic Generalization in Visual Question Answering,Systematic generalization; Neural Module Network; Transformer,Investigating whether and how modularity brings benefits to Transformer-based models,"Transformers achieve great performance on Visual Question Answering (VQA). However, their systematic generalization capabilities, i.e., handling novel combinations of known concepts, is unclear. We reveal that Neural Module Networks (NMNs), i.e., question-specific compositions of modules that tackle a sub-task, achieve better or similar systematic generalization performance than the conventional Transformers, even though NMNs' modules are CNN-based. In order to address this shortcoming of Transformers with respect to NMNs, in this paper we investigate whether and how modularity can bring benefits to Transformers. Namely, we introduce Transformer Module Network (TMN), a novel NMN based on compositions of Transformer modules. TMNs achieve state-of-the-art systematic generalization performance in three VQA datasets, improving more than 30% over standard Transformers for novel compositions of sub-tasks. We show that not only the module composition but also the module specialization for each sub-task are the key of such performance gain.",None
https://openreview.net/forum?id=YCMKCwN4PQw,Diving into Unified Data-Model Sparsity for Class-Imbalanced Graph Representation Learning,Graph representation learning; Class-imbalanced data,"We propose Graph Decantation, a novel method of discovering unified dynamic sparsity from both GNN model and graph data, to learn balanced graph representations.","Even pruned by the state-of-the-art network compression methods, recent research shows that deep learning model training still suffers from the demand of massive data usage. In particular, Graph Neural Networks (GNNs) trained upon non-Euclidean graph data often encounter relatively higher time costs, due to its irregular and nasty density properties, compared with data in the regular Euclidean space (e.g., image or text). Another natural property accompanied with graphs is class-imbalance which cannot be alleviated even with massive data, therefore hinders GNNs’ ability in generalization. To fully tackle these unpleasant properties, (i) theoretically, we introduce a hypothesis about to what extent a subset of the training data can approximate the full dataset’s learning effectiveness. The effectiveness is further guaranteed and proved by the gradients’ distance between the subset and the full set; (ii) empirically, we discover that during the learning process of a GNN, some samples in the training dataset are informative in providing gradients to update model parameters. Moreover, the informative subset evolves dynamically during the training process, for samples that are informative in the current training epoch may not be so in the next one. We refer this observation as dynamic data sparsity. We also notice that sparse subnets pruned from a well-trained GNN sometimes forget the information provided by the informative subset, reflected in their poor performance upon the subset. Based on these findings, we develop a unified data-model dynamic sparsity framework named Graph Decantation (GraphDec) to address challenges brought by training upon a massive class-imbalanced graph dataset. The key idea of GraphDec is to identify the informative subset dynamically during the training process by adopting sparse graph contrastive learning. Extensive experiments on multiple benchmark datasets demonstrate that GraphDec outperforms state-of-the-art baselines for the class-imbalanced graph classification and class-imbalanced node classification tasks, with respect to classification accuracy and data usage efficiency.",None
https://openreview.net/forum?id=0VhwJYrZew,FINE: Future-Aware Inference for Streaming Speech Translation,Streaming Speech Translation; Future-Aware Inference,Future-aware inference for streaming speech translation,"A popular approach to streaming speech translation is to employ a single offline model together with a \textit{wait-$k$} policy to support different latency requirements. It is a simpler alternative compared to training multiple online models with different latency constraints. However, there is an apparent mismatch in using a model trained with complete utterances on partial streaming speech during online inference. We demonstrate that there is a significant difference between the speech representations extracted at the end of a streaming input and their counterparts at the same positions when the complete utterance is available. Built upon our observation that this problem can be alleviated by introducing a few frames of future speech signals, we propose \textbf{F}uture-aware \textbf{in}ferenc\textbf{e} (FINE) for streaming speech translation with two different methods to make the model aware of the future. The first method FINE-Mask incorporates future context through a trainable masked speech model. The second method FINE-Wait simply waits for more actual future audio frames at the cost of extra latency. Experiments on the MuST-C EnDe, EnEs and EnFr benchmarks show that both methods are effective and can achieve better trade-offs between translation quality and latency than strong baselines, and a hybrid approach combining the two can achieve further improvement. Extensive analyses suggest that our methods can effectively alleviate the aforementioned mismatch problem between offline training and online inference.",None
https://openreview.net/forum?id=wFOGJB88Y5,HYPERPRUNING: EFFICIENT PRUNING THROUGH LYAPUNOV METRIC HYPERSEARCH,Network Pruning; Efficient Hyperparameter Searching; Lyapunov Spectrum,We proposed a novel method to search over pruning method and hyperparameters based on Lyapunov Spectrum.,"A variety of pruning methods have been introduced for over-parameterized recurrent neural networks to improve efficiency in terms of power and storage. With the advance in pruning methods and their variety, a new problem of ‘hyperpruning’ is becoming apparent: finding a suitable pruning method with optimal hyperparameter configuration for a particular task and network. Such search is different from the standard hyperparameter search, where the accuracy of the optimal configuration is unknown. In the context of network pruning, the accuracy of the non-pruned (dense) model sets the target for the accuracy of the pruned model. Thereby, the goal of hyperpruning is to reach or even surpass this target. It is critical to develop efficient strategies for hyperpruning since direct search through pruned variants would require time-consuming training without guarantees for improved performance. To address this problem, we introduce a novel distance based on Lyapunov Spectrum (LS) which provides means to compare pruned variants with the dense model and early in training to estimate the accuracy that pruned variants will achieve after extensive training. The ability to predict performance allows us to incorporate the LS-based distance with Bayesian hyperparameter optimization methods and to propose an efficient and first-of-its-kind hyperpruning approach called LS-based Hyperpruning (LSH) which can optimize the search time by an order of magnitude compared to standard full training search with the loss (or perplexity) being the accuracy metric. Our experiments on stacked LSTM and RHN language models trained with the Penn Treebank dataset show that with a given budget of training epochs and desired pruning ratio, LSH obtains more optimal variants than standard loss-based hyperparameter optimization methods. Furthermore, as a result of the search, LSH identifies pruned variants that outperform state-of-the-art pruning methods and surpass the accuracy of the dense model.",None
https://openreview.net/forum?id=1bLT3dGNS0,Relational Curriculum Learning for Graph Neural Networks,Graph neural networks; Curriculum learning,We propose a novel curriculum learning strategy to improve the generalization performance of graph neural network models by gradually involving edges from well-expected to less-expected in training.,"Graph neural networks have achieved great success in representing structured data and its downstream tasks such as node classification. The key idea is to recursively propagate and aggregate information along the edges of a given graph topology. However, edges in real-world graphs often have varying degrees of difficulty, and some edges may even be noisy to the downstream tasks. Therefore, existing graph neural network models may lead to suboptimal learned representations because they usually consider every edge in a given graph topology equally. On the other hand, curriculum learning, which mimics the human learning principle of learning data samples in a meaningful order, has been shown to be effective in improving the generalization ability of representation learners by gradually proceeding from easy to more difficult samples during training. Unfortunately, most existing curriculum learning strategies are designed for i.i.d data samples and cannot be trivially generalized to handle structured data with dependencies. In order to address these issues, in this paper we propose a novel curriculum learning method for structured data to leverage the various underlying difficulties of data dependencies to improve the quality of learned representations on structured data. Specifically, we design a learning strategy that gradually incorporates edges in a given graph topology into training according to their difficulty from easy to hard, where the degree of difficulty is measured by a self-supervised learning paradigm. We demonstrate the strength of our proposed method in improving the generalization ability of learned representations through extensive experiments on nine synthetic datasets and seven real-world datasets with different commonly used graph neural network models as backbone models.",None
https://openreview.net/forum?id=6Fq1-57gff,The World is Changing: Improving Fair Training under Correlation Shifts,trustworthy AI; fairness; correlation shifts,We analyze fundamental limits in accuracy and fairness of in-processing fair algorithms when the data bias changes with correlation shifts and propose a novel pre-processing step that improves their performances.,"Model fairness is an essential element for Trustworthy AI. While many techniques for model fairness have been proposed, most of them assume that the training and deployment data distributions are identical, which is often not true in practice. In particular, when the bias between labels and sensitive groups changes, the fairness of the trained model is directly influenced and can worsen. We make two contributions for solving this problem. First, we analytically show that existing in-processing fair algorithms have fundamental limits in accuracy and fairness. We introduce the notion of correlation shifts, which can explicitly capture the change of the above bias. Second, we propose a novel pre-processing step that samples the input data to reduce correlation shifts and thus enables the in-processing approaches to overcome their limitations. We formulate an optimization problem for adjusting the data ratio among labels and sensitive groups to reflect the shifted correlation. A key advantage of our approach lies in decoupling the roles of pre-processing and in-processing approaches: correlation adjustment via pre-processing and unfairness mitigation on the processed data via in-processing. Experiments show that our framework effectively improves existing in-processing fair algorithms w.r.t. accuracy and fairness, both on synthetic and real datasets.",None
https://openreview.net/forum?id=yxj33c6NuX,Minimum Curvature Manifold Learning,Autoencoder; Manifold; Curvature; Riemannian geometry,"We propose a minimum extrinsic curvature principle for manifold regularization and Minimum Curvature Autoencoder (MCAE), a graph-free coordinate-invariant extrinsic curvature minimization framework for autoencoder regularization.","It is widely observed that vanilla autoencoders can have low manifold learning accuracy given a noisy or small training dataset. 
Recent work has discovered that it is important to regularize the decoder that explicitly parameterizes the manifold, 
where a neighborhood graph is employed for decoder regularization. However, one caveat of this method is that it is not always straightforward to construct a correct graph. Alternatively, one may consider naive graph-free regularization methods such as minimizing the norm of the decoder's Jacobian or Hessian, but these norms are not coordinate-invariant (i.e. reparametrization-invariant) and hence do not capture any meaningful geometric quantity of the manifold nor result in geometrically meaningful manifold regularization effects. 
Another recent work called the isometric regularization implicitly forces the manifold to have zero intrinsic curvature, resulting in some geometrically meaningful regularization effects. But, since the intrinsic curvature does not capture how the manifold is embedded in the data space from an extrinsic perspective, the regularization effects are often limited. In this paper, we propose a {\it minimum extrinsic curvature principle} for manifold regularization and {\bf Minimum Curvature Autoencoder (MCAE)}, a graph-free coordinate-invariant extrinsic curvature minimization framework for autoencoder regularization. Experiments with various standard datasets demonstrate that MCAE improves manifold learning accuracy compared to existing methods, especially showing strong robustness to noise.",None
https://openreview.net/forum?id=oHBgj83w1MB,Causal Proxy Models For Concept-Based Model Explanations,Explainability; Causality; Concept-Based Explanations; Causal Explanations,"We introduce Causal Proxy Models (CPMs), a novel concept-based explanation method. Our method used counterfactual training data to achieve state-of-the-art explanation performance on the CEBaB benchmark.","Explainability methods for NLP systems encounter a version of the fundamental problem of causal inference: for a given ground-truth input text, we never truly observe the counterfactual texts necessary for isolating the causal effects of model representations on outputs. In response, many explainability methods make no use of counterfactual texts, assuming they will be unavailable. In this paper, we show that robust causal explainability methods can be created using approximate counterfactuals, which can be written by humans to approximate a specific counterfactual or simply sampled using metadata-guided heuristics. The core of our proposal is the Causal Proxy Model (CPM). A CPM explains a black-box model $\mathcal{N}$ because it is trained to have the same \emph{actual} input/output behavior as $\mathcal{N}$ while creating neural representations that can be intervened upon to simulate the \emph{counterfactual} input/output behavior of $\mathcal{N}$.  Furthermore, we show that the best CPM for $\mathcal{N}$ performs comparably to $\mathcal{N}$ in making factual predictions, which means that the CPM can simply replace $\mathcal{N}$, leading to more explainable deployed models.",None
https://openreview.net/forum?id=NT51Ty0-Bfu,Offline Reinforcement Learning with Differential Privacy,offline reinforcement learning; differential privacy,We present the first provably efficient offline RL algorithms with differential privacy guarantees.,"The offline reinforcement learning (RL) problem is often motivated by the need to learn data-driven decision policies in financial, legal and healthcare applications.  However, the learned policy could retain sensitive information of individuals in the training data (e.g., treatment and outcome of patients), thus susceptible to various privacy risks. We design offline RL algorithms with differential privacy guarantees which provably prevent such risks. These algorithms also enjoy strong instance-dependent learning bounds under both tabular and linear Markov Decision Process (MDP) settings. Our theory and simulation suggest that the privacy guarantee comes at (almost) no drop in utility comparing to the non-private counterpart for a medium-size dataset.",None
https://openreview.net/forum?id=NzcUQuhEGef,Graph Contrastive Learning Under Heterophily: Utilizing Graph Filters to Generate Graph Views,GNN; Contrastive learning; Heterophily; Graph Representation Learning,"We proposed HLCL, a contrastive learning framework that leverages a high-pass graph filter as our augmentation method to generate meaningful representations for heterophily graphs.","Graph Neural Networks have achieved tremendous success in (semi-)supervised tasks for which task-specific node labels are available. However, obtaining labels is expensive in many domains, specially as the graphs grow larger in size. Hence, there has been a growing interest in the application of self-supervised techniques, in particular contrastive learning (CL), to graph data. In general, CL methods work by maximizing the agreement between encoded augmentations of the same example, and minimizing agreement between encoded augmentations of different examples. However, we show that existing graph CL methods perform very poorly on graphs with heterophily, in which connected nodes tend to belong to different classes. First, we show that this is attributed to the ineffectiveness of existing graph augmentation methods. Then, we leverage graph filters to directly generate augmented graph views for graph CL under heterophily. In particular, instead of explicitly augmenting the graph topology and encoding the augmentations, we use a high-pass filter in the encoder to generate node representations only based on high-frequency graph signals. Then, we contrast the high-pass filtered representations with their low-pass counterparts produced by the same encoder, to generate representations. Our experimental results confirm that our proposed method, HLCL, outperforms state-of-the-art CL methods on benchmark graphs with heterophily, by up to 10%.",None
https://openreview.net/forum?id=4xzk3zGtz1h,Hybrid Federated Learning for Feature & Sample Heterogeneity: Algorithms and Implementation,Federated Learning; Model Ensemble; Model Design; Algorithm Design,"In this paper, we proposed the first hybrid federated learning model and algorithm, which deals with partially overlapped features and samples in clients' datasets","Federated learning (FL) is a popular distributed machine learning paradigm dealing with distributed and private data sets. Based on the data partition pattern, FL is often categorized into horizontal, vertical, and hybrid settings. All three settings have many applications, but the hybrid FL remains relatively less explored, because it deals with the challenging situation where both the feature space and the data samples are heterogeneous.
    This work designs a novel mathematical model that effectively allows the clients to aggregate distributed data with heterogeneous, and possibly overlapping features and samples. Our main idea is to partition each client's model into a feature extractor part and a classifier part, where the former can be used to process the input data, while the latter is used to perform the learning from the extracted features. The heterogeneous feature aggregation is done through building a server model, which assimilates local classifiers and feature extractors through a carefully designed matching mechanism. A communication-efficient algorithm is then designed to train both the client and server models. Finally, we conducted numerical experiments on multiple image classification data sets to validate the performance of the proposed algorithm. To our knowledge, this is the first formulation and algorithm developed for hybrid FL.",None
https://openreview.net/forum?id=0W1TQ_hoMFN,Policy Architectures for Compositional Generalization in Control,Reinforcement Learning; Imitation Learning; Compositionality,None,"Several tasks in control, robotics, and planning can be specified through desired goal configurations for entities in the environment. Learning goal-conditioned policies is a natural paradigm to solve such tasks. However, learning and generalizing on complex tasks can be challenging due to variations in number of entities or compositions of goals. To address this challenge, we introduce the Entity-Factored Markov Decision Process (EFMDP), a formal framework for modeling the entity-based compositional structure in control tasks. Geometrical properties of the EFMDP framework provide theoretical motivation for policy architecture design, particularly Deep Sets and popular relational mechanisms such as graphs and self attention. These structured policy architectures are flexible and can be trained end-to-end with standard reinforcement and imitation learning algorithms. We study and compare the learning and generalization properties of these architectures on a suite of simulated robot manipulation tasks, finding that they achieve significantly higher success rates with less data compared to standard multilayer perceptrons. Structured policies also enable broader and more compositional generalization, producing policies that extrapolate to different numbers of entities than seen in training, and stitch together (i.e. compose) learned skills in novel ways. Video results can be found at https://sites.google.com/view/comp-gen-anon.",None
https://openreview.net/forum?id=Jqas82UP428,Lower Bounds for Differentially Private ERM: Unconstrained and Non-Euclidean,None,None,"We consider the lower bounds of differentially private empirical risk minimization (DP-ERM) for convex functions in both constrained and unconstrained cases concerning the general $\ell_p$ norm beyond the $\ell_2$ norm considered by most of the previous works.

We provide a simple black-box reduction approach that can generalize lower bounds in constrained to unconstrained cases.
Moreover, for $(\epsilon,\delta)$-DP, we achieve the optimal $\Omega(\frac{\sqrt{d \log(1/\delta)}}{\epsilon n})$ lower bounds for both constrained and unconstrained cases and any $\ell_p$ geometry where $p\geq 1$ by considering $\ell_1$ loss over the $\ell_{\infty}$ ball.",None
https://openreview.net/forum?id=bzpCoHn1Vc_,The Convergence Rate of SGD's Final Iterate: Analysis on Dimension Dependence,None,None,"Stochastic Gradient Descent (SGD) is among the simplest and most popular optimization and machine learning methods. Running SGD with a fixed step size and outputting the final iteration is an ideal strategy one can hope for, but it is still not well-understood even though SGD has been studied extensively for over 70 years. Given the $\Theta(\log T)$ gap between current upper and lower bounds for running SGD for $T$ steps, it was then asked by [Koren and Segal COLT 20'] how to characterize the final-iterate convergence of SGD with a fixed step size in the constant dimension setting, i.e., $d=O(1)$. 

In this paper, we consider the more general setting for any $d\leq T$, proving $\Omega(\log d/\sqrt{T})$ lower bounds for the sub-optimality of the final iterate of SGD in minimizing non-smooth Lipschitz convex functions with standard step sizes. Our results provide the first general dimension-dependent lower bound on the convergence of SGD's final iterate, partially resolving the COLT open question raised by [Koren and Segal COLT 20'].
Moreover, we present a new method in one dimension based on martingale and Freedman’s inequality, which gets the tight $O(1/\sqrt{T})$ upper bound with mild assumptions and recovers the same bounds $O(\log T/\sqrt{T})$ as previous best results under the standard assumptions.",None
https://openreview.net/forum?id=_tIZQEMcWyv,Adaptive Gradient Methods with Local Guarantees,None,None,"Adaptive gradient methods are the method of choice for optimization in machine learning and used to train the largest deep models. In this paper we study the problem of learning a local preconditioner, that can change as the data is changing along the optimization trajectory. We propose an adaptive gradient method that has provable adaptive regret guarantees vs. the best local preconditioner. To derive this guarantee, we prove a new adaptive regret bound in online learning that improves upon previous adaptive online learning methods. 
We demonstrate the robustness of our method in automatically choosing the optimal learning rate schedule for popular benchmarking tasks in vision and language domains. Without the need to manually tune a learning rate schedule, our method can, in a single run, achieve comparable and stable task accuracy as a fine-tuned optimizer.",None
https://openreview.net/forum?id=gxq1n1f0c7l,Min-Max Zero-Shot Multi-Label Classification,Transfer learning; zero-shot learning,None,"In many classification problems, acquiring labeled examples for many classes is difficult, resulting in high interest in zero-shot learning frameworks. Zero-shot learning (ZSL)  is a problem setup, where at test time, a learner observes samples from classes that were not observed/trained in the training phase and is required to predict the category they belong to. Zero-shot learning transfers knowledge from seen
classes (observed classes in the training phase) to unseen classes (unobserved classes in the training phase but present in the testing phase), reducing human labor of data annotation to build new classifiers. However, most zero-shot learning researches target single-label classification (multi-class setting). There are few studies on multi-label zero-shot learning due to the difficulty in modeling complex semantics conveyed by a set of labels. 
We propose a novel probabilistic model that incorporates more general feature representation (e.g., Word-Net hierarchy, word2vec features, convolutional neural network features (layer-wise), and co-occurrence statistics) and learns the knowledge transfer in terms of data structure and relations. We also investigate the effect of leveraging different CNN layers' features. Our experimental
results prove the efficacy of
our model in handling unseen labels. We run additional experiments to analyze the flat-sharp minima convergence of methods as a generalization factor. Our study suggests that our proposed method converges to flat minima resulting in strong generalization.",None
https://openreview.net/forum?id=fR_0uObMTjG,GLASU: A Communication-Efficient Algorithm for Federated Learning with Vertically Distributed Graph Data,Federated Learning; Graph Neural Network; Feature Distributed Federated Learning,This paper proposed a GNN model design approach and a communication efficient algorithm for federated learning on feature distributed graph data,"Vertical federated learning (VFL) is a distributed learning paradigm, where computing clients collectively train a model based on the partial features of the same set of samples they possess. Current research on VFL focuses on the case when samples are independent, but it rarely addresses an emerging scenario when samples are interrelated through a graph. For graph-structured data, graph neural networks (GNNs) are rather competitive machine learning models, but a naive implementation in the VFL setting causes a significant communication overhead; moreover, the analysis is faced with a challenge caused by the biased stochastic gradients. In this paper, we propose a model splitting method that splits a backbone GNN across the clients and the server and a communication-efficient algorithm, GLASU, to train such a model. GLASU adopts lazy aggregation and stale updates to skip aggregation when evaluating the model and skip feature exchanges during training, greatly reducing communication. We offer a theoretical analysis and conduct extensive numerical experiments on real-world datasets, showing that the proposed algorithm effectively trains a GNN model, whose performance matches that of the backbone GNN when trained in a centralized manner.",None
https://openreview.net/forum?id=wOzKzPf6BBv,Dynamic Embeddings of Temporal High-Order Interactions via Neural Diffusion-Reaction Processes,Embedding Trajectory; Tensor Decomposition,We develop a neural diffusion-reaction process model to estimate the dynamic embeddings for the participant entities in tensor decomposition.,"High-order interactions of multiple entities are ubiquitous in practical applications. The associated data often includes the participants, interaction results, and the timestamps when each interaction occurred. While tensor factorization is a popular tool to analyze such data, it often ignores or underuses valuable timestamp information. More important, standard tensor factorization only estimates a static representation for each entity and ignores the temporal variation of the representations. However, such variations might reflect important evolution patterns of the underlying properties of the entities. To address these limitations, we propose Dynamical eMbedIngs of TempoRal hIgh-order interactions (DMITRI). We develop a neural diffusion-reaction process model to estimate the dynamic embeddings for the participant entities. Specifically, based on the observed interactions, we build a multi-partite graph to encode the correlation between the entities. We construct a graph diffusion process to co-evolve the embedding trajectories of the correlated entities and use a neural network to construct a reaction process for each individual entity. In this way, our model is able to capture both the commonalities and personalities during the evolution of the embeddings for different entities. We then use a neural network to model the interaction result as a nonlinear function of the embedding trajectories. For model estimation, we combine ODE solvers to develop a stochastic mini-batch learning algorithm. We propose a simple stratified sampling method to balance the cost of processing each mini-batch so as to improve the overall efficiency. We show the advantage of our approach in both the ablation study and real-world applications.",None
https://openreview.net/forum?id=KkI8sjKqtnV,Fair Federated Learning via Bounded Group Loss,Federated Learning; Group Fairness,None,"In federated learning, fair prediction across protected groups is an important constraint for many applications. Unfortunately, prior work studying group fair federated learning lacks formal convergence or fairness guarantees. In this work we propose a general framework for provably fair federated learning. In particular, we explore and extend the notion of Bounded Group Loss as a theoretically-grounded approach for group fairness. Using this setup, we propose a scalable federated optimization method that optimizes the empirical risk under a number of group fairness constraints. We provide convergence guarantees for the method as well as fairness guarantees for the resulting solution. Empirically, we evaluate our method across common benchmarks from fair ML and federated learning, showing that it can provide both fairer and more accurate predictions than baseline approaches.",None
https://openreview.net/forum?id=WdN2gD6EsXm,An Upper Bound for the Distribution Overlap Index and Its Applications,Distribution Overlap; Finite-Sample Approximation; One-Class Classification; Domain Shift Analysis,This paper proposes an easy-to-compute upper bound for the overlap index and applies it for domain shift analysis and one-class classification.,"The overlap index between two probability distributions has various applications in statistics, machine learning, and other scientific research. However, approximating the overlap index is challenging when the probability distributions are unknown (i.e., distribution-free settings). This paper proposes an easy-to-compute upper bound for the overlap index without requiring any knowledge of the distribution models. We first utilize the bound to find the upper limit for the accuracy of a trained machine learning model when a domain shift exists.  We additionally employ this bound to study the distribution membership classification of given samples. Specifically, we build a novel, distribution-free, computation-efficient, memory-efficient one-class classifier by converting the bound into a confidence score function. The proposed classifier does not need to train any parameters and requires only a small number of in-class samples to be accurate. The classifier shows its efficacy on various datasets and outperforms many state-of-the-art methods in different one-class classification scenarios, including novelty detection, out-of-distribution detection, and backdoor detection.  The obtained results show significant promise toward broadening the applications of overlap-based metrics.",None
https://openreview.net/forum?id=am22IukDiKf,Learning by Distilling Context,language models; NLP; prompting; distillation,"applying context distillation as a general tool to translate language into parameter updates; used to distill instructions, explanations, examples, knowledge, and reasoning procedure.","Language models significantly benefit from context tokens, such as prompts or scratchpads. They perform better when prompted with concrete training examples and abstract statements about the target task (instructions), and they acquire new capabilities to perform complex tasks by generating step-by-step reasoning (scratch-pad) before predicting the final answers. However, they do not internalize these performance gains, which disappear when the context tokens are gone. Consequently, we always need to pay extra computation for this gain, and it is unclear how to transfer the capabilities acquired by context tokens to other tasks, or how to leverage the context tokens when their length exceeds the context window size. Our work proposes to apply context distillation so that a language model can internalize these gains. Concretely, given an input for the target task, we let the model use all relevant context tokens to generate the output, using ``[instructions] + [task-input]'' to predict ``[scratch-pad] + [final answer]''; then we fine-tune the same model to predict the above ``[final answer]'' conditioned on the ``[task-input]'', without seeing the ``[instructions]'' or using the ``[scratch-pad]''. This incentivizes the model to behave as if the context were present, hence updating the parameters to internalize the context information. We show that context distillation can be used as a general method for learning. In particular, we demonstrate that context distillation can effectively internalize 3 types of contexts: 1) abstract task instructions and natural language explanations of why an output is correct or incorrect on Natural-Instructions-V2; 2) step-by-step reasoning on 8-digit addition questions, where we show the model can apply this newly acquired capability to downstream question answering tasks; and 3) concrete training examples on the SPIDER Text-to-SQL dataset, where context distillation outperforms directly learning with gradient descent by 7%.",None
https://openreview.net/forum?id=lGh3JsP0j7k,Target-Free Ligand Scoring via One-Shot Learning,drug discovery; ligand scoring; one-shot learning,A new method for scoring ligands by activity using a one-shot learning approach.,"Scoring ligands in a library based on their structural similarity to a known hit compound is widely used in drug discovery following high-throughput screening. However, such ""similarity search"" relies on the assumption that structurally similar compounds have similar activities, and will therefore only retrieve ligands with hit-like affinity, requiring resource-intensive tweaking by medicinal chemists to reach a more active lead compound. We propose a novel approach, One-Shot Ligand Scoring (OSLS), that is much more capable of directly retrieving lead-like compounds from a library using a novel one-shot learning technique. For this new task, we design a Siamese-inspired neural architecture using two Transformer encoders without tied weights, a novel positional encoding-like mechanism, and a final prediction head. OSLS is able to score ligands by activity against a target without any target-specific knowledge beyond a single known activity value, a cost-effective approach to ligand-based or phenotypic drug discovery. We show that OSLS surpasses traditional similarity search as well as modern deep learning baselines on a simulated ligand retrieval task. Furthermore, we demonstrate the applicability of our approach on various drug discovery tasks that also involve ligand scoring, including drug repositioning, precision patient-level drug efficacy prediction, and even molecular generative modeling.",None
https://openreview.net/forum?id=iA8XoWjDeGK,Structured Pruning of CNNs at Initialization,Pruning; Pruning-at-Initialization; Structured Pruning; Efficient Deep Learning; Efficient Model,Structured pruning-at-initialization method can be as good as unstructured ones.,"Pruning-at-initialization (PAI) proposes to prune the individual weights of the CNN before training, thus avoiding expensive fine-tuning or retraining of the pruned model. While PAI shows promising results in reducing model size, the pruned model still requires unstructured sparse matrix computation, making it difficult to achieve wall-clock speedups. In this work, we show theoretically and empirically that the accuracy of CNN models pruned by PAI methods only depends on the fraction of remaining parameters in each layer (i.e., layer-wise density), regardless of the granularity of pruning. We formulate the PAI problem as a convex optimization of our newly proposed expectation-based proxy for model accuracy, which leads to finding the optimal layer-wise density of that specific model. Based on our formulation, we further propose a structured and hardware-friendly PAI method, named PreCrop, to prune or reconfigure CNNs in the channel dimension. Our empirical results show that PreCrop achieves a higher accuracy than existing PAI methods on several modern CNN architectures, including ResNet, MobileNetV2, and EfficientNet for both CIFAR-10 and ImageNet. PreCrop achieves an accuracy improvement of up to $2.7\%$ over the state-of-the-art PAI algorithm when pruning MobileNetV2 on ImageNet. PreCrop also improves the accuracy of EfficientNetB0 by $0.3\%$ on ImageNet with only $80\%$ of the parameters and the same FLOPs.",None
https://openreview.net/forum?id=B7HJ9KLFV9U,Thinking Two Moves Ahead: Anticipating Other Users Improves Backdoor Attacks in Federated Learning,Privacy; Federated Learning,None,"Federated learning is particularly susceptible to model poisoning and backdoor attacks because individual users have direct control over the training data and model updates.  At the same time, the attack power of an individual user is limited because their updates are quickly drowned out by those of many other users. Existing attacks do not account for future behaviors of other users, and thus require many sequential updates and their effects are quickly erased. We propose an attack that anticipates and accounts for the entire federated learning pipeline, including behaviors of other clients, and ensures that backdoors are effective quickly and persist even after multiple rounds of community updates. We show that this new attack is effective in realistic scenarios where the attacker only contributes to a small fraction of randomly sampled rounds and demonstrate this attack on image classification, next-word prediction, and sentiment analysis.",None
https://openreview.net/forum?id=dZaYbIIW9Cu,Towards Global Optimality in Cooperative MARL with Sequential Transformation,None,None,"Policy learning in multi-agent reinforcement learning (MARL) is challenging due to the exponential growth of joint state-action space with respect to the number of agents. To achieve higher scalability, the paradigm of centralized training with decentralized execution (CTDE) is broadly adopted with factorized structure in MARL. However, we observe that existing CTDE algorithms in cooperative MARL cannot achieve optimality even in simple matrix games. To understand this phenomenon, we analyze two mainstream classes of CTDE algorithms -- actor-critic algorithms and value-decomposition algorithms. Our theoretical and experimental results characterize the weakness of these two classes of algorithms when the optimization method is taken into consideration, which indicates that the currently used centralized training manner is deficient in compatibility with decentralized policy. To address this issue, we present a transformation framework that reformulates a multi-agent MDP as a special ""single-agent"" MDP with a sequential structure and can allow employing off-the-shelf single-agent reinforcement learning (SARL) algorithms to efficiently learn corresponding multi-agent tasks. After that, a decentralized policy can still be learned by distilling the ""single-agent"" policy. This framework retains the optimality guarantee of SARL algorithms into cooperative MARL. To instantiate this transformation framework, we propose a Transformed PPO, called T-PPO, which can theoretically perform optimal policy learning in the finite multi-agent MDPs and shows significant outperformance on a large set of cooperative multi-agent tasks.",None
https://openreview.net/forum?id=Pe7R48fCkM_,Unravel Structured Heterogeneity of Tasks in Meta-Reinforcement Learning via Exploratory Clustering,Meta Reinforcement Learning; Variational Inference,We propose a method to automatically discover and utilize the cluster structures of tasks for meta-reinforcement learning.,"Meta-reinforcement learning (meta-RL) is developed to quickly solve new tasks by leveraging knowledge from prior tasks. The assumption that tasks are drawn IID is typically made in previous studies, which ignore possible structured heterogeneity of tasks. The non-transferable knowledge caused by structured heterogeneity hinders fast adaptation in new tasks. In this paper, we formulate the structured heterogeneity of tasks via clustering such that transferable knowledge can be inferred within different clusters and non-transferable knowledge would be excluded across clusters thereby. To facilitate so, we develop a dedicated exploratory policy to discover task clusters by reducing uncertainty in posterior inference. Within the identified clusters, the exploitation policy is able to solve related tasks by utilizing knowledge shared within the clusters. Experiments on various MuJoCo tasks showed the proposed method can unravel cluster structures effectively in both rewards and state dynamics, proving strong advantages against a set of state-of-the-art baselines.",None
https://openreview.net/forum?id=Refb0S-paCx,An Investigation of Domain Generalization with Rademacher Complexity,None,None,"The domain generalization (DG) setting challenges a model trained on multiple known data distributions to generalise well on unseen data distributions. Due to its practical importance, many methods have been proposed to address this challenge. 
However much work in general purpose DG is heuristically motivated, 
as the DG problem is hard to model formally; and recent evaluations have cast doubt on existing methods’ practical efficacy -- in particular compared to a well tuned empirical risk minimisation baseline. 
We present a novel learning-theoretic generalisation bound for DG that bounds unseen domain generalisation performance in terms of the model’s empirical risk and Rademacher complexity -- providing a sufficient condition for DG. Based on this insight, we empirically analyze the performance of several methods and show that their performance is indeed influenced by  model complexity in practice. 
Algorithmically, our analysis suggests that tuning for domain generalisation should be achieved by simply performing regularised ERM with a leave-one-domain-out cross-validation objective. Empirical results on the DomainBed benchmark corroborate this.",None
https://openreview.net/forum?id=Z4QNXXyLhGN,FedDA: Faster Framework of Local Adaptive Gradient Methods via Restarted Dual Averaging,None,None,"Federated learning (FL) is an emerging learning paradigm to tackle massively distributed data. In Federated Learning, a set of clients jointly perform a machine learning task under the coordination of a server. The FedAvg algorithm is one of the most widely used methods to solve Federated Learning problems. In FedAvg, the learning rate is a constant rather than changing adaptively. The adaptive gradient methods show superior performance over the constant learning rate schedule; however, there is still no general framework to incorporate adaptive gradient methods into the federated setting. In this paper, we propose \textbf{FedDA}, a novel framework for local adaptive gradient methods. The framework adopts a restarted dual averaging technique and is flexible with various gradient estimation methods and adaptive learning rate formulations. In particular, we analyze \textbf{FedDA-MVR}, an instantiation of our framework, and show that it achieves gradient complexity $\tilde{O}(\epsilon^{-1.5})$ and communication complexity $\tilde{O}(\epsilon^{-1})$ for finding a stationary point $\epsilon$. This matches the best known rate for first-order FL algorithms and \textbf{FedDA-MVR} is the first adaptive FL algorithm that achieves this rate. We also perform extensive numerical experiments to verify the efficacy of our method.",None
https://openreview.net/forum?id=I_IJf5oDRo,Explainable Recommender with Geometric Information Bottleneck,Interpretability; Recommender System; Information Extraction,"To consider user-item interactions for an interpretable recommender system, we propose to incorporate the geometric regularisation derived from user-item interaction graphs to learn the latent factors of review text in a variational network.","Explainable recommender systems have attracted much interest in recent years as they can explain their recommendation decisions, enhancing user trust in the systems. Most explainable recommender systems rely on human-generated rationales or annotated aspect features from user reviews to train models for rational generation or extraction. The rationales produced are often confined to a single review. To avoid the expensive human annotation process and to generate explanations beyond individual reviews, we propose an explainable recommender system trained on user reviews by developing a transferable Geometric Information Bottleneck (GIANT), which leverages the prior knowledge acquired through clustering on a user-item graph built on user-item rating interactions, since graph nodes in the same cluster tend to share common characteristics or preferences. We then feed user reviews and item reviews into a variational network to learn latent topic distributions which are regularised by the distributions of user/item estimated based on their distances to various cluster centroids of the user-item graph. By iteratively refining the instance-level review latent topics with GIANT, our method learns a robust latent space from the text for rating prediction and explanation generation. Experimental results on three e-commerce datasets show that our model significantly improves the interpretability of a variational recommender using a standard Gaussian prior, in terms of coherence, diversity and faithfulness, while achieving performance comparable to existing content-based recommender systems in terms of rating prediction accuracy.",None
https://openreview.net/forum?id=3IFO8Jii0vI,Algorithmic Determination of the Combinatorial Structure of the Linear Regions of ReLU Neural Networks,ReLU networks; algebraic topology; linear regions; computational geometry,None,"We algorithmically determine the regions and facets of all dimensions of the canonical polyhedral complex, the universal object into which a ReLU network decomposes its input space. We show that the locations of the vertices of the canonical polyhedral complex along with their signs with respect to layer maps determine the full facet structure across all dimensions. We present an algorithm which calculates this full combinatorial structure, making use of our theorems that the dual complex to the canonical polyhedral complex is cubical and it possesses a multiplication compatible with its facet structure. The resulting algorithm is numerically stable, polynomial time in the number of intermediate neurons, and obtains accurate information across all dimensions. This permits us to obtain, for example, the true topology of the decision boundaries of networks with low-dimensional inputs. We run empirics on such networks at initialization, finding that width alone does not increase observed topology, but width in the presence of depth does.",None
https://openreview.net/forum?id=TTSyyMBNUjd,Are Neurons Actually Collapsed? On the Fine-Grained Structure in Neural Representations,Neural Collapse; Representation Learning; Neural Networks,"We provide compelling empirical evidence proving that there exists fine-grained structures in the last-layer representations of a well trained neural network, as a complement to existing Neural Collapse hypothesis.","Recent work has observed an intriguing ""Neural Collapse"" phenomenon in well-trained neural networks, where the last-layer representations of training samples with the same label collapse into each other. This suggests that the last-layer representations are completely determined by the labels, and do not depend on the intrinsic structure of input distribution. We provide evidence that this is not a complete description, and that the apparent collapse hides important fine-grained structure in the representations. Specifically, even when representations apparently collapse, the small amount of remaining variation can still faithfully and accurately captures the intrinsic structure of input distribution. As an example, if we train on CIFAR-10 using only 5 coarse-grained labels (by combining two classes into one super-class) until convergence, we can reconstruct the original 10-class labels from the learned representations via unsupervised clustering. The reconstructed labels achieve $93\%$ accuracy on the CIFAR-10 test set, nearly matching the normal CIFAR-10 accuracy for the same architecture. Our findings show concretely how the structure of input data can play a significant role in determining the fine-grained structure of neural representations, going beyond what Neural Collapse predicts.",None
https://openreview.net/forum?id=JIl_kij_aov,Early Stopping for Deep Image Prior,early stopping; deep image prior; deep generative models; overparametrization; overfitting,None,"Deep image prior (DIP) and its variants have shown remarkable potential for solving inverse problems in computational imaging (CI), needing no separate training data. Practical DIP models are often substantially overparameterized. During the learning process, these models learn the desired visual content first and then pick up the potential modeling and observational noise, i.e., overfitting. Thus, the practicality of DIP hinges on early stopping (ES) that captures the transition period. In this regard, the majority of prior DIP works for CI tasks only demonstrate the potential of the models---reporting the peak performance against the groundtruth but providing no clue about how to operationally obtain near-peak performance without access to the groundtruth. In this paper, we set to break this practicality barrier of DIP, and propose an efficient ES strategy that consistently detects near-peak performance across several CI tasks and DIP variants. Simply based on the running variance of DIP intermediate reconstructions, our ES method not only outpaces the existing ones---which only work in very narrow regimes, but also remains effective when combined with methods that try to mitigate overfitting.",None
https://openreview.net/forum?id=9jXqR128vKs,In-Context Policy Iteration,Reinforcement Learning; In-Context Learning; Foundation Models,We present a novel algorithm for performing policy iteration through in-context adaptation,"This work presents In-Context Policy Iteration, an algorithm for performing Reinforcement Learning (RL), in-context, using foundation models. While the application of foundation models to RL has received considerable attention, most approaches rely on either (1) the curation of expert demonstrations (either through manual design or task-specific pretraining) or (2) adaptation to the task of interest using gradient methods (either fine-tuning or training of adapter layers). Both of these techniques have drawbacks. Collecting demonstrations is labor-intensive, and algorithms that rely on them do not outperform the experts from which the demonstrations were derived. All gradient techniques are inherently slow, sacrificing the “few-shot” quality that made in-context learning attractive to begin with. In this work, we present an algorithm, ICPI, that learns to perform RL tasks without expert demonstrations or gradients. Instead we present a policy-iteration method in which the prompt content is the entire locus of learning. ICPI iteratively updates the contents of the prompt from which it derives its policy through trial-and-error interaction with an RL environment. In order to eliminate the role of in-weights learning (on which approaches like Decision Transformer rely heavily), we demonstrate our algorithm using Codex Chen et al. (2021b), a language model with no prior knowledge of the domains on which we evaluate it.",None
https://openreview.net/forum?id=3ly9cG9Ql9h,What does a platypus look like? Generating customized prompts for zero-shot image classification,zero-shot; image classification; prompts; open vocabulary models,Using GPT-3 to generate better CLIP prompts,"Open vocabulary models are a promising new paradigm for image classification. Unlike traditional classification models, open vocabulary models classify among any arbitrary set of categories specified with natural language during inference. This natural language, called ""prompts"", typically consists of a set of hand-written templates (e.g., ""a photo of a {}”) which are completed with each of the category names. This work introduces a simple method to generate higher accuracy prompts, without relying on any explicit knowledge of the task domain and with far fewer hand-constructed sentences. To achieve this, we combine open vocabulary models with large language models (LLMs) to create Customized Prompts via Language models (CuPL, pronounced ""couple""). In particular, we leverage the knowledge contained in LLMs in order to generate many descriptive sentences that are customized for each object category. We find that this straightforward and general approach improves accuracy on a range of zero-shot image classification benchmarks, including over one percentage point gain on ImageNet. Finally, this simple baseline requires no additional training and remains completely zero-shot.",None
https://openreview.net/forum?id=83xscrmnw6Q,Knowledge-Driven New Drug Recommendation,drug recommendation; medication recommendation; healthcare; electronic health record; few-shot learning,recommendation for new drugs with limited historical prescription data,"Drug recommendation assists doctors in prescribing personalized medications to patients based on their health conditions. Existing drug recommendation solutions adopt the supervised multi-label classification setup and only work with existing drugs with sufficient prescription data from many patients. However, newly approved drugs do not have much historical prescription data and cannot leverage existing drug recommendation methods. To address this, we formulate the new drug recommendation as a few-shot learning problem. Yet, directly applying existing few-shot learning algorithms faces two challenges: (1) complex relations among diseases and drugs and (2) numerous false-negative patients who were eligible but did not yet use the new drugs. To tackle these challenges, we propose EDGE, which can quickly adapt to the recommendation for a new drug with limited prescription data from a few support patients. EDGE maintains a drug-dependent multi-phenotype few-shot learner to bridge the gap between existing and new drugs. Specifically, EDGE leverages the drug ontology to link new drugs to existing drugs with similar treatment effects and learns ontology-based drug representations. Such drug representations are used to customize the metric space of the phenotype-driven patient representations, which are composed of a set of phenotypes capturing complex patient health status. Lastly, EDGE eliminates the false-negative supervision signal using an external drug-disease knowledge base. We evaluate EDGE on two real-world datasets: the public EHR data (MIMIC-IV) and private industrial claims data. Results show that EDGE achieves 7.3% improvement on the ROC-AUC score over the best baseline.",None
https://openreview.net/forum?id=E4-uRvmKkeB,Beyond Traditional Transfer Learning: Co-finetuning for Action Localisation,transformer; video; action recognition; action detection; multi-task learning; co-training; transfer learning,"Instead of pretraining on ""upstream"" datasets and then finetuning on ""downstream"" tasks, we simultaneously train on all datasets, achieving significant performance improvements across all tasks, and particularly on rare classes.","Transfer learning is the predominant paradigm for training deep networks on small target datasets. Models are typically pretrained on large “upstream” datasets for classification, as such labels are easy to collect, and then finetuned on downstream” tasks such as action localisation, which are smaller due to their finer-grained annotations.

In this paper, we question this approach, and propose co-finetuning -- simultaneously training a single model on multiple “upstream” and “downstream” tasks. We demonstrate that co-finetuning outperforms traditional transfer learning when using the same total amount of data, and also show how we can easily extend our approach to multiple “upstream” datasets to further improve performance. In particular, co-finetuning significantly improves the performance on rare classes in our downstream task, as it has a regularising effect, and enables the network to learn feature representations that transfer between different datasets. Finally, we observe how co-finetuning with public, video classification datasets, we are able to achieve state-of-the-art results for spatio-temporal action localisation on the challenging AVA and AVA-Kinetics datasets, outperforming recent works which develop intricate models.",None
https://openreview.net/forum?id=TntbHxxGd6j,Output Distribution over the Entire Input Space: A Novel Perspective to Understand Neural Networks,model evaluation; comprehensive input-output mapping relation,We draw the connection between energy in physics and output of neural networks and propose an efficient sampler for better understanding of the input-output mapping relationship of the (binary) neural classifiers.,"Understanding the input-output mapping relationship in the \emph{entire input space} contributes a novel perspective to a comprehensive understanding of deep neural networks. In this paper, we focus on binary neural classifiers and propose to first uncover the histogram about the number of inputs that are mapped to certain output values and then scrutinize the representative inputs from a certain output range of interest, such as the positive-logit region that corresponds to one of the classes. A straightforward solution is uniform sampling (or exhaustive enumeration) in the entire input space but when the inputs are high dimensional, it can take almost forever to converge. We connect the output histogram to the \emph{density of states} in physics by making an analogy between the energy of a system and the neural network output. Inspired by the Wang-Landau algorithm designed for sampling the density of states, we propose an efficient sampler that is driven to explore the under-explored output values through a gradient-based proposal. Compared with the random proposal in Wang-Landau algorithm, our gradient-based proposal converges faster as it can propose the inputs corresponding to the under-explored output values. Extensive experiments have verified the accuracy of the histogram generated by our sampler and also demonstrated interesting findings. For example, the models map many human unrecognizable images to very negative logit values. These properties of a neural model are revealed for the first time through our sampled statistics. We believe that our approach opens a new gate for neural model evaluation and shall be further explored in future works.",None
https://openreview.net/forum?id=vm3jAx_pLCV,Learning Control Policies for Region Stabilization in Stochastic Systems,Stability; learning for control; martingale; verification,We learn policies and certificates for proving region stabilization in control systems,"We consider the problem of learning control policies in stochastic systems which guarantee that the system stabilizes within some specified stabilization region with probability 1. Our approach is based on the novel notion of stabilizing ranking supermartingales (sRSMs) that we introduce in this work. Our sRSMs overcome the limitation of methods proposed in previous works whose applicability is restricted to systems in which the stabilizing region cannot be left once entered under any control policy. We present a learning procedure that learns a control policy together with an sRSM that formally certifies probability 1 stability, both learned as neural networks. Our experimental evaluation shows that our learning procedure can successfully learn provably stabilizing policies in practice.",None
https://openreview.net/forum?id=8gU_8IdHN9g,Generated Graph Detection,Generated Graph; Graph Neural Network; Contrastive Learning; Metric Learning,We propose a general framework to detect generated graphs using GNN-based methods.,"Graph generative models become increasingly effective for data distribution approximation and data augmentation. Although still in sandboxes, they have aroused public concerns about their malicious misuses or misinformation broadcasts, just as what Deepfake visual and auditory media has been delivering to society. It is never too early to regulate the prevalence of generated graphs. As a preventive response, we pioneer to formulate the generated graph detection problem to distinguish generated graphs from real ones. We propose the first framework to systematically investigate a set of sophisticated models and their performance in four classification scenarios. Each scenario switches between seen and unseen datasets/generators during testing to get closer to real world settings and progressively challenge the classifiers. Extensive experiments evidence that all the models are qualified for generated graph detection, with specific models having advantages in specific scenarios. Resulting from the validated generality and oblivion of the classifiers to unseen datasets/generators, we draw a safe conclusion that our solution can sustain for a decent while to curb generated graph misuses.",None
https://openreview.net/forum?id=4-aEhZnvNnk,Neural Embeddings for Text,text embedding; semantic embedding; neural embedding; neural text representation,We propose a new kind of embedding for natural language text that deeply represents semantic meaning.,"We propose a new kind of embedding for natural language text that deeply represents semantic meaning. Standard text embeddings use the vector output of a pretrained language model. In our method, we let a language model learn from the text and then literally pick its brain, taking the actual weights of the model's neurons to generate a vector. We call this representation of the text a neural embedding. With analysis of its behavior on several datasets, we confirm the ability of this representation to reflect semantics of the text. We also compare neural embeddings with GPT sentence (SGPT) embeddings. We observe that neural embeddings achieve comparable performance with a far smaller model, and that the embeddings respond to semantics differently.",None
https://openreview.net/forum?id=5g4FC-SHkaV,Find Your Friends: Personalized Federated Learning with the Right Collaborators,Federated learning; Personalized federated learning; Decentralized federated learning,We propose a novel personalized decentralized federated learning framework for heterogeneous client data by collaborating with the right clients.,"In the traditional federated learning setting, a central server coordinates a network of clients to train one global model. However, the global model may serve many clients poorly due to data heterogeneity. Moreover, there may not exist a trusted central party that can coordinate the clients to ensure that each of them can benefit from others. To address these concerns, we present a novel decentralized framework, FedeRiCo, where each client can learn as much or as little from other clients as is optimal for its local data distribution. Based on expectation-maximization, FedeRiCo estimates the utilities of other participants’ models on each client’s data so that everyone can select the right collaborators for learning. As a result, our algorithm outperforms other federated, personalized, and/or decentralized approaches on several benchmark datasets, being the only approach that consistently performs better than training with local data only.",None
https://openreview.net/forum?id=ySQeVdXOcx0,Quantum Fourier Networks for solving Parametric PDEs,quantum computing; quantum machine learning; quantum deep learnin; fourier transform; fourier neural operator; PDE; partial differential equation,"We provide three new quantum circuits to reproduce the Fourier Neural Operator, in order to learn PDEs solutions, and tested them on practical use cases.","Many real-world problems like modelling environment dynamics, physical processes, time series etc., involve solving Partial Differential Equations (PDEs) parameterized by problem-specific conditions. Recently, a deep learning architecture called Fourier Neural Operator (FNO) proved to be capable of learning solutions of given PDE families, for any initial conditions as input. Given the advancements in quantum hardware and the recent results in quantum machine learning methods, we propose three quantum circuits, inspired by the FNO, to learn this functional mapping for PDEs. The proposed algorithms are distinguished based on the trade-off between depth and their similarity to the classical FNO. At their core, we make use of unary encoding paradigm and orthogonal quantum layers, and introduce a new quantum Fourier transform in the unary basis. With respect to the number of samples, our quantum algorithm is proven to be substantially faster than the classical counterpart. We benchmark our proposed algorithms on three PDE families, namely Burger’s equation, Darcy’s flow equation and the Navier-Stokes equation, and the results show that our quantum methods are comparable in performance to the classical FNO. We also show an analysis of the image classification tasks where our proposed algorithms are able to match the accuracy of the CNNs, thereby showing their applicability to other domains.",None
https://openreview.net/forum?id=UFKW7EVrJAm,Generating Adversarial Examples with Task Oriented Multi-Objective Optimization,Multi-Objective Optimization; Adversarial Machine Learning,None,"Deep learning models, even the-state-of-the-art ones, are highly vulnerable to adversarial examples. Adversarial training is one of the most efficient methods to improve the model's robustness. The key factor for the success of adversarial training is the capability to generate qualified and divergent adversarial examples which satisfy some objectives/goals (e.g., finding adversarial examples that maximize the model losses for simultaneously attacking multiple models). Therefore, multi-objective optimization (MOO) is a natural tool for adversarial example generation, where we search adversarial examples simultaneously maximizing some objectives/goals. However, we observe that a naive application of MOO tends to maximize all objectives/goals equally, without caring if an objective/goal has been achieved yet. This leads to useless effort to further improve the goal-achieved tasks, while putting less focus on the goal-unachieved tasks. In this paper, we propose \emph{Task Oriented MOO} to address this issue, in the context where we can explicitly define the goal achievement for a task. Our principle is to only maintain the goal-achieved tasks, while letting the optimizer spend more effort on improving the goal-unachieved tasks. We conduct comprehensive experiments for our Task Oriented MOO on various adversarial example generation schemes. The experimental results firmly demonstrate the merit of our proposed approach.",None
https://openreview.net/forum?id=eG14tR9lssZ,Efficient Reward Poisoning Attacks on Online Deep Reinforcement Learning,None,None,"We study reward poisoning attacks on online deep reinforcement learning (DRL), where the attacker is oblivious to the learning algorithm used by the agent and does not necessarily have full knowledge of the environment. We demonstrate the intrinsic vulnerability of state-of-the-art DRL algorithms by designing a general, black-box reward poisoning framework called adversarial MDP attacks. We instantiate our framework to construct several new attacks which only corrupt the rewards for a small fraction of the total training timesteps and make the agent learn a low-performing policy. Our key insight is that state-of-the-art DRL algorithms strategically explore the environment to find a high-performing policy. Our attacks leverage this insight to construct a corrupted environment where (a) the agent learns a high-performing policy that has low performance in the original environment and (b) the corrupted environment is similar to the original one so that the attacker's budget is reduced.  We provide a theoretical analysis of the efficiency of our attack and perform an extensive evaluation. Our results show that our attacks efficiently poison agents learning with a variety of state-of-the-art DRL algorithms, such as DQN, PPO, SAC, etc., under several popular classical control and MuJoCo environments.",None
https://openreview.net/forum?id=q89i5jKql38,D-CIPHER: Discovery of Closed-form Partial Differential Equations,differential equations; symbolic regression,None,"Closed-form differential equations, including partial differential equations and higher-order ordinary differential equations, are one of the most important tools used by scientists to model and better understand natural phenomena. Discovering these equations directly from data is challenging because it requires modeling relationships between various derivatives that are not observed in the data (equation-data mismatch) and it involves searching across a huge space of possible equations. Current approaches make strong assumptions about the form of the equation and thus fail to discover many well-known systems. Moreover, many of them resolve the equation-data mismatch by estimating the derivatives, which makes them inadequate for noisy and infrequently sampled systems. To this end, we propose D-CIPHER, which is robust to measurement artifacts and can uncover a new and very general class of differential equations. We further design a novel optimization procedure, CoLLie, to help D-CIPHER search through this class efficiently. Finally, we demonstrate empirically that it can discover many well-known equations that are beyond the capabilities of current methods.",None
https://openreview.net/forum?id=9qgOs_IwRS3,Neighborhood Gradient Clustering: An Efficient Decentralized Learning Method for Non-IID Data Distributions,Federated Learning; Distributed Machine Learning; Decentralized Learning; Communication Efficient; Energy Efficient; Non-IID Data Distribution; Convergence,Proposed a novel decentralized learning algorithm to improve the performance over non-IID data distributions through manipulation of local-gradients,"Decentralized learning algorithms enable the training of deep learning models over large distributed datasets generated at different devices and locations, without the need for a central server. In practical scenarios, the distributed datasets can have significantly different data distributions across the agents. The current state-of-the-art decentralized algorithms mostly assume the data distributions to be Independent and Identically Distributed (IID). This paper focuses on improving decentralized learning over non-IID data distributions with minimal compute and memory overheads. We propose Neighborhood Gradient Clustering (NGC), a novel decentralized learning algorithm that modifies the local gradients of each agent using self- and cross-gradient information. Cross-gradients for a pair of neighboring agents are the derivatives of the model parameters of an agent with respect to the dataset of the other agent. In particular, the proposed method replaces the local gradients of the model with the weighted mean of the self-gradients, model-variant cross-gradients (derivatives of the received neighbors’ model parameters with respect to the local dataset - computed locally), and data-variant cross-gradients (derivatives of the local model with respect to its neighbors’ datasets - received through communication). The data-variant cross-gradients are aggregated through an additional communication round without breaking the privacy constraints of the decentralized setting. Further, we present CompNGC, a compressed version of NGC that reduces the communication overhead by $32 \times$ by compressing the cross-gradients. We demonstrate the empirical convergence and efficiency of the proposed technique over non-IID data distributions sampled from the CIFAR-10 dataset on various model architectures and graph topologies. Our experiments demonstrate that NGC and CompNGC outperform the existing state-of-the-art (SoTA) decentralized learning algorithm over non-IID data by $1-5\%$ with significantly less compute and memory requirements. Further, we also show that the proposed NGC method outperforms the baseline by $5-40\%$ with no additional communication.",None
https://openreview.net/forum?id=ltCuqJpZl7S,Equilibrium-finding via exploitability descent with learned best-response functions,equilibrium finding; game solving; best-response function; computational game theory,We propose a new method for equilibrium finding based on the idea of learned best-response functions.,"There has been great progress on equilibrium-finding research over the last 20 years. Most of that work has focused on games with finite, discrete action spaces. However, many games involving space, time, money, etc. have continuous action spaces. We study the problem of computing approximate Nash equilibria of games with continuous strategy sets. The main measure of closeness to Nash equilibrium is exploitability, which measures how much players can benefit from unilaterally changing their strategy. We propose a new method that minimizes an approximation of  exploitability with respect to the strategy profile. This approximation is computed using learned best-response functions, which take the current strategy profile as input and return learned best responses. The strategy profile and best-response functions are trained simultaneously, with the former trying to minimize exploitability while the latter try to maximize it. We evaluate our method on various continuous games, showing that it outperforms prior methods.",None
https://openreview.net/forum?id=dYQnWPqCCAs,A Unified Framework for Comparing Learning Algorithms,algorithm comparison; model comparison; data-centric; influence; datamodels; data augmentation; pretraining; learning rate,A unified framework for comparing models trained with two different learning algorithms based on how models use training data to make predictions,"We propose a framework for {\em (learning) algorithm comparisons}, wherein the goal is to find similarities and differences between models trained with two different learning algorithms. We begin by formalizing the goal of algorithm comparison as finding {\em distinguishing feature transformations}, input transformations that change the predictions of models trained with one learning algorithm but not the other. We then present a two-stage method for algorithm comparisons based on comparing how models use the training data, leveraging the recently proposed datamodel representations [Ilyas et al., 2022]. We demonstrate our framework through three case studies that compare models trained with/without standard data augmentation, with/without pre-training, and with different optimizer hyperparameters.",None
https://openreview.net/forum?id=70BaDC5ceIO,Neural Network Approximations of PDEs Beyond Linearity: Representational Perspective,PDE; Partial Differential Equations; Deep Learning Theory; Universal Approximation,None,"A burgeoning line of research has developed deep neural networks capable of approximating the solutions to high dimensional PDEs, opening related lines of theoretical inquiry focused on explaining how it is that these models appear to evade the curse of dimensionality. However, most theoretical analyses thus far have been limited to simple linear PDEs. In this work, we take a step towards studying the representational power of neural networks for approximating solutions to nonlinear PDEs. We focus on a class of PDEs known as nonlinear elliptic variational PDEs, whose solutions minimize an Euler-Lagrange energy functional $\mathcal{E}(u) = \int_\Omega L(\nabla u) dx$. We show that if composing a function with Barron norm $b$ with $L$ produces a function of Barron norm at most $B_L b^p$, the solution to the PDE can be $\epsilon$-approximated in the $L^2$ sense by a function with Barron norm $O\left(\left(dB_L\right)^{p^{\log(1/\epsilon)}}\right)$. By a classical result due to \cite{barron1993universal}, this correspondingly bounds the size of a 2-layer neural network needed to approximate the solution. Treating $p, \epsilon, B_L$ as constants, this quantity is polynomial in dimension, thus showing neural networks can evade the curse of dimensionality. Our proof technique involves neurally simulating (preconditioned) gradient in an appropriate Hilbert space, which converges exponentially fast to the solution of the PDE, and such that we can bound the increase of the Barron norm at each iterate. Our results subsume and substantially generalize analogous prior results for linear elliptic PDEs.",None
https://openreview.net/forum?id=2EO8eQ2vySB,Masked inverse folding with sequence transfer for protein representation learning,None,None,"Self-supervised pretraining on protein sequences has led to state-of-the art performance on protein function and fitness prediction. 
However, sequence-only methods ignore the rich information contained in experimental and predicted protein structures.
Meanwhile, inverse folding methods reconstruct a protein's amino-acid sequence given its structure, but do not take advantage of sequences that do not have known structures.
In this study, we train a masked inverse folding protein language model parameterized as a structured graph neural network. 
We then show that using the outputs from a pretrained sequence-only protein masked language model as input to the inverse folding model further improves pretraining perplexity. 
We evaluate both of these models on downstream protein engineering tasks and analyze the effect of using information from experimental or predicted structures on performance.",None
https://openreview.net/forum?id=ukveBtI9lnk,Convolutions are competitive with transformers for protein sequence pretraining,protein; pretrain; convolution,"For proteins, large pretrained CNNs are competitive with large pretrained transformers.","Pretrained protein sequence language models largely rely on the transformer architecture. However, transformer run-time and memory requirements scale quadratically with sequence length. We investigate the potential of a convolution-based architecture for protein sequence masked language model pretraining and subsequent finetuning. CNNs are competitive on the pretraining task with transformers across several orders of magnitude in parameter size while scaling linearly with sequence length. More importantly, CNNs are competitive with and occasionally superior to transformers across an extensive set of downstream evaluations, including structure prediction, zero-shot mutation effect prediction, and out-of-domain generalization. We also demonstrate strong performance on sequences longer than the positional embeddings allowed in the current state-of-the-art transformer protein masked language models. Finally, we close with a call to disentangle the effects of pretraining task and model architecture when studying pretrained protein sequence models.",None
https://openreview.net/forum?id=ieWqvOiKgz2,No Double Descent in PCA: Training and Pre-Training in High Dimensions,PCA; generalization theory; overparameterization; pre-training theory; encoder-decoder models; double descent; linear regression,We analyse PCA with linear regression for its generalization with high dimensional data and extend the setting to training the two model parts on two different data sets to establish connections to pre-training theory.,"With the recent body of work on overparameterized models the gap between theory and practice in contemporary machine learning is shrinking. While many of the present state-of-the-art models have an encoder-decoder architecture, there is little theoretical work for this model structure. To improve our understanding in this direction, we consider linear encoder-decoder models, specifically PCA with linear regression on data from a low-dimensional manifold. We present an analysis for fundamental guarantees of the risk and asymptotic results for isotropic data when the model is trained in a supervised manner. The results are also verified in simulations. Furthermore, we extend our analysis to the popular setting where parts of the model are pre-trained in an unsupervised manner by pre-training the PCA encoder with subsequent supervised training of the linear regression. We show that the overall risk depends on the estimates of the eigenvectors in the encoder and present a sample complexity requirement through a concentration bound. The results highlight that using more pre-training data decreases the overall risk only if it improves the eigenvector estimates. Therefore, we stress that the eigenvalue distribution determines whether more pre-training data is useful or not.",None
https://openreview.net/forum?id=YycrpoVQB4G,Predicting Drug Repurposing Candidates and Their Mechanisms from A Biomedical Knowledge Graph,Drug Repurposing; Reinforcement Learning; Biomedical Knowledge Graph,We predict drug repurposing candidates and their path-based mechanisms of action based on a large biomedical knowledge graph.,"Computational drug repurposing is a cost- and time-efficient method to identify new indications of approved or experimental drugs/compounds. It is especially critical for emerging and/or orphan diseases due to its cheaper investment and shorter research cycle compared with traditional wet-lab drug discovery approaches. However, the underlying mechanisms of action between repurposed drugs and their target diseases remain largely unknown, which is still an unsolved issue in existing repurposing methods. As such, computational drug repurposing has not been widely adopted in clinical settings. In this work, based on a massive biomedical knowledge graph, we propose a computational drug repurposing framework that not only predicts the treatment probabilities between drugs and diseases but also predicts the path-based, testable mechanisms of action (MOAs) as their biomedical explanations. Specifically, we utilize the GraphSAGE model in an unsupervised manner to integrate each entity’s neighborhood information and employ a Random Forest model to predict the treatment probabilities between pairs of drugs and diseases. Moreover, we train an adversarial actor-critic reinforcement learning model to predict the potential MOA for explaining drug purposing. To encourage the model to find biologically reasonable paths, we utilize the curated molecular interactions of drugs and a PubMed-publication-based concept distance to extract potential drug MOA paths from the knowledge graph as ”demonstration paths” to guide the model during the process of path-finding. Comprehensive experiments and case studies show that the proposed framework outperforms state-of-the-art baselines in both predictive performance of drug repurposing and explanatory performance of recapitulating human-curated DrugMechDB-based paths.",None
https://openreview.net/forum?id=gwTP_sA-aj-,Interval Bound Interpolation for Few-shot Learning with Few Tasks,meta-learning; metric learning; task interpolation; Interval Bound Propagation,A method to densify the task distribution for few-task few-shot learning using task interpolation within interval-arithmetic-based bounds,"Few-shot learning aims to transfer the knowledge acquired from training on a diverse set of tasks to unseen tasks from the same task distribution, with a limited amount of labeled data. The underlying requirement for effective few-shot generalization is to learn a good representation of the task manifold. This becomes more difficult when only a limited number of tasks are available for training. In such a few-task few-shot setting, it is beneficial to explicitly preserve the local neighborhoods from the task manifold and exploit this to generate artificial tasks for training. To this end, we introduce the notion of interval bounds from the provably robust training literature to few-shot learning. The interval bounds are used to characterize neighborhoods around the training tasks. These neighborhoods can then be preserved by minimizing the distance between a task and its respective bounds. We then use a novel strategy to artificially form new tasks for training by interpolating between the available tasks and their respective interval bounds. We apply our framework to both model-agnostic meta-learning as well as prototype-based metric-learning paradigms. The efficacy of our proposed approach is evident from the improved performance on several datasets from diverse domains in comparison to recent methods.",None
https://openreview.net/forum?id=7qSpaOSbRVO,Data Poisoning Attacks Against Multimodal Encoders,None,None,"Traditional machine learning (ML) models, e.g., image classifiers, usually rely on large-scale labeled datasets to achieve strong performance. However, such labeled datasets are often challenging and expensive to obtain. Also, the predefined categories limit the model's ability to generalize to other visual concepts as additional labeled data is required. On the contrary, the newly emerged multimodal model, which contains both visual and linguistic modalities, learns the concept of images from the raw text. It is a promising way to solve the above problems as it can use easy-to-collect image-text pairs to construct the training dataset and the raw texts contain almost unlimited categories according to their semantics. However, learning from a  large-scale unlabeled dataset also exposes the model to the risk of potential poisoning attacks, whereby the adversary aims to perturb the model's training dataset to trigger malicious behaviors in it. Previous work mainly focuses on the visual modality. In this paper, we instead focus on answering two questions: (1) Is the linguistic modality also vulnerable to poisoning attacks? and (2) Which modality is most vulnerable? To answer the two questions, we conduct three types of poisoning attacks against CLIP, the most representative multimodal contrastive learning framework. Extensive evaluations on different datasets and model architectures show that all three attacks can perform well on the linguistic modality with only a relatively low poisoning rate and limited epochs. Also, we observe that the poisoning effect differs between different modalities, i.e., with lower MinRank in the visual modality and with higher Hit@K when K is small in the linguistic modality. To mitigate the attacks, we propose both pre-training and post-training defenses. We empirically show that both defenses can significantly reduce the attack performance while preserving the model's utility.",None
https://openreview.net/forum?id=_NlE9YiyXKb,Tessellated Neural Networks: A Robust Defence against Adversarial Attacks,AI safety; fairness; privacy; robustness,None,"Data-driven deep learning approaches for image classification are prone to adversarial attacks. An adversarial image which is sufficiently close (visually indistinguishable) from a true image of its representative class can often be misclassified to be a member of a different class. It is possible for attackers to exploit the high dimensionality of image representations, as learned by the neural models, to identify adversarial perturbations. To mitigate this problem, we propose a novel divide-and-conquer based approach of tessellating a base network architecture (e.g., a ResNet used in our experiments). The tessellated network learns the parameterized representations of each non-overlapping sub-region or tiles within an image, independently, and then learns how to combine these representations to finally estimate the class of the input image. We investigate two different modes of tessellation, namely periodic, comprised of regular square-shaped tiles, and aperiodic, comprised of rectangles of different dimensions. Experiments demonstrate that the tessellated extension of two standard deep neural models leads to a better defence against a number of standard adversarial attacks. We observed that the decrease in post-attack accuracy values relative to the accuracy of the uncompromised networks is smaller for our proposed tessellated approach.",None
https://openreview.net/forum?id=TC39w69m8bB,ELRT: Towards Efficient Low-Rank Training for Compact Neural Networks,None,None,"Low-rank compression, a popular model compression technique that produces compact convolutional neural networks (CNNs) with low rankness, has been well studied in the literature. On the other hand, low-rank training, as an alternative way to train low-rank CNNs from scratch, is little exploited yet. Unlike low-rank compression, low-rank training does not need pre-trained full-rank models and the entire training phase is always performed on the low-rank structure, bringing attractive benefits for practical applications. However, the existing low-rank training solutions are still very limited and do not demonstrate their effectiveness for training modern low-rank CNN models in the large-scale dataset from scratch. In this paper, we perform a systematic investigation on low-rank CNN training. By identifying the proper low-rank format and performance-improving strategy, we propose ELRT, an efficient low-rank training solution for high-accuracy high-compactness low-rank CNN models. Our extensive evaluation results for training various CNNs on different datasets demonstrate the effectiveness of ELRT.",None
https://openreview.net/forum?id=nG08xiRT2As,InfoOT: Information Maximizing Optimal Transport,Optimal Transport; Unsupervised Alignment; Domain Adaptation; Mutual Information,"We present InfoOT, an information-theoretic extension of optimal transport that combines the geometry with the mutual information between domains.","Optimal transport aligns samples across distributions by minimizing the transportation cost between them, e.g., the geometric distances. Yet, it ignores coherence structure in the data such as clusters, does not handle outliers well, and cannot integrate new data points. To address these drawbacks, we propose InfoOT, an information-theoretic extension of optimal transport that maximizes the mutual information between domains while minimizing geometric distances. The resulting objective can still be formulated as a (generalized) optimal transport problem, and can be efficiently solved by projected gradient descent. This formulation yields a new projection method that is robust to outliers and generalizes to unseen samples. Empirically, InfoOT improves the quality of alignments across benchmarks in domain adaptation, cross-domain retrieval, and single-cell alignment.",None
https://openreview.net/forum?id=jwgnijhdF3V,Posterior Sampling Model-based Policy Optimization under Approximate Inference,Reinforcement learning; Posterior; Model-based reinforcement learning,We proposed an improved posterior factorization for PSRL under approximate inference; and two sampling strategies.,"Model-based reinforcement learning algorithms (MBRL) hold tremendous promise for improving the sample efficiency in online RL. However, many existing popular MBRL algorithms cannot deal with exploration and exploitation properly. Posterior sampling reinforcement learning (PSRL) serves as a promising approach for automatically trading off the exploration and exploitation, but the theoretical guarantees only hold under exact inference. In this paper, we show that adopting the same methodology as in exact PSRL can be fairly suboptimal under approximate inference. Motivated by the analysis, we propose an improved factorization for the posterior distribution of polices by removing the conditional independence between the policy and data given the model. By adopting such a posterior factorization, we further propose a general algorithmic framework for PSRL under approximate inference and a practical instantiation of it. Empirically, our algorithm can surpass the baseline methods by a significant margin on both dense rewards and sparse rewards tasks from DM control suite, OpenAI Gym and Metaworld benchmarks.",None
https://openreview.net/forum?id=Whf5OGxibGR,Causal discovery from conditionally stationary time series,causal discovery; temporal data; graph neural network; time series; non-stationary; probabilistic modelling,None,"Causal discovery, i.e., inferring underlying causal relationships from observational data, has been shown to be highly challenging for AI systems. In time series modeling context, traditional causal discovery methods mainly consider constrained scenarios with fully observed variables and/or data from stationary time-series. We develop a causal discovery approach to handle a wide class of non-stationary time-series that are conditionally stationary, where the non-stationary behaviour is modeled as stationarity conditioned on a set of (possibly hidden) state variables. Named state-dependent causal inference (SDCI), our approach is able to recover the underlying causal dependencies, provably with fully-observed states and empirically with hidden states. The latter is confirmed by experiments on synthetic linear system and nonlinear particle interaction data, where SDCI achieves superior performance over baseline causal discovery methods. Improved results over non-causal RNNs on modeling NBA player movements demonstrate the potential of our method and motivate the use causality-driven methods for forecasting.",None
https://openreview.net/forum?id=cwiFbXPW4G0,Learning for Edge-Weighted Online Bipartite Matching with Robustness Guarantees,Robustness; online bipartite matching; reinforcement learning,This paper proposes a novel reinforcement learning approach to solve edge-weighted online bipartite matching with robustness guarantees.,"Many real-world problems, such as online ad display, can be formulated as online bipartite matching. The crucial challenge lies in the nature of sequentially-revealed online item information, based on which we make irreversible matching decisions at each step. While numerous expert online algorithms have been proposed with bounded worst-case competitive ratios, they may not offer satisfactory performance in average cases. On the other hand, reinforcement learning (RL) has been applied to improve the average performance, but they lack robustness and can perform arbitrarily badly. In this paper, we propose a novel RL-based approach to edge-weighted online bipartite matching with robustness guarantees (LOMAR), achieving both good average-case and good worst-case performance. The key novelty of LOMAR is a new online switching operation which, based on a judiciously-designed condition to hedge against future uncertainties, decides whether to follow the expert's decision or the RL decision for each online item arrival. We prove that for any $\rho \in [0,1]$, LOMAR is $\rho$-competitive against any given expert online algorithm. To improve the average performance, we  train the RL policy by explicitly considering the online switching operation. Finally, we run empirical experiments to demonstrate the advantages of LOMAR compared to existing baselines.",None
https://openreview.net/forum?id=Th98b8dH4yr,Tangential Wasserstein Projections,Optimal Transport; Wasserstein; Generalized geodesics; Projection; Tangent Cone; Causal Inference,None,"We develop a notion of projections between sets of probability measures using the geometric properties of the $2$-Wasserstein space. It is designed for general multivariate probability measures, is computationally efficient to implement, and provides a unique solution in regular settings. The idea is to work on regular tangent cones of the Wasserstein space using generalized geodesics. Its structure and computational properties make the method applicable in a variety of settings, from causal inference to the analysis of object data. An application to estimating causal effects yields a generalization of the notion of synthetic controls for systems with general heterogeneity described via multivariate probability measures, as well as a way to estimate optimal weights jointly over all time periods.",None
https://openreview.net/forum?id=5b9uVL3l1T4,Data Drift Correction via Time-varying Importance Weight Estimator,distribution shift; data drift over time; propensity scoring,Data gradually evolves over time in the real-world applications. This paper proposes a simple yet effective way to detect gradual shifts in data.,"Real-world deployment of machine learning models is challenging when data evolves over time. And data does evolve over time. While no model can work when data evolves in an arbitrary fashion, if there is some pattern to these changes, we might be able to design methods to address it. This paper addresses situations when data evolves gradually. We introduce a novel time-varying importance weight estimator that can detect gradual shifts in the distribution of data. Such an importance weight estimator allows the training method to selectively sample past data---not just similar data from the past like a standard importance weight estimator would but also data that evolved in a similar fashion in the past. Our time-varying importance weight is quite general. We demonstrate different ways of implementing it that exploit some known structure in the evolution of data. We demonstrate and evaluate this approach on a variety of problems ranging from supervised learning tasks (multiple image classification datasets) where the data undergoes a sequence of gradual shifts of our design to reinforcement learning tasks (robotic manipulation and continuous control) where data undergoes a shift organically as the policy or the task changes.",None
https://openreview.net/forum?id=2_BsVZ6R-ef,Analytical Composition of Differential Privacy via the Edgeworth Accountant,Differential Privacy; f-Differential Privacy; Edgeworth Expansion; PLLR; Edgeworth Accountant,We developed an efficient analytical tool via the Edgeworth expansion with finite-sample bounds to to keep track of DP guarantees with a large number of compositions.,"Many modern machine learning algorithms are composed of simple private algorithms; thus, an increasingly important problem is to efficiently compute the overall privacy loss under composition. In this study, we introduce the Edgeworth Accountant, an analytical approach to composing differential privacy guarantees of private algorithms. The Edgeworth Accountant starts by losslessly tracking the privacy loss under composition using the $f$-differential privacy framework, which allows us to express the privacy guarantees using privacy-loss log-likelihood ratios (PLLRs). As the name suggests, this accountant next uses the Edgeworth expansion to the upper and lower bounds the probability distribution of the sum of the PLLRs. Moreover, by relying on a technique for approximating complex distributions using simple ones, we demonstrate that the Edgeworth Accountant can be applied to the composition of any noise-addition mechanism. Owing to certain appealing features of the Edgeworth expansion, the $(\epsilon, \delta)$-differential privacy bounds offered by this accountant are non-asymptotic, with essentially no extra computational cost, as opposed to the prior approaches, wherein the running times increase with the number of compositions. Finally, we demonstrate that our upper and lower $(\epsilon, \delta)$-differential privacy bounds are tight in federated analytics and certain regimes of training private deep learning models.",None
https://openreview.net/forum?id=9Q7wZ0Uq4Z6,Policy-Induced Self-Supervision Improves Representation Finetuning in Visual RL,visual reinforcement learning; representation learning; transfer learning,"We study the transfer of visual representations in RL, show that they can be partially frozen, and propose a self-supervised method to accelerate their finetuning.","We study how to transfer representations pretrained on source tasks to target tasks in visual percept based RL. We analyze two popular approaches: freezing or finetuning the pretrained representations. Empirical studies on a set of popular tasks reveal several properties of pretrained representations. First, finetuning is required even when pretrained representations perfectly capture the information required to solve the target task. Second, finetuned representations improve learnability and are more robust to noise.
Third, pretrained bottom layers are task-agnostic and readily transferable to new tasks, while top layers encode task-specific information and require adaptation. Building on these insights, we propose a self-supervised objective that \emph{clusters representations according to the policy they induce}, as opposed to traditional representation similarity measures which are policy-agnostic (\eg Euclidean norm, cosine similarity). Together with freezing the bottom layers, this objective results in  significantly better representation than frozen, finetuned, and self-supervised alternatives on a wide range of benchmarks.",None
https://openreview.net/forum?id=NGMAKE75_N7,Solving and Learning non-Markovian Stochastic Control problems in continuous-time with Neural RDEs,stochastic control; neural RDEs; rough paths; reinforcement learning,We propose a novel framework for solving non-Markovian stochastic control problems in continuous-time using Neural RDEs,"We propose a novel framework for solving continuous-time, non-Markovian stochastic control problems with the use of neural rough differential equations (Neural RDEs). By parameterising the control process as the solution of a Neural RDE driven by the state process, we show that the control-state joint dynamics are governed by an uncontrolled RDE with structured vector fields, allowing for efficient trajectories simulation, Monte-Carlo estimation of the value function and backpropagation. To deal with input paths of infinite 1-variation, we refine the existing universal approximation result to a probabilistic density result for Neural RDEs driven by random rough paths. Experiments on various non-Markovian problems indicate how the proposed framework is time-resolution-invariant and capable of learning optimal solutions with higher accuracy than traditional RNN-based approaches. Finally, we discuss possible extensions of this framework to the setting of non-Markovian continuous-time reinforcement learning and provide promising empirical evidence in this direction.",None
https://openreview.net/forum?id=F_P8Dtg43vF,Spatio-temporal Self-Attention for Egocentric 3D Pose Estimation,pose estimation; egocentric vision; computer vision; self-attention; spatio-temporal data analysis,spatio-temporal egocentric pose estimation using transformers.,"Vision-based ego-centric 3D human pose estimation (ego-HPE) is essential to support critical applications of xR-technologies. However, severe self-occlusions and strong distortion introduced by the fish-eye view from the head mounted camera, make ego-HPE extremely challenging. While current state-of-the-art (SOTA) methods try to address the distortion, they still suffer from large errors in the most critical joints (such as hands) due to self-occlusions. To this end, we propose a spatio-temporal transformer model that can attend to semantically rich feature maps obtained from popular convolutional backbones. Leveraging the complex spatio-temporal information encoded in ego-centric videos, we design a spatial concept called feature map tokens (FMT) which can attend to all the other spatial units in our spatio-temporal feature maps. Powered by this FMT-based transformer, we build Egocentric Spatio-Temporal Self-Attention Network (Ego-STAN), which uses heatmap-based representations and spatio-temporal attention specialized to address distortions and self-occlusions in ego-HPE.
Our quantitative evaluation on the contemporary sequential xR-EgoPose dataset, achieves a 38.2% improvement on the highest error joints against the SOTA ego-HPE model, while accomplishing a 22% decrease in the number of parameters. Finally, we also demonstrate the generalization capabilities of our model to real-world HPE tasks beyond ego-views.",None
https://openreview.net/forum?id=l5XHUBGrBkD,RNAS-CL: Robust Neural Architecture Search by Cross-Layer Knowledge Distillation,Robust Neural Architecture Search; Knowledge Distillation; Efficient Deep Learning Model,None,"Deep Neural Networks are vulnerable to adversarial attacks. Neural Architecture Search (NAS), one of the driving tools of deep neural networks, demonstrates superior performance in prediction accuracy in various machine learning applications. However, it is unclear how it performs against adversarial attacks. Given the presence of a robust teacher, it would be interesting to investigate if NAS would produce robust neural architecture by inheriting robustness from the teacher. In this paper, we propose Robust Neural Architecture Search by Cross-Layer Knowledge Distillation (RNAS-CL), a novel NAS algorithm that improves the robustness of NAS by learning from a robust teacher through cross-layer knowledge distillation. Unlike previous knowledge distillation methods that encourage close student/teacher output only in the last layer, RNAS-CL automatically searches for the best teacher layer to supervise each student layer. Experimental result evidences the effectiveness of RNAS-CL and shows that RNAS-CL produces small and robust neural architecture.",None
https://openreview.net/forum?id=KaeYRGTaODt,Multi-Agent Policy Transfer via Task Relationship Modeling,Multi-agent reinforcement learning; cooperative transfer learning,We propose to model task relationships by learning effect-based task representations for more efficient multi-agent policy transfer.,"Team adaptation to new cooperative tasks is a hallmark of human intelligence, which has yet to be fully realized in learning agents. Previous works on multi-agent transfer learning accommodate teams of different sizes, but heavily rely on the generalization ability of neural networks for adapting to unseen tasks. We posit that the relationship among tasks provides the key information for policy adaptation. To utilize such relationship for efficient transfer, we try to discover and exploit the knowledge among tasks from different teams, propose to learn effect-based task representations as a common latent space among tasks, and use it to build an alternatively fixed training scheme. We demonstrate that the task representation can capture the relationship among teams and generalize to unseen tasks. As a result, the proposed method can help transfer learned cooperation knowledge to new tasks after training on a few source tasks, and the learned transferred policies can also help solve tasks that are hard to learn from scratch.",None
https://openreview.net/forum?id=NMoeVEwekzC,On Convergence of Average-Reward Off-Policy Control Algorithms in Weakly-Communicating MDPs,Reinforcement Learning; Average-Reward; Off-Policy; Convergence,Showing average-reward off-policy control algorithms converge in weakly-communicating MDPs,"We show two average-reward off-policy control algorithms, Differential Q Learning (Wan, Naik, \& Sutton 2021a) and RVI Q Learning (Abounadi Bertsekas \& Borkar 2001), converge in weakly-communicating MDPs. Weakly-communicating MDPs are the most general class of MDPs that a learning algorithm with a single stream of experience can guarantee obtaining a policy achieving optimal reward rate. The original convergence proofs of the two algorithms require that all optimal policies induce unichains, which is not necessarily true for weakly-communicating MDPs. To the best of our knowledge, our results are the first showing average-reward off-policy control algorithms converge in weakly-communicating MDPs. As a direct extension, we show that average-reward options algorithms introduced by (Wan, Naik, \& Sutton 2021b) converge if the Semi-MDP induced by options is weakly-communicating.",None
https://openreview.net/forum?id=ElI9znK_eUz,Diagnosing and exploiting the computational demands of videos games for deep reinforcement learning,Cognitive Science; Deep Reinforcement Learning; Perceptual Grouping; Neuroscience,Strategies for improving deep reinforcement learning agents can be predicted from their generalization performance.,"Humans learn by interacting with their environments and perceiving the outcomes of their actions. A landmark in artificial intelligence has been the development of deep reinforcement learning (dRL) algorithms capable of doing the same in video games, on par with or better than humans. However, it remains unclear whether the successes of dRL models reflect advances in visual representation learning, the effectiveness of reinforcement learning algorithms at discovering better policies, or both. To address this question, we introduce the Learning Challenge Diagnosticator (LCD), a tool that separately measures the perceptual and reinforcement learning demands of a task. We use LCD to discover a novel taxonomy of challenges in the Procgen benchmark, and demonstrate that these predictions are both highly reliable and can instruct algorithmic development. More broadly, the LCD reveals multiple failure cases that can occur when optimizing dRL algorithms over entire video game benchmarks like Procgen, and provides a pathway towards more efficient progress.",None
https://openreview.net/forum?id=IDSXUFQeZO5,NeuralPCG: Learning Preconditioner for Solving Partial Differential Equations with Graph Neural Network,Physics Simulation; Graph Neural Network; Applied Mathematics,None,"Fast and accurate partial differential equation (PDE) solvers empower scientific and engineering research. Classic numerical solvers provide unparalleled accuracy but often require extensive computation time. Machine learning solvers are significantly faster but lack convergence and accuracy guarantees. We present Neural-Network-Preconditioned Conjugate Gradient, or NeuralPCG, a novel linear second-order PDE solver that combines the benefits of classic iterative solvers and machine learning approaches. Our key observation is that both neural-network PDE solvers and classic preconditioners excel at obtaining fast but inexact solutions. NeuralPCG proposes to use neural network models to \emph{precondition} PDE systems in classic iterative solvers. Compared with neural-network PDE solvers, NeuralPCG achieves converging and accurate solutions (e.g.,1e-12 precision) by construction. Compared with classic solvers, NeuralPCG is faster via data-driven preconditioners. We demonstrate the efficacy and generalizability of NeuralPCG by conducting extensive experiments on various 2D and 3D linear second-order PDEs.",None
https://openreview.net/forum?id=FI5IysDR8pG,Learning Dynamic Query Combinations for Transformer-based Object Detection and Segmentation,None,None,"Transformer-based detection and segmentation methods use a list of learned detection queries to retrieve information from the transformer network and learn to predict the location and category of one specific object from each query. We empirically find that random convex combinations of the learned queries are still good queries for the corresponding models. We then propose to learn a convex combination with dynamic coefficients based on the high-level semantics of the image. The generated dynamic queries better capture the prior of object locations and categories in the different images. Equipped with our dynamic queries, a wide range of DETR-based models achieve consistent and superior performance across multiple tasks (object detection, instance segmentation, panoptic segmentation) and on different benchmarks (MS COCO, CityScapes, YoutubeVIS).",None
https://openreview.net/forum?id=uYFRjvSJXbQ,Cross-Quality Few-Shot Transfer for Alloy Yield Strength Prediction: A New Material Science Benchmark and An Integrated Optimization Framework,None,None,"Discovering high-entropy alloys (HEAs) with high yield strength is an important yet challenging task in material science. However, the yield strength can only be accurately measured by very expensive and time-consuming real-world experiments, hence cannot be acquired at scale. Learning-based methods could facilitate the discovery process, but the lack of a comprehensive dataset on HEA yield strength has created barriers. We present X-Yield, a large-scale material science benchmark with 240 experimentally measured (""high-quality"") and over 100K simulated (imperfect or ""low-quality"") HEA yield strength annotations. Due to the scarcity of experimental annotations and the quality gap in imperfectly simulated data, existing transfer learning methods cannot generalize well on our dataset. We address this cross-quality few-shot transfer problem by leveraging model sparsification ""twice"" --- as a noise-robust feature learning regularizer at the pre-training stage, and as a data-efficient learning regularizer at the few-shot transfer stage. While the workflow already performs decently with ad-hoc sparsity patterns tuned independently for either stage, we take a step further by proposing a bi-level optimization framework termed Bi-RPT, that jointly learns optimal masks and automatically allocates sparsity levels for both stages. The optimization problem is solved efficiently using gradient unrolling, which is seamlessly integrated with the training process. The effectiveness of Bi-RPT is validated through extensive experiments on our new challenging X-Yield dataset, alongside other synthesized testbeds. Specifically, we achieve an 8.9~19.8% reduction in terms of the test mean squared error and 0.98~1.53% in terms of test accuracy, merely using 5-10% of the experimental data. Codes and sample data are in the supplement.",None
https://openreview.net/forum?id=ZMxVNpd76mw,Robust Reinforcement Learning with Distributional Risk-averse formulation,Robust Reinforcement Learning; Risk-Averse Reinforcement Learning; Deep Reinforcement Learning,None,"The purpose of robust reinforcement learning is to make predictions more robust to changes in the dynamics or rewards of the system. This problem is particularly important when dynamics and rewards of the environment are estimated from the data. However, without constraints, this problem is intractable. In this paper, we approximate the Robust Reinforcement Learning constrained with a $f$-divergence using an approximate Risk-Averse formulation. We show that the classical Reinforcement Learning formulation can be robustified using a standard deviation penalization of the objective. Two algorithms based on Distributional Reinforcement Learning, one for discrete and one for continuous action spaces, are proposed and tested in a classical Gym environment to demonstrate the robustness of the algorithms.",None
