urls,titles,keywords,tldrs,abstracts,one_sentence_summ
https://openreview.net/forum?id=8yVy6LdhER4,Approximating How Single Head Attention Learns,NLP; training dynamics; attention,"Why do models often attend to salient words, and how does this evolve throughout training? We define a model property, Knowledge to Translate Individual Words, and claim that it drives the learning of the attention.","Why do models often attend to salient words, and how does this evolve throughout training? We approximate model training as a two stage process: early on in training when the attention weights are uniform, the model learns to translate individual input word `i` to `o` if they co-occur frequently. Later, the model learns to attend to `i` while the correct output is o because it knows `i` translates to `o`. To formalize, we define a model property, Knowledge to Translate Individual Words (KTIW) (e.g. knowing that `i` translates to `o`), and claim that it drives the learning of the attention. This claim is supported by the fact that before the attention mechanism is learned, KTIW can be learned from word co-occurrence statistics, but not the other way around. Particularly, we can construct a training distribution that makes KTIW hard to learn, the learning of the attention fails, and the model cannot even learn the simple task of copying the input words to the output. Our approximation explains why models sometimes attend to salient words, and inspires a toy example where a multi-head attention model can overcome the above hard training distribution by improving learning dynamics rather than expressiveness. We end by discussing the limitation of our approximation framework and suggest future directions.",None
https://openreview.net/forum?id=EqDnVOyiVX,Learning to Optimize Quasi-Newton Methods,meta-learning; learning to optimize; quasi-Newton; optimization; hypergradients,We introduce a novel machine learning optimizer which combines learning to optimize with quasi-Newton methodology.,"We introduce a novel machine learning optimizer called LODO, which online meta-learns an implicit inverse Hessian of the loss as a subroutine of quasi-Newton optimization. Our optimizer merges Learning to Optimize (L2O) techniques with quasi-Newton methods to learn neural representations of symmetric matrix vector products, which are more flexible than those in other quasi-Newton methods. Unlike other L2O methods, ours does not require any meta-training on a training task distribution, and instead learns to optimize on the fly while optimizing on the test task, adapting to the local characteristics of the loss landscape while traversing it. Theoretically, we show that our optimizer approximates the inverse Hessian in noisy loss landscapes and is capable of representing a wide range of inverse Hessians. We experimentally verify our algorithm's performance in the presence of noise, and show that simpler alternatives for representing the inverse Hessians worsen performance. Lastly, we use our optimizer to train a semi-realistic deep neural network with 95k parameters, and obtain competitive results against standard neural network optimizers.",None
https://openreview.net/forum?id=5G_SmGZlXQ,Toxicity in Multilingual Machine Translation at Scale,Toxicity; Holistic Bias; Input Attributions; Multilingual Machine Translation; Scale,"Quantification, analysis and mitigation recommendations of toxicity for 164 languages","Machine Translation systems can produce different types of errors, some of which get characterized as critical or catastrophic due to the specific negative impact they can have on users. Automatic or human evaluation metrics do not necessarily differentiate between such critical errors and more innocuous ones. In this paper we focus on one type of critical error: added toxicity. We evaluate and analyze added toxicity when translating a large evaluation dataset (HOLISTICBIAS, over 472k sentences, covering 13 demographic axes) from English into 164 languages. The toxicity automatic evaluation shows that added toxicity across languages varies from 0% to 5%. The output languages with the most added toxicity tend to be low-resource ones, and the demographic axes with the most added toxicity include sexual orientation, gender and sex, and ability. We also perform human evaluation on a subset of 8 directions, confirming the prevalence of true
added toxicity.

We use a measurement of the amount of source contribution to the translation, where a low source contribution implies hallucination, to interpret what causes toxicity. We observe that the source contribution is somewhat correlated with toxicity but that 45.6% of added toxic words have a high source contribution, suggesting that much of the added toxicity may be due to mistranslations. Combining the signal of source contribution level with a measurement of translation robustness allows us to flag 22.3% of added toxicity, suggesting that added toxicity may be related to both hallucination and the stability of translations in different contexts. Given these findings, our recommendations to reduce added toxicity are to curate training data to avoid mistranslations, mitigate hallucination and check unstable translations.",None
https://openreview.net/forum?id=lCzuxqRbThP,FedMT: Federated Learning with Mixed-type Labels,Federated Learning; Mixed-type Labels; Healthcare Application; Neural Tangent Kernel,None,"In federated learning (FL), classifiers (e.g., deep networks) are trained on datasets from multiple centers without exchanging data across them, and thus improves sample efficiency. In the classical setting of FL, the same labeling criterion is usually employed across all centers being involved in training. This constraint greatly limits the applicability of FL. For example, standards used for disease diagnosis are more likely to be different across clinical centers, which mismatches the classical FL setting. In this paper, we consider an important yet under-explored setting of FL, namely FL with mixed-type labels where different labeling criteria can be employed by various centers, leading to inter-center label space differences and challenging existing FL methods designed for the classical setting. To effectively and efficiently train models with mixed-type labels, we propose a theory-guided and model-agnostic approach that can make use of the underlying correspondence between those label spaces and can be easily combined with various FL methods such as FedAvg. We present convergence analysis based on over-parameterized ReLU networks. We show that the proposed method can achieve linear convergence in label projection, and demonstrate the impact of the parameters of our new setting on the convergence rate. The proposed method is evaluated and the theoretical findings are validated on benchmark and medical datasets.",None
https://openreview.net/forum?id=e9CKiV6pgBD,Penalizing the High-likelihood: A Novel Sampling Method for Open-ended Neural Text Generation via Inverse Probability Weighting,neural text generation; sampling algorithm; likelihood trap; diversity and novelty,A novel sampling algorithm for neural text generation with improved diversity and novelty compared with top-p/k and temperature sampling.,"Traditional stochastic sampling methods for open-ended neural text generation focus on truncating the low-likelihood part of the predicted distribution. They do not directly manipulate the high-likelihood part, which leads to the likelihood trap that induces repetition and boredom. They also do not directly leverage that human does not always favor high-likelihood texts. Inspired by these, we propose a novel sampling method that rescales the high-likelihood part of the distribution with inverse probability weighting. It increases the diversity by rescaling and penalizing the high-likelihood words, and preserves the fluency by using multi-filtering truncation on the low-likelihood words. We use pre-trained language models to compare our algorithm with traditional sampling methods. Results show that our algorithm can significantly increase the diversity and novelty of generated texts without corrupting the fluency.",None
https://openreview.net/forum?id=fySLokohvj4,Bandit Learning with General Function Classes: Heteroscedastic Noise and Variance-dependent Regret Bounds,None,None,"We consider learning a stochastic bandit model, where the reward function belongs to a general class of uniformly bounded functions, and the additive noise can be heteroscedastic. Our model captures contextual linear bandits and generalized linear bandits as special cases. While previous works (Kirschner and Krause, 2018; Zhou et al., 2021) based on weighted ridge regression can deal with linear bandits with heteroscedastic noise, they are not directly applicable to our general model due to the curse of nonlinearity. In order to tackle this problem, we propose a \emph{multi-level learning} framework for the general bandit model. The core idea of our framework is to partition the observed data into different levels according to the variance of their respective reward and perform online learning at each level collaboratively. Under our framework, we first design an algorithm that constructs the variance-aware confidence set based on empirical risk minimization and prove a variance-dependent regret bound. For generalized linear bandits, we further propose an algorithm based on follow-the-regularized-leader (FTRL) subroutine and online-to-confidence-set conversion, which can achieve a tighter variance-dependent regret under certain conditions.",None
https://openreview.net/forum?id=5cio7DSIXLQ,Adaptive Sparse Softmax: An Effective and Efficient Softmax Variant for Text Classification,None,None,"Softmax with the cross entropy loss is the standard configuration for current neural text classification models. The gold score for a target class is supposed to be 1, but it is never reachable under the softmax schema. Such a problem makes the training process continue forever and leads to overfitting. Moreover, the “target-approach-1” training goal forces the model to continuously learn all samples, leading to a waste of time in handling some samples which have already been classified correctly with high confidence, while the test goal simply requires the target class of each sample to hold the maximum score. To solve the above weaknesses, we propose the \textbf{A}daptive \textbf{S}parse softmax (AS-Softmax) which designs a reasonable and test-matching transformation on top of softmax. For more purposeful learning, we discard the classes with far smaller scores compared with the actual class during training. Then the model could focus on learning to distinguish the target class from its strong opponents, which is also the great challenge in test. In addition, since the training losses of easy samples will gradually drop to 0 in AS-Softmax, we develop an adaptive gradient accumulation strategy based on the masked sample ratio to speed up training. We verify proposed AS-Softmax on a variety of multi-class, multi-label and token classification tasks with class sizes ranging from 5 to 5000+. The results show that AS-Softmax consistently outperforms softmax and its variants, and the loss of AS-Softmax is remarkably correlated with classification performance in validation. Furthermore, adaptive gradient accumulation strategy can bring about 1.2× training speedup comparing with the standard softmax while maintaining classification effectiveness.",None
https://openreview.net/forum?id=x5YkB3b_48o,Stochastic Bridges as Effective Regularizers for Parameter-Efficient Tuning,parameter-efficient tuning; pre-trained model; stochastic process,"We propose to use stochastic bridges in a latent space to regularize the intermediate states of pre-trained models, and show the effectiveness and generality of this regularization on different tasks, models, and parameter-efficient tuning methods.","Parameter-efficient tuning methods (PETs) have achieved promising results in tuning large pre-trained language models (PLMs). By formalizing frozen PLMs and additional tunable parameters as systems and controls respectively, PETs can be theoretically grounded to optimal control and further viewed as optimizing terminal cost and running cost in the optimal control literature. Despite the elegance of this theoretical grounding, in practice, existing PETs often ignore the running cost and only optimize the terminal cost, i.e., focus on optimizing the loss function of the output state, regardless of the running cost that depends on the intermediate states. Since it is non-trivial to directly model the intermediate states and design a running cost function, we propose to use latent stochastic bridges to regularize the intermediate states and serve as the running cost of PETs. As the first work to propose regularized PETs that use stochastic bridges as the regularizers (running costs) for intermediate states, we show the effectiveness and generality of this regularization across different tasks, PLMs and PETs. In view of the great potential and capacity, we believe more sophisticated regularizers can be designed for PETs and better performance can be achieved in the future.",None
https://openreview.net/forum?id=Vk9RH9aL1Yv,Continuous Goal Sampling: A Simple Technique to Accelerate Automatic Curriculum Learning,reinforcement learning; curriculum learning; goal-conditioned reinforcement learning,"We present continuous goal sampling, an extension of goal-conditioned RL that accelerates a wide range of curriculum learning algorithms.","Goal-conditioned reinforcement learning (RL) tackles the problem of training an RL agent to reach multiple goals in an environment, often with sparse rewards only administered upon reaching the goal. 
In this regard, automatic curriculum learning can improve an agent's learning by sampling goals in a structured order catered to the agent's current ability. 
This work presents two contributions to improve learning in goal-conditioned RL environments.
First, we present a simple, algorithm-agnostic technique to accelerate learning by continuous goal sampling, in which an agent's goals are sampled and changed multiple times within a single episode. 
Such continuous goal sampling enables faster exploration of the goal space and allows curriculum methods to have a more significant impact on an agent's learning.
Second, we propose VDIFF, an automatic curriculum learning method that uses an agent's value function to create a self-paced curriculum by sampling goals on which the agent is demonstrating high learning progress.
Through results on 17 multi-goal robotic environments and navigation tasks, we show that continuous goal sampling and VDIFF work synergistically and result in performance gains over current state-of-the-art methods.",None
https://openreview.net/forum?id=xc5ajsvLzFO,What do Vision Transformers Learn?  A Visual Exploration,Vision Transformers; Visualization; Interpretability,None,"Vision transformers (ViTs) are quickly becoming the de-facto architecture for computer vision, yet we understand very little about why they work and what they learn. While existing studies visually analyze the mechanisms of convolutional neural networks, an analogous exploration of ViTs remains challenging. In this paper, we first address the obstacles to performing visualizations on ViTs. Assisted by these solutions, we observe that neurons in ViTs trained with language model supervision (e.g., CLIP) are activated by semantic concepts rather than visual features. We also explore the underlying differences between ViTs and CNNs, and we find that transformers detect image background features, just like their convolutional counterparts, but their predictions depend far less on high-frequency information. On the other hand, both architecture types behave similarly in the way features progress from abstract patterns in early layers to concrete objects in late layers. In addition, we show that ViTs maintain spatial information in all layers except the final layer. In contrast to previous works, we show that the last layer most likely discards the spatial information and behaves as a learned global pooling operation. Finally, we conduct large-scale visualizations on a wide range of ViT variants, including DeiT, CoaT, ConViT, PiT, Swin, and Twin, to validate the effectiveness of our method.",None
https://openreview.net/forum?id=e-M4E3Jmnkq,Detecting and Mitigating Indirect Stereotypes in Word Embeddings,word embeddings; stereotypes; bias; bias mitigation; indirect bias,None,"Societal biases in the usage of words, including harmful stereotypes, are frequently learned by common word embedding methods.  These biases manifest not only between a word and an explicit marker of its stereotype, but also between words that share related stereotypes.  This latter phenomenon, sometimes called ``indirect bias,'' has resisted prior attempts at debiasing.  In this paper, we propose a novel method to mitigate indirect bias in distributional word embeddings by modifying biased relationships between words before embeddings are learned.  This is done by considering how the co-occurrence probability of a given pair of words changes in the presence of words marking an attribute of bias, and using this to average out the effect of a bias attribute.  To evaluate this method, we perform a series of common tests and demonstrate that the semantic quality of the word embeddings is retained while measures of bias in the embeddings are reduced.  In addition, we conduct novel tests for measuring indirect stereotypes by extending the Word Embedding Association Test (WEAT) with new test sets for indirect binary gender stereotypes.  With these tests, we demonstrate that this method can reduce the presence of more subtle stereotypes not properly addressed by previous work.",None
https://openreview.net/forum?id=X5BlM6YG7j,OCIM : Object-centric Compositional Imagination for Visual Abstract Reasoning,objects; imagination; visual reasoning; representation learning; inductive biases; compositional generalization,Our model leveragse object-centric inductive biases to derive an imagination-based learning framework. We show that it leads to better compositional generalization in a visual abstact reasoning task.,"A  long-sought  property of machine  learning  systems is  the ability to compose learned concepts in novel ways that would enable them to make sense of new situations. Such capacity for imagination -- a core aspect of human intelligence -- is not yet attained  for machines. In this work, we show that object-centric inductive biases can be leveraged to derive an imagination-based learning framework that achieves compositional generalization on a series of tasks. Our method, denoted Object-centric Compositional IMagination (OCIM), decomposes visual reasoning tasks into a series of primitives applied to objects without using a domain-specific language. We show that these primitives can be recomposed to generate new imaginary tasks. By training on such imagined tasks, the model learns to reuse the previously-learned concepts to systematically generalize at test time. We test our model on a series of arithmetic tasks where the model has to infer the sequence of operations (programs) applied to a series of inputs. We find that imagination is key for the model to find the correct solution for unseen combinations of operations.",None
https://openreview.net/forum?id=YSVbWFBDup,How Weakly Supervised Information helps Contrastive Learning,None,None,"Contrastive learning has shown outstanding performances in both supervised and unsupervised learning. However, little is known about when and how weakly supervised information helps improve contrastive learning, especially from the theoretical perspective. The major challenge is that the existing theory of contrastive learning based on supervised learning frameworks failed to distinguish between supervised and unsupervised contrastive learning. Therefore, we turn to the unsupervised learning frameworks, and based on the posterior probability of labels, we translate the weakly supervised information into a similarity graph under the framework of spectral clustering. In this paper, we investigate two typical weakly supervised learning problems, noisy label learning, and semi-supervised learning, and analyze their influence on contrastive learning within a unified framework. Specifically, we analyze the effect of weakly supervised information on the augmentation graph of unsupervised contrastive learning, and consequently on its corresponding error bound. Numerical experiments are carried out to verify the theoretical findings.",None
https://openreview.net/forum?id=Zd4hTGjpMNm,A computational framework to unify representation similarity and function in biological and artificial neural networks,None,None,"Artificial neural network (ANN) is a versatile tool to study the neural representation in the ventral visual stream, and the knowledge in neuroscience in return inspires ANN models to improve performance in the task. However, it is still unclear how to merge these two directions into a unified framework. In this study, we propose an integrated framework called Deep Autoencoder with Neural Response (DAE-NR), which incorporates information from ANN and the visual cortex to achieve better image reconstruction performance and higher neural representation similarity between biological and artificial neurons. The same visual stimuli (i.e., natural images) are input to both the mice brain and DAE-NR. The encoder of DAE-NR jointly learns the dependencies from neural spike encoding and image reconstruction. For the neural spike encoding task, the features derived from a specific hidden layer of the encoder are transformed by a mapping function to predict the ground-truth neural response under the constraint of image reconstruction. Simultaneously, for the image reconstruction task, the latent representation obtained by the encoder is assigned to a decoder to restore the original image under the guidance of neural information. In DAE-NR, the learning process of encoder, mapping function and decoder are all implicitly constrained by these two tasks. Our experiments demonstrate that if and only if with the joint learning, DAE-NRs can improve the performance of visual image reconstruction and increase the representation similarity between biological neurons and artificial neurons. The DAE-NR offers a new perspective on the integration of computer vision and neuroscience.",None
https://openreview.net/forum?id=ttfOGx6-_FT,DROP: Conservative Model-based Optimization for Offline Reinforcement Learning,None,None,"In this work, we decouple the iterative (bi-level) offline RL optimization from the offline training phase, forming a non-iterative bi-level learning paradigm that avoids the iterative error propagation over two levels. Specifically, this non-iterative paradigm allows us to conduct inner-level optimization in training (ie, employing policy/value regularization), while performing outer-level optimization in testing (ie, conducting policy inference). Naturally, such paradigm raises three core questions (that are not fully answered by prior non-iterative methods): (Q1) What information should we transfer from inner-level to outer-level? (Q2) What should we pay attention to when using the transferred information in outer-level optimization? (Q3) What are the benefits of concurrently conducting outer-level optimization during testing? Motivated by model-based optimization, we proposed DROP, which fully answered the above three questions. Particularly, in inner-level, DROP decomposes offline data into multiple subsets, and learns a score model (Q1). To keep safe exploitation to score model in outer-level, we explicitly learn a behavior embedding and introduce a conservative regularization (Q2). During testing, we show that DROP permits deployment adaptation, enabling an adaptive inference across states (Q3). Empirically, we evaluate DROP on various benchmarks, showing that DROP gains comparable or better performance compared to prior offline RL methods.",None
https://openreview.net/forum?id=Us5in-h2Dp,MVP: Multi-task Supervised Pre-training for Natural Language Generation,Natural language generation; pretrained language models; multi-task learning; prompt learning,We pre-train a model MVP and task-specific prompts for natural language generation tasks with our collected labeled corpora MVPCorpus.,"Pre-trained language models (PLMs) have achieved remarkable success in natural language generation (NLG) tasks. Up to now, most NLG-oriented PLMs are pre-trained in an unsupervised manner using the large-scale general corpus. In the meanwhile, an increasing number of models pre-trained with labeled data (i.e., “supervised pre-training”) showcase superior performance compared to unsupervised pre-trained models. Motivated by the success of supervised pre-training, we propose Multi-task superVised Pre-training (MVP) for natural language generation. We collect a large-scale natural language generation corpus, MVPCorpus, from $77$ datasets over $11$ diverse NLG tasks. Then we unify these examples into a general text-to-text format to pre-train the text generation model MVP in a supervised manner. For each task, we further pre-train specific soft prompts to stimulate the model’s capacity to perform a specific task. Extensive experiments have demonstrated the effectiveness and generalizability of our MVP model in a number of NLG tasks, which achieves state-of-the-art performance on $13$ out of $17$ datasets.",None
https://openreview.net/forum?id=1EVPT82ttr,Learning Unified Representations for Multi-Resolution Face Recognition,multi-resolution face recognition; deep representation learning,We propose Branch-to-Trunk Network to learn discriminative embeddings for multi-resolution face recognition while preserving representation compatibility.,"In this work, we propose Branch-to-Trunk network (BTNet), a novel representation learning method for multi-resolution face recognition. It consists of a trunk network (TNet), namely a unified encoder, and multiple branch networks (BNets), namely resolution adapters. As per the input, a resolution-specific BNet is used and the output are implanted as feature maps in the feature pyramid of TNet, at a layer with the same resolution. The discriminability of tiny faces is significantly improved, as the interpolation error introduced by rescaling, especially up-sampling, is mitigated on the inputs. With branch distillation and backward-compatible training, BTNet transfers discriminative high-resolution information to multiple branches while guaranteeing representation compatibility. Our experiments demonstrate strong performance on face recognition benchmarks, both for multi-resolution face verification and face identification, with much less computation amount and parameter storage. We establish new state-of-the-art on the challenging QMUL-SurvFace 1: N face identification task.",None
https://openreview.net/forum?id=26aAV_wjoc,VoLTA: Vision-Language Transformer with Weakly-Supervised Local-Feature Alignment,self-supervision; vision-language pre-training; transformer; patch-word alignment,"We introduce VoLTA, Vision-Language Transformer with weakly-supervised local-feature Alignment, a VLP paradigm trained with graph optimal transport (GOT) based image-text matching.","Vision-language pre-training (VLP) has recently proven highly effective for various uni- and multi-modal downstream applications. However, most existing end-to-end VLP methods use high-resolution image-text-box data to perform well on fine-grained region-level tasks, such as object detection, segmentation, and referring expression comprehension. Unfortunately, such high-resolution images with accurate bounding box annotations are expensive to collect and use for supervision at scale. In this work, we propose VoLTA (Vision-Language Transformer with weakly-supervised local-feature Alignment), a new VLP paradigm that only utilizes image-caption data but achieves fine-grained region-level image understanding, eliminating the use of expensive box annotations. VoLTA adopts graph optimal transport-based weakly-supervised alignment on local image patches and text tokens to germinate an explicit, self-normalized, and interpretable low-level matching criterion. In addition, VoLTA pushes multi-modal fusion deep into the uni-modal backbones during pre-training and removes fusion-specific transformer layers, further reducing memory requirements. Extensive experiments on a wide range of vision- and vision-language downstream tasks demonstrate the effectiveness of VoLTA on fine-grained applications without compromising the coarse-grained downstream performance, often outperforming methods using significantly more caption and box annotations.",None
https://openreview.net/forum?id=tx-KRrFC2b,Offline Equilibrium Finding,None,None,"Offline reinforcement learning (Offline RL) is an emerging field that has recently begun gaining attention across various application domains due to its ability to learn behavior from earlier collected datasets. Offline RL proved very successful, paving a path to solving previously intractable real-world problems, and we aim to generalize this paradigm to a multi-agent or multiplayer-game setting. To this end, we formally introduce a problem of offline equilibrium finding (OEF) and construct multiple datasets across a wide range of games using several established methods. To solve the OEF problem, we design a model-based method that can directly apply any online equilibrium finding algorithm to the OEF setting while making minimal changes. We focus on three most prominent contemporary online equilibrium finding algorithms and adapt them to the OEF setting, creating three model-based variants: OEF-PSRO and OEF-CFR, which generalize the widely-used algorithms PSRO and Deep CFR to compute Nash equilibria (NEs), and OEF-JPSRO, which generalizes the JPSRO to calculate (Coarse) Correlated equilibria ((C)CEs). We further improve their performance by combining the behavior cloning policy with the model-based policy. Extensive experimental results demonstrate the superiority of our approach over multiple model-based and model-free offline RL algorithms and the necessity of the model-based method for solving OEF problems. We hope that our efforts may help to accelerate research in large-scale equilibrium finding.",None
https://openreview.net/forum?id=wQ-Tqt4eYQ,ASGNN: Graph Neural Networks with Adaptive Structure,Graph neural network; graph adversarial attacks and defenses; adaptive structure,A novel graph neural network model with adaptive structure that has strong resilience to graph structural attacks,"The graph neural network (GNN) has presented impressive achievements in numerous machine learning tasks. However, many existing GNN models are shown to be extremely vulnerable to adversarial attacks, which makes it essential to build robust GNN architectures. In this work, we propose a novel interpretable message passing scheme with adaptive structure (ASMP) to defend against adversarial attacks on graph structure. Layers in ASMP are derived based on optimization steps that minimize an objective function that simultaneously learns the node feature and the graph structure. ASMP is adaptive in the sense that the message passing process in different layers is able to be carried out over different graphs. Such a property allows more fine-grained handling of the noisy graph structure and hence improves the robustness. Integrating ASMP with neural networks can lead to a new family of GNNs with adaptive structure (ASGNN). Extensive experiments on semi-supervised node classification tasks demonstrate that the proposed ASGNN outperforms the state-of-the-art GNN architectures with respect to classification performance under various graph adversarial attacks.",None
https://openreview.net/forum?id=OfaJyiYonBk,Iteratively Learning Novel Strategies with Diversity Measured in State Distances,diverse behavior; multi-agent reinforcement learning; deep reinforcement learning,We develop an iterative RL algorithm for discovering diverse high-reward strategies with provable convergence properties.,"In complex reinforcement learning (RL) problems, policies with similar rewards may have substantially different behaviors. Yet, to not only optimize rewards but also discover as many diverse strategies as possible remains a challenging problem. A natural approach to this task is constrained population-based training (PBT), which simultaneously learns a collection of policies subject to diversity constraints. However, due to the unaffordable computation cost of PBT, we adopt an alternative approach, iterative learning (IL), which repeatedly learns a single novel policy that is sufficiently different from previous ones. We first analyze these two frameworks and prove that, for any policy pool derived by PBT, we can always use IL to obtain another policy pool of the same rewards and competitive diversity scores. In addition, we also present a novel state-based diversity measure with two tractable realizations. Such a metric can impose a stronger and much smoother diversity constraint than existing action-based metrics. Combining IL and the state-based diversity measure, we develop a powerful diversity-driven RL algorithm, State-based Intrinsic-reward Policy Optimization (SIPO), with provable convergence properties. We empirically examine our algorithm in complex multi-agent environments including StarCraft Multi-Agent Challenge and Google Research Football. SIPO is able to consistently derive strategically diverse and human-interpretable policies that cannot be discovered by existing baselines.",None
https://openreview.net/forum?id=SCk8vEhwKo,ATTRIBUTES RECONSTRUCTION IN HETEROGENEOUS NETWORKS VIA GRAPH AUGMENTATION,None,None,"Heterogeneous Graph Neural Networks(HGNNs), as an effective tool for mining heterogeneous graphs, have achieved remarkable performance on node classification tasks. Yet, HGNNs are limited in their mining power as they require all nodes to have complete and reliable attributes. It is usually unrealistic since the attributes of many nodes in reality are inevitably missing or defective. Existing methods usually take imputation schemes to complete missing attributes, in which topology information is ignored, leading to suboptimal performance. And some graph augmentation techniques have improved the quality of attributes, while few of them are designed for heterogeneous graphs. In this work, we study the data augmentation on heterogeneous graphs, tackling the missing and defective attributes simultaneously, and propose a novel generic architecture—Attributes Reconstruction in Heterogeneous networks via Graph Augmentation(ARHGA), including random sampling, attribute augmentation and consistency training. In graph augmentation, to ensure attributes plausible and accurate, the attention mechanism is adopted to reconstruct attributes under the guidance of the topological relationship between nodes. Our proposed architecture can be easily combined with any GNN-based heterogeneous model, and improves the performance. Extensive experiments on three benchmark datasets demonstrate the superior performance of ARHGA over strate-of-the-art baselines on semi-supervised node classification.",None
https://openreview.net/forum?id=TuhR4112Ii,Comparing semantic and morphological analogy completion in word embeddings,machine learning; computational linguistics; word embeddings; morphemes; semantic relationship; analogy completion,None,"Word embeddings have prompted great excitement in the NLP community due to their capacity for generalization to unforeseen tasks, including semantic analogy completion. Features such as color and category relationships have been examined by previous work, but this is the first research considering the morphological relationships encoded in word embeddings. We construct several natural experiments examining analogy completion across word stems modified by affixes, and find no evidence that Word2Vec, glove, and fasttext models encode these morphological relationships. We note that a special case of this problem is part-of-speech transformation, and note that the lack of support for part-of-speech analogies is surprising in the context of other successful cases of semantic inference using word embeddings.",None
https://openreview.net/forum?id=RvV2xvoML7G,Treatment Effect Estimation with Collider Bias and Confounding Bias,None,None,"To answer causal questions from observational data, it is important to consider the mechanisms that determine which data values are observed and which are missing. Prior work has considered the treatment assignment mechanism and proposed methods to remove the confounding bias from the common causes of treatment and outcome. However, there are other issues in sample selection, commonly overlooked in prior work, that can bias the treatment effect estimation, such as the issue of censored outcome as a form of collider bias. In this paper, we propose the novel Selection Controlled CounterFactual Regression (SC-CFR) to simultaneously address confounding and collider bias. Specifically, we first calculate the magnitude of the collider bias of different instances by estimating the selection model and then add a control term to remove the collider bias while learning a balanced representation to remove the confounding bias when estimating the outcome model. Our method is shown to provide unbiased treatment effect estimates from observational data with confounding and collider bias. Extensive empirical results on both synthetic and real-world datasets show that our method consistently outperforms benchmarks when both types of biases exist.",None
https://openreview.net/forum?id=ScEfNWshH3B,Adaptive Weight Decay: On The Fly Weight Decay Tuning for Improving Robustness,weight decay; regularization; robust overfitting; adversarial robustness; noisy label; adversarial; pruning,"We tune the hyper-parameter for weight decay during each iteration to stabilize training networks with smaller weight-norms which results in more robustness to adversarial examples and label noise, and less sensitivity to choices of learning rate.","We introduce adaptive weight decay, which automatically tunes the hyper-parameter for weight decay during each training iteration. For classification problems, we propose changing the value of the weight-decay hyper-parameter on the fly based on the strength of updates from the classification loss (i.e., gradient of cross-entropy), and the regularization loss (i.e., $\ell_2$-norm of the weights). We show that this simple modification can result in large improvements in adversarial robustness — an area which suffers from robust overfitting — without requiring extra data. Specifically, our reformulation results in 20% relative robustness improvement for CIFAR-100, and 10% relative robustness improvement on CIFAR-10 comparing to traditional weight-decay. In addition, this method has other desirable properties, such as less sensitivity to learning rate, and smaller weight norms, which the latter contributes to robustness to overfitting to label noise, and pruning.",None
https://openreview.net/forum?id=HUCgU5EQluN,Effective Self-Supervised Transformers For Sparse Time Series Data,Representation learning; Transformers; Sparse Time Series,We propose a Transformer based model for sparse time series that utilizes an input binning scheme to aggregate the time series inputs.,"Electronic health records (EHRs) typically contain a wide range of time series data that is characterized by high sparsity and irregular observations. Self-supervised Transformer architectures have shown outstanding performance in a variety of structured tasks in natural language processing and computer vision. However, their use in modelling sparse irregular time series with tabular data has not been widely explored. One of the major challenges is the quadratic scaling of self-attention layers that can significantly limit the input sequence length. In this work, we introduce TESS, Transformers for EHR data with Self Supervised learning, a self-supervised Transformer-based architecture designed to extract robust representations from EHR data. We propose an input binning scheme that aggregates the time series inputs and sparsity information into a regular sequence with fixed length, enabling the training of larger and deeper Transformers. We demonstrate that significant compression of EHR input data is possible without sacrificing useful information, likely due to the highly correlated nature of observations in small time bins. We then introduce self-supervised prediction tasks that provide rich and informative signals for model pre-training. TESS outperforms state-of-the-art deep learning models on multiple downstream tasks from the MIMIC-IV and PhysioNet-2012 EHR datasets.",None
https://openreview.net/forum?id=row6cEJ2aBT,Scalable feature selection via sparse learnable masks,Feature selection; mutual information; end-to-end learning; sparse mask,SLM is an end-to-end feature selection method using a sparse learnable mask and a novel mutual information maximizer.,"We propose a canonical approach for feature selection, sparse learnable masks (SLM). SLM integrates learnable sparse masks into end-to-end training. For the fundamental non-differentiability challenge of selecting a desired number of features, we propose duo mechanisms for automatic mask scaling to achieve the desired feature sparsity, and gradually tempering this sparsity for effective learning. In addition, SLM employs a novel objective that maximizes the mutual information between the selected features and the labels. Empirically, SLM achieves state-of-the-art results on several benchmark datasets, often by a significant margin, especially on real-world challenging datasets.",None
https://openreview.net/forum?id=bHpOeIXvSX2,On the Interplay Between Misspecification and Sub-optimality Gap: From Linear Contextual Bandits to Linear MDPs,None,None,"We study linear contextual bandits in the misspecified setting, where the expected reward function can be approximated by a linear function class up to a bounded misspecification level $\zeta>0$. We propose an algorithm based on a novel data selection scheme, which only selects the contextual vectors with large uncertainty for online regression. We show that, when the misspecification level $\zeta$ is dominated by $\tilde O(\Delta / \sqrt{d})$ with $\Delta$ being the minimal sub-optimality gap and $d$ being the dimension of the contextual vectors, our algorithm enjoys the same gap-dependent regret bound $\tilde O ({d^2} /{\Delta})$ as in the well-specified setting up to logarithmic factors. Together with a lower bound adapted from Du et al. (2019); Lattimore et al.(2020), our result suggests an interplay between misspecification level and the sub-optimality gap: (1) the linear contextual bandit model is efficiently learnable when $\zeta \leq \tilde O({\Delta} / \sqrt{d})$; and (2) it is not efficiently learnable when $\zeta \geq \tilde \Omega({\Delta} / {\sqrt{d}})$. We also extend our algorithm to reinforcement learning with linear Markov decision processes (linear MDPs), and obtain a parallel result of gap-dependent regret. Experiments on both synthetic and real-world datasets corroborate our theoretical results.",None
https://openreview.net/forum?id=Su04-8n0ia4,HAS IT REALLY IMPROVED? KNOWLEDGE GRAPH BASED SEPARATION AND FUSION FOR RECOMMENDATION,recommendation; knowledge-graph; graph neural network,None,"In this paper we study the knowledge graph (KG) based recommendation systems. We first design the metric to study the relationship between different SOTA models and find that the current recommendation systems based on knowledge graph have poor ability to retain collaborative filtering signals, and higher-order connectivity would introduce noises. In addition, we explore the collaborative filtering recommendation method using GNN and design the experiment to show that the information learned between GNN models stacked with different layers is different, which provides the explanation for the unstable performance of GNN stacking different layers from a new perspective. According to the above findings, we first design the model-agnostic Cross-Layer Fusion Mechanism without any parameters to improve the performance of GNN. Experimental results on three datasets for collaborative filtering show that Cross-Layer Fusion Mechanism is effective for improving GNN performance. Then we design three independent signal extractors to mine the data at three different perspectives and train them separately. Finally, we use the signal fusion mechanism to fuse different signals. Experimental results on three datasets that introduce KG show that our KGSF achieves significant improvements over current SOTA KG based recommendation methods and the results are interpretable.",None
https://openreview.net/forum?id=Ogh8umAChpo,Denoising MCMC for Accelerating Diffusion-Based Generative Models,Markov Chain Monte Carlo; Diffusion Models; Score-Based Models,We combine MCMC and diffusion models to accelerate score-based sampling.,"Diffusion models are powerful generative models that simulate the reverse of diffusion processes using score functions to synthesize data from noise. The sampling process of diffusion models can be interpreted as solving the reverse stochastic differential equation (SDE) or the ordinary differential equation (ODE) of the diffusion process, which often requires up to thousands of discretization steps to generate a single image. This has sparked a great interest in developing efficient integration techniques for reverse-S/ODEs. Here, we propose an orthogonal approach to accelerating score-based sampling: Denoising MCMC (DMCMC). DMCMC first uses MCMC to produce samples in the product space of data and variance (or diffusion time). Then, a reverse-S/ODE integrator is used to denoise the MCMC samples. Since MCMC traverses close to the data manifold, the computation cost of producing a clean sample for DMCMC is much less than that of producing a clean sample from noise. To verify the proposed concept, we show that Denoising Langevin Gibbs (DLG), an instance of DMCMC, successfully accelerates all six reverse-S/ODE integrators considered in this work on the tasks of CIFAR10 and CelebA-HQ-256 image generation. Notably, combined with integrators of Karras et al. (2022) and pre-trained score models of Song et al. (2021b), DLG achieves state-of-the-art results. In the limited number of score function evaluation (NFE) settings on CIFAR10, we have $3.86$ FID with $\approx 10$ NFE and $2.63$ FID with $\approx 20$ NFE. On CelebA-HQ-256, we have $6.99$ FID with $\approx 160$ NFE, which beats the current best record of Kim et al. (2022) among score-based models, $7.16$ FID with $4000$ NFE.",None
https://openreview.net/forum?id=bvwZ43dY2xj,Rethinking Identity in Knowledge Graph  Embedding,Knowledge Graph Embedding; Knowledge Graph Completion; Bilinear Based Models,"We scrutinize the identity relation in knowledge graphs, find that bilinear based models fail to uniquely model it, and propose a solution with other good properties.","Knowledge Graph Embedding (KGE) is a common method to complete real-world Knowledge Graphs (KGs) by learning the embeddings of entities and relations.
Beyond specific KGE models, previous work proposes a general framework based on group. A group has a special element identity that uniquely corresponds to the relation identity in KGs, which implies that identity should be represented uniquely. However, we find that this uniqueness cannot be modeled by bilinear based models, revealing the crack between the framework and models. To this end, we study the required conditions and propose a solution named Unit Ball Bilinear Model (UniBi). In addition to the theoretical superiority, UniBi is more robust and interpretable. Experiments demonstrate that UniBi models the uniqueness without the cost of performance and verify its a robustness and interpretability.",None
https://openreview.net/forum?id=1DOS0kifqeP,Eigen Memory Trees,Episodic Memory; Contextual Bandits; Sequential Learning,We create an episodic memory model for online learning and evaluate it for solving contextual bandit problems.,"This work introduces the Eigen Memory Tree (EMT), a novel online memory model for sequential learning scenarios. EMTs store data at the leaves of a binary tree, and route new samples through the structure using the principal components of previous experiences, facilitating efficient (logarithmic) access to relevant memories. We demonstrate that EMT outperforms existing online memory approaches, and provide a hybridized EMT-parametric algorithm that enjoys drastically improved performance over purely parametric methods with nearly no downsides. Our findings are validated using 206 datasets from OpenML repository in both bounded and infinite memory budget situations.",None
https://openreview.net/forum?id=aCCRmE3Pglv,Energy-based Predictive Representation for Reinforcement Learning,Energy-based Models; Predictive State Representation; Partially Observable Markov Decision Process; Reinforcement Learning,"We propose a novel predictive state representation with energy-based models, that shows superior performance on POMDPs.","In real world applications, it is usually necessary for a reinforcement learning algorithm to handle the partial observability beyond Markov decision processes (MDPs). Although the partially observable Markov decision process (POMDP) has been precisely motivated for this requirement, such a formulation raises significant computational and statistical hardness challenges in learning and planning. In this work, we introduce the Energy-based Predictive Representation (EPR), which leads to a unified framework for practical reinforcement learning algorithm design in both MDPs and POMDPs settings, to handle the learning, exploration, and planning in a coherent way. The proposed approach relies on the powerful neural energy-based model to extract sufficient representation, from which Q-functions can be efficiently approximated. With such a representation, we develop an efficient approach for computing confidence, which allows optimism/pessimism in the face of uncertainty to be efficiently implemented in planning, hence managing the exploration versus exploitation tradeoff. An experimental investigation shows that the proposed algorithm can surpass state-of-the-art performance in both MDP and POMDP settings in comparison to existing baselines.",None
https://openreview.net/forum?id=YP4QEmqh6Ia,Which Invariance Should We Transfer? A Causal Minimax Learning Approach,robustness; minimax; subset selection; causal model; g-equivalence,"This paper proposes to identify the optimal subset of invariance to transfer, in order to achieve robustness in supervised regression scenario.","A major barrier to deploy current machine learning models lies in their sensitivity to dataset shifts. To resolve this problem, most existing studies attempted to transfer stable information to unseen environments. Among these, graph-based methods causally decomposed the data generating process into stable and mutable mechanisms. By removing the effect of mutable generation, they identified a set of stable predictors. However, a key question regarding robustness remains: which subset of the whole stable information should the model transfer, in order to achieve optimal generalization ability? To answer this question, we provide a comprehensive minimax analysis that fully characterizes conditions for a subset to be optimal. Particularly in general cases, we propose to maximize over mutable mechanisms (i.e., the source of dataset shifts), which is provable to identify the worst-case risk over all environments. This ensures us to select the optimal subset with the minimal worst-case risk. To reduce computational costs, we propose to search over only equivalent classes in terms of worst-case risk, instead of over all subsets. In cases when the searching space is still large, we turn this subset selection problem into a sparse min-max optimization scheme, which enjoys the simplicity and efficiency of implementation. The utility of our methods is demonstrated on the diagnosis of Alzheimer's Disease and gene function prediction.",None
https://openreview.net/forum?id=iMy1hOrqiVE,Exclusive Supermask Subnetwork Training for Continual Learning,None,None,"Continual Learning (CL) methods mainly focus on avoiding catastrophic forgetting and learning representations that are transferable to new tasks. Recently, Wortsman et al. (2020) proposed a CL method, SupSup, which uses a randomly initialized, fixed base network (model) and finds a supermask for each new task that selectively keeps or removes each weight to produce a subnetwork. They prevent forgetting as the network weights are not being updated. Although there is no forgetting, the performance of supermask is sub-optimal because fixed weights restrict its representational power. Furthermore, there is no accumulation or transfer of knowledge inside the model when new tasks are learned. Hence, we propose ExSSNeT (Exclusive Supermask SubNEtwork Training), that performs exclusive and non-overlapping subnetwork weight training. This avoids conflicting updates to the shared weights by subsequent tasks to improve performance while still preventing forgetting. Furthermore, we propose a novel KNN-based Knowledge Transfer (KKT) module that dynamically initializes a new task's mask based on previous tasks for improving knowledge transfer. We demonstrate that ExSSNeT outperforms SupSup and other strong previous methods on both text classification and vision tasks while preventing forgetting. Moreover, ExSSNeT is particularly advantageous for sparse masks that activate 2-10% of the model parameters, resulting in an average improvement of 8.3% over SupSup. Additionally, ExSSNeT scales to a large number of tasks (100), and our KKT module helps to learn new tasks faster while improving the overall performance.",None
https://openreview.net/forum?id=8VvQ4SpvZVi,Dual personalization for federated recommendation on devices,federated learning; personalization; recommmendation system,None,"Federated recommendation is a new Internet service architecture that aims to provide privacy-preserving recommendation services in federated settings. Existing solutions are used to combine distributed recommendation algorithms and privacy-preserving mechanisms. Thus it inherently takes the form of heavyweight models at the server and hinders the deployment of on-device intelligent models to end-users. This paper proposes a novel Personalized Federated Recommendation (PFedRec) framework to learn many user-specific lightweight models to be deployed on smart devices rather than a heavyweight model on a server. Moreover, we propose a new dual personalization mechanism to effectively learn fine-grained personalization on both users and items. The overall learning process is formulated into a unified federated optimization framework. Specifically, unlike previous methods that share exactly the same item embeddings across users in a federated system, dual personalization allows mild finetuning of item embeddings for each user to generate user-specific views for item representations which can be integrated into existing federated recommendation methods to gain improvements immediately. Experiments on multiple benchmark datasets have demonstrated the effectiveness of PFedRec and the dual personalization mechanism. Moreover, we provide visualizations and in-depth analysis of the personalization techniques in item embedding, which shed novel insights on the design of RecSys in federated settings.",None
https://openreview.net/forum?id=hPdMskOKGX6,Effectively Clarify Confusion via Visualized Aggregation and Separation of Deep Representation,Data Insufficiency; Class Imbalance; Evidience Unclearity; Confusion; Representation Learning,None,"Clarifying confusion is the most critical issue for improving classification performance. Confusion occurs with almost all classification models but tends to be ignored in excellent-performing models. The current mainstream research mainly focuses on solving the confusion in a specific case, such as data insufficiency and class imbalance. We believe that mining the commonalities of the same class and the gaps among different classes will effectively clarify the confusion. In this paper, we propose a novel, simple and intuitive Aggregation Separation Loss (ASLoss), as an adjunct for classification loss to clarify the confusion in some common cases. The ASLoss aggregates the representations of the same class samples as near as possible and separates the representations of different classes as far as possible.
We use two image classification tasks with three simultaneous confounding characteristics i.e. data insufficiency, class imbalance, and unclear class evidence to demonstrate ASLoss. Representation visualization, confusion comparison and detailed comparison experiments are conducted. The results show that representations in deep spaces extracted by ASLoss are sufficiently clear and distinguishable, the confusion among different classes is significantly clarified and the optimal network using ASLoss reaches the state-of-the-art level.",None
https://openreview.net/forum?id=fI3y_Dajlca,Time-Transformer AAE: Connecting Temporal Convolutional Networks and Transformer for Time Series Generation,Time Series Generation; Adversarial Autoencoder; Temporal Convolutional Networks; Transformer,"A novel time series generative model, bridging Temporal Convolutional Networks and Transformer via a layer-wise parallel structure","Generating time series data is a challenging task due to the complex temporal properties of this type of data. Such temporal properties typically include local correlations as well as global dependencies. Most existing generative models have failed to effectively learn both the local and global properties of time series data. To address this open problem, we propose a novel time series generative model consisting of an adversarial autoencoder (AAE) and a newly designed architecture named `Time-Transformer' within the decoder. We call this generative model `Time-Transformer AAE'. The Time-Transformer first simultaneously learns local and global features in a layer-wise parallel design, combining the abilities of Temporal Convolutional Networks (TCN) and Transformer in extracting local features and global dependencies respectively. Second, a bidirectional cross attention is proposed to provide complementary guidance across the two branches and achieve proper fusion between local and global features. Experimental results demonstrate that our model can outperform existing state-of-the-art models in most cases, especially when the data contains both global and local properties. We also show our model's ability to perform a downstream task: data augmentation to support the solution of imbalanced classification problems.",None
https://openreview.net/forum?id=UqmL1Oc4bCw,A comparison of dataset distillation and active learning in text classification,knowledge distillation; dataset distillation; active learning; text classification,None,"Deep learning has achieved great success over the past few years in different aspects ranging from computer vision to natural language process. However, the huge size of data in deep learning has always been a thorny problem in learning the underlying distribution and tackling various human tasks. To alleviate this problem, knowledge distillation has been proposed to simplify the model, and later dataset distillation as a new method of reducing dataset sizes has been proposed, which aims to synthesize a small number of samples that contain all the information of a very large dataset. Meanwhile, active learning is also an effective method to reduce dataset sizes by only selecting the most significant labeling samples from the original dataset. In this paper, we explore the discrepancies in the principles of dataset distillation and active learning, and evaluate two algorithms on NLP classification dataset: Stanford Sentiment Treebank. The result of the experiment is that the distilled data with the size of 0.1% of the original text data achieves approximately 88% accuracy, while the selected data achieves 52% performance of the original data.",None
https://openreview.net/forum?id=NQuCQoHqqSY,Temporally Consistent Video Transformer for Long-Term Video Prediction,video generation; video prediction; generative modeling; latent dynamics models,An efficient temporally consistent video prediction model able to generate long videos referencing hundreds of frames of past context in complex 3D environments and Kinetics-600.,"Generating long, temporally consistent video remains an open challenge in video generation. Primarily due to computational limitations, most prior methods limit themselves to training on a small subset of frames that are then extended to generate longer videos through a sliding window fashion. Although these techniques may produce sharp videos, they have difficulty retaining long-term temporal consistency due to their limited context length. In this work, we present Temporally Consistent Video Transformer (TECO), a vector-quantized latent dynamics video prediction model that learns compressed representations to efficiently condition on long videos of hundreds of frames during both training and generation. We use a MaskGit prior for dynamics prediction which enables both sharper and faster generations compared to prior work. Our experiments show that TECO outperforms SOTA baselines in a variety of video prediction benchmarks ranging from simple mazes in DMLab, large 3D worlds in Minecraft, and complex real-world videos from Kinetics-600. In addition, to better understand the capabilities of video prediction models in modeling temporal consistency, we introduce several challenging video prediction tasks consisting of agents randomly traversing 3D scenes of varying difficulty. This presents a challenging benchmark for video prediction in partially observable environments where a model must understand what parts of the scenes to re-create versus invent depending on its past observations or generations. An anonymized website with samples can be found at https://sites.google.com/view/iclr23-teco",None
https://openreview.net/forum?id=pmUH7A8wZz,Autoencoding Hyperbolic Representation for Adversarial Generation,deep learning; hyperbolic neural network; numerical stability; generative models,A hyperbolic generative network numerically stable for generating complex data.,"With the recent advance of geometric deep learning, neural networks have been extensively used for data in non-Euclidean domains. In particular, hyperbolic neural networks have proved successful in processing hierarchical information of data. However, many hyperbolic neural networks are numerically unstable during training, which precludes using complex architectures. This crucial problem makes it difficult to build hyperbolic generative models for real and complex data. In this work, we propose a hyperbolic generative network in which we design novel architecture and layers to guarantee stable training. Our proposed network contains three parts: first, a hyperbolic autoencoder (AE) that produces hyperbolic embedding for input data; second, a hyperbolic generative adversarial network (GAN) for generating the hyperbolic latent embedding of the AE from simple noise; third, a generator that inherits the decoder from the AE and the generator from the GAN. We call this network the hyperbolic AE-GAN, or HAEGAN for short. The architecture of HAEGAN fosters expressive representation in the hyperbolic space, and the specific design of layers ensures numerical stability. Experiments show that HAEGAN is able to generate complex data with state-of-the-art structure-related performance.",None
https://openreview.net/forum?id=lyjMArzIxH6,CAREER: Transfer Learning for Economic Prediction of Labor Data,economics; transfer learning,"We develop CAREER, a transformer-based model of job sequence data, which is pretrained on large resume datasets and fine-tuned to survey datasets widely used by labor economists.","Labor economists regularly analyze employment data by fitting predictive models to small, carefully constructed longitudinal survey datasets. Although modern machine learning methods offer promise for such problems, these survey datasets are too small to take advantage of them. In recent years large datasets of online resumes have also become available, providing data about the career trajectories of millions of individuals. However, standard econometric models cannot take advantage of their scale or incorporate them into the analysis of survey data. To this end we develop CAREER, a transformer-based model that uses transfer learning to learn representations of job sequences. CAREER is first fit to large, passively-collected resume data and then fine-tuned to smaller, better-curated datasets for economic inferences.  We fit CAREER to a dataset of 24 million job sequences from resumes, and fine-tune its representations on longitudinal survey datasets. We find that CAREER forms accurate predictions of job sequences, achieving state-of-the-art predictive performance on three widely-used economics datasets.  We further find that CAREER can be used to form good predictions of other downstream variables; incorporating CAREER into a wage model provides better predictions than the econometric models currently in use.",None
https://openreview.net/forum?id=pzH2Sltp2--,Look in The Mirror: Molecular Graph Contrastive Learning with Line Graph,None,None,"Trapped by the label scarcity in molecular property prediction and drug design, graph contrastive learning came forward. A general contrastive model consists of a view generator, view encoder, and contrastive loss, in which the view mainly controls the encoded information underlying input graphs. Leading contrastive learning works show two kinds of view generators, that is, random or learnable data corruption and domain knowledge incorporation. While effective, the two ways also lead to molecular semantics altering and limited generalization capability, respectively. Thus, a decent view that can fully retain molecular semantics and is free from profound domain knowledge is supposed to come forward. To this end, we relate molecular graph contrastive learning with the line graph and propose a novel method termed LGCL. Specifically, by contrasting the given graph with the corresponding line graph, the graph encoder can freely encode the molecular semantics without omission. While considering the information inconsistency and over-smoothing derived from the learning process because of the mismatched pace of message passing in two kinds of graphs, we present a new patch with edge attribute fusion and two local contrastive losses for performance fixing. Compared with state-of-the-art (SOTA) methods for view generation, superior performance on molecular property prediction suggests the effectiveness of line graphs severing as the contrasting views.",None
https://openreview.net/forum?id=pQL-sBfD4I,Precision Collaboration for Federated Learning,federated learning; personalized federated learning,This paper investigates a precision collaboration mechanism for federated learning.,"Inherent heterogeneity of local data distributions, which causes inefficient model learning and significant degradation of model performance, has been a key challenge in Federated Learning (FL). So far, plenty of efforts have focused on addressing data heterogeneity by relying on a hypothetical clustering structure or a consistent information sharing mechanism. However, because of the diversity of the real-world local data, these assumptions may be largely violated. In this work, we argue that information sharing is mostly fragmented in the federated network in reality. More specifically, the distribution overlaps are not consistent but scattered in local clients. In this work, we propose the concept ``Precision Collaboration'' which refers to learning from the informative overlaps precisely while avoiding the potential negative transfer induced by others. In particular, we propose to infer the local data manifolds and estimate the exact local data density simultaneously. The learned manifold aims to precisely identify the overlaps from other clients, and the estimated likelihood allows to generate samples from the manifold in an optimal sampling density. Experiments show that our proposed PCFL significantly overcomes baselines on benchmarks and a real-world clinical scenario.",None
https://openreview.net/forum?id=kLvYYV-YK_j,RLSBench: A Large-Scale Empirical Study of Domain Adaptation Under Relaxed Label Shift,domain adaptation; distribution shift; label shift; large scale study,"A large scale study of popular domain adaptation methods under scenarios where both label distribution and conditionals p(x|y) may shift, highlights brittleness of existing methods and simple fixes that improves the performance.","Despite the emergence of principled methods for domain adaptation under label shift (where only the class balance changes), the sensitivity of these methods to natural-seeming covariate shifts remains precariously underexplored. Meanwhile, popular deep domain adaptation heuristics, despite showing promise on benchmark datasets, tend to falter when faced with shifts in the class balance. Moreover, it's difficult to assess the state of the field owing to inconsistencies among relevant papers in evaluation criteria, datasets, and baselines. In this paper, we introduce \textsc{RLSbench}, a large-scale benchmark for such \emph{relaxed label shift} settings, consisting of 11 vision datasets spanning $>$200 distribution shift pairs with different class proportions. We evaluate 12 popular domain adaptation methods, demonstrating a more widespread susceptibility to failure under extreme shifts in the class proportions than was previously known. We develop an effective meta-algorithm, compatible with most deep domain adaptation heuristics, that consists of the following two steps: (i) \emph{pseudo-balance} the data at each epoch; and (ii) adjust the final classifier with (an estimate of) target label distribution. Furthermore, we discover that batch-norm adaption of a model trained on source with aforementioned corrections offers a strong baseline, largely missing from prior comparisons. We hope that these findings and the availability of \textsc{RLSbench} will encourage researchers to include rigorously evaluate proposed methods in relaxed label shift settings. Code is publicly available at https://github.com/ICLR2023Anon.",None
https://openreview.net/forum?id=XOl_9AU0EV,Spatial reasoning as Object Graph Energy Minimization,Energy Based Model; Robotics; Goal Generation,None,"We propose a model that maps spatial rearrangement instructions to goal scene configurations via gradient descent on a set of relational energy functions over object 2D overhead locations, one per spatial predicate in the instruction. Energy based models over object locations are trained from a handful of examples of object arrangements annotated with the corresponding spatial predicates. Predicates can be binary (e.g., left of, right of, etc.) or multi-ary (e.g., circles, lines, etc.). A language parser maps language instructions to the corresponding set of EBMs, and a visual-language model grounds their arguments on relevant objects in the visual scene. Energy minimization on the joint set of energies iteratively updates the object locations till their final configuration. Then, low-level local policies re-locate objects to the inferred goal locations. Our framework shows many forms of strong generalization: (i)joint energy minimization handles zero-shot complex predicate compositions while each EBM is trained only from single predicate instructions, (ii) the model can execute instructions zero-shot, without a need for paired instruction-action training, (iii) instructions can mention novel objects and attributes at test time thanks to the pre-training of the visual language grounding model from large scale passive captioned datasets. We test the model in established instruction-guided manipulation benchmarks, as well as a benchmark of compositional instructions we introduce in this work. We show large improvements over state-of-the-art end-to-end language to action policies and planning in large language models, especially for long instructions and multi-ary spatial concepts.",None
https://openreview.net/forum?id=tWOoSXyW0KE,A Novel Fast Exact Subproblem Solver for Stochastic Quasi-Newton Cubic Regularized Optimization,optimization; quasi-newton,None,"In this work we describe an Adaptive Regularization using Cubics (ARC) method for large-scale nonconvex unconstrained optimization using Limited memory Quasi-Newton (LQN) matrices. ARC methods are a relatively new family of second-order optimization strategies that utilize a cubic-regularization (CR) term in place of trust-regions or line-searches. Solving the CR subproblem exactly requires Newton's method, yet using properties of the internal structure of LQN matrices, we are able to find exact solutions to the CR subproblem in a matrix-free manner, providing very large speedups. Additionally, we expand upon previous ARC work and explicitly incorporate first-order updates into our algorithm. We provide empirical results for different LQN matrices and find our proposed method compares to or exceeds all tested optimizers with minimal tuning.",None
https://openreview.net/forum?id=AR4rOT4sECN,Offline RL of the Underlying MDP from Heterogeneous Data Sources,RL Theory; Offline RL; Underlying MDP; Heterogeneous Data Sources; Provable Efficiency,This work investigated the problem of learning an underlying MDP with offline datasets from heterogeneous sources and proposed several provably efficient designs.,"Most of the existing offline reinforcement learning (RL) studies assume the available dataset is sampled directly from the target environment. However, in some practical applications, the available data are often coming from several related but heterogeneous environments. A theoretical understanding of efficient learning from heterogeneous offline datasets remains lacking. In this work, we study the problem of learning a (hidden) underlying Markov decision process (MDP) based on heterogeneous offline datasets collected from multiple randomly perturbed data sources. A novel HetPEVI algorithm is proposed, which jointly considers two types of uncertainties: sample uncertainties from the finite number of data samples per data source, and source uncertainties due to a finite number of data sources. Building on HetPEVI, we further incorporate reference-advantage decompositions and Bernstein-type penalties to propose the HetPEVI-Adv algorithm. Theoretical analysis not only proves the effectiveness of both HetPEVI and HetPEVI-Adv but also demonstrates the advantage of the latter. More importantly, the results explicitly characterize the learning loss due to the finite heterogeneously realized environments compared with sampling directly from the underlying MDP. Finally, we extend the study to MDPs with linear function approximation and propose the HetPEVI-Lin algorithm that provides additional efficiency guarantees beyond the tabular case.",None
https://openreview.net/forum?id=kPL4YzdDqWE,Training image classifiers using Semi-Weak Label Data,None,None,"This paper introduces a new semi-weak label learning paradigm which provides additional information in comparison to the weak label classification. We define semi-weak label data as data where we know the presence or absence of a given class and additionally we have the information about the exact count of each class as opposed to knowing the label proportions. A three-stage framework is proposed to address the problem of learning from semi-weak labels. It leverages the fact that counting information is naturally non-negative and discrete. Experiments are conducted on generated samples from CIFAR-10 and we compare our model with a fully-supervised setting baseline, a weakly-supervised setting baseline and a learning from proportion(LLP) baseline. Our framework not only outperforms both baseline models for MIL-based weakly supervised setting and learning from proportion setting, but also gives comparable results compared to the fully supervised model. Further, we conduct thorough ablation studies to analyze across datasets and variation with batch size, losses architectural changes, bag size and regularization, thereby demonstrating robustness of our approach.",None
https://openreview.net/forum?id=Ix4Ytiwor4U,DITTO: Offline Imitation Learning with World Models,world models; imitation learning; reinforcement learning,"Completely offline imitation learning with world models, using RL on a latent matching objective in the model.","We propose DITTO, a fully offline approach to imitation learning which addresses the problem of covariate shift without access to an oracle or any additional online interactions. By unrolling agent policies in the latent space of a learned world model and penalizing drift from expert demonstrations, we can use online reinforcement learning algorithms to learn policies which solve the imitation objective, without access to the underlying environment or reward function. Decoupling policy and world model learning lets us leverage datasets of any quality to learn latent representations which provide a natural reward signal for imitation learning, avoiding the need for complex adversarial or sparse imitation-inducing rewards. Compared to competitive baselines, our method achieves state-of-the-art performance in a variety of challenging environments from pixel observations alone.",None
https://openreview.net/forum?id=baRatYtGBXp,BAT-Chain: Bayesian-Aware Transport Chain for Topic Hierarchies Discovery,Topic modeling; hierarchical representation; optimal transport; conditional transport; concept learning,We in this paper propose a novel model to mine hierarchical topics and document representation under the conditional transport framework,"Topic modeling has been an important tool for text analysis. Originally, topics discovered by a model are usually assumed to be independent. However, as a semantic representation of a concept, a topic is naturally related to others, which motivates the development of learning hierarchical topic structure. Most existing Bayesian models are designed to learn hierarchical structure, but they need non-trivial posterior inference. Although the recent transport-based topic models bypass the posterior inference, none of them considers deep topic structures. In this paper, we interpret document as its word embeddings and propose a novel Bayesian-aware transport chain to discover multi-level topic structures, where each layer learns a set of topic embeddings and the document hierarchical representations are defined as a series of empirical distributions according to the topic proportions and corresponding topic embeddings. To fit such hierarchies, we develop an upward-downward optimizing strategy under the recent conditional transport theory, where document information is first transported via the upward path, and then its hierarchical representations are refined by the downward path under the Bayesian perspective. Extensive experiments on text corpora show that our approach enjoys superior modeling accuracy and interpretability. Moreover, we also conduct experiments on learning hierarchical visual topics from images, which demonstrate the adaptability and flexibility of our method.",None
https://openreview.net/forum?id=c-h2XSi-vEM,On the Importance of Calibration in Semi-supervised Learning,None,We propose a family of new methods that optimize for calibration in semi-supervised learning and demonstrate improvements on popular vision benchmarks and on real-world applications.,"State-of-the-art (SOTA) semi-supervised learning (SSL) methods have been highly successful in leveraging a mix of labeled and unlabeled data by combining techniques of consistency regularization and pseudo-labeling. During pseudo-labeling, the model's predictions on unlabeled data are used for training and thus, model calibration is important in mitigating confirmation bias. Yet, many SOTA methods are optimized for model performance, with little focus directed to improve model calibration. In this work, we empirically demonstrate that model calibration is strongly correlated with model performance and propose to improve calibration via approximate Bayesian techniques. 
We introduce a family of new SSL models that optimizes for calibration and demonstrate their effectiveness across standard vision benchmarks of CIFAR-10, CIFAR-100 and ImageNet, giving up to 15.9\% improvement in test accuracy. Furthermore, we also demonstrate their effectiveness in additional realistic and challenging problems, such as class-imbalanced datasets and in photonics science.",None
https://openreview.net/forum?id=pKRYZpCDr-p,Node Importance Specific Meta Learning in Graph Neural Networks,Meta Learning; Graph Neural Network; Node Importance,This paper focuses on the few-shot node classification problem in graph; theoretically studies the influence of node importance on the model accuracy and proposes a node importance calculation method to implement on meta learning GNNs.,"While current node classification methods for graphs have enabled significant progress in many applications, they rely on abundant labeled nodes for training. In many real-world datasets, nodes for some classes are always scarce, thus current algorithms are ill-equipped to handle these few-shot node classes. Some meta learning approaches for graphs have demonstrated advantages in tackling such few-shot problems, but they disregard the impact of node importance on a task. Being exclusive to graph data, the dependencies between nodes convey vital information for determining the importance of nodes in contrast to node features only, which poses unique challenges here. In this paper, we investigate the effect of node importance in node classification meta learning tasks. We first theoretically analyze the influence of distinguishing node importance on the lower bound of the model accuracy. Then, based on the theoretical conclusion, we propose a novel Node Importance Meta Learning architecture (NIML) that learns and applies the importance score of each node for meta learning. Specifically, after constructing an attention vector based on the interaction between a node and its neighbors, we train an importance predictor in a supervised manner to capture the distance between node embedding and the expectation of same-class embedding. Extensive experiments on public datasets demonstrate the state-of-the-art performance of NIML on few-shot node classification problems.",None
https://openreview.net/forum?id=pNZkow3k3BH,Attention-Guided Backdoor Attacks against Transformers,Natural Language Processing; Transformer; Backdoor Attack; Trojan Attack; Trojan Attention Loss,"We propose a novel Trojan Attention Loss, which enhances the Trojan behavior by directly manipulating the attention pattern.","With the popularity of transformers in natural language processing (NLP) applications, there are growing concerns about their security. Most existing NLP attack methods focus on injecting stealthy trigger words/phrases. In this paper, we focus on the interior structure of neural networks and the Trojan mechanism. Focusing on the prominent NLP transformer models, we propose a novel Trojan Attention Loss (TAL), which enhances the Trojan behavior by directly manipulating the attention pattern. Our loss significantly improves the attack efficacy; it achieves better successful rates and with a much smaller poisoning rate (i.e., a smaller proportion of poisoned samples). It boosts attack efficacy for not only traditional dirty-label attacks, but also the more challenging clean-label attacks. TAL is also highly compatible with most existing attack methods and its flexibility enables this loss easily adapted to other backbone transformer models.",None
https://openreview.net/forum?id=Vo1MVffQED,Oracles and Followers: Stackelberg Equilibria in Deep Multi-Agent Reinforcement Learning,Multi-Agent Reinforcement Learning; Game Theory; Security Games; Mechanism Design; Stackelberg Equilibrium; Indirect Mechanism Design,We show a general framework for learning Stackelberg Equilibrian in multi-agent reinforcement learning,"Stackelberg equilibria arise naturally in a range of popular learning problems, such as in security games or indirect mechanism design, and have received in- creasing attention in the reinforcement learning literature. We present a general framework for implementing Stackelberg equilibria search as a multi-agent RL problem, allowing a wide range of algorithmic design choices. We discuss how previous approaches can be seen as specific instantiations of this framework. As a key insight, we note that the design space allows for approaches not previously seen in the literature, for instance by leveraging multitask and meta-RL techniques for follower convergence. We propose one such approach using contextual poli- cies and evaluate it experimentally on standard benchmark domains. Finally, we illustrate the effect of adopting designs outside the borders of our framework in controlled experiments.",None
https://openreview.net/forum?id=k7qRYoxUlB,Structural Code Representation Learning for Auto-Vectorization,None,None,"The single instruction multiple data (SIMD) capability in modern processors is critical to improving the performance of current compute-intensive programs. SIMD allows architectures to exploit the natural data parallelism that exists in a wide-range of real applications (e.g., games, signal processing, etc) by executing a single instruction on multiple data items simultaneously. Modern compilers use vectorization techniques to exploit the SIMD capability, by detecting data parallelism in scalar source code and transforming a group of scalar instructions into vector-based instructions. In this work, we focus on one of the most common vectorization techniques called \emph{loop-based vectorization}, which targets loops and optimize their performance by grouping multiple occurrences of the same operation across loop iterations into single SIMD instructions. This is achieved by setting two key parameters: (1) the vectorization factor (VF), and (2) the interleaving factor (IF). Unfortunately, vectorizing loop computations effectively is a key challenging problem for both programmers and compilers due to the large search space. For example, manual vectorization of each loop puts a huge burden on the programmer, is more error-prone, and/or requires expert knowledge of both the software and the architecture. Alternatively, current compilers use fixed-cost models based on expert heuristics to make automatic vectorization decisions. However, these models often ignore the data dependencies, as well as the underlying computation graph. In this paper, we propose a data-driven graph-based learning framework for automatic vectorization, called \emph{autograph}, which takes an input program, extracts the loops, then learns a structured representation to automatically predict the correct VF/IF factors. Our proposed framework utilizes deep reinforcement learning to learn an optimal policy (observations to actions) from an intelligent agent in a SIMD environment, and automatically injects the predicted vectorization pragmas into the input program. We conducted an extensive evaluation on multiple benchmark datasets and comparisons with state-of-the-art baselines. Our experimental results show that the proposed framework can achieve up to 1.02x-2.26x and 1.06x-4.27x performance improvement, compared to state-of-the-art baseline and LLVM -O3 respectively.",None
https://openreview.net/forum?id=em4xg1Gvxa,Overthinking the Truth: Understanding how Language Models process False Demonstrations,Large Language Models; Interpretability; Safety; Mechanistic Interpretability; Science of ML,None,"Through few-shot learning or chain-of-thought prompting, modern language models 
can detect and imitate complex patterns in their prompt. 
This behavior allows language models to complete challenging tasks without fine-tuning, 
but can be at odds with completion quality: if the context is inaccurate or harmful, then the model 
may reproduce these defects in its completions.
In this work, we show that this {harmful context-following} appears late in a model's 
computation--in particular, given an inaccurate context, models perform \emph{better} after zeroing out later layers. 
More concretely, at early layers models have similar performance given either accurate and inaccurate few-shot prompts, but a gap appears at later layers (e.g.~layers 10-14 for GPT-J).
This gap appears at a consistent depth across datasets, and coincides with the appearance of “induction heads” that attend to previous answers in the prompt. 
We restore the performance for inaccurate contexts by ablating a subset of these heads, reducing the gap by 28\% on average across 8 datasets.
Our results suggest that studying early stages of computation could be a promising strategy to prevent misleading outputs, and that understanding and editing internal
mechanisms can help correct unwanted model behavior.",None
https://openreview.net/forum?id=4j7TG4gD_RM,Trusted Aggregation (TAG): Model Filtering Backdoor Defense In Federated Learning,federated learning; backdoor attack; robust aggregation,TAG is a novel defense against Backdoor Attacks in Federated Learning,"Federated Learning is a framework for training machine learning models from multiple local data sets without access to the data in aggregate. A shared model is jointly learned through an interactive process between server and clients that combines locally learned model gradients or weights. However, the lack of data transparency naturally raises concerns about model security. Recently, several state-of-the-art backdoor attacks have been proposed, which achieve high attack success rates while simultaneously being difficult to detect, leading to compromised federated learning models. In this paper, motivated by differences in the output layer distribution between models trained with and without the presence of backdoor attacks, we propose a defense method that can prevent backdoor attacks from influencing the model while maintaining the accuracy of the original classification task. TAG leverages a small validation data set to estimate the largest change that a benign user's local training can make to the output layer of the shared model, which can be used as a cutoff for returning user models. Experimental results on multiple data sets show that TAG defends against backdoor attacks even when 40\% of the user submissions to update the shared model are malicious.",None
https://openreview.net/forum?id=ZKEhS93FjhR,What Deep Representations Should We Learn? -- A Neural Collapse Perspective,representation learning; neural collapse; transfer learning,n/a,"For classification problems, when sufficiently large networks are trained until convergence, an intriguing phenomenon has recently been discovered in the last-layer classifiers, and features termed neural collapse (NC): (i) the intra-class variability of the features collapses to zero, and (ii) the between-class feature means are maximally and equally separated. Despite of recent endeavors to understand why NC happens, a fundamental question remains: whether NC is a blessing or a curse for deep learning? In this work, we investigate the problem under the setting of transfer learning that we pretrain a model on a large dataset and transfer it to downstream tasks. Through various experiments, our findings on NC are two-fold: (i) when pretrain models, preventing intra-class variability collapse (to a certain extent) better preserve the structures of data, and leads to better model transferability; (ii) when fine-tuning models on downstream tasks, obtaining features with more NC on downstream data results in better test accuracy on the given task. Our findings based upon NC not only explain many widely used heuristics in model pretraining (e.g., data augmentation, projection head, self-supervised learning), but also leads to more efficient and principled transfer learning method on downstream tasks.",None
https://openreview.net/forum?id=4bH8SxYNcI,Towards Adversarially Robust Deepfake Detection: An Ensemble Approach,Deepfakes; Ensembles; Adversarial Subspace; Frequency; Defense,"We present - Disjoint Deepfake Detection (D3), an ensemble based technique for deepfake detection and provide theoretical and empirical evidence for it's robustness.","Detecting deepfakes remains an open problem. Current detection methods fail against an adversary who adds imperceptible adversarial perturbations to the deepfake to evade detection. We propose Disjoint Deepfake Detection (D3), a deepfake detector designed to improve adversarial robustness beyond de facto solutions such as adversarial training. D3 uses an ensemble of models over disjoint subsets of the frequency spectrum to significantly improve robustness. Our key insight is to leverage a redundancy in the frequency domain and apply a saliency partitioning technique to disjointly distribute frequency components across multiple models. We formally prove that these disjoint ensembles lead to a reduction in the dimensionality of the input subspace where adversarial deepfakes lie. We then empirically validate the D3 method against white-box attacks and black-box attacks and find that D3 significantly outperforms existing state-of-the-art defenses applied to deepfake detection.",None
https://openreview.net/forum?id=locB7rYBzTw,Fast Adaptation via Human Diagnosis of Task Distribution Shift,human-ai interaction; human-in-the-loop,We develop a human-in-the-loop framework to help humans diagnose and fix goal-conditioned policy failures.,"When agents fail in the world, it is important to understand why they failed. These errors could be due to underlying distribution shifts in the goals desired by the end user or to the environment layouts that impact the policy's actions. In the case of multi-task policies conditioned on goals, this problem manifests in difficulty in disambiguating between goal and policy failures: is the agent failing because it can't correctly infer what the desired goal is or because it doesn't know how to take actions toward achieving the goal? We hypothesize that successfully disentangling these two failures modes holds important implications for selecting a finetuning strategy. In this paper, we explore the feasibility of leveraging human feedback to diagnose what vs. how failures for efficient adaptation. We develop an end-to-end policy training framework that uses attention to produce a human-interpretable representation, a visual masked state, to communicate the agent's intermediate task representation. In experiments with human users in both discrete and continuous control domains, we show that our visual attention mask policy can aid participants in successfully inferring the agent's failure mode significantly better than actions alone. Leveraging this feedback, we show subsequent empirical performance gains during finetuning and discuss implications of using humans to diagnose parameter-level failures of distribution shift.",None
https://openreview.net/forum?id=g_H6fj4OGZ,Thrust: Adaptively Propels Large Language Models with External Knowledge,knowledge-intensive natural language processing; pre-trained language models; instance-level adaptive knowledge usage,"We design a novel metric, Thrust, that can decide if we use external knowledge for each instance and observe significant improvement on both cost-efficiency and performance for various knowledge-intensive natural language processing tasks.","Large-scale pre-trained language models (PTLM) have achieved great success in various natural language processing (NLP) tasks. Much evidence shows that PTLMs already encode rich knowledge themselves, but knowledge stored in PTLMs can be opaque and static, making external knowledge retrieval necessary. However, there are two major challenges when using external knowledge. First, knowledge indexing and retrieving on large-scale knowledge bases are time costly. Second, knowledge retrieved could be noisy and sometimes misleading. Motivated by the observation that external knowledge is not always required by PTLMs, we investigate an effective and efficient way to apply knowledge only when the knowledge is essential. Specifically, we propose instance-level adaptive propulsion of external knowledge (IAPEK), where we score each instance on whether the PTLMs need the support of external knowledge. To achieve this goal, we design a novel metric, Thrust, which leverages the distribution estimation on seen/training instances. Extensive experiments demonstrate that we can achieve significantly higher cost-efficiency through Thrust compared to the naive usage of external knowledge on 88% of the evaluated tasks with 26% average performance improvement. Such findings further shed light on the real-world practice of knowledge-enhanced LMs with a limited budget for knowledge seeking due to computation latency or costs.",None
https://openreview.net/forum?id=hlwmtSw5KC,On the Mysterious Optimization Geometry of Deep Neural Networks,deep learning; optimization geometry; nonconvex optimization,Reveal a mysterious type of geometry in deep learning optimization.,"Understanding why gradient-based algorithms are successful in practical deep learning optimization is a fundamental and long-standing problem. Most existing works promote the explanation that deep neural networks have smooth and amenable nonconvex optimization geometries. In this work, we argue that this may be an oversimplification of practical deep learning optimization by revealing a mysterious and complex optimization geometry of deep networks through extensive experiments. Specifically, we consistently observe two distinct geometric patterns in training various deep networks: a regular smooth geometry and a mysterious zigzag geometry, where gradients computed in adjacent iterations are extremely negatively correlated. Also, such a zigzag geometry exhibits a fractal structure in that it appears over a wide range of geometrical scales, implying that deep networks can be highly non-smooth in certain local parameter regions. Moreover, our results show that a substantial part of the training progress is achieved under such complex geometry. Therefore, the existing smoothness-based explanations do not fully match the practice.",None
https://openreview.net/forum?id=EKdBD-1qHW6,Implicit regularization via Spectral Neural Networks and non-linear matrix sensing,None,None,"The phenomenon of \textit{implicit regularization} has attracted interest in the recent years as a fundamental aspect of the remarkable generalizing ability of neural networks. In a nutshell, it entails that gradient flow dynamics in many neural nets, even without any explicit regularizer in the loss function, converges to the solution of a regularized learning problem. However, known results attempting to theoretically explain this phenomenon focus overwhelmingly on the setting of linear neural nets, and the simplicity of the linear structure is particularly crucial to existing arguments. In this paper, we explore this problem in the context of more realistic neural networks with a general class of non-linear activation functions, and rigorously demonstrate the implicit regularization phenomenon for such networks in the setting of matrix sensing problems. This is coupled with rigorous rate guarantees that ensure exponentially fast convergence of gradient descent, complemented by matching lower bounds which stipulate that the exponential rate is the best achievable. In this vein, we contribute a network architecture called Spectral Neural Networks (\textit{abbrv.} SNN) that is particularly suitable for matrix learning problems. Conceptually, this entails coordinatizing the space of matrices by their singular values and singular vectors, as opposed to by their entries, a potentially fruitful perspective for matrix learning. We demonstrate that the SNN architecture is inherently much more amenable to theoretical analysis than vanilla neural nets and confirm its effectiveness in the context of matrix sensing, supported via both mathematical guarantees and empirical investigations. We believe that the SNN architecture has the potential to be of wide applicability in a broad class of matrix learning scenarios.",None
https://openreview.net/forum?id=vPS7yxt6oNE,Goal-Space Planning with Subgoal Models,Reinforcement Learning; Model-Based Reinforcement Learning; Planning; Temporal Abstraction,A new approach to model-based RL where planning operates in an abstract subgoal space,"This paper investigates a new approach to model-based reinforcement learning using background planning: mixing (approximate) dynamic programming updates and model-free updates, similar to the Dyna architecture. Background planning with learned models is often worse than model-free alternatives, such as Double DQN, even though the former uses significantly more memory and computation. The fundamental problem is that learned models can be inaccurate and often generate invalid states, especially when iterated many steps. In this paper, we avoid this limitation by constraining background planning to a set of (abstract) subgoals and learning only local, subgoal-conditioned models. This goal-space planning (GSP) approach is more computationally efficient, naturally incorporates temporal abstraction for faster long-horizon planning and avoids learning the transition dynamics entirely. We show that our GSP algorithm can learn significantly faster than a Double DQN baseline in a variety of situations.",None
https://openreview.net/forum?id=lRXSMYJtXwT,MET : Masked Encoding for Tabular data,Tabular Data; Self Supervised Learning; Masked Auto-Encoder,Masking based algorithm for SSL on tabular datasets. Key idea: there exists a latent graphical model that captures relations between different coordinates and classification in latent space is easy. Masking based SSL learns this latent structure.,"We propose  $\textit{Masked Encoding for Tabular Data (MET)}$ for learning self-supervised representations from $\textit{tabular data}$. Tabular self-supervised learning (tabular-SSL) -- unlike structured domains like images, audio, text -- is more challenging since each tabular dataset can have a completely different structure among its features (or coordinates), which is hard to identify a priori. $\textit{MET}$ attempts to circumvent this problem by assuming the following hypothesis: the observed tabular data features come from a latent graphical model and the downstream tasks are significantly easier to solve in the latent space. Based on this hypothesis, $\textit{MET}$ uses random masking based encoders to learn a positional embedding for each coordinate, which would in turn capture the latent structure between coordinates. Through experiments on a toy dataset from a linear graphical model, we show that $\textit{MET}$ is indeed able to capture the latent graphical model. Practically, through extensive experiments on multiple benchmarks for tabular data, we demonstrate that $\textit{MET}$ significantly outperforms all the baselines. For example, on Criteo -- a large-scale click prediction dataset -- $\textit{MET}$  achieves as much as $5\%$ improvement over the current state-of-the-art (SOTA) while purely supervised learning based approaches have been able to advance SOTA by at most $2\%$ in the last six years. Furthermore, averaged over $\textit{nine}$ datasets, $\textit{MET}$ is around $3.9\%$ more accurate than the next best method of Gradient-boosted decision trees -- considered as SOTA for the tabular setting.",None
https://openreview.net/forum?id=5wa-ueGGI33,Shortcut Learning Through the Lens of Early Training Dynamics,shortcut learning; spurious correlations; convolutional neural networks; deep learning; machine learning; computer vision; training dynamics,Potential shortcuts can be found by monitoring the easy features learned by the initial layers of a DNN early during the training using suitable instance difficulty metrics.,"Deep Neural Networks (DNNs) are prone to learn shortcut patterns that damage the generalization of the DNN during deployment. Shortcut learning is concerning, particularly when the DNNs are applied to safety-critical domains. This paper aims to better understand shortcut learning through the lens of the learning dynamics of the internal neurons during the training process. More specifically, we make the following observations: (1) While previous works treat shortcuts as synonymous with spurious correlations, we emphasize that not all spurious correlations are shortcuts. We show that shortcuts are only those spurious features that are ``easier'' than the core features. (2) We build upon this premise and use instance difficulty methods (like Prediction Depth) to quantify ``easy'' and to identify this behavior during the training phase. (3) We empirically show that shortcut learning can be detected by observing the learning dynamics of the DNN's early layers, irrespective of the network architecture used. In other words, easy features learned by the initial layers of a DNN early during the training are potential shortcuts. We verify our claims on simulated and real medical imaging data and justify the empirical success of our hypothesis by showing the theoretical connections between Prediction Depth and information-theoretic concepts like $\mathcal{V}$-usable information. Lastly, our experiments show the insufficiency of monitoring only accuracy plots during training (as is common in machine learning pipelines), and we highlight the need for monitoring early training dynamics using example difficulty metrics.",None
https://openreview.net/forum?id=8-aqFHleFyC,On $\mathcal{O}(1/K)$ Convergence and Low Sample Complexity for Single-Timescale Policy Evaluation with Nonlinear Function Approximation,None,None,"Learning an accurate value function for a given policy is a critical step in solving reinforcement learning (RL) problems. So far, however, the convergence speed and sample complexity performances of most existing policy evaluation algorithms remain unsatisfactory, particularly with {\em non-linear} function approximation. This challenge motivates us to develop a new variance-reduced primal-dual method (VRPD) that is able to achieve a fast convergence speed for RL policy evaluation with nonlinear function approximation. To lower the high sample complexity limitation of variance-reduced approaches (due to the periodic full gradient evaluation with all training data), we further propose an enhanced VRPD method with an adaptive-batch adjustment (VRPD$^+$). The main features of VRPD include: i) VRPD allows the use of {\em{constant}} step sizes and achieves the $\mathcal{O}(1/K)$ convergence rate to the first-order stationary points of non-convex policy evaluation problems; ii) VRPD is a generic {\em{single}}-timescale algorithm that is also applicable for solving a large class of non-convex strongly-concave minimax optimization problems; iii) By adaptively adjusting the batch size via historical stochastic gradient information, VRPD$^+$ is more sample-efficient in practice without loss of theoretical convergence rate. Our extensive numerical experiments verify our theoretical findings and showcase the high efficiency of the proposed VRPD and VRPD$^+$ algorithms compared with the state-of-the-art methods.",None
https://openreview.net/forum?id=MJSIkA72S4k,On the Implicit Bias Towards Depth Minimization in Deep Neural Networks,None,None,"Recent results in the literature suggest that the penultimate (second-to-last) layer representations of neural networks that are trained for classification exhibit a clustering property called neural collapse (NC). We study the implicit bias of stochastic gradient descent (SGD) in favor of low-depth solutions when training deep neural networks. We characterize a notion of effective depth that measures the first layer for which sample embeddings are separable using the nearest-class center classifier. Furthermore, we hypothesize and empirically show that SGD implicitly selects neural networks of small effective depths. 

Secondly, while neural collapse emerges even when generalization should be impossible - we argue that the \emph{degree of separability} in the intermediate layers is related to generalization. We derive a generalization bound based on comparing the effective depth of the network with the minimal depth required to fit the same dataset with partially corrupted labels. Remarkably, this bound provides non-trivial estimations of the test performance. Finally, we empirically show that the effective depth of a trained neural network monotonically increases when increasing the number of random labels in data.",None
https://openreview.net/forum?id=OmpIgSvg7-Z,Prometheus: Endowing Low Sample and Communication Complexities to Constrained Decentralized Stochastic Bilevel Learning,None,None,"In recent years, constrained decentralized stochastic bilevel optimization has become increasingly important due to its versatility in modeling a wide range of multi-agent learning problems, such as multi-agent reinforcement learning and multi-agent meta-learning with safety constraints. However, one under-explored and fundamental challenge in constrained decentralized stochastic bilevel optimization is how to achieve low sample and communication complexities, which, if not addressed appropriately, could affect the long-term prospect of many emerging multi-agent learning paradigms that use decentralized bilevel optimization as a bedrock. In this paper, we investigate a class of constrained decentralized bilevel optimization problems, where multiple agents collectively solve a nonconvex-strongly-convex bilevel problem with constraints in the upper-level variables. Such problems arise naturally in many multi-agent reinforcement learning and meta learning problems. In this paper, we propose an algorithm called Prometheus (proximal tracked stochastic recursive estimator) that achieves the first $\mathcal{O}(\epsilon^{-1})$ results in both sample and communication complexities for constrained decentralized bilevel optimization, where $\epsilon>0$ is the desired stationarity error. Collectively, the results in this work contribute to a theoretical foundation for low sample- and communication-complexity constrained decentralized bilevel learning.",None
https://openreview.net/forum?id=N7Tv4aZ4Cyx,SGD and Weight Decay Provably Induce a Low-Rank Bias in Neural Networks,None,None,"We analyze deep ReLU neural networks trained with mini-batch Stochastic Gradient Descent (SGD) and weight decay.  We show, both theoretically and empirically, that when training a neural network using SGD with weight decay and small batch size, the resulting weight matrices tend to be of small rank. Our analysis relies on a minimal set of assumptions; the neural networks may be arbitrarily wide or deep and may include residual connections, as well as convolutional layers. 
The same analysis implies the inherent presence of SGD ``noise'', defined as the inability of SGD to converge to a stationary point. In particular, we prove that SGD noise must always be present, even asymptotically, as long as we incorporate weight decay and the batch size is smaller than the total number of training samples.",None
https://openreview.net/forum?id=wtr-9AKxCI5,"MobileViTv3: Mobile-Friendly Vision Transformer with Simple and Effective Fusion of Local, Global and Input Features",Deep Learning; Vision Transformers; Convolutional Neural Networks; Mobile Vision Transformers; Light-weight neural network,"Mobile-Friendly Vision Transformer with Simple and Effective Fusion of Local, Global and Input Features","MobileViT (MobileViTv1) combines convolutional neural networks (CNNs) and vision transformers (ViTs) to create light-weight models for mobile vision tasks. Though the main MobileViTv1-block helps to achieve competitive state-of-the-art results, the fusion block inside MobileViTv1-block, creates scaling challenges and has a complex learning task. We propose changes to the fusion block that are simple and effective to create MobileViTv3-block, which addresses the scaling and simplifies the learning task. Our proposed MobileViTv3-block used to create MobileViTv3-XXS, XS and S models outperform MobileViTv1 on ImageNet-1k, ADE20K, COCO and PascalVOC2012 datasets. On ImageNet-1K, MobileViTv3-XXS and MobileViTv3-XS surpasses MobileViTv1-XXS and MobileViTv1-XS by 2% and 1.9% respectively. Recently published MobileViTv2 architecture removes fusion block and uses linear complexity transformers to perform better than MobileViTv1. We add our proposed fusion block to MobileViTv2 to create MobileViTv3-0.5, 0.75 and 1.0 models. MobileViTv3-0.5 and MobileViTv3-0.75 outperforms MobileViTv2-0.5 and MobileViTv2-0.75 by 2.1% and 1.0% respectively on ImageNet-1K dataset. For segmentation task, MobileViTv3-1.0 achieves 2.07% and 1.1% better mIOU compared to MobileViTv2-1.0 on ADE20K dataset and PascalVOC2012 dataset respectively.",None
https://openreview.net/forum?id=yC8PKpNl4f,AlphaDesign: A graph protein design method and benchmark on AlphaFold DB,None,None,"While AlphaFold has remarkably advanced protein folding, the inverse problem, protein design, by which protein sequences are predicted from the corresponding 3D structures, still faces significant challenges. First of all, there lacks a large-scale benchmark covering the vast protein space for evaluating methods and models; secondly, existing methods are still low in prediction accuracy and time-inefficient inference. This paper establishes a new benchmark based on AlphaFold DB, one of the world's largest protein structure databases. Moreover, we propose a new baseline method called AlphaDesign, which achieves 5\% higher recovery than previous methods and about 70 times inference speed-up in designing long protein sequences. We also reveal AlphaDesign's potential for practical protein design tasks, where the designed proteins achieve good structural compatibility with native structures. The open-source code will be released.",None
https://openreview.net/forum?id=c0UQacrBmFB,Transfer Learning with Context-aware Feature Compensation,None,None,"Transfer learning aims to reuse the learnt representations or subnetworks to a new domain with minimum effort for adaption. Here, the challenge lies in the mismatch between source domain and target domain, which is the major gap to be tackled by transfer learning. Hence, how to identify the mismatch between source and target domain becomes a critical problem. We propose an end-to-end framework to learn feature compensation for transfer learning with soft gating to decide whether and how much feature compensation is needed, accounting for the mismatch between source domain and target domain. To enable identifying the position of the input in reference to the overall data distribution of source domain, we perform clustering at first to figure out the data distribution in a compact form represented by cluster centers, and then use the similarities between the input and the cluster centers to describe the relative position of the input in reference to the cluster centers. This acts as the context to indicate whether and how much feature compensation is needed for the input to compensate for the mismatch between source domain and target domain. To approach that, we add only two subnetworks in the form of Multilayer Perceptron, one for computing the feature compensation and the other for soft gating the compensation, where both are computed based on the context. The experiments show that such minor change to backbone network can result in significant performance improvements compared with the baselines on some widely used benchmarks.",None
https://openreview.net/forum?id=vKEMum01xu,Learning Unsupervised Forward Models from Object Keypoints,None,None,"Object-centric representation is an essential abstraction for forward prediction. Most existing forward models learn this representation through extensive supervision (e.g., object class and bounding box) although such ground-truth information is not readily accessible in reality. To address this, we introduce KINet (Keypoint Interaction Network)---an end-to-end unsupervised framework to reason about object interactions based on a keypoint representation. Using visual observations, our model learns to associate objects with keypoint coordinates and discovers a graph representation of the system as a set of keypoint embeddings and their relations. It then learns an action-conditioned forward model using contrastive estimation to predict future keypoint states. By learning to perform physical reasoning in the keypoint space, our model automatically generalizes to scenarios with a different number of objects, novel backgrounds, and unseen object geometries. Experiments demonstrate the effectiveness of our model in accurately performing forward prediction and learning plannable object-centric representations which can also be used in downstream robotic manipulation tasks.",None
https://openreview.net/forum?id=EW00yKKLiX,K-SAM: Sharpness-Aware Minimization at the Speed of SGD,deep learning; efficient training,We propose an efficient sharpness-aware minimization by subsampling training data with highest k losses in both gradient calculation steps.,"Sharpness-Aware Minimization (SAM) has recently emerged as a robust technique for improving the accuracy of deep neural networks. However, SAM incurs a high computational cost in practice, requiring up to twice as much computation as vanilla SGD. The computational challenge posed by SAM arises because each iteration requires both ascent and descent steps and thus double the gradient computations. To address this challenge, we propose to compute gradients in both stages of SAM on only the top-k samples with highest loss. K-SAM is simple and extremely easy-to-implement while providing significant generalization boosts over vanilla SGD at little to no additional cost.",None
https://openreview.net/forum?id=jCdoLxMZxf,Copula Conformal Prediction for Multi-step Time Series Forecasting,Conformal Prediction; time series; uncertainty quantification; calibration; RNN,"significantly improve efficiency/sharpness of conformal prediction confidence intervals, for time series forecasting, by modeling dependence of time steps using copulas","Accurate uncertainty measurement is a key step to building robust and reliable machine learning systems. Conformal prediction is a distribution-free uncertainty quantification algorithm popular for its ease of implementation, statistical coverage guarantees, and versatility for underlying forecasters. However, existing conformal prediction algorithms for time series are limited to single-step prediction without considering the temporal dependency. In this paper we propose a Copula-based Conformal Prediction algorithm for multivariate, multi-step Time Series forecasting, CopulaCPTS. On several synthetic and real-world multivariate time series datasets, we show that CopulaCPTS produces more calibrated and sharp confidence intervals for multi-step prediction tasks than existing techniques.",None
https://openreview.net/forum?id=Ab8hkaJSJI,Multi-Epoch Matrix Factorization Mechanisms for Private Machine Learning,differential privacy; matrix mechanism; machine learning; artificial intelligence; private learning,"We enable generation of factorization-based methods under multi-participations, which enables us to achieve new SOTA results in private training without amplification.","We introduce new differentially private (DP) mechanisms for gradient-based machine learning (ML) training involving multiple passes (epochs) of a dataset, substantially improving the achievable privacy-utility-computation tradeoffs. Our key contribution is an extension of the online matrix factorization DP mechanism to multiple participations, substantially generalizing the approach of DMRST2022. We first give a non-trivial reduction of the problem with per-iteration vector contributions to the simpler one of scalar contributions. Using this, we formulate the construction of optimal (in total squared error at each iterate) matrix mechanisms for SGD variants as a convex program. We provide a closed form solution to the dual function, leading directly to an efficient optimization algorithms.

While tractable, both solving the convex problem offline and computing the necessary noise masks during training can become prohibitively expensive when many training steps are necessary. To address this, we design a Fourier-transform-based mechanism with significantly less computation and only a minor utility decrease.

Extensive empirical evaluation on two tasks, example-level DP for image classification and user-level DP for language modeling, demonstrate substantial improvements over the previous state-of-the-art. Though our primary application is to ML, we note our main DP results are applicable to arbitrary linear queries and hence may have much broader applicability.",None
https://openreview.net/forum?id=pvLMBZ5w9eg,Quantum 3D graph structure learning with applications to molecule computing,None,None,"Graph representation learning has been extensively studied over the last decades, and recent models start to focus on an under-explored area of 3D graph learning with 3D spatial position as well as node attributes. Despite the progress, the ability to understand the physical meaning of the 3D topology data is still a bottleneck for existing models. On the other hand, quantum computing is known to be a promising direction for theoretically verified supremacy as well as increasing evidence for access to a physical quantum device in the near term. For the first time, we propose a quantum 3D embedding ansatz that learns the latent representation of 3D structures from the Hilbert space composed of the Bloch sphere of each qubit. We convert the 3D Cartesian coordinates of nodes into rotation and torsion angles and then encode them into the form of qubits. Moreover, Parameterized Quantum Circuit (PQC) is applied to serve as the trainable layers and we take the output of the PQC as the node embedding. Experimental results on two downstream tasks, molecular property prediction and 3D molecular geometries generation, demonstrate the effectiveness of our model. Though the results are still restricted by computational power, we have shown the capability of our model with very few parameters and the potential to execute on a real quantum device.",None
https://openreview.net/forum?id=eoqfMQJogx0,Distributional Signals for Node Classification in Graph Neural Networks,Graph neural networks; graph signal processing; regularization; smoothness; node classification,"In this paper, we introduce the new notion of distributional graph signals and use it to design a GNN regularization scheme.","In graph neural networks (GNNs), both node features and labels are examples of graph signals, a key notion in graph signal processing (GSP). While it is common in GSP to impose signal smoothness constraints in learning and estimation tasks, it is unclear how this can be done for discrete node labels. We bridge this gap by introducing the concept of distributional graph signals. In our framework, we work with the distributions of node labels instead of their values and propose notions of smoothness and non-uniformity of such distributional graph signals. We then propose a general regularization method for GNNs that allows us to encode distributional smoothness and non-uniformity of the model output in semi-supervised node classification tasks. Numerical experiments demonstrate that our method can significantly improve the performance of most base GNN models in different problem settings.",None
https://openreview.net/forum?id=Z8qk2iM5uLI,Vector Quantized Wasserstein Auto-Encoder,None,None,"Learning deep discrete latent presentations offers a promise of better symbolic and summarized abstractions that are more useful to subsequent downstream tasks. Recent work on Vector Quantized Variational Auto-Encoder (VQ-VAE) has made substantial progress in this direction. However, this quantizes latent representations using the online k-means algorithm which suffers from poor initialization and non-stationary clusters. To strengthen the clustering quality for the latent representations, we propose Vector Quantized Wasserstein Auto-Encoder (VQ-WAE) intuitively developed based on the clustering viewpoint of Wasserstein (WS) distance. Specifically, we endow a discrete distribution over the codewords and learn a deterministic decoder that transports the codeword distribution to the data distribution via minimizing a WS distance between them. We develop further theories to connect it with the clustering viewpoint of WS distance, allowing us to have a better and more controllable clustering solution. Finally, we empirically evaluate our method on several well-known benchmarks, where it achieves better qualitative and quantitative performances than the baselines in terms of the codebook utilization and image reconstruction/generation.",None
https://openreview.net/forum?id=N-eul1pdagX,Exact Representation of Sparse Networks with Symmetric Nonnegative Embeddings,graph; network; embeddings; arboricity; factorization; model; community; nonnegative,"We expand on previous bounds for exact factorization of undirected graphs and extend them to our proposed model, which is more interpretable.","Many models for undirected graphs are based on factorizing the graph's adjacency matrix; these models find a vector representation of each node such that the predicted probability of a link between two nodes increases with the similarity (dot product) of their associated vectors. Recent work has shown that these models are unable to capture key structures in real-world graphs, particularly heterophilous structures, wherein links occur between dissimilar nodes. In contrast, a factorization with two vectors per node, based on logistic principal components analysis (LPCA), has been proven not only to represent such structures, but also to provide exact low-rank factorization of any graph with bounded max degree. However, this bound has limited applicability to real-world networks, which often have power law degree distributions with high max degree. Further, the LPCA model lacks interpretability since its asymmetric factorization does not reflect the undirectedness of the graph. We address the above issues in two ways. First, we prove a new bound for the LPCA model in terms of arboricity rather than max degree; this greatly increases the bound's applicability to many sparse real-world networks. Second, we propose an alternative graph model whose factorization is symmetric and nonnegative, which allows for link predictions to be interpreted in terms of node clusters. We show that the bounds for exact representation in the LPCA model extend to our new model. On the empirical side, our model is optimized effectively on real-world graphs with gradient descent on a cross-entropy loss. We demonstrate its effectiveness on a variety of foundational tasks, such as community detection and link prediction.",None
https://openreview.net/forum?id=ZUXy6d49JNJ,Skill-Based Reinforcement Learning with Intrinsic Reward Matching,Unsupervised Reinforcement Learning; Reinforcement Learning; Deep Learning,We unify unsupervised RL skill pretraining and downstream finetuning phases of learning by leveraging the skill discriminator as a task specifier.,"While unsupervised skill discovery has shown promise in autonomously acquiring behavioral primitives, there is still a large methodological disconnect between task-agnostic skill pretraining and downstream, task-aware finetuning. We present Intrinsic Reward Matching (IRM), which unifies these two phases of learning via the $\textit{skill discriminator}$, a pretraining model component often discarded during finetuning. Conventional approaches finetune pretrained agents directly at the policy level, often relying on expensive environment rollouts to empirically determine the optimal skill. However, often the most concise yet complete description of a task is the reward function itself, and skill learning methods learn an $\textit{intrinsic}$ reward function via the discriminator that corresponds to the skill policy. We propose to leverage the skill discriminator to $\textit{match}$ the intrinsic and downstream task rewards and determine the optimal skill for an unseen task without environment samples, consequently finetuning with greater sample-efficiency. Furthermore, we generalize IRM to sequence skills and solve more complex, long-horizon tasks. We demonstrate that IRM is competitive with previous skill selection methods on the Unsupervised Reinforcement Learning Benchmark and enables us to utilize pretrained skills far more effectively on challenging tabletop manipulation tasks.",None
https://openreview.net/forum?id=8xuFD1yCoH,TuneUp: A Training Strategy for Improving Generalization of Graph Neural Networks,Graph Neural Networks; Curriculum learning; Tail nodes,We develop a curriculum learning strategy to train GNNs with high generalization performance especially on tail nodes.,"Despite many advances in Graph Neural Networks (GNNs), their training strategies simply focus on minimizing a loss over nodes in a graph. However, such simplistic training strategies may be sub-optimal as they neglect that certain nodes are much harder to make accurate predictions on than others. Here we present TuneUp, a curriculum learning strategy for better training GNNs. Crucially, TuneUp trains a GNN in two stages. The first stage aims to produce a strong base GNN. Such base GNNs tend to perform well on head nodes (nodes with large degrees) but less so on tail nodes (nodes with small degrees). So, the second stage of TuneUp specifically focuses on improving prediction on tail nodes. Concretely, TuneUp synthesizes many additional supervised tail node data by dropping edges from head nodes and reusing the supervision on the original head nodes. TuneUp then minimizes the loss over the synthetic tail nodes to finetune the base GNN. TuneUp is a general training strategy that can be used with any GNN architecture and any loss, making TuneUp applicable to a wide range of prediction tasks. Extensive evaluation of TuneUp on two GNN architectures, three types of prediction tasks, and both inductive and transductive settings shows that TuneUp significantly improves the performance of the base GNN on tail nodes, while often even improving the performance on head nodes, which together leads up to 58.5% relative improvement in GNN predictive performance. Moreover, TuneUp significantly outperforms its variants without the two-stage curriculum learning, existing graph data augmentation techniques, as well as other specialized methods for tail nodes.",None
https://openreview.net/forum?id=1sN_4ROgel,A Scalable and Exact Gaussian Process Sampler via Kernel Packets,None,None,"In view of the widespread use of Gaussian processes (GPs) in machine learning models, generating random sample paths of GPs is crucial for many machine learning applications. Sampling from a GP essentially requires generating high-dimensional Gaussian random vectors, which is computationally challenging if a direct method, such as the one based on Cholesky decomposition, is implemented. We develop a scalable algorithm to sample random realizations of the prior and the posterior of GP models with Matérn correlation functions. Unlike existing scalable sampling algorithms, the proposed approach draws samples from the theoretical distributions exactly. The algorithm exploits a novel structure called the kernel packets (KP), which gives an exact sparse representation of the dense covariance matrices. The proposed method is applicable for one-dimensional GPs, and multi-dimensional GPs under some conditions such as separable kernels with full grid designs. Via a series of experiments and comparisons with other recent works, we demonstrate the efficiency and accuracy of the proposed method.",None
https://openreview.net/forum?id=4-oNRO0Fqy,Model ChangeLists: Characterizing Changes in ML Prediction APIs,model evaluation; model comparison; machine learning as a service; robustness,"In this work, we study MLaaS API updates. We introduce, Mocha, a new framework for describing model updates. Then we use Mocha to demonstrate how subtle, but significant, shifts are commonly introduced by updates.","Updates to Machine Learning as a Service (MLaaS) APIs may affect downstream systems that depend on their predictions. However, performance changes introduced by these updates are poorly documented by providers and seldom studied in the literature. As a result, users are left wondering: do model updates introduce subtle performance changes that could adversely affect my system? Ideally, users would have access to a detailed ChangeList specifying the slices of data where model performance has improved and degraded since the update. But, producing a ChangeList is challenging because it requires (1) discovering slices in the absence of detailed annotations or metadata, (2) accurately attributing coherent concepts to the discovered slices, and (3) communicating them to the user in a digestable manner. We introduce Mocha, an interactive framework for building, verifying and releasing ChangeLists that addresses these challenges. Using it, we perform a large-scale analysis of three real-world MLaaS API updates. We produce a ChangeList for each, identifying over 100 coherent data slices on which the model’s performance changed significantly. Notably, we find 63 instances where an update improves performance globally, but hurts performance on a coherent slice – a phenomenon not previously documented at scale in the literature. These findings underscore the importance of producing a detailed ChangeList when the model behind an API is updated.",None
https://openreview.net/forum?id=PjT1TJ62vJW,Exploring semantic information in disease: Simple Data Augmentation Techniques for Chinese Disease Normalization,Data Augmentation; Medicine; Disease; Disease Normalization; Deep Learning; Natural Language Processing; Representation Learning,A novel data augmentation method in NLP to address the problem of Chinese Disease Normalization.,"Disease is a core concept in the medical field, and the task of normalizing disease names is the basis of all disease-related tasks. However, due to the multi-axis and multi-grain nature of disease names, incorrect information is often injected and harms the performance when using general text data augmentation techniques. To address the above problem, we propose a set of data augmentation techniques that work together as an augmented training task for disease normalization, which is called Disease Data Augmentation (DDA). Our data augmentation methods are based on both the clinical disease corpus and standard disease corpus derived from ICD-10 coding. Extensive experiments are conducted to show the effectiveness of our proposed methods. The results demonstrate that our method can have up to 3\% performance gain compared to non-augmented counterparts, and they can work even better on smaller datasets.",None
https://openreview.net/forum?id=1pGmKJvneD7,LVQ-VAE:End-to-end Hyperprior-based Variational Image Compression with Lattice Vector Quantization,Image Compression; Variational Autoencoder; Vector Quantization; Lattice,None,"Image compression technology has become more important research topic. In recent years, learning-based methods have been extensively studied and variational autoencoder (VAE)-based methods using hyperprior-based context-adaptive entropy model have been reported to be comparable to the latest video coding standard H.266/VVC in terms of RD performance.
   We think there is room for improvement in quantization process of latent features by adopting vector quantization (VQ). Many VAE-based methods use scalar quantization for latent features and do not exploit correlation between the features. Although there are methods that incorporate VQ into learning-based methods, to the best our knowledge, there are no studies that utilizes the hyperprior-based VAE with VQ because incorporating VQ into a hyperprior-based VAE makes it difficult to estimate the likelihood.
   In this paper, we propose a new VAE-based image compression method using VQ based latent representation for hyperprior-based context-adaptive entropy model to improve the coding efficiency. The proposed method resolves problem faced by conventional VQ-based methods due to codebook size bloat by adopting Lattice VQ as the basis quantization method and achieves end-to-end optimization with hyperprior-based context-adaptive entropy model by approximating the likelihood calculation of latent feature vectors with high accuracy using Monte Carlo integration. Furthermore, in likelihood estimation, we model each latent feature vector with multivariate normal distribution including covariance matrix parameters, which improves the likelihood estimation accuracy and RD performance.
   Experimental results show that the proposed method achieves a state-of-the-art RD performance exceeding existing learning-based methods and the latest video coding standard H.266/VVC by 18.0%.",None
https://openreview.net/forum?id=-aEuKX6zQKmr,EmbedDistill: A geometric knowledge distillation for information retrieval,Knowledge distillation; dual encoder; cross encoder; information retrieval; query generation; embedding matching; retrieval; re-ranking,We propose a novel distillation approach to train dual encoder information retrieval models that goes beyond score-matching and aims to explicitly align embedding spaces of teacher and student models.,"Large neural models (such as Transformers) achieve state-of-the-art performance for information retrieval. In this paper, we aim to improve distillation methods that pave the way for the deployment of such models in practice. The proposed distillation approach supports both retrieval and re-ranking stages and crucially leverages the relative geometry among queries and documents learned by the large teacher model. It goes beyond existing distillation methods in the information retrieval literature, which simply rely on the teacher's scalar scores over the training data, on two fronts: providing stronger signals about local geometry via embedding matching and attaining better coverage of data manifold globally via query generation. Embedding matching provides a stronger signal to align the representations of the teacher and student models. At the same time, query generation explores the data manifold to reduce the discrepancies between the student and teacher where the training data is sparse. Our distillation approach is theoretically justified and applies to both dual encoder (DE) and cross-encoder (CE) models. Furthermore, for distilling a CE model to a DE model via embedding matching, we propose a novel dual pooling-based scorer for the CE model that facilitates a more distillation-friendly embedding geometry, especially for DE student models.",None
https://openreview.net/forum?id=MMiaF8KppTZ,Logical view on fairness of a binary classification task,binary classification; fairness; first-order logic; decidability,The fairness of a binary classifier is a logical phenomenon since its loss is not expressible in the first-order logic of a suitable model.,"Ethical, Interpretable/Explainable, and Responsible AI are an active area of research and important social initiative. 

We prove that, with no regards to data, fairness and trustworthiness are algorithmically undecidable for a basic machine learning task, the binary classification. Therefore, even the approach based on not only improving but fully solving the three usually assumed issues -- the insufficient quality of measurements, the complex consequences of (mis)measurements, and the limits of existing social theories -- is only heuristics. We show that, effectively, the fairness of a classifier is not even a (version of bias-variance) trade-off since it is a logical phenomenon. 
Namely, we reveal a language $L$ and an $L-$theory $T$ for binary classification task such that the very notion of loss is not expressible in the first-order logic formula in $L$.",None
https://openreview.net/forum?id=ALbEpTC4hBp,Revisiting Instance-Reweighted Adversarial Training,Adversarial training; Adversarial robustness; Instance-reweighted,We clarify a weakness of previous methods and propose a method to resolve the weakness by transforming margins into an appropriate representation.,"Instance-reweighted adversarial training (IRAT) is a type of adversarial training that assigns large weights to high-importance examples and then minimizes the weighted loss. The importance often uses the margins between decision boundaries and each example. In particular, IRAT can alleviate robust overfitting and obtain excellent robustness by computing margins with an estimated probability. However, previous works implicitly dealt with binary classification even in the multi-class cases, because they computed margins with only the true class and the most confusing class. The computed margins can become equal even with different true probability examples, because of the complex decision boundaries in multi-class classification. In this paper, first, we clarify the above problem with a specific example. Then, we propose \textit{margin reweighting}, which can transform the previous margins into appropriate representations for multi-class classification by leveraging the relations between the most confusing class and other classes. Experimental results on the CIFAR-10/100 datasets demonstrate that the proposed method is effective in boosting the robustness against several attacks as compared to the previous methods.",None
https://openreview.net/forum?id=UawwAryavZI,Towards Solving Industrial Sequential Decision-making Tasks under Near-predictable Dynamics via Reinforcement Learning: an Implicit Corrective Value Estimation Approach,None,We decouple the data dynamics of industrial sequential decision-making tasks and design a bi-critic framework to solve the state transition uncertainty.,"Learning to plan and schedule is receiving increasing attention for industrial decision-making tasks for its potential for outperforming heuristics, especially under dynamic uncertainty, as well as its efficiency in problem-solving, especially with the adoption of neural networks and the behind GPU computing. Naturally, reinforcement learning (RL) with the Markov decision process (MDP) becomes a popular paradigm. Rather than handling the near-stationary environments like Atari games or the opposite case for open world dynamics with high uncertainty. In this paper, we aim to devise a tailored RL-based approach for the setting in the between: the near-predictable dynamics which often hold in many industrial applications, e.g., elevator scheduling and bin packing, as empirical case studies tested in this paper. We formulate a two-stage MDP by decoupling the data dynamics from the industrial environment. Specifically, we design a bi-critic framework for estimating the state value in stages according to the two-stage MDP.",None
https://openreview.net/forum?id=3i9EgUss-Vs,Graph Convolutional Normalizing Flows for Semi-Supervised Classification and Clustering,graph convolutional network; normalizing flow; generative model,"A normalizing flow architecture based on graphs is developed for semi-supervised learning, producing high-quality classification and clustering.","Graph neural networks (GNNs) are \emph{discriminative models} that directly model the class posterior $p(y|\mathbf{x})$ for semi-supervised classification of graph data. While being effective for prediction, as a representation learning approach, the node representations extracted from a GNN often miss useful information for effective clustering, because that is not necessary for a good classification. In this work, we replace a GNN layer by a combination of graph convolutions and normalizing flows under a Gaussian mixture representation space, which allows us to build a \emph{generative model} that models both the class conditional likelihood $p(\mathbf{x}|y)$ and the class prior $p(y)$. The resulting neural network, GC-Flow, enjoys two benefits: it not only maintains the predictive power because of the retention of graph convolutions, but also produces high-quality clusters in the representation space, due to the structuring of the representation as a mixture of Gaussians. We demonstrate these benefits on a variety of benchmark data sets. Moreover, we show that additional parameterization, such as that on the adjacency matrix used for graph convolutions, yields additional improvement in classification and clustering.",None
https://openreview.net/forum?id=m4f7Wl93fzT,Learning Listwise Domain-Invariant Representations for Ranking,learning to rank; domain adaptation; text ranking,We establish a domain adaptation generalization bound for ranking and propose a method based on learning listwise invariant representations.,"Domain adaptation aims to transfer models trained on data-rich domains to low-resource ones, for which a popular method is invariant representation learning. While they have been studied extensively for classification and regression problems, how they would apply to ranking problems, where the metrics and data follow a list structure, is not well understood. Theoretically, we establish a generalization bound for ranking problems under metrics including MRR and NDCG, leading to a method based on learning listwise invariant feature representations. The main novelty of our results is that they are tailored to the listwise approach of learning to rank: the invariant representations our method learns are for each list of items as a whole, instead of the individual items they contain. Our method is evaluated on the passage reranking task, where we adapt neural text rankers trained on a general domain to various specialized domains.",None
https://openreview.net/forum?id=6TugHflAGRU,Eigenvalue Initialisation and Regularisation for Koopman Autoencoders,koopman; deep learning; dynamical systems; autoencoders; physics-constrained learning; neural networks,Using eigenvalues to regularise and initialise Koopman autoencoders improves performance significantly,"Regularising the parameter matrices of neural networks is ubiquitous in training deep models. Typical regularisation approaches suggest initialising weights using small random values, and to penalise weights to promote sparsity. However, these widely used techniques may be less effective in certain scenarios. Here, we study the Koopman autoencoder model which includes an encoder, a Koopman operator layer, and a decoder. These models have been designed and dedicated to tackle physics-related problems with interpretable dynamics and an ability to incorporate physics-related constraints. However, the majority of existing work employs standard regularisation practices. In our work, we take a step toward augmenting Koopman autoencoders with initialisation and penalty schemes tailored for physics-related settings. Specifically, we propose the ""eigeninit"" initialisation scheme that samples initial Koopman operators from specific eigenvalue distributions. In addition, we suggest the ""eigenloss"" penalty scheme that penalises the eigenvalues of the Koopman operator during training. We demonstrate the utility of these schemes on two synthetic data sets: a driven pendulum and flow past a cylinder; and two real-world problems: ocean surface temperatures and cyclone wind fields. We find on these datasets that eigenloss and eigeninit improves the convergence rate by a factor of 2 to 5, and that they reduce the cumulative long-term prediction error by up to a factor of 2.5. Such a finding points to the utility of incorporating similar schemes as an inductive bias in other physics-related deep learning approaches.",None
https://openreview.net/forum?id=Q0XkE_srKnG,Learning from Labeled Images and Unlabeled Videos for Video Segmentation,Video; Segmentation; Representation,None,"Performance on video object segmentation still lags behind that of image segmentation due to a paucity of labeled videos. Annotations are time-consuming and laborious to collect, and may not be feasibly obtained in certain situations. However there is a growing amount of freely available unlabeled video data which has spurred interest in unsupervised video representation learning. In this work we focus on the setting in which there is no/little access to labeled videos for video object segmentation. To this end we leverage large-scale image segmentation datasets and adversarial learning to train 2D/3D networks for video object segmentation. We first motivate the treatment of images and videos as two separate domains by analyzing the performance gap of an image segmentation network trained on images and applied to videos. Through studies using several image and video segmentation datasets, we show how an adversarial loss placed at various locations within the network can make feature representations invariant to these domains and improve the performance when the network has access to only labeled images and unlabeled videos. To prevent the loss of discriminative semantic class information we apply our adversarial loss within clusters of features and show this boosts our method's performance within Transformer-based models.",None
https://openreview.net/forum?id=UDbNL0_W-3x,A Quasistatic Derivation of Optimization Algorithms' Exploration on Minima Manifolds,Implicit bias; minima manifold; time-scale separation; Adam,None,"A quasistatic approach is proposed to derive the optimization algorithms' effective dynamics on the manifold of minima when the iterator oscillates around the manifold. Compared with existing strict analysis, our derivation method is simple and intuitive, has wide applicability, and produces easy-to-interpret results. As examples, we derive the manifold dynamics for SGD, SGD with momentum (SGDm) and Adam with different noise covariances, and justify the closeness of the derived manifold dynamics with the true dynamics through numerical experiments. We then use minima manifold dynamics to study and compare the properties of optimization algorithms. For SGDm, we show that scaling up learning rate and batch size simultaneously accelerates exploration without affecting generalization, which confirms a benefit of large batch training. For Adam, we show that the speed of its manifold dynamics changes with the direction of the manifold, because Adam is not rotationally invariant. This may cause slow exploration in high dimensional parameter spaces.",None
https://openreview.net/forum?id=0eSq84hbXhe,The Graph Learning Attention Mechanism: Learnable Sparsification Without Heuristics,graph structure learning; graph attention networks,"We introduce a drop-in, differentiable graph structure learning layer for use with GNNs.","Graph Neural Networks (GNNs) are local aggregators that derive their expressive power from their sensitivity to network structure. However, this sensitivity comes at a cost: noisy edges degrade performance. In response, many GNNs include edge-weighting mechanisms that scale the contribution of each edge in the aggregation step. However, to account for neighborhoods of varying size, node-embedding mechanisms must normalize these edge-weights across each neighborhood. As such, the impact of noisy edges cannot be eliminated without removing those edges altogether. Motivated by this issue, we introduce the Graph Learning Attention Mechanism (GLAM): a drop-in, differentiable structure learning layer for GNNs that separates the distinct tasks of structure learning and node embedding. In contrast to existing graph learning approaches, GLAM does not require the addition of exogenous structural regularizers or edge-selection heuristics to learn optimal graph structures. In experiments on citation and co-purchase datasets, we demonstrate that our approach can match state of the art semi-supervised node classification accuracies while inducing an order of magnitude greater sparsity than existing graph learning methods.",None
https://openreview.net/forum?id=dNdOnKy9YNs,Why Self Attention is Natural for Sequence-to-Sequence Problems? A Perspective from Symmetries,Self attention; sequence-to-sequence function; orthogonal equivairance; permutation equivariance,None,"In this paper, we show that structures similar to self-attention are natural to learn many sequence-to-sequence problems from the perspective of symmetry. Inspired by language processing applications, we study the orthogonal equivariance of {\it seq2seq functions with knowledge}, which are functions taking two inputs---an input sequence and a ``knowledge''---and outputting another sequence.
The knowledge consists of a set of vectors in the same embedding space as the input sequence, containing the information of the language used to process the input sequence. We show that orthogonal equivariance in the embedding space is natural for seq2seq functions with knowledge, and under such equivariance the function must take the form close to the self-attention. This shows that network structures similar to self-attention are the right structures to represent the target function of many seq2seq problems. The representation can be further refined if a ``finite information principle'' is considered, or a permutation equivariance holds for the elements of the input sequence.",None
https://openreview.net/forum?id=TTduM2sE0Ja,Exp-$\alpha$: Beyond Proportional Aggregation in Federated Learning,Federated Learning,We theoretically study properties of proportional aggregation and propose a novel aggregation strategy for faster convergence under Non-IID setting.,"Federated Learning (FL) is a distributed learning paradigm, which computes gradients of a model locally on different clients and aggregates the updates to construct a new model collectively. Typically, the updates from local clients are aggregated with weights proportional to the size of clients' local datasets. In practice, clients have different local datasets suffering from data heterogeneity, such as imbalance. Although proportional aggregation still theoretically converges to the global optimum, it is provably slower when non-IID data is present (under convexity assumptions), the effect of which is exacerbated in practice. We posit that this analysis ignores convergence rate, which is especially important under such settings in the more realistic non-convex real world.  To account for this, we analyze a generic and time-varying aggregation strategy to reveal a surprising trade-off between convergence rate and convergence error under convexity assumptions. Inspired by the theory, we propose a new aggregation strategy, Exp-$\alpha$, which weights clients differently based on their severity of data heterogeneity. It achieves stronger convergence rates at the theoretical cost of a non-vanishing convergence error. Through a series of controlled experiments, we empirically demonstrate the superior convergence behavior (both in terms of rate and, in practice, even error) of the proposed aggregation on three types of data heterogeneity: imbalance, label-flipping, and domain shift when combined with existing FL algorithms. For example, on our imbalance benchmark, Exp-$\alpha$, combined with FedAvg, achieves a relative $12\%$ increase in convergence rate and a relative $3\%$ reduction in error across four FL communication settings.",None
https://openreview.net/forum?id=n3RFM5cBB4,Learning Efficient Hybrid Particle-continuum Representations of Non-equilibrium N-body Systems,multi-scale; hybrid representation; particle-continuum; n-body; plasma,We introduce a method for Learning Hybrid Particle-Continuum models that enables an efficient and accurate coupling between fluid and kinetic representations of N-body systems.,"An important class of multi-scale, non-equilibrium, N-body physical systems deals with an interplay between particle and continuum phenomena. These include hypersonic flow and plasma dynamics, materials science, and astrophysics. Hybrid solvers that combine particle and continuum representations could provide an efficient framework to model these systems. However, the coupling between these two representations has been a key challenge, which is often limited to inaccurate or incomplete prescriptions. In this work, we introduce a method for Learning Hybrid Particle-Continuum (LHPC) models from the data of first-principles particle simulations. LHPC analyzes the local velocity-space particle distribution function and separates it into near-equilibrium (thermal) and far-from-equilibrium (non-thermal) components. The most computationally-intensive particle solver is used to advance the non-thermal particles, whereas a neural network solver is used to efficiently advance the thermal component using a continuum representation. Most importantly, an additional neural network learns the particle-continuum coupling: the dynamical exchange of mass, momentum, and energy between the particle and continuum representations. Training of the different neural network components is done in an integrated manner to ensure global consistency and stability of the LHPC model. We demonstrate our method in an intense laser-plasma interaction problem involving highly nonlinear, far-from-equilibrium dynamics associated with the coupling between electromagnetic fields and multiple particle species. More efficient modeling of these interactions is critical for the design and optimization of compact accelerators for material science and medical applications. Our method achieves an important balance between accuracy and speed: LHPC is 8 times faster than a classical particle solver and achieves up to 6.8-fold reduction of long-term prediction error for key quantities of interest compared to deep-learning baselines using uniform representations.",None
https://openreview.net/forum?id=qSjf5zf5tv,Neural Network Approximation of Lipschitz Functions in High Dimensions with Applications to Inverse Problems,approximation theory; neural networks; deep learning; Johnson-Lindenstrauss embedding; inverse problems,We provide neural network approximation guarantees for Lipschitz functions on low-complexity sets in high dimensions.,"The remarkable successes of neural networks in a huge variety of inverse problems have fueled their adoption in disciplines ranging from medical imaging to seismic analysis over the past decade.  However, the high dimensionality of such inverse problems has simultaneously left current theory, which predicts that networks should scale exponentially in the dimension of the problem, unable to explain why the seemingly small networks used in these settings work as well as they do in practice. To reduce this gap between theory and practice, a general method for bounding the complexity required for a neural network to approximate a Lipschitz function on a high-dimensional set with a low-complexity structure is provided herein. The approach is based on the observation that the existence of a linear Johnson-Lindenstrauss embedding $\mathbf{A} \in \mathbb{R}^{d \times D}$ of a given high-dimensional set $\mathcal{S} \subset \mathbb{R}^D$ into a low dimensional cube $[-M,M]^d$ implies that for any Lipschitz function $f : \mathcal{S} \to \mathbb{R}^p$, there exists a Lipschitz function $g : [-M,M]^d \to \mathbb{R}^p$ such that $g(\mathbf{A}\mathbf{x}) = f(\mathbf{x})$ for all $\mathbf{x} \in \mathcal{S}$. Hence, if one has a neural network which approximates $g : [-M,M]^d \to \mathbb{R}^p$, then a layer can be added which implements the JL embedding $\mathbf{A}$ to obtain a neural network which approximates $f : \mathcal{S} \to \mathbb{R}^p$. By pairing JL embedding results along with results on approximation of Lipschitz functions by neural networks, one then obtains results which bound the complexity required for a neural network to approximate Lipschitz functions on high dimensional sets. The end result is a general theoretical framework which can then be used to better explain the observed empirical successes of smaller networks in a wider variety of inverse problems than current theory allows.",None
https://openreview.net/forum?id=TSqRwmrRiOn,Bias Amplification Improves Worst-Group Accuracy without Group Information,spurious correlation; worst-group accuracy; group robustness,We propose a novel two-stage training algorithm that achieves the state-of-the-art worst-group accuracy on test data without group information.,"Neural networks produced by standard training are known to suffer from poor accuracy on rare subgroups despite achieving high accuracy on average, due to the correlations between certain spurious features and labels. Previous approaches based on worst-group loss minimization (\textit{e.g.} Group-DRO) are effective in improving worse-group accuracy but require expensive group annotations for all the training samples. In this paper, we focus on the more challenging and realistic setting where group annotations are only available on a small validation set or are not available at all. We propose \bam, a novel two-stage training algorithm: in the first stage, the model is trained using a \emph{bias amplification} scheme via introducing a learnable \emph{auxiliary variable} for each training sample together with the adoption of squared loss; in the second stage, we upweight the samples that the bias-amplified model misclassifies, and then continue training the same model on the reweighted dataset. Empirically, \bam leads to consistent improvement over its counterparts in worst-group accuracy, resulting in state-of-the-art performance in spurious correlation benchmarks in computer vision and natural language processing. Moreover, we find a simple stopping criterion that completely removes the need for group annotations, with little or no loss in worst-group accuracy.",None
https://openreview.net/forum?id=HjzWIMEWipV,Actionable Recourse Guided by User Preference,Actionable recourse,Capturing user preference and suggesting actionable recourse for adversely affected individuals by a machine learning model.,"The growing popularity of machine learning models has led to their increased application in domains directly impacting human lives. In critical fields such as healthcare, banking, and criminal justice, tools that ensure trust and transparency are vital for the responsible adoption of these models. One such tool is \emph{actionable recourse} (AR) for negatively impacted users. AR describes recommendations of cost-efficient changes to a user's \emph{actionable} features to help them obtain favorable outcomes. Existing approaches for providing recourse optimize for properties such as proximity, sparsity, validity, and distance-based costs. However, an often-overlooked but crucial requirement for actionability is a consideration of \emph{User Preference} to guide the recourse generation process. Moreover, existing works considering a user's preferences require users to precisely specify their costs for taking actions. This requirement raises questions about the practicality of the corresponding solutions due to the high cognitive loads imposed. In this work, we attempt to capture user preferences via soft constraints in three simple forms: \textit{i) scoring continuous features, ii) bounding feature values} and \textit{iii) ranking categorical features}. We propose an optimization framework that is sensitive to {user preference} and a gradient-based approach to identify \emph{User Preferred Actionable Recourse (UP-AR)}. We empirically demonstrate the proposed approach's superiority in adhering to user preference while maintaining competitive performance in traditional metrics with extensive experiments.",None
https://openreview.net/forum?id=JsrvkgM8gO2,Large Learning Rate Matters for Non-Convex Optimization,large learning rates; GD; SGD; non-convex optimization,None,"When training neural networks, it has been widely observed that a large step size is essential in stochastic gradient descent (SGD) for obtaining superior models. However, the effect of large step sizes on the success of SGD is not well understood theoretically. 
Several previous works have attributed this success to the stochastic noise present in SGD.  However, we show through a novel set of experiments that the stochastic noise is not sufficient to explain good non-convex training, and that instead the effect of a large learning rate itself is essential for obtaining best performance.
We demonstrate the same effects also in the noise-less case, i.e. for full-batch GD. We formally prove that GD with large step size---on certain non-convex function classes---follows a different trajectory than GD with a small step size, which can lead to convergence to a global minimum instead of a local one. 
Finally, we also demonstrate the difference in trajectories for small and large learning rates for real neural networks, again observing that large learning rates allow escaping from a local minimum, confirming this behavior is indeed relevant in practice.",None
https://openreview.net/forum?id=q_7TgV0ugq,A Deep Learning Framework for Musical Acoustics Simulations,Datasets; acoustics simulation; numerical modeling; deep learning; neural operators; benchmarking,An open-access/open-source framework designed for the generation of numerical musical acoustics datasets and for the training/benchmarking of acoustics neural operators.,"The acoustic modeling of musical instruments is a heavy computational process, often bound to the solution of complex systems of partial differential equations (PDEs). Numerical models can achieve a high level of accuracy, but they may take up to several hours to complete a full simulation, especially in the case of intricate musical mechanisms. The application of deep learning, and in particular of neural operators that learn mappings between function spaces, has the potential to revolutionize how acoustics PDEs are solved and noticeably speed up musical simulations. However, such operators require large datasets, capable of exemplifying the relationship between input parameters (excitation) and output solutions (acoustic wave propagation) per each target musical instrument/configuration. With this work, we present an open-access, open-source framework designed for the generation of numerical musical acoustics datasets and for the training/benchmarking of acoustics neural operators. We first describe the overall structure of the framework and the proposed data generation workflow. Then, we detail the first numerical models that were ported to the framework. Finally, we conclude by sharing some preliminary results obtained by means of training a state-of-the-art neural operator with a dataset generated via the framework. This work is a first step towards the gathering of a research community that focuses on deep learning applied to musical acoustics, and shares workflows and benchmarking tools.",None
https://openreview.net/forum?id=LOMA7vSa2Y,MetaMD: Principled Optimiser Meta-Learning for Deep Learning,Meta-learning; Optimiser Learning,"We proposed a meta-learning based algorithm, learning optimisers under the mirror descent framework.","Optimiser design influences learning speed and generalisation in training machine learning models. Several studies have attempted to learn more effective gradient-descent optimisers via solving a bi-level optimisation problem where generalisation error is minimised with respect to optimiser parameters. However, most existing neural network oriented optimiser learning methods are intuitively motivated, without clear theoretical support, and focus on learning implicit biases that improve generalisation, rather than speed of convergence. We take a different perspective starting from mirror descent rather than gradient descent, and meta-learning the corresponding Bregman divergence. Within this paradigm, we formalise a novel meta-learning objective of optimising the rate of convergence. The resulting framework, termed Meta Mirror Descent (MetaMD), learns to accelerate optimisation speed. Unlike many meta-learned neural network optimisers, it also supports convergence guarantees and uniquely does so without requiring validation data. We empirically evaluate our framework on a variety of tasks and architectures in terms of convergence rate and generalisation error and demonstrate strong performance.",None
https://openreview.net/forum?id=5MR1OGvCtH,A Sample Based Method for Understanding The Decisions of Neural Networks Semantically,Machine Learning Interpretability; Bias; ImageNet; AlexNet; ResNet; VGG-16; Inception; CNNs; Bag of Words,This paper introduces a semantic interpretability framework that is used to understand how CNN models and their robust counterparts manipulate image regions.,"Interpretability in deep learning is one of the largest obstacles to its more widespread adoption in critical applications. A variety of methods have been introduced to understand and explain decisions made by Deep Models. A class of these methods highlights which features are most influential to model predictions. These methods have some key weaknesses. First, most of these methods are applicable only to the atomic elements that make up raw inputs to the model (e.g., pixels or words). Second, these methods generally don't distinguish between the importance of features individually versus due to interactions with other features. As a result, it is difficult to explore high level questions about how models use features. We tackle these issues by proposing Sample-Based Semantic Analysis (SBSA). We use Sobol sensitivity analysis as our sample-based method. Sobol-SBSA allows us to quantify the importance of semantic combinations of raw inputs and highlight the extent to which these features are important individually as opposed to due to interactions with other features. We demonstrate the ability of Sobol-SBSA to answer a richer class of questions about the behavior of Deep Learning models by exploring how CNN models from AlexNet to DenseNet use regions when classifying images. We present two key findings. 1) The architectural improvements from AlexNet to DenseNet manifested themselves in CNN models utilizing greater levels of region interactions for predictions. 2) Adversarially robust CNNs resist exploiting spurious correlations in ImageNet data by forcing these architectures to rely less on region-to-region interaction. Our proposed method is generalizable to a wide variety of network and input types and can help provide greater clarity about model decisions.",None
https://openreview.net/forum?id=nbGCPw8Rry,Deep Biological Pathway Informed Pathology-Genomic Multimodal Survival Prediction,None,None,"The integration of multi-modal data, such as pathological images and genomic data, is essential for understanding cancer heterogeneity and complexity for personalized treatments, as well as for enhancing survival predictions. Despite the progress made in integrating pathology and genomic data, most existing methods cannot mine the complex inter-modality relations thoroughly. Additionally, identifying explainable features from these models that govern preclinical discovery and clinical prediction is crucial for cancer diagnosis, prognosis, and therapeutic response studies. We propose PONET- a novel biological pathway informed pathology-genomic deep model that integrates pathological images and genomic data not only to improve survival prediction but also to identify genes and pathways that cause different survival rates in patients. Empirical results on six of The Cancer Genome Atlas (TCGA) datasets show that our proposed method achieves superior predictive performance and reveals meaningful biological interpretations. The proposed method establishes insight on how to train biological informed deep networks on multimodal biomedical data which will have general applicability for understanding diseases and predicting response and resistance to treatment.",None
https://openreview.net/forum?id=PuEOL1hhyrF,Active Sampling for Node Attribute Completion on Graphs,Graph Neural Network; Node Attribute Completion; Active Sampling,None,"Node attribute is one kind of crucial information on graphs, but real-world graphs usually face attribute-missing problem where attributes of partial nodes are missing and attributes of the other nodes are available. It is meaningful to restore the missing attributes so as to benefit downstream graph learning tasks. Popular GNN is not designed for this node attribute completion issue and is not capable of solving it. Recent proposed Structure-attribute Transformer (SAT) framework decouples the input of graph structures and node attributes by a distribution matching technique, and can work on it properly. However, SAT leverages nodes with observed attributes in an equally-treated way and neglects the different contributions of different nodes in learning. In this paper, we propose a novel active sampling algorithm (ATS) to more efficiently utilize the nodes with observed attributes and better restore the missing node attributes. Specifically, ATS contains two metrics that measure the representativeness and uncertainty of each node's information by considering the graph structures, representation similarity and learning bias. Then, these two metrics are linearly combined by a Beta distribution controlled weighting scheme to finally determine which nodes are selected into the train set in the next optimization step. This ATS algorithm can be combined with SAT framework together, and is learned in an iterative manner. Through extensive experiments on 4 public benchmark datasets and two downstream tasks, we show the superiority of ATS in node attribute completion.",None
https://openreview.net/forum?id=GvMuB-YsiK6,Explaining Patterns in Data  with  Language Models via Interpretable Autoprompting,Interpretability; explainability; XAI; AI for science,"We introduce interpretable autoprompting, a simple approach to *understand a dataset* by finding a semantically meaningful prompt for a large language model.","Large language models (LLMs) have displayed an impressive ability to harness natural language to perform complex tasks. In this work, we explore whether we can leverage this learned ability to find and explain patterns in data. Specifically, given a pre-trained LLM and data examples, we introduce interpretable autoprompting (iPrompt), an algorithm that generates a natural-language string explaining the data. iPrompt iteratively alternates between generating explanations with an LLM and reranking them based on their performance when used as a prompt. Experiments on a wide range of datasets, from synthetic mathematics to natural-language understanding, show that iPrompt can yield meaningful insights by accurately finding groundtruth dataset descriptions. Moreover, the prompts produced by iPrompt are simultaneously human-interpretable and highly effective for generalization: on real-world sentiment classification datasets, iPrompt produces prompts that match or even improve upon human-written prompts for GPT-3. Finally, experiments with an fMRI dataset show the potential for iPrompt to aid in scientific discovery.",None
https://openreview.net/forum?id=vjSKpocWeGf,Lipschitz regularized gradient flows and latent generative particles,probability divergences; generative models; Lipschitz regularization; gradient flows; autoencoders; particle algorithms,"We construct gradient flows, in real and latent spaces, as a generative tool to evolve empirical distributions in terms of a particle algorithm.","Lipschitz regularized $f$-divergences are constructed by imposing a bound on the Lipschitz constant of the discriminator in the variational representation. These divergences interpolate between the Wasserstein metric and $f$-divergences and provide a flexible family of loss functions for non-absolutely continuous (e.g. empirical) distributions, possibly with heavy tails. We first construct Lipschitz regularized gradient flows on the space of probability measures based on these divergences. Examples of such gradient flows are Lipschitz regularized Fokker-Planck and porous medium partial differential equations (PDEs) for the Kullback-Leibler and $\alpha$-divergences, respectively. The regularization corresponds to imposing a Courant–Friedrichs–Lewy numerical stability condition on the PDEs. For empirical measures, the Lipschitz regularization on gradient flows induces a numerically stable transporter/discriminator particle algorithm, where the generative particles are transported along the gradient of the discriminator. The gradient structure leads to a regularized Fisher information which is the total kinetic energy of the particles and can be used to track the convergence of the algorithm. The Lipschitz regularized discriminator can be implemented via neural network spectral normalization and the particle algorithm generates approximate samples from possibly high-dimensional distributions known only from data. Notably, our particle algorithm can generate synthetic data even in small sample size regimes. A new data processing inequality for the regularized divergence allows us to combine our particle algorithm with representation learning, e.g. autoencoder architectures. The resulting particle algorithm in latent space yields markedly improved generative properties in terms of efficiency and quality of the synthetic samples. From a statistical mechanics perspective the encoding can be interpreted dynamically as learning a better mobility for the generative particles.",None
https://openreview.net/forum?id=tAfyE2V7oye,Undersampling is a Minimax Optimal Robustness Intervention in Nonparametric Classification,robustness; distribution shift; nonparametric classification; minimax lower bounds; undersampling; label shift; covariate shift,We show that learning is fundamentally constrained by a number of minority group samples in the setting of nonparametric classification with distribution shift.,"While a broad range of techniques have been proposed to tackle distribution shift, the simple baseline of training on an undersampled balanced dataset often achieves close to state-of-the-art-accuracy across several popular benchmarks. This is rather surprising, since undersampling algorithms discard excess majority group data. To understand this phenomenon, we ask if learning is fundamentally constrained by a lack of minority group samples. We prove that this is indeed the case in the setting of nonparametric binary classification. Our results show that in the worst case, an algorithm cannot outperform undersampling unless there is a high degree of overlap between the train and test distributions (which is unlikely to be the case in real-world datasets), or if the algorithm leverages additional structure about the distribution shift. In particular, in the case of label shift we show that there is always an undersampling algorithm that is minimax optimal. In the case of group-covariate shift we show that there is an undersampling algorithm that is minimax optimal when the overlap between the group distributions is small. We also perform an experimental case study on a label shift dataset and find that in line with our theory, the test accuracy of robust neural network classifiers is constrained by the number of minority samples.",None
https://openreview.net/forum?id=iEVpHXjV4jj,Emb-GAM: an Interpretable and Efficient Predictor using Pre-trained Language Models,Interpretability; Explainability; Additivity; Generalized additive model; Linearity,"By using pre-trained language models to extract fixed-size representations, we can learn much more effective linear ngram models without sacrificing interpretability","Deep learning models have achieved impressive prediction performance but often sacrifice interpretability, a critical consideration in high-stakes domains such as healthcare or policymaking. In contrast, generalized additive models (GAMs) can maintain interpretability, but often suffer from poor prediction performance due to their inability to effectively capture feature interactions. In this work, we aim to bridge this gap by using pre-trained large-language models to extract embeddings for each input before learning a linear model in the embedding space. The final model (which we call Emb-GAM) is a transparent, linear function of its input features and feature interactions.
Leveraging the language model allows Emb-GAM to learn far fewer linear coefficients, model larger interactions, and generalize well to novel inputs (e.g. unseen ngrams in text). Across a variety of natural-language-processing datasets, Emb-GAM achieves strong prediction performance without sacrificing interpretability. All code for using Emb-GAM and reproducing our results is made available on github.",None
https://openreview.net/forum?id=eZLdhVUG1hg,Mixed Federated Learning: Joint Decentralized and Centralized Learning,federated learning; decentralized learning; privacy; security; distribution shift; distribution skew; mobile computing,"Federated learning (FL) is good (better privacy, higher accuracy), and 'mixed FL' (concurrent joint FL and centralized learning) can make it even better, by mitigating distribution shifts and saving bandwidth and compute.","Federated learning (FL) enables learning from decentralized privacy-sensitive data, with computations on raw data confined to take place at edge clients.  This paper introduces mixed FL, which incorporates an additional loss term calculated at the coordinating server (while maintaining FL’s private data restrictions). For example, additional datacenter data can be leveraged to jointly learn from centralized (datacenter) and decentralized (federated) training data and better match an expected inference data distribution.Mixed FL also enables offloading some intensive computations (e.g., embedding regularization) to the server, greatly reducing communication and client computation load.  For these and other mixed FL use cases, we present three algorithms: PARALLEL TRAINING, 1-WAY GRADIENT TRANSFER, and 2-WAY GRADIENT TRANSFER.  We perform extensive experiments of the algorithms on three tasks, demonstrating that mixed FL can blend training data to achieve an oracle’s accuracy on an inference distribution, and can reduce communication and computation overhead by more than 90%. Finally, we state convergence bounds for all algorithms, and give intuition on the mixed FL problems best suited to each. The theory confirms our empirical observations of how the algorithms perform under different mixed FL problem settings.",None
https://openreview.net/forum?id=mdECGh-qlK,OTCOP: Learning optimal transport maps via constraint optimizations,optimal transport; constraint optimization; Monge problem,We integrates constraint optimization algorithm and neural networks for the computation of optimal transport maps based on the  Monge formulation.,"The approximation power of neural networks makes it an ideal tool to learn optimal transport maps. However, existing methods are mostly based on the Kantorovich duality and require regularization and/or special network structures such as Input Convex Neural Networks (ICNN). In this paper, we propose a direct constraint optimization algorithm for the computation of optimal transport maps based on the  Monge formulation. We solve this constraint optimization problem by using three different methods: the penalty method, the augmented Lagrangian method, and the alternating direction method of multipliers method (AMDD). We demonstrate a significant improvement in the accuracy of learned optimal transport maps on benchmarks. Moreover, we show that our methods reduce the regularization effects and accurately learn the target distributions at lower transport cost.",None
https://openreview.net/forum?id=KQ-ipHOmBc,Few-Shot Text Classification with Dual Contrastive Consistency Training,Few-Shot Learning; Contrastive Learning; Consistency Training,None,"In this paper, we explore how to utilize pre-trained language model to perform few-shot text classification where only a few annotated examples are given for each class. Since using traditional cross-entropy loss to fine-tune language model under this scenario causes serious overfitting and leads to sub-optimal generalization of model, we adopt supervised contrastive learning on few labeled data and consistency-regularization on vast unlabeled data. Moreover, we propose a novel contrastive consistency to further boost model performance and refine sentence representation. After conducting extensive experiments on four datasets, we demonstrate that our model (FTCC) can outperform state-of-the-art methods and has better robustness.",None
https://openreview.net/forum?id=g-qWfKQlL3,Conditional Permutation Invariant Flows,Permutation invariance; continuous normalizing flows; traffic scene generation; object location,"We present a novel, conditional generative probabilistic model of set-valued data with a tractable log density.","We present a novel, conditional generative probabilistic model of set-valued data with a tractable log density.  This model is a continuous normalizing flow governed by permutation equivariant dynamics. These dynamics are driven by a learnable per-set-element term and pairwise interactions, both parametrized by deep neural networks.  We illustrate the utility of this model via applications including (1) complex traffic scene generation conditioned on visually specified map information, and (2) object bounding box generation conditioned directly on images.  We train our model by maximizing the expected likelihood of labeled conditional data under our flow, with the aid of a penalty that ensures the dynamics are smooth and hence efficiently solvable. Our method significantly outperforms non-permutation invariant baselines in terms of log likelihood and domain-specific metrics (offroad, collision, and combined infractions), yielding realistic samples that are difficult to distinguish from real data.",None
https://openreview.net/forum?id=ArPM-xtsFrk,"Gated Neural ODEs: Trainability, Expressivity and Interpretability",Computational Neuroscience; Dynamical Systems; Differential Equations; Neural ODEs; Gating; Interpretability,None,"Understanding how the dynamics in biological and artificial neural networks implement the computations required for a task is a salient open question in machine learning and neuroscience. In particular, computations requiring complex memory storage and retrieval pose significant challenge for these networks to implement or learn. Recently, a family of models described by neural ordinary differential equations (nODEs) has emerged as powerful dynamical neural network models capable of capturing complex dynamics. Here, we extend nODEs by endowing them with adaptive timescales using gating interactions. We refer to these as gated neural ODEs (gnODEs). Using a task that requires memory of continuous quantities, we demonstrate the inductive bias of the gnODEs to learn (approximate) continuous attractors. We further show how reduced-dimensional gnODEs retain their modeling power while greatly improving interpretability, even allowing explicit visualization of the structure of learned attractors. We introduce a novel measure of expressivity which probes the capacity of a neural network to generate complex trajectories. Using this measure, we explore how the phase-space dimension of the nODEs and the complexity of the function modeling the flow field contribute to expressivity. We see that a more complex function for modeling the flow field allows a lower-dimensional nODE to capture a given target dynamics. Finally, we demonstrate the benefit of gating in nODEs on several real-world tasks.",None
https://openreview.net/forum?id=wKIxJKTDmX-,Value-Based Membership Inference Attack on Actor-Critic Reinforcement Learning,Privacy; Membership Inference Attack; Value Function; Actor-Critic; Reinforcement Learning,We introduce a new membership inference attack focusing on the value function of the actor-critic algorithm.,"In actor-critic reinforcement learning (RL), the so-called actor and critic, respectively, compute candidate policies and a value function that evaluates the candidate policies. Such RL algorithms may be vulnerable to membership inference attacks (MIAs), a privacy attack that infers the data membership, i.e., whether a specific data record belongs to the training dataset. We investigate the vulnerability of value function in actor-critic to MIAs. We develop \textit{CriticAttack}, a new MIA that targets black-box RL agents by examining the correlation between the expected reward and the value function. We empirically show that \textit{CriticAttack} can correctly infer approximately 90\% of the training data membership, i.e., it achieves 90\% attack accuracy. Such accuracy is far beyond the 50\% random guessing accuracy, indicating a severe privacy vulnerability of the value function. To defend against \textit{CriticAttack}, we design a method called \textit{CriticDefense} that inserts uniform noise to the value function. \textit{CriticDefense} can reduce the attack accuracy to 60\% without significantly affecting the agent’s performance.",None
https://openreview.net/forum?id=G2GpzH1l9AC,Learned Neural Network Representations are Spread Diffusely with Redundancy,representation learning; redundancy; transfer learning; fairness,We show that a randomly selected fraction of neurons from a pre-trained representation achieve similar performance as the full representation.,"Representations learned by pre-training a neural network on a large dataset are increasingly used successfully to perform a variety of downstream tasks. In this work, we take a closer look at how features are encoded in such pre-trained representations. We find that learned representations in a given layer exhibit a degree of diffuse redundancy, ie, any randomly chosen subset of neurons in the layer that is larger than a threshold size shares a large degree of similarity with the full layer and is able to perform similarly as the whole layer on a variety of downstream tasks. For example, a linear probe trained on 20% of randomly picked neurons from a ResNet50 pre-trained on ImageNet1k achieves an accuracy within 5% of a linear probe trained on the full layer of neurons for downstream CIFAR10 classification. We conduct experiments on different neural architectures (including CNNs and Transformers) pre-trained on both ImageNet1k and ImageNet21k and evaluate a variety of downstream tasks taken from the VTAB benchmark. We find that the loss & dataset used during pre-training largely govern the degree of diffuse redundancy and the ""critical mass"" of neurons needed often depends on the downstream task, suggesting that there is a task-inherent sparsity-performance Pareto frontier. Our findings shed light on the nature of representations learned by pre-trained deep neural networks and suggest that entire layers might not be necessary to perform many downstream tasks. We investigate the potential for exploiting this redundancy to achieve efficient generalization for downstream tasks and also draw caution to certain possible unintended consequences.",None
https://openreview.net/forum?id=UmU9mydWRV3,Neural DAEs: Constrained neural networks,neural networks; differential algebraic equations; constraints,We add constraints to neural networks,"In this article we investigate the effect of explicitly adding auxiliary trajectory information to neural networks for dynamical systems. We draw inspiration from the field of differential-algebraic equations and differential equations on manifolds and implement similar methods in residual neural networks. We discuss constraints through stabilization as well as projection methods, and show when to use which method based on experiments involving simulations of multi-body pendulums and molecular dynamics scenarios. Several of our methods are easy to implement in existing code and have limited impact on performance while giving significant boosts in terms of inference.",None
https://openreview.net/forum?id=nulUqBMpBb,Uncertainty-Driven Exploration for Generalization in Reinforcement Learning,Deep reinforcement learning; exploration; generalization; procgen; crafter,We found that exploration is crucial for generalization in contextual MDPs and proposed the first value-based deep RL algorithm that achieves state-of-the-art performance on Procgen.,"Value-based methods tend to outperform policy optimization methods when trained and tested in single environments; however, they significantly underperform when trained on multiple environments with similar characteristics and tested on new ones from the same distribution. We investigate the potential reasons behind the poor generalization performance of value-based methods and discover that exploration plays a crucial role in these settings. Exploration is helpful not only for finding optimal solutions to the training environments, but also for acquiring knowledge that helps generalization to other unseen environments. We show how to make value-based methods competitive with policy optimization methods in these settings by using uncertainty-driven exploration and distribtutional RL. Our algorithm is the first value-based method to achieve state-of-the-art on both Procgen and Crafter, two challenging benchmarks for generalization in RL.",None
https://openreview.net/forum?id=CKTmsDxRPn,On Convergence of Federated Averaging Langevin Dynamics,Langevin dynamics; federated learning; posterior inference; MCMC; stochastic gradient Langevin dynamics; differential privacy,A federated averaging Langevin algorithm (FA-LD) for uncertainty quantification and mean predictions in federated learning.,"We propose a federated averaging Langevin algorithm (FA-LD) for uncertainty quantification and mean predictions with distributed clients. In particular, we generalize beyond normal posterior distributions and consider a general class of models. We develop theoretical guarantees for FA-LD for strongly log-concave distributions with non-i.i.d data and study how the injected noise and the stochastic-gradient noise, the heterogeneity of data, and the varying learning rates affect the convergence. Such an analysis sheds light on the optimal choice of local updates to minimize communication cost. Important to our approach is that the communication efficiency does not deteriorate with the injected noise in the Langevin algorithms. In addition, we examine in our FA-LD algorithm both independent and correlated noise used over different clients. We observe there is a trade-off between the pairs among communication, accuracy, and data privacy. As local devices may become inactive in federated networks, we also show convergence results based on different averaging schemes where only partial device updates are available. In such a case, we discover an additional bias that does not decay to zero.",None
https://openreview.net/forum?id=Jw5ivmKS2C,Posthoc Privacy guarantees for neural network queries,data privacy; differential privacy; privacy preserving machine learning; adversarial learning,We present a framework for achieving formal privacy guarantees in adversarially trained ML models,"Cloud based machine learning inference is an emerging paradigm where users share their data with a service provider. Due to increased concerns over data privacy, recent works have proposed using Adversarial Representation Learning (ARL) to learn a privacy-preserving encoding of sensitive user data before it is shared with an untrusted service provider. Traditionally, the privacy of these encodings is evaluated empirically as they lack formal guarantees. In this work, we develop a new framework that provides formal privacy guarantees for an arbitrarily trained neural network by linking its local Lipschitz constant with its local sensitivity. To utilize local sensitivity for guaranteeing privacy, we extend the Propose-Test-Release(PTR) framework to make it tractable for neural network based queries. We verify the efficacy of our framework experimentally on real-world datasets and elucidate the role of ARL in improving the privacy-utility tradeoff.",None
https://openreview.net/forum?id=9bVBH1GD5sr,FOCUS: Fairness via Agent-Awareness for Federated Learning on Heterogeneous Data,federated learning; fairness; data heterogeneity; clustering; expectation–maximization (EM),We propose a formal definition of fairness via agent-awareness for FL (FAA) on heterogeneous data and a fair FL training algorithm based on agent clustering (FOCUS) to achieve FAA.,"Federated learning (FL) provides an effective collaborative training paradigm, allowing local agents to train a global model jointly without sharing their local data to protect privacy.
On the other hand, due to the heterogeneous nature of local agents, it is challenging to optimize or even define the fairness for agents, which may discourage valuable participation. For instance, the trained global model may sacrifice the performance of a minority user with high-quality data based on loss optimization over all users.
Existing work usually considers accuracy equity as fairness for different users in FL, which is limited especially under the heterogeneous setting, since it is intuitively ""unfair"" that agents with low-quality data would achieve similar accuracy.
In this work, we aim to address such limitations and propose a formal fairness definition in FL, fairness via agent-awareness (FAA), which takes the heterogeneous data contributions of local agents into account. In addition, we propose a fair FL training algorithm based on agent clustering (FOCUS) to achieve FAA. Theoretically, we prove the convergence and optimality of  FOCUS under mild conditions for linear and general convex loss functions with bounded smoothness. We also prove that FOCUS always achieves higher fairness measured by FAA compared with standard FedAvg protocol under both linear and general convex loss functions. Empirically, we evaluate FOCUS on four datasets, including synthetic data, images, and texts under different settings, and we show that FOCUS achieves significantly higher fairness based on FAA while maintaining similar or even higher prediction accuracy compared with FedAvg and other existing fair FL algorithms.",None
https://openreview.net/forum?id=NTCYXulK9qm,Co-Evolution As More Than a Scalable Alternative for Multi-Agent Reinforcement Learning,reinforcement learning; multi-agent reinforcement learning; policy search; co-evolution; evolutionary algorithm,Evolutionary Algorithms can be competitively used for policy search in multi-agent reinforcement and can scale to a high number of agents.,"In recent years, gradient based multi-agent reinforcement learning is growing in success. One contributing factor is the use of shared parameters for learning policy networks. While this approach scales well with the number of agents during execution it lacks this ambiguity for training as the number of produced samples grows linearly with the number of agents. For a very large number of agents, this could lead to an inefficient use of the circumstantial amount of produced samples. Moreover in single-agent reinforcement learning policy search with evolutionary algorithms showed viable success when sampling can be parallelized on a larger scale. The here proposed method does not only consider sampling in concurrent environments but further investigates sampling diverse parameters from the population in co-evolution in joint environments during training. This co-evolutionary policy search has shown to be capable of training a large number of agents. Beyond that, it has been shown to produce competitive results in smaller environments in comparison to gradient descent based methods. This surprising result make evolutionary algorithms a promising candidate for further research in the context of multi-agent reinforcement learning.",None
https://openreview.net/forum?id=lTjtY1HOUI6,Adaptive Parametric Prototype Learning for Cross-Domain Few-Shot Classification,None,None,"Cross-domain few-shot classification induces a much more challenging problem than its in-domain counterpart due to the existence of domain shifts between the training and test tasks. 
In this paper, we develop a novel Adaptive Parametric Prototype Learning (APPL) method under the meta-learning convention for cross-domain few-shot classification. 
Different from existing prototypical few-shot methods that use the averages of support instances to calculate the class prototypes, we propose to learn class prototypes from the concatenated features of the support set in a parametric fashion and meta-learn the model by enforcing prototype-based regularization on the query set. 
In addition, we fine-tune the model in the target domain in a transductive manner using a weighted-moving-average self-training approach on the query instances. 
We conduct experiments on multiple cross-domain few-shot benchmark datasets. 
The empirical results demonstrate that APPL yields superior performance than many state-of-the-art methods.",None
https://openreview.net/forum?id=_4F4CDK9Mo,RainProof: An Umbrella to Shield Text Generator from Out-Of-Distribution Data,NLP; OOD detection; natural language generation,Out of distribution detection for natural language generation,"As more and more conversational and translation systems are deployed in production, it is essential to implement and develop effective control mechanisms to ensure their proper functioning and security. An essential component to ensure the safe behavior of the system is out-of-distribution (OOD) detection, which aims to detect whether an input sample is statistically far from the training distribution. While OOD detection is a widely covered topic in classification tasks, it has received much less attention in text generation. This paper addresses the problem of OOD detection for machine translation and dialog generation from an operational perspective. Our contribution includes (i) RAINPROOF a Relative informAItioN Projection Out OF distribution detection framework and (ii) a more operational evaluation setting for OOD detection. Surprisingly, we find that OOD detection is not necessarily aligned with task-specific measures. The OOD detector may filter out samples that are well processed by the model and keep samples that are not, leading to weaker performance. Our results show that RAINPROOF breaks this curse and achieve good results in OOD detection while increasing system performance.",None
https://openreview.net/forum?id=6R1unINH63,Variance Double-Down: The Small Batch Size Anomaly in Multistep Deep Reinforcement Learning,Reinforcement Learning; Deep Reinforcement Learning; Value based; Batch Size; Multi step learning,"We perform an exhaustive investigation into the interplay of batch size and update horizon and uncover a surprising phenomenon: when increasing the update horizon, it is more beneficial to decrease the batch size","State of the art results in reinforcement learning suggest that multi-step learning is necessary. However, the increased variance that comes with it makes it difficult to increase the update horizon beyond relatively small numbers. In this paper, we report the counterintuitive finding that decreasing the batch size substantially improves performance across a large swath of deep RL agents. It is well-known that gradient variance decreases with increasing batch sizes, so obtaining improved performance by increasing variance on two fronts is a rather surprising finding. We conduct a broad set of experiments to better understand this variance double-down phenomenon.",None
https://openreview.net/forum?id=pJ9Kg_K8ufd,Discretization Invariant Learning on Neural Fields,discretization invariance; neural fields; universal approximation; numerical integration; quasi-Monte Carlo,We design a discretization invariant framework for learning various tasks on neural fields of arbitrary parameterization.,"While neural fields have emerged as powerful representations of continuous data, there is a need for neural networks that can perform inference on such data without being sensitive to how the field is sampled, a property called discretization invariance. We develop DI-Net, a framework for learning discretization invariant operators on neural fields of any type. Whereas current theoretical analyses of discretization invariant networks are restricted to the limit of infinite samples, our analysis does not require infinite samples and establishes upper bounds on the variation in DI-Net outputs given different finite discretizations. Our framework leads to a family of neural networks driven by numerical integration via quasi-Monte Carlo sampling with discretizations of low discrepancy. DI-Nets enjoy several desirable theoretical properties such as universal approximation of a large class of maps between $L^2$ functions with gradients that are also discretization invariant. DI-Nets can also be seen as generalizations of many existing network families as they bridge discrete and continuous network classes, such as convolutional neural networks (CNNs) and neural operators respectively. Experimentally, DI-Nets derived from CNNs are demonstrated to classify and segment visual data represented by neural fields under various discretizations, and sometimes even generalize to new types of discretizations at test time.",None
https://openreview.net/forum?id=NN1sraxIyZ,"Global Counterfactual Explanations Are Reliable Or Efficient, But Not Both",Global; counterfactual; explanations; recourse; fairness; efficiency; reliability; black box,None,"Counterfactual explanations have been widely studied in explainability, with a range of application dependent methods emerging in fairness, recourse and model understanding. The major shortcoming associated with these methods, however, is their inability to provide explanations beyond the local or instance-level. While many works touch upon the notion of a global explanation, typically suggesting to aggregate masses of local explanations in the hope of ascertaining global properties, few provide frameworks that are both reliable and computationally tractable. Meanwhile, practitioners are requesting more efficient and interactive explainability tools. We take this opportunity to investigate existing methods, improving the efficiency of Actionable Recourse Summaries (AReS), one of the only known global recourse frameworks, and proposing Global & Efficient Counterfactual Explanations (GLOBE-CE), a novel and flexible framework that tackles the scalability issues associated with current state-of-the-art, particularly on higher dimensional datasets and in the presence of continuous features. Furthermore, we provide a unique mathematical analysis of categorical feature translations, utilising it in our method. Experimental evaluation with real world datasets and user studies verify the speed, reliability and interpretability improvements of our framework.",None
https://openreview.net/forum?id=zfodIZGVWW,Amos: An Adam-style Optimizer with Adaptive Weight Decay towards Model-Oriented Scale,optimization; asymptotic behavior of stochastic optimization; learning-rate decay; weight decay; language model pre-training; Transformer pre-training,An optimizer that consistently converges faster (<=70% training steps) than AdamW for pre-training Transformer variants.,"We present Amos, a stochastic gradient-based optimizer designed for training deep neural networks. It can be viewed as an Adam optimizer with theoretically supported, adaptive learning-rate decay and weight decay. A key insight behind Amos is that it leverages model-specific information to determine the initial learning-rate and decaying schedules. When used for pre-training BERT variants and T5, Amos consistently converges faster than the state-of-the-art settings of AdamW, achieving better validation loss within <=70% training steps and time, while requiring <=51% memory for slot variables.",None
https://openreview.net/forum?id=xb333aboIu,Critical Initialization of Wide and Deep Neural Networks through Partial Jacobians: General Theory and Applications,Criticality; Gaussian Process; Jacobian; LayerNorm; Residual connections,We introduce a new diagnostic for critical initialization in deep neural networks; and show that a combination of LayerNorm and residual connections leads to everywhere critical architectures.,"Deep neural networks are notorious for defying theoretical treatment. However, when the number of parameters in each layer tends to infinity the network function is a Gaussian process (GP) and quantitatively predictive description is possible. Gaussian approximation allows to formulate criteria for selecting hyperparameters, such as variances of weights and biases, as well as the learning rate. These criteria rely on the notion of criticality defined for deep neural networks. In this work we describe a new practical way to diagnose criticality. We introduce *partial Jacobians* of a network, defined as derivatives of preactivations in layer $l$ with respect to preactivations in layer $l_0\leq l$. We derive recurrence relations for the norms of partial Jacobians and utilize these relations to analyze criticality of deep fully connected neural networks with LayerNorm and/or residual connections. We derive and implement a simple and cheap numerical test that allows one to select optimal initialization for a broad class of deep neural networks. Using these tools we show quantitatively that proper stacking of the LayerNorm (applied to preactivations) and residual connections leads to an architecture that is critical for any initialization. Finally, we apply our methods to analyze the MLP-Mixer architecture and show that it is everywhere critical.",None
https://openreview.net/forum?id=W0deqi42HD,CURE: A Pre-training Framework on Large-scale Patient Data for Treatment Effect Estimation,None,None,"Treatment effect estimation (TEE) refers to the estimation of causal effects, and it aims to compare the difference among treatment strategies on important outcomes. Current machine learning based methods are mainly trained on labeled data with specific treatments or outcomes of interest, which can be sub-optimal if the labeled data are limited. In this paper, we propose a novel transformer-based pre-training and fine-tuning framework called CURE for TEE from observational data. CURE is pre-trained on large-scale unlabeled patient data to learn representative contextual patient representations, and then fine-tuned on labeled patient data for TEE. We design a new sequence encoding for longitudinal (or structured) patient data and we incorporate structure and time into patient embeddings. Evaluated on 4 downstream TEE tasks, CURE outperforms the state-of-the-art methods in terms of an average of 3.8\% and 6.9\% absolute improvement in Area under the ROC Curve (AUC) and Area under the Precision-Recall Curve (AUPR), and 15.7\% absolute improvement in Influence function-based Precision of Estimating Heterogeneous Effects (IF-PEHE). We further demonstrate the data scalability of CURE and verify the results with corresponding randomized clinical trials. Our proposed method provides a new machine learning paradigm for TEE based on observational data.",None
https://openreview.net/forum?id=GPPmQdU3k7,A Probabilistic Approach to Self-Supervised Learning using Cyclical Stochastic Gradient MCMC ,None,None,"In this paper we present a practical Bayesian formulation for self-supervised learning method with Cyclical Stochastic Gradient Hamiltonian Monte Carlo (cSGHMC). Within this framework, we place a prior over the parameters of a self-supervised learning model and use cSGHMC to approximate the high dimensional and multimodal posterior distribution over the embeddings. By exploring an expressive posterior over the embeddings, the Bayesian self-supervised learning produces interpretable and diverse representations. Marginalising over these representations results improvement in semi-supervised learning and out-of-distribution detection tasks. We provide experimental results on multiple classification tasks in semi-supervised learning including Cifar10 and Cifar100. Moreover we demonstrate the effectiveness of the proposed method in out-of distribution detection task using SVHN dataset.",None
https://openreview.net/forum?id=g7TXnKjn3Y,"Tabular Data to Image Generation: Benchmark Data, Approaches, and Evaluation",None,We study the problem of generating a set of images from an arbitrary tabular dataset,"In this work, we study the problem of generating a set of images from an arbitrary tabular dataset. The set of generated images provides an intuitive visual summary of the tabular data that can be quickly and easily communicated and understood by the user.
More specifically, we formally introduce this new dataset to image generation task and discuss a few motivating applications including exploratory data analysis and understanding customer segments for creating better marketing campaigns. 
We then curate a benchmark dataset for training such models, which we release publicly for others to use and develop new models for other important applications of interest.
Further, we describe a general and flexible framework that serves as a fundamental basis for studying and developing models for this new task of generating images from tabular data.
From the framework, we propose a few different approaches with varying levels of complexity and tradeoffs.
One such approach leverages both numerical and textual data as the input to our image generation pipeline. 
The pipeline consists of an image decoder and a conditional auto-regressive sequence generation model which also includes a pre-trained tabular representation in the input layer.
We evaluate the performance of these approaches through several quantitative metrics (FID for image quality and LPIPS scores for image diversity).",None
https://openreview.net/forum?id=lMgFRIILVB,"SlenderGNN: Accurate, Robust, and Interpretable GNN, and the Reasons for its Success",Graph neural networks; Linear models; Node classification; Heterophily graphs; Lightweight models,"We propose SlenderGNN, a linear GNN whose motivations are derived from comprehensive linearization on existing models.","Can we design a GNN that is accurate and interpretable at the same time? Could it also be robust to handle the case of homophily, heterophily, or even noisy edges without network effects? We propose SlenderGNN that has all desirable properties: (a) accurate, (b) robust, and (c) interpretable. For the reasons of its success, we had to dig deeper: The result is our GNNLIN framework which highlights the fundamental differences among popular GNN models (e.g., feature combination, structural normalization, etc.) and thus reveals the reasons for the success of our SlenderGNN, as well as the reasons for occasional failures of other GNN variants. Thanks to our careful design, SlenderGNN passes all the 'sanity checks' we propose, and it achieves the highest overall accuracy on 9 real-world datasets of both homophily and heterophily graphs, when compared against 10 recent GNN models. Specifically, SlenderGNN exceeds the accuracy of linear GNNs and matches or exceeds the accuracy of nonlinear models with up to 64 times fewer parameters.",None
https://openreview.net/forum?id=AtWKqgziLF,Show and Write: Entity-aware Article Generation with Image Information,image-to-text generation; language modeling; named entity recognition,None,"Prior work for article generation has primarily focused on generating articles using a human-written prompt to provide topical context and metadata about the article. However, for many applications, such as generating news stories, these articles are also often paired with images and their captions or alt-text, which in turn are based on real-world events and may reference many different named entities that are difficult to be correctly recognized and predicted by language models. To address this shortcoming, this paper introduces an ENtity-aware article Generation method with Image iNformation, ENGIN, to incorporate an article's image information into language models. ENGIN represents articles that can be conditioned on metadata used by prior work and information such as captions and named entities extracted from images. Our key contribution is a novel Entity-aware mechanism to help our model recognize and predict the entity names in articles. We perform experiments on three public datasets, GoodNews, VisualNews, and WikiText. Quantitative results show that our approach improves generated article perplexity by 4-5 points over the base models. Qualitative results demonstrate the text generated by ENGIN is more consistent with embedded article images. We also perform article quality annotation experiments on the generated articles to validate that our model produces higher-quality articles. Finally, we investigate the effect ENGIN has on methods that automatically detect machine-generated articles.",None
https://openreview.net/forum?id=QLVvgqcyuj,Noise$^+$2Noise: Co-taught De-noising Autoencoders for Time-Series Data,De-noising; Co-teaching; Noise recovery; Time-series; self-supervised; RNN,We combine Co-teaching and De-noising Autoencoders to recover clean signals from only noisy data in a time series setting.,"We consider the task of learning to recover clean signals given only access to noisy data. Recent work in computer vision has addressed this problem in the context of images using denoising autoencoders (DAEs).  However, to date DAEs for learning from noisy data have not been explored in the context of time-series data.  DAEs for denoising images often rely on assumptions unlikely to hold in the context of time series, \textit{e.g.}, multiple noisy samples of the same example. Here, we adapt DAEs to cleaning time-series data with noisy samples only. To recover the clean target signal when only given access to noisy target data,  we leverage a noise-free auxiliary time-series signal that is related to the target signal. In addition to leveraging the relationship between the target signal and auxiliary signal, we iteratively filter and learn from clean samples using an approach based on co-teaching. Applied to the task of recovering carbohydrate values for blood glucose management, our approach reduces noise (MSE) in patient-reported carbohydrates from 72$g^2$ (95\% CI: 54,93) to 18$g^2$ (13,25), outperforming the best baseline (MSE = 33$g^2$ (27,43)). We demonstrate strong time-series denoising performance, extending the applicability of DAEs to a previously under-explored setting.",None
https://openreview.net/forum?id=skThRS3MA-0,Adversarial Representation Learning for Canonical Correlation Analysis,Representation Learning; Canonical Correlation Analysis; Adversarial Learining,A reformulation of CCA under the adversarial framework for efficient canonical representation learning.,"Canonical correlation analysis (CCA) provides a framework to map multimodality data into a maximally correlated latent space. The deep version of CCA has replaced linear maps with deep transformations to enable more flexible correlated data representations; however, this approach requires optimization over all samples for each iteration and poorly scales. Here, we present a deep, adversarial approach to CCA, adCCA, that can be efficiently solved by standard mini-batch training. We reformulate CCA under the constraint that the different modalities are embedded with identical latent distributions, derive a tractable deep CCA target, and use an adversarial framework to efficiently learn the canonical representations. A consequence of the new formation is that adCCA learns maximally correlated representations across multimodalities meanwhile preserves structure within individual modalities. Further, adCCA removes the need for feature transformation and normalization and can be directly applied to diverse modalities and feature encodings. Numerical studies show that the performance of adCCA is robust to data transformations, binary encodings, and corruptions. Together, adCCA provides a scalable approach to align data across modalities without compromising structure within each modality.",None
https://openreview.net/forum?id=WA35e2vPlFT,Neural Implicit Manifold Learning for Topology-Aware Generative Modelling,Manifold Learning; Unsupervised Learning; Density Estimation; Topology; Differential Geometry; Generative Modelling,We propose a new model for probability distributions on topologically complex data manifolds which learns manifolds implicitly as the set of zeros of a neural network and then learns the distribution within using a constrained energy-based model.,"Natural data observed in $\mathbb{R}^n$ is often constrained to an $m$-dimensional manifold $\mathcal{M}$, where $m < n$. Current probabilistic models represent this manifold by mapping an $m$-dimensional latent variable through a neural network $f_\theta: \mathbb{R}^m \to \mathbb{R}^n$. Such procedures, which we call pushforward models, incur a straightforward limitation: manifolds cannot in general be represented with a single parameterization, meaning that attempts to do so will incur either computational instability or the inability to learn probability densities within the manifold. To remedy this problem, we propose to model $\mathcal{M}$ as a neural implicit manifold: the set of zeros of a neural network. To learn the data distribution within $\mathcal{M}$, we introduce constrained energy-based models, which use a constrained variant of Langevin dynamics to train and sample within a learned manifold. The resulting model can be manipulated with an arithmetic of manifolds, which allows practitioners to take unions and intersections of model manifolds. In experiments on synthetic and natural data, we show that constrained EBMs can learn manifold-supported distributions with complex topologies more accurately than pushforward models.",None
https://openreview.net/forum?id=oyzMyylgINj,LT-SNN: Self-Adaptive Spiking Neural Network for Event-based Classification and Object Detection,Spiking neural networks; efficient neuromorphic computing; spatial-temporal adjustment; separate surrogate gradient path; output regularization and self-adaptive and learnable potential threshold.,Learnable threshold based spiking neural network.,"Spiking neural networks (SNNs) have received increasing attention due to its high biological plausibility and energy efficiency. The binary spike-based information propagation enables efficient sparse computation with event-based computer vision applications. Prior works investigated direct SNN training algorithm to overcome the non-differentiability of spike generation. However, most of the existing works employ a fixed threshold value for the membrane potential throughout the entire training process, which limits the dynamics of SNNs towards further optimizing the performance. The adaptiveness in the membrane potential threshold and the mismatched mechanism between SNN and biological nervous system remain under-explored in prior works. In this work, we propose LT-SNN, a novel SNN training algorithm with self-adaptive learnable potential threshold to improve SNN performance. LT-SNN optimizes the layer-wise threshold value throughout SNN training, imitating the self-adaptiveness of the biological nervous system. To stabilize the SNN training even further, we propose separate surrogate gradient path (SGP), a simple-yet-effective method that enables the smooth learning process of SNN training. We validate the proposed LT-SNN algorithm on multiple event-based datasets, including both image classification and object detection tasks. Equipped with high adaptiveness that fully captures the dynamics of SNNs, LT-SNN achieves state-of-the-art performance with compact models. The proposed LT-SNN based classification network surpasses SoTA methods where we achieved 2.71% higher accuracy together with 10.48× smaller model size. Additionally, our LT-SNN-YOLOv2 object detection model demonstrates 0.11 mAP improvement compared to the SoTA SNN-based object detection.",None
https://openreview.net/forum?id=g05Epey82Ft,Characterizing neural representation of cognitively-inspired deep RL agents during an evidence accumulation task,None,None,"Evidence accumulation is thought to be fundamental for decision-making in humans and other mammals. It has been extensively studied in neuroscience and cognitive science with the goal of explaining how sensory information is sequentially sampled until sufficient evidence has accumulated to favor one decision over others. Neuroscience studies suggest that the hippocampus encodes a low-dimensional ordered representation of evidence through sequential neural activity. Cognitive modelers have proposed a mechanism by which such sequential activity could emerge through the modulation of recurrent weights with a change in the amount of evidence. This gives rise to neurons tuned to a specific magnitude of evidence which resemble neurons recorded in the hippocampus. Here we integrated a cognitive science model inside a deep Reinforcement Learning (RL) agent and trained the agent to perform a simple evidence accumulation task inspired by the behavioral experiments on animals. We compared the agent's performance with the performance of agents equipped with GRUs and RNNs. We found that the agent based on a cognitive model was able to learn much faster and generalize better while having significantly fewer parameters. We also compared the emergent neural activity across agents and found that in some cases, GRU-based agents developed similar neural representations to agents based on a cognitive model. This study illustrates how integrating cognitive models and deep learning systems can lead to brain-like neural representations that can improve learning.",None
https://openreview.net/forum?id=PWKs1IpMpv,Epistemological Bias As a Means for the Automated Detection of Injustices in News Media,testimonial injustice; character injustice; framing bias; epistemological bias; news media,"We leverage the combined use of a fine-tuned epistemological detection model, two stereotype detection models, and a lexicon-based approach to show that epistemological biases can assist with the automatic detection of injustices in text.","Injustice occurs when someone experiences unfair treatment or their rights are violated. In the context of news media, injustices represent a form of bias through which discriminatory narratives can arise and spread. The automated identification of injustice in text has received little attention, due in part to the fact that underlying stereotypes are rarely explicitly stated and that instances often occur unconsciously due to the pervasive nature of prejudice in society. Here, we leverage the combined use of a fine-tuned BERT-based bias detection model, two stereotype detection models, and a lexicon-based approach to show that epistemological biases (i.e., words, which through their use, presupposes, entails, asserts, hedges, or boosts text to erode or assert a person's capacity as a knower) can assist with the automatic detection of injustice in text.",None
https://openreview.net/forum?id=oo-X0K4XAn,Neural Constraint Inference: Inferring Energy Constraints in Interacting Systems,relational inference; energy-based models; energy constraints; trajectory prediction; graph neural networks,"We propose an approach that discovers a set of relational constraints, represented as energy functions, which when optimized reconstruct a given original trajectory.","Systems consisting of interacting agents are prevalent in the world, ranging from dynamical systems in physics to complex biological networks. To build systems which can interact robustly in the real world, it is thus important to be able to infer the precise interactions governing such systems.  Existing approaches typically discover such interactions by explicitly modeling the feedforward dynamics of the trajectories. In this work, we propose Neural Constraint Inference (NCI) model as an alternative approach to discover such interactions: it discovers a set of relational constraints, represented as energy functions, which when optimized reconstruct the original trajectory. We illustrate how NCI can faithfully predict future trajectory dynamics, achieving  more consistent long-rollouts than existing approaches. We show that the constraints discovered by NCI are disentangled and may be intermixed with constraints from other trajectories. Finally, we illustrate how those constraints enable the incorporation of external test-time constraints.",None
https://openreview.net/forum?id=b8f2YGWebo,Self-supervised Continual Learning based on Batch-mode Novelty Detection,Continual Learning; Gradients-based; Mahalanobis Distance; Novelty Detection; out-of-distribution; self-supervised,A unified approach of continual learning and novelty detection. Each new out-of-distribution class is first detected and then merged into the previous knowledge.,"Continual learning (CL) plays a key role in dynamic systems in order to adapt to new tasks, while preserving previous knowledge. Most existing CL approaches focus on learning new knowledge in a supervised manner, while leaving the data gathering phase to the novelty detection (ND) algorithm. Such presumption limits the practical usage where new data needs to be quickly learned without being labeled. In this paper, we propose a unified approach of CL and ND, in which each new class of the out-of-distribution (ODD) data is first detected and then added to previous knowledge. Our method has three unique features: (1) a unified framework seamlessly tackling both ND and CL problems; (2) a self-supervised method for model adaptation, without the requirement of new data annotation; (3) batch-mode data feeding that maximizes the separation of new knowledge vs. previous learning, which in turn enables high accuracy in continual learning. By learning one class at each step, the new method achieves robust continual learning and consistently outperforms state-of-the-art CL methods in the single-head evaluation on MNIST, CIFAR-10, CIFAR-100 and TinyImageNet datasets.",None
https://openreview.net/forum?id=hmuLHC5MrG,Stable Optimization of Gaussian Likelihoods,Gaussian; Likelihood; Optimization; Uncertainty; Stabilization,"We analyze the instability of Gaussian likelihood optimization and propose a gradient-based optimizer demonstrating less volatile optimization especially for contextual, multivariate target distributions with full covariances.","Uncertainty-aware modeling has emerged as a key component in modern machine learning frameworks. The de-facto standard approach adopts heteroscedastic Gaussian distributions and minimizes the negative log-likelihood (NLL) under observed data. However, optimizing this objective turns out to be surprisingly intricate, and the current state-of-the-art reports several instabilities. This work breaks down the optimization problem, initially focusing on non-contextual settings where convergence can be analyzed analytically. We show that (1) in this learning scheme, the eigenvalues of the predictive covariance define stability in learning, and (2) coupling of gradients and predictions build up errors in both mean and covariance if either is poorly approximated. Building on these insights, we propose Trustable, a novel optimizer that overcomes instabilities methodically by combining systematic update restrictions in the form of trust regions with structured, tractable natural gradients. We demonstrate in several challenging experiments that Trustable outperforms current optimizers in regression with neural networks in terms of the NLL, MSE, and further performance metrics. Unlike other optimizers, Trustable yields an improved and more stable fit and can also be applied to multivariate outputs with full covariance matrices.",None
https://openreview.net/forum?id=KJ8iuccbPB,Representing Latent Dimensions Using Compressed Number Lines,None,None,"Humans use log-compressed number lines to represent different quantities, including elapsed time, traveled distance, numerosity, sound frequency, etc. Inspired by recent cognitive science and computational neuroscience work, we developed a neural network that learns to construct log-compressed number lines. The network computes a discrete approximation of a real-domain Laplace transform using an RNN with analytically derived weights giving rise to a log-compressed timeline of the past. The network learns to extract latent variables from the input and uses them for global modulation of the recurrent weights turning a timeline into a number line over relevant dimensions. The number line representation greatly simplifies learning on a set of problems that require learning associations in different spaces - problems that humans can typically solve easily. This approach illustrates how combining deep learning with cognitive models can result in systems that learn to represent latent variables in a brain-like manner and exhibit human-like behavior manifested through Weber-Fechner law.",None
https://openreview.net/forum?id=ZAzSf9pzCm,Efficient Sequence Packing without Cross-contamination: Accelerating Large Language Models without Impacting Performance,deep learning; BERT; IPU; GPU; hardware-acceleration; padding; Wikipedia; NLP; bin-packing,"Speed up BERT phase 2 pretraining by 2x (and other models, too) by avoiding padding without impacting accuracy in contrast to existing approaches.","Effective training of today's large language models (LLMs) depends on large batches and long sequences for throughput and accuracy. To handle variable-length sequences on hardware accelerators, it is common practice to introduce padding tokens, so that all sequences in a batch have the same length. We show in this paper that the variation in sequence lengths in common NLP datasets is such that up to 50% of all tokens can be padding. In less common, but not extreme, cases (e.g. GLUE-COLA with sequence length 128), the ratio is up to 89%. Existing methods to address the resulting inefficiency are complicated by the need to avoid ""cross-contamination"" in self-attention, by a reduction in accuracy when sequence ordering information is lost, or by customized kernel implementations only valid for specific accelerators.

This paper introduces a new formalization of sequence packing in the context of the well-studied bin packing problem, and presents new algorithms based on this formulation which, for example, confer a 2x speedup for phase 2 pretraining in BERT while preserving downstream performance. We show how existing models can be adapted to ensure mathematical equivalence between the original and packed models, meaning that packed models can be trained with existing pre-training and fine-tuning practices.",None
https://openreview.net/forum?id=3mji6eUxzY,Cortically motivated recurrence enables task extrapolation,cognitive science; recurrent neural networks; task extrapolation; out of distribution generalization; visual routines; path integration,Biologically inspired recurrent network solves (easy and) hard instances of a task with (less and) more iterations.,"Feedforward deep neural networks have become the standard class of models in the field of computer vision. Yet, they possess a striking difference relative to their biological counterparts which predominantly perform “recurrent” computations. Why do biological neurons evolve to employ recurrence pervasively? In this paper, we show that a recurrent network is able to flexibly adapt its computational budget during inference and generalize within-task across difficulties. Simultaneously in this study, we contribute a recurrent module we call LocRNN that is designed based on a prior computational model of local recurrent intracortical connections in primates to support such dynamic task extrapolation. LocRNN learns highly accurate solutions to the challenging visual reasoning problems of Mazes and PathFinder that we use here. More importantly, it is able to flexibly use less or more recurrent iterations during inference to zero-shot generalize to less- and more difficult instantiations of each task without requiring extra training data, a potential functional advantage of recurrence that biological visual systems capitalize on. Feedforward networks on the other hand with their fixed computational graphs only partially exhibit this trend, potentially owing to image-level similarities across difficulties. We also posit an intriguing tradeoff between recurrent networks’ representational capacity and their stability in the recurrent state space. Our work encourages further study of the role of recurrence in deep learning models – especially from the context of out-of-distribution generalization & task extrapolation – and their properties of task performance and stability.",None
https://openreview.net/forum?id=oFoRPrl9CYX,Polarity is all you need to learn and transfer faster,Weight Polarity; Learning Efficiency; Transfer Learning; Bio-inspired AI,Transfer and fix weight polarities to learn faster with less data,"Natural intelligences (NIs) thrive in a dynamic world – they learn quickly, sometimes with only a few samples. In contrast, Artificial intelligence (AI) has achieved supra (-human) level performance in certain AI settings, typically dependent on a prohibitive amount of training samples and computational power. What design principle difference between NI and AI could contribute to such a discrepancy? Here, we propose a research avenue based on a simple observation from NIs: post-development, neuronal connections in the brain rarely see polarity switch. Why? Our answer is: to learn and transfer more efficiently. We demonstrate with theory and simulations that if weight polarities are adequately set $\textit{a priori}$, then networks learn with less time and data. We extend such findings onto image classification tasks and demonstrate that polarity, not weight, is a more effective medium for knowledge transfer between networks. We also explicitly illustrate situations in which $\textit{a priori}$ setting the weight polarities is disadvantageous for networks. Our work illustrates the value of weight polarities from the perspective of statistical and computational efficiency for both NI and AI.",None
https://openreview.net/forum?id=jIu4hk04776,On the Geometry of Reinforcement Learning in Continuous State and Action Spaces,geometry; deep reinforcement learning; manifold,We prove that the state space is a low dimensional manifold and show that DDPG can effectively learn in this low dimensional space,"Advances in reinforcement learning have led to its successful application in complex tasks  with continuous state and action spaces. Despite these advances in practice, most theoretical work pertains to finite state and action spaces. We propose  building  a theoretical understanding of continuous state and action spaces by employing a geometric lens. Central to our work is the idea that the transition dynamics induce a low dimensional manifold of reachable states  embedded in the high-dimensional nominal state space. We prove that, under certain conditions, the dimensionality of this manifold is at most the dimensionality of the action space plus one. This is the first result of its kind, linking the geometry of the state space to the dimensionality of the action space. We empirically corroborate this upper bound for four MuJoCo environments.We further demonstrate the applicability of our result by learning a policy in this low dimensional representation.   To do so we introduce an algorithm that learns a mapping to a low dimensional representation, as a narrow hidden layer of a deep neural network, in tandem with the policy using DDPG. Our experiments show that a policy learnt this way perform on par or better for four MuJoCo control suite tasks.",None
https://openreview.net/forum?id=FDlfFbnI7AR,Countering the Attack-Defense Complexity Gap for Robust Classifiers,adversarial attacks; adversarial robustness; computational complexity; dataset,We provide a formal rationale for why attacks are more efficient than defenses and introduce a new defensive technique that sidesteps this asymmetry.,"We consider the decision version of defending and attacking Machine Learning classifiers. We provide a rationale for the well-known difficulties in building robust models: in particular we prove that, under broad assumptions, attacking a polynomial-time classifier is $NP$-complete, while training a polynomial-time model that is robust on even a single input is $\Sigma_2^P$-complete. We also provide more general bounds for non-polynomial classifiers. We then show how such a complexity gap can be sidestepped by introducing Counter-Attack (CA), a system that computes on-the-fly robustness certificates for a given input up to an arbitrary distance bound $\varepsilon$. We also prove that, even when attacked with perturbations of magnitude $\varepsilon^\prime > \varepsilon$, CA still provides computational robustness: specifically, while computing a certificate is $NP$-complete, attacking the system beyond its intended robustness is $\Sigma_2^P$-complete. Since the exact form of CA can still be computationally expensive, we introduce a relaxation of this method, which we empirically show to be reliable at identifying non-robust inputs. As part of our work, we introduce UG100, a new dataset obtained by applying a provably optimal attack to six limited-scale networks (three for MNIST and three for CIFAR10), each trained in three different manners.",None
https://openreview.net/forum?id=iAPs7yMjjyQ,Evaluating Counterfactual Explainers,Explainability; Counterfactuals; XAI,None,"Explainability methods have been widely used to provide insight into the decisions made by statistical models, thus facilitating their adoption in various domains within the industry. Counterfactual explanation methods aim to improve our understanding of a model by perturbing samples in a way that would alter its response in an unexpected manner. This information is helpful for users and for machine learning practitioners to understand and improve their models. Given the value provided by counterfactual explanations, there is a growing interest in the research community to investigate and propose new methods. However, we identify two issues that could hinder the progress in this field. (1) Existing metrics do not accurately reflect the value of an explainability method for the users. (2) Comparisons between methods are usually performed with datasets like CelebA, where images are annotated with attributes that do not fully describe them and with subjective attributes such as ``Attractive''. In this work, we address these problems by proposing an evaluation method with a principled metric to evaluate and compare different counterfactual explanation methods. The evaluation method is based on a synthetic dataset where images are fully described by their annotated attributes. As a result, we are able to perform a fair comparison of multiple explainability methods in the recent literature, obtaining insights about their performance. We make the code public for the benefit of the research community.",None
https://openreview.net/forum?id=tKMLGb7MWC,A Reinforcement Learning Approach to Estimating Long-term Treatment Effects,reinforcement learning; off-policy evaluation; A/B testing,We propose a reinforcement learning approach to estimating the long-term treatment effect from short-term data.,"Randomized experiments (a.k.a. A/B tests) are a powerful tool for estimating treatment effects, to inform decisions making in business, healthcare and other applications. In many problems, the treatment has a lasting effect that evolves over time. A limitation with randomized experiments is that they do not easily extend to measure long-term effects, since running long experiments is time-consuming and expensive. In this paper, we take a reinforcement learning (RL) approach that estimates the average reward in a Markov process. Motivated by real-world scenarios where the observed state transition is nonstationary, we develop a new algorithm for a class of nonstationary problems, and demonstrate promising results in two synthetic datasets and one online store dataset.",None
https://openreview.net/forum?id=2iu9NhxX23,Conceptual SCAN: Learning With and About Rules,reasoning; compositional generalization; rule learning; semantic parsing; consistency,None,"The ability to learn from a mix of rules and examples and to reflect on the learned abstractions is an important aspect of human intelligence. At the same time, there is a lack of benchmarks that systematically test for this ability, which makes it hard to evaluate the degree to which it is present in state-of-the-art ML architectures. We introduce a method to systematically construct such benchmarks by using an example structure that allows us to explicitly provide and ask about rules that are relevant for the given task. We present a simple dataset that is constructed according to this method, and we use it to analyze the performance of a variety of T5-based machine learning models. We identify four challenge areas in this setup: maintaining consistency between learned rules and their application, scaling to larger rule sets, compositional generalization, and dealing with limited training data.",None
https://openreview.net/forum?id=yzE6LtZSHo,Have Missing Data? Make It Miss More! Imputing Tabular Data with Masked Autoencoding,Imputation; Tabular Data; Masked Autoencoder,"We present ReMasker, an extremely simple yet effective method for imputing missing values in tabular data.","We present ReMasker, a novel method for imputing missing values in tabular data by extending the masked autoencoding framework. In contrast to prior work, ReMasker is both {\em simple} -- besides the missing values (i.e., naturally masked), we randomly ``re-mask'' another set of values, optimize the autoencoder by reconstructing this re-masked set, and apply the trained model to predict the missing values; and {\em effective} -- with extensive evaluation on benchmark datasets, we show that ReMasker consistently outperforms state-of-the-art methods in terms of both imputation fidelity and utility under various missingness settings, while its performance advantage often increases with the ratio of missing data. We further explore theoretical justification for its effectiveness, showing that ReMasker tends to learn missingness-invariant representations of tabular data. Our findings indicate that masked modeling represents a promising direction for further research on tabular data imputation.",None
https://openreview.net/forum?id=-z7O7fk_Cs,Invertible normalizing flow neural networks by JKO scheme,Normalizing flow; invertible neural networks; JKO scheme,"We propose JKO-Flow to train normalizing flow neural ODE model block-wise with time reparametrization, and experimentally show JKO-Flow reaches competitive performance while greatly reduce computation","Normalizing flow is a class of deep generative models for efficient sampling and density estimation. In practice, the flow often appears as a chain of invertible neural network blocks. To facilitate training, past works have regularized flow trajectories and designed special network architectures. The current paper develops a neural ODE flow network inspired by the Jordan-Kinderleherer-Otto (JKO) scheme, which allows an efficient \textit{block-wise} training procedure: as the JKO scheme unfolds the dynamic of gradient flow, the proposed model naturally stacks residual network blocks one-by-one and reduces the memory load as well as the difficulty of training deep networks. We also develop an adaptive time-reparametrization of the flow network with a progressive refinement of the trajectory in probability space, which improves the optimization efficiency and model accuracy in practice.  
On high-dimensional generative tasks for tabular data, JKO-Flow can process larger data batches and perform competitively as or better than continuous and discrete flow models, using 10X less number of iterations (e.g., batches) and significantly less time per iteration.",None
https://openreview.net/forum?id=igF77jrKri,Unsupervised learning of features and object boundaries from local prediction,unsupervised learning; segmentation; prediction; Markov random field; objects,"Using a contrastive loss for a local prediction, we learn a representation of both features and segmentation, which is similar to the human visual system.","A visual system has to learn both which features to extract from images and how to group locations into (proto-)objects. Those two aspects are usually dealt with separately, although predictability is discussed as a cue for both. To incorporate features and boundaries into the same model, we model a layer of feature maps with a pairwise Markov random field model in which each factor is paired with an additional binary variable, which switches the factor on or off. Using one of two contrastive learning objectives, we can learn both the features and the parameters of the Markov random field factors from images without further supervision signals. The features learned by shallow neural networks based on this loss are local averages, opponent colors, and Gabor-like stripe patterns. Furthermore, we can infer connectivity between locations by inferring the switch variables. Contours inferred from this connectivity perform quite well on the Berkeley segmentation database (BSDS500) without any training on contours. Thus, computing predictions across space aids both segmentation and feature learning, and models trained to optimize these predictions show similarities to the human visual system. We speculate that retinotopic visual cortex might implement such predictions over space through lateral connections.",None
https://openreview.net/forum?id=m8ll6ILyZW,Multi-Segmental Informational Coding for Self-Supervised Representation Learning,self-supervised learning; representation learning; unsupervised learning; deep learning,None,"Self-supervised representation learning aims to map high-dimensional data into a compact embedding space, where samples with similar semantics are close to each other. Currently, most representation learning methods maximize the cosine similarity or minimize the distance between different views from the same sample in an $\ell^2$ normalized embedding space, and reduce the feature redundancy via a linear correlation constraint. In this study, we propose MUlti-Segmental Informational Coding (MUSIC) as a new embedding scheme for self-supervised representation learning. MUSIC divides an embedding vector into multiple segments to represent different types of attributes, and each segment automatically learns a set of discrete and complementary attributes. MUSIC enables the estimation of the probability distribution over discrete attributes and thus the learning process can be directly guided by information measurements, reducing the feature redundancy beyond the linear correlation. Our theoretical analysis guarantees that MUSIC learns transform-invariant, non-trivial, diverse, and discriminative features. MUSIC does not require a special asymmetry design, a very high dimension of embedding features, or a deep projection head, making the training framework flexible and efficient. Extensive experiments demonstrate the superiority of MUSIC.",None
https://openreview.net/forum?id=rDVb_OgcQP,Rule-based policy regularization for reinforcement learning-based building control,deep reinforcement learning; batch reinforcement learning; buildings; HVAC,A unified method to incorporate rule-based policy into online and offline reinforcement learning algorithm,"Rule-based control (RBC) is widely adopted in buildings due to its stability and robustness. It resembles a behavior cloning methodology refined by human expertise. However, it is unlikely for RBC to exceed a reinforcement learning (RL) agent’s performance since it is challenging to ingest a large number of parameters during decision-making. In this paper, we explore how to incorporate rule-based control into reinforcement learning to learn a more robust policy in both online and offline settings with a unified approach. We start with state-of-the-art online and offline RL methods, TD3 and TD3+BC, then improve on them using a dynamically weighted actor loss function to selectively choose which policy should RL models learn from at each time step of training. With experiments across multiple tasks and various weather conditions in both deterministic and stochastic scenarios, we empirically demonstrate that our dynamically weighted rule-based incorporated control regularization (RUBICON) method outperforms representative baseline methods in offline settings by 40.7% in a reward settings consisting of the combination of thermal comfort and energy consumption and by 49.7% in online settings in building-RL environments.",None
https://openreview.net/forum?id=UA34f_shAO,Neural Graphical Models,Graphical models; Deep learning; Learning Representations,"A neural network based graphical model with efficient learning, inference and sampling algorithms","Graphs are ubiquitous and are often used to understand the dynamics of a system. Probabilistic Graphical Models comprising Bayesian and Markov networks, and Conditional Independence graphs are some of the popular graph representation techniques. They can model relationships between features (nodes) together with the underlying distribution.  Although theoretically these models can represent very complex dependency functions, in practice often simplifying assumptions are made due to computational limitations associated with graph operations. This work introduces Neural Graphical Models (NGMs) which attempt to represent complex feature dependencies with reasonable computational costs. Specifically, given a graph of feature relationships and corresponding samples, we capture the dependency structure between the features along with their complex function representations by using neural networks as a multi-task learning framework. We provide efficient learning, inference and sampling algorithms for NGMs. Moreover, NGMs can fit generic graph structures including directed, undirected and mixed-edge graphs as well as support mixed input data types. We present empirical studies that show NGMs' capability to represent Gaussian graphical models, inference analysis of a lung cancer data and extract insights from a real world infant mortality data provided by CDC.",None
https://openreview.net/forum?id=45FFlw8N47,AUGMENTING ZERO-SHOT DENSE RETRIEVERS WITH PLUG-IN MIXTURE-OF-MEMORIES,Retrieval Augmented Language Model; Zero-shot Dense Retrieval; Mixture of Memory,"We explore the potential of augmenting lanuguage models with mixture-of-memory and plugging in new corpus during inference, which leads to their enhanced generalization ability on the zero-shot dense retrieval task.","In this paper we improve the zero-shot generalization ability of language models via Mixture-Of-Memory Augmentation (MoMA), a mechanism that retrieves augmentation documents from multiple information corpora (“external memories”), with the option to “plug in” new memory at inference time. We develop a joint learning mechanism that trains the augmentation component with latent labels derived from the end retrieval task, paired with hard negatives from the memory mixture. We instantiate the model in a zero-shot dense retrieval setting by augmenting a strong T5-based retriever with MoMA. Our model, MoMA-DR, obtains strong zero-shot retrieval accuracy on the eighteen tasks included in the standard BEIR benchmark. It outperforms other dense retrieval models of similar scales and achieves comparable accuracy with systems that seek generalization from increased scales in encoder models or vector indices. Our analysis illustrates the necessity of augmenting with mixture-of-memory for robust generalization, the benefits of joint learning, and how MoMA-DR utilizes the plug-in memory at inference time without changing its parameters. We plan to open source our code.",None
https://openreview.net/forum?id=dNyDCl2FsvM,Meta-learning from demonstrations improves compositional generalization,meta-learning; grounded language learning; compositional generalization,We extend meta-seq2seq to grounded environments by generating environment relevant meta-training supports.,"We study the problem of compositional generalization of language-instructed agents in gSCAN. gSCAN is a popular benchmark which requires an agent to generalize to instructions containing novel combinations of words, which are not seen in the training data. We propose to improve the agent’s generalization capabilities with an architecture inspired by the Meta-Sequence-to-Sequence learning approach (Lake, 2019). The agent receives as a context a few examples of pairs of instructions and action trajectories in a given instance of the environment (a support set) and it is tasked to predict an action sequence for a query instruction for the same environment instance. The context is generated by an oracle and the instructions come from the same distribution as seen in the training data. In each training episode, we also shuffle the indices of the actions and the words of the instructions to make the agent figure out the relations between the actions and the words from the context. Our predictive model has the standard transformer architecture. We show that the proposed architecture can significantly improve the generalization capabilities of the agent on one of the most difficult gSCAN splits: the ``adverb-to-verb” split H.",None
https://openreview.net/forum?id=4zGai1tFQE,Deep Dependency Networks for Action Classification in Video,probabilistic graphical models; action classification; multi-label classification; combining probabilistic models with deep learning; end-to-end learning,A new approach that jointly learns a conditional dependency network and a deep neural network for activity classification in video,"We propose a simple approach which combines the strengths of probabilistic graphical models and deep learning architectures for solving the multi-label action classification task in videos. At a high level, given a video clip, the goal in this task is to infer the set of activities, defined as verb-noun pairs, that are performed in the clip. First, we show that the performance of previous approaches that combine Markov Random Fields with neural networks can be modestly improved by leveraging more powerful methods such as iterative join graph propagation, $\ell$-1 regularization based structure learning and integer linear programming. Then we propose a new modeling framework called deep dependency network which augments a dependency network, a model that is easy to train and learns more accurate dependencies but is limited to Gibbs sampling for inference, to the output layer of a neural network. We show that despite its simplicity, joint learning this new architecture yields significant improvements in performance over the baseline neural network. In particular, our experimental evaluation on three video datasets: Charades, Textually Annotated Cooking Scenes (TaCOS), and Wetlab shows that deep dependency networks are almost always superior to pure neural architectures that do not use dependency networks.",None
https://openreview.net/forum?id=bjMNguuxbH,Peaks2Image: Reconstructing fMRI Statistical Maps from Peaks,None,"Peaks2Image allows the reconstruction of statistical maps from coordinates in neuroscientific studies, and leverage them to decode any concept from the studies vocabulary.","Neuroscience is striving to overcome the lack of power due to the small sample size of standard studies. An important step forward has been the creation of large-scale public image repositories, such as NeuroVault. Such repositories enable comparing images across studies and automatically associating them with cognitive terms. Yet, this type of meta-analysis faces a major roadblock: the scarcity and inconsistency of image annotations and metadata. Another resource containing rich annotations is the neuroscientific literature. However it only yields a handful of brain-space coordinates per publication, those of the main activity peaks reported in each study. In this work, we propose Peaks2Image, a neuralnetwork approach to reconstructing continuous spatial representations of brain activity from peak activation tables. Using reconstructions of studies published in the neuroscientific literature, we train a decoder using tf-idf features as labels, leading to a much broader set of decoded terms than current image-based studies. We validate the decoder on 43,000 NeuroVault images, successfully decoding 58 out of 81 concepts in a zero-shot setting.",None
https://openreview.net/forum?id=_o4JUv2lmD,Bridging the Gap between Semi-supervised and Supervised Continual Learning via Data Programming,continual learning; lifelong learning; semi-supervised learning,"We built a semi-supervised continual learning (SSCL) framework to approach the performance of supervised, via self-taught data programming. Results show we not only obtain similar performance as supervised, but also defeat existing SSCL methods.","Semi-supervised continual learning (SSCL) has shown its utility in learning cumulative knowledge with partially labeled data per task. However, the state-of-the-art has yet to explicitly address how to reduce the performance gap between using partially labeled data and fully labeled. In response, we propose a general-purpose SSCL framework, namely DP-SSCL, that uses data programming (DP) to pseudo-label the unlabeled data per task, and then cascades both ground-truth-labeled and pseudo-labeled data to update a downstream supervised continual learning model. The framework includes a feedback loop that brings mutual benefits: On one hand, DP-SSCL inherits guaranteed pseudo-labeling quality from DP techniques to improve continual learning, approaching the performance of using fully supervised data. On the other hand, knowledge transfer from previous tasks facilitates training of the DP pseudo-labeler, taking advantage of cumulative information via self-teaching. Experiments show that (1) DP-SSCL bridges the performance gap, approaching the final accuracy and catastrophic forgetting as using fully labeled data, (2) DP-SSCL outperforms existing SSCL approaches at low cost, by up to $25\%$ higher final accuracy and lower catastrophic forgetting on standard benchmarks, while reducing memory overhead from $100$ MB level to $1$ MB level at the same time complexity, and (3) DP-SSCL is flexible, maintaining steady performance supporting plug-and-play extensions for a variety of supervised continual learning models.",None
https://openreview.net/forum?id=dmWMfJeZMM,uGLAD: A deep learning model to recover conditional independence graphs,Graphical Lasso; Deep Learning; Unrolled Algorithms; Conditional Independence graphs; Sparse graphs,An unsupervised deep learning method based on unrolled algorithm technique to recover conditional independence graphs.,"Probabilistic Graphical Models are generative models of complex systems. They rely on conditional independence assumptions between variables to learn sparse representations which can be visualized in a form of a graph. Such models are used for domain exploration and structure discovery in poorly understood domains. This work introduces a novel technique to perform sparse graph recovery by optimizing deep unrolled networks. Assuming that the input data $X\in\mathbb{R}^{M\times D}$ comes from an underlying multivariate Gaussian distribution, we apply a deep model on $X$ that outputs the precision matrix $\Theta$. Then, the partial correlation matrix \mathrm{P} is calculated which can also be interpreted as providing a list of conditional independence assertions holding in the input distribution. Our model, \texttt{uGLAD}, builds upon and extends the state-of-the-art model \texttt{GLAD} to the unsupervised setting. The key benefits of our model are (1) \texttt{uGLAD} automatically optimizes sparsity-related regularization parameters leading to better performance than existing algorithms. (2) We introduce multi-task learning based `consensus' strategy for robust handling of missing data in an unsupervised setting. We evaluate performance on synthetic Gaussian, non-Gaussian data generated from Gene Regulatory Networks, and present case studies in anaerobic digestion and infant mortality.",None
https://openreview.net/forum?id=bNPth9YMqZ,Federated Self-supervised Learning for Heterogeneous Clients,Federated Learning; Self-supervised Learning,We propose a new and systematic framework for performing self-supervised federated learning when the clients are diverse and cannot train models of identical architectures.,"Federated Learning has become an important learning paradigm due to its privacy and computational benefits. As the field advances, two key challenges that still remain to be addressed are: (1) system heterogeneity - variability in the compute and/or data resources present on each client, and (2) lack of labeled data in certain federated settings. Several recent developments have tried to overcome these challenges independently. In this work, we propose a unified and systematic framework, \emph{Heterogeneous Self-supervised Federated Learning} (Hetero-SSFL) for enabling self-supervised learning with federation on heterogeneous clients. The proposed framework allows collaborative representation learning across all the clients without imposing architectural constraints or requiring presence of labeled data. The key idea in Hetero-SSFL is to let each client train its unique self-supervised model and enable the joint learning across clients by aligning the lower dimensional representations on a common dataset. The entire training procedure could be viewed as self and peer-supervised as both the local training and the alignment procedures do not require presence of any labeled data. As in conventional self-supervised learning, the obtained client models are task independent and can be used for varied end-tasks.
We provide a convergence guarantee of the proposed framework for non-convex objectives in heterogeneous settings and also empirically demonstrate that our proposed approach outperforms the state of the art methods by a significant margin.",None
https://openreview.net/forum?id=_fiHdKjxfR,ContraSim -- A Similarity Measure Based on Contrastive Learning,Interpretability; similarity measure; analysis; language models; multilingual; image captioning,We develop a new similarity measure based on contrastive learning,"Recent work has compared neural network representations via similarity-based analyses, shedding light on how different aspects (architecture, training data, etc.) affect models' internal representations. The quality of a similarity measure is typically evaluated by its success in assigning a high score to representations that are expected to be matched.  However, existing similarity measures  perform mediocrely on standard benchmarks. In this work, we develop a new similarity measure, dubbed ContraSim, based on contrastive learning. In contrast to common closed-form similarity measures, ContraSim learns a parameterized measure by using both similar and dissimilar examples. We perform an extensive experimental evaluation of our method, with both language and vision models, on the standard layer prediction benchmark and two new benchmarks that we develop: the multilingual benchmark and the image--caption benchmark. In all cases, ContraSim achieves much higher accuracy than previous similarity measures, even when presented with challenging examples.",None
https://openreview.net/forum?id=XG_LmeoU8Xq,Graduated Non-Convexity for Robust Self-Trained Language Understanding,None,"Robust self-trained language understanding against pseudo labeling noises, data imbalance, overfitting, and adversarial evaluation data.","Self-training has been proved an efficient strategy for unsupervised fine-tuning of language models using unlabeled data and model-generated pseudo-labels. However, the performance of self-trained models is unstable under different settings of training and evaluation data, influenced by both data distribution and pseudo-label accuracy. In this work, we propose an outlier robust self-training method based on graduated non-convexity (GNC) to mitigate the problem. We construct self-training as a non-convex optimization problem with outlier training examples. The models are self-trained with robust cost functions based according to Black-Rangarajan Duality. The algorithm learns slack variables as the loss weights for all training samples. The slack variables are used to calibrate the loss items during training to update the model parameters. The calibrated loss items lead to more robust self-trained models against different training and evaluation data and tasks. We conducted experiments on few-shot natural language understanding tasks with labeled and unlabeled data examples. Experiment results show that the proposed loss calibration method improves the performance and stability of self-training under different training tasks and data examples, and also benefits the robustness against adversarial evaluation corpora.",None
https://openreview.net/forum?id=8uf1JIb07M,MERMADE: $K$-shot Robust Adaptive Mechanism Design via Model-Based Meta-Learning,Mechanism design; Robustness; Meta-learning; Adaptive agents; Simulation based learning,"We propose MERMADE, a deep RL approach to mechanism design that learns a world model together with a meta-learned mechanism which can be quickly adapted to perform well on unseen test agents that learn.","Mechanism design (MD) studies how rules and rewards shape the behavior of intelligent agents, e.g., in auctions or the economy. Simulations with AI agents are powerful tools for MD, but real-world agents may behave and learn differently than simulated agents under a given mechanism. Also, the mechanism designer may not fully observe an agent's learning strategy or rewards, and executing a mechanism may be costly, e.g., enforcing a tax might require extra labor. Hence, it is key to design robust adaptive mechanisms that generalize well to agents  with unseen (learning) behavior, are few-shot adaptable, and are cost-efficient. Here, we introduce MERMADE, a model-based meta-learning framework to learn mechanisms that can quickly adapt when facing out-of-distribution agents with different learning strategies and reward functions. First, we show that meta-learning allows adapting to the theoretically known and appropriate Stackelberg equilibrium in a simple matrix game at meta-test time, with few interactions with the agent. Second, with bandit agents, we show empirically that our approach yields strong meta-test time performance against agents with various unseen explore-exploit behaviors. Finally, we outperform baselines that separately use either meta-learning or agent behavior modeling to learn a cost-effective mechanism that is $K$-shot adaptable with only partial information about the agents.",None
https://openreview.net/forum?id=xWwbnbtJd5,Waveformer: Linear-Time Attention with Forward and Backward Wavelet Transform,transformer; efficient attention; long range reasoning,"We propose a model with linear complexity achieving SOTA results on a set of long-range tasks, under a new paradigm to learn attention in wavelet space which boosts accuracies of various attention methods without increasing time complexity.","We propose Waveformer that learns attention mechanism in the wavelet coefficient space, requires only linear time complexity, and enjoys universal approximating power. Specifically, we first apply forward wavelet transform to project the input sequences to multi-resolution orthogonal wavelet bases, then conduct nonlinear transformations (in this case, a random feature kernel) in the wavelet coefficient space, and finally reconstruct the representation in input space via backward wavelet transform. We note that other non-linear transformations may be used, hence we name the learning paradigm Wavelet transformatIon for Sequence lEarning (WISE). We emphasize the importance of backward reconstruction in the WISE paradigm — without it, one would be mixing information from both the input space and coefficient space through skip connections, which shall not be considered as mathematically sound. Compared with Fourier transform in recent works, wavelet transform is more efficient in time complexity and better captures local and positional information; we further support this through our ablation studies. Extensive experiments on seven long-range understanding datasets from the Long Range Arena benchmark and code understanding tasks demonstrate that (1) Waveformer achieves competitive and even better accuracy than a number of state-of-the-art Transformer variants and (2) WISE can boost accuracies of various attention approximation methods without increasing the time complexity. These together showcase the superiority of learning attention in a wavelet coefficient space over the input space.",None
https://openreview.net/forum?id=HO2q49XYRC,SaMoE: Parameter Efficient MoE Language Models via Self-Adaptive Expert Combination,Mixture-of-Expert; Autoregressive language model; Parameter efficiency.,SaMoE is a parameter efficient MoE architecture design that enables parameter savings on MoE while achieving comparable or better accuracy.,"Recently, Mixture-of-Experts (MoE) has demonstrated success in scaling models to have large amounts of parameters without significant increases in computational cost. However, MoEs have been also reported to be parameter inefficient such that larger models do not always lead to better performance.  
In this work, we study how to build parameter-efficient MoE models. Our analysis identifies that MoE layers exhibit poor gradient flow as the number of experts increases, leading to insufficient training of experts. To overcome this issue, we propose a new MoE architecture design (SaMoE), which improves the parameter efficiency of MoE models by learning a soft combination of a global set of expert layers for each MoE layer. Such a scheme enables substantial parameter savings on MoE while achieving comparable or better accuracy than the standard MoE training baseline. Extensive experiments on billion-scale GPT-3 style autoregressive MoE language models demonstrate that SaMoE significantly improves the parameter efficiency of MoE models by reducing up to 5.2X total parameters while obtaining superior pre-training and zero-shot generalization results as compared to baseline.",None
https://openreview.net/forum?id=YsAbPH2VWKE,Unpacking Large Language Models with Conceptual Consistency,Conceptual Consistency; Theory of Mind; Zero Shot Prompting; Large Language Models; Semantic Consistency; Unsupervised Question Answering; Background Knowledge Extraction,Conceptual consistency measures whether knowledge of relevant background information is consistent with ability to answer questions correctly in large language models.,"If a Large Language Model (LLM) answers “yes” to the question “Are moun-
tains tall?” then does it know what a mountain is? Can you rely on it respond-
ing correctly or incorrectly to other questions about mountains? The success of
Large Language Models (LLMs) indicates they are increasingly able to answer
queries like these accurately, but that ability does not necessarily imply a general
understanding of concepts relevant to the anchor query. We propose conceptual
consistency to measure a LLM’s understanding of relevant concepts. This novel
metric measures how well a model can be characterized by finding out how con-
sistent its responses to queries about conceptually relevant background knowledge
are. To compute it we extract background knowledge by traversing paths between
concepts in a knowledge base and then try to predict the model’s response to the
anchor query from the background knowledge. We investigate the performance
of current LLMs in a commonsense reasoning setting using the CSQA dataset
and the ConceptNet knowledge base. While conceptual consistency, like other
metrics, does increase with the scale of the LLM used, we find that popular mod-
els do not necessarily have high conceptual consistency. Our analysis also shows
significant variation in conceptual consistency across different kinds of relations,
concepts, and prompts. This serves as a step toward building models that humans
can apply a theory of mind to, and thus interact with intuitively.",None
https://openreview.net/forum?id=ch_t8OpXaa,LSTM-BASED-AUTO-BI-LSTM for Remaining Useful Life (RUL) Prediction: the first round of test results,Remaining Useful Life; Predictive Maintenance; Machine Learning; Deep Learning; Autoencoder,The paper describes prelimirary test results of LSTM-BASED-AUTO-BI-LSTM architecture,"The Remaining Useful Life (RUL) is one of the most critical indicators to detect a component’s failure before it effectively occurs. It can be predicted by historical data or direct data extraction by adopting model-based, data-driven, or hybrid methodologies. Data-driven methods have mainly used Machine Learning (ML) approaches, despite several studies still pointing out different challenges in this sense. For instance, traditional ML methods cannot extract features directly from time series depending, in some cases, on the prior knowledge of the system. In this context, this work proposes a DL-based approach called LSTM-based-AUTO-Bi-LSTM. It ensembles an LSTM-based autoencoder to automatically perform feature engineering (instead of manually) with Bidirectional Long Short-Term Memory (Bi-LSTM) to predict RUL. We have tested the model using the Turbofan Engine Degradation Simulation Dataset (FD001), an open dataset. It was generated from the Commercial Modular Aero-Propulsion System Simulation (C-MAPSS) from the Prognostics Center of Excellence (PcoE), from the National Aeronautics and Space Administration (NASA). The objective is to release the first round of analytical results and statistical visualisations of the model application, which will guide us in future improvements.",None
https://openreview.net/forum?id=K1Z-P0Le0DT,Recurrent Real-valued Neural Autoregressive Density Estimator for Online Density Estimation and Classification of Streaming Data,density estimation; online learning; streaming data; classification,None,"In contrast with the traditional offline learning, where complete data accessibility is assumed, many modern applications involve processing data in a streaming fashion. This online learning setting raises various challenges, including concept drift, hardware memory constraints, etc. In this paper, we propose the Recurrent Real-valued Neural Autoregressive Density Estimator (RRNADE), a flexible density-based model for online classification and density estimation. RRNADE combines a neural Gaussian mixture density module with a recurrent module. This combination allows RRNADE to exploit possible sequential correlations in the streaming task, which are often ignored in the classical streaming setting where each input is assumed to be independent from the previous ones. We showcase the ability of RRNADE to adapt to concept drifts on synthetic density estimation tasks. We also apply RRNADE to online classification tasks on both real world and synthetic datasets and compare it with multiple density based as well as nondensity based online classification methods. In almost all of these tasks, RRNADE outperforms the other methods. Lastly, we conduct an ablation study demonstrating the complementary benefits of the density and the recurrent modules.",None
https://openreview.net/forum?id=99XwOpGYAH,Structural Adversarial Objectives for Self-Supervised Representation Learning,None,None,"Within the framework of generative adversarial networks (GANs), we propose objectives that task the discriminator with additional structural modeling responsibilities.  In combination with an efficient smoothness regularizer imposed on the network, these objectives guide the discriminator to learn to extract informative representations, while maintaining a generator capable of sampling from the domain.  Specifically, we influence the features produced by the discriminator at two levels of granularity.  At coarse scale, we impose a Gaussian assumption encouraging smoothness and diversified representation, while at finer scale, we group features forming local clusters.  Experiments demonstrate that augmenting GANs with these self-supervised objectives suffices to produce discriminators which, evaluated in terms of representation learning, compete with networks trained by state-of-the-art contrastive approaches.  Furthermore, operating within the GAN framework frees our system from the reliance on data augmentation schemes that is prevalent across purely contrastive representation learning methods.",None
https://openreview.net/forum?id=hzjQWjPC04A,VIMA: General Robot Manipulation with Multimodal Prompts,Robot Learning; Foundation Model; Transformer; Language Model; Multi-Task Learning,"We design a transformer agent, VIMA, that ingests *multimodal* prompts and solves a wide variety of robot manipulation tasks.","Prompt-based learning has emerged as a successful paradigm in natural language processing, where a single general-purpose language model can be instructed to perform any task specified by input prompts. Yet task specification in robotics comes in various forms, such as imitating one-shot demonstrations, following language instructions, and reaching visual goals. They are often considered different tasks and tackled by specialized models. This work shows that we can express a wide spectrum of robot manipulation tasks with *multimodal prompts*, interleaving textual and visual tokens. We design a transformer-based generalist robot agent, VIMA, that processes these prompts and outputs motor actions autoregressively. To train and evaluate VIMA, we develop a new simulation benchmark with thousands of procedurally-generated tabletop tasks with multimodal prompts, 600K+ expert trajectories for imitation learning, and four levels of evaluation protocol for systematic generalization. VIMA achieves strong scalability in both model capacity and data size. It outperforms prior SOTA methods in the hardest zero-shot generalization setting by up to 2.9x task success rate given the same training data. With 10x less training data, VIMA still performs 2.7x better than the top competing approach. Video demos are available at https://iclr3081.github.io/.",None
https://openreview.net/forum?id=YuXt90f4Kb7,ModReduce: A Multi-Knowledge Distillation Framework with Online Learning,Knowledge distillation; Deep neural networks; Model Compression; Knowledge transfer; Online Learning,None,"Deep neural networks have produced revolutionary results in many applications; however, the computational resources required to use such models are expensive in terms of processing power and memory space. Research has been conducted in the field of knowledge distillation, aiming to enhance the performance of smaller models. Knowledge distillation transfers knowledge from large networks into smaller ones. Literature defines three types of knowledge that can be transferred: response-based, relational-based, and feature-based.
To the best of our knowledge, only transferring one or two types of knowledge has been studied before, but transferring all three remains unexplored. In this paper, we propose ModReduce, a framework designed to transfer the three knowledge types in a unified manner using a combination of offline and online knowledge distillation. Moreover, an extensive experimental study on the effects of combining different knowledge types on student models’ generalization and overall performance has been performed. Our experiments showed that ModReduce outperforms state-of-the-art knowledge distillation methods in terms of Average Relative Improvement.",None
https://openreview.net/forum?id=e0GcQ9l4Dh,Defending against Reconstruction attacks using Rényi Differential Privacy,Rényi Differential Privacy; Reconstruction Attacks; Information Theory,Quantify the information leakage using better reconstruction bounds backed by experimental testing,"Reconstruction attacks allow an adversary to regenerate data samples of the training set using access to only a trained model. It has been recently shown that simple heuristics can reconstruct data samples from language models, making this threat scenario an important aspect of model release. Differential privacy is a known solution to such attacks, but is often used with a large privacy budget (epsilon > 8) which does not translate to meaningful guarantees. In this paper we show that, for a same mechanism, we can derive privacy guarantees for reconstruction attacks that are better than the traditional ones from the literature. In particular, we show that larger privacy budgets do not provably protect against membership inference, but can still protect extraction of rare secrets. We design a method to efficiently run reconstruction attacks with lazy sampling and empirically show that we can surface at-risk training samples from non-private language models. We show experimentally that our guarantees hold on real-life language models trained with differential privacy for difficult scenarios, including GPT-2 finetuned on Wikitext-103.",None
https://openreview.net/forum?id=GUMLIArCIwB,Reconciling Security and Communication Efficiency in Federated Learning,Federated Learning; Secure Aggregation; Compression; Efficiency; Product Quantization,Uplink communication effiency with a high privacy and security bar,"Cross-device Federated Learning is an increasingly popular machine learning setting to train a model by leveraging a large population of client devices with high privacy and security guarantees. However, communication efficiency remains a major bottleneck when scaling federated learning to production environments, particularly due to bandwidth constraints during uplink communication. In this paper, we formalize and address the problem of compressing client-to-server model updates under the Secure Aggregation primitive, a core component of Federated Learning pipelines that allows the server to aggregate the client updates without accessing them individually. In particular, we adapt standard scalar quantization and pruning methods to Secure Aggregation and propose Secure Indexing, a variant of Secure Aggregation that supports quantization for extreme compression. We establish state-of-the-art results on LEAF benchmarks in a secure Federated Learning setup with up to 40x compression in uplink communication with no meaningful loss in utility compared to uncompressed baselines.",None
https://openreview.net/forum?id=1z9VTrxCgf,Semantic Image Manipulation with Background-guided Internal Learning,semantic image manipulation; internal learning; scene-graph driven image editing,None,"Image manipulation has attracted a lot of interest due to its wide range of applications. Prior work modifies images either from low-level manipulation, such as image inpainting or through manual edits via paintbrushes and scribbles, or from high-level manipulation, employing deep generative networks to output an image conditioned on high-level semantic input. In this study, we propose Semantic Image Manipulation with Background-guided Internal Learning (SIMBIL), which combines high-level and low-level manipulation. Specifically, users can edit an image at the semantic level by applying changes on the scene graph. Then our model manipulates the image at the pixel level according to the modified scene graph. There are two major advantages of our approach. First, high-level manipulation requires less manual effort from the user compared to manipulating raw image pixels. Second, our low-level internal learning approach is scalable to images of various sizes without reliance on external visual datasets for training. We outperform the state-of-the-art in a quantitative and qualitative evaluation on CLEVR and Visual Genome datasets. Experiments show around 8 points improvement of SSIM (RoI) on CLEVR and around 25% improvement of user evaluation accuracy on Visual Genome, demonstrating the effectiveness of our approach.",None
https://openreview.net/forum?id=CEhy-i7_KfC,Pretraining the Vision Transformer using self-supervised methods for vision based Deep Reinforcement Learning,Deep Reinforcement Learning; Transformers; Self-Supervised Learning; Pre-training,None,"The Vision Transformer architecture has shown to be competitive in the computer vision (CV) space where it has dethroned convolution-based networks in several benchmarks. Nevertheless, Convolutional Neural Networks (CNN) remain the preferential architecture for the representation module in Reinforcement Learning. In this work, we study pretraining a Vision Transformer using several state-of-the-art self-supervised methods and assess data-efficiency gains from this training framework. We propose a new self-supervised learning method called TOV-VICReg that extends VICReg to better capture temporal relations between observations by adding a temporal order verification task. Furthermore, we evaluate the resultant encoders with Atari games in a sample-efficiency regime. Our results show that the vision transformer, when pretrained with TOV-VICReg, outperforms the other self-supervised methods but still struggles to overcome a CNN. Nevertheless, we were able to outperform a CNN in two of the ten games where we perform a 100k steps evaluation. Ultimately, we believe that such approaches in Deep Reinforcement Learning (DRL) might be the key to achieving new levels of performance as seen in natural language processing and computer vision.",None
https://openreview.net/forum?id=V5NFgHyNBI8,"Q-Ensemble for Offline RL: Don't Scale the Ensemble, Scale the Batch Size",Offline Reinforcement Learning; Q-Ensemble; Large Batch Optimization; Ensemble Based Reinforcement Learning,Large Batch Optimization for SAC-N allows to reduce size of the Q-ensemble and improves convergence time by 2.5x times on average,"Training large neural networks is known to be time-consuming, where learning duration may stretch up to days or weeks. To address this problem, the approach of large-batch optimization was introduced, demonstrating that scaling mini-batch sizes with appropriate learning rate adjustments may speed up the training process by orders of magnitude. While long training time was not typically a major issue for model-free deep offline RL algorithms, recently introduced Q-ensemble methods achieving state-of-the-art performance made this issue more relevant, notably extending the training duration. In this work, we demonstrate how large-batch optimization, typically overlooked in deep offline RL community, can benefit this class of methods. We show that simply scaling the mini-batch size and naively adjusting the learning rate allows for (1) a reduced size of the Q-ensemble, (2) stronger penalization of out-of-distribution actions, and (3) improved convergence time, effectively shortening training durations by 2.5x times on average.",None
https://openreview.net/forum?id=nYOlSqq9nv2,Learning Intuitive Policies Using Action Features,multi-agent coordination; attention; inductive bias,We show that certain network architectures encourage reinforcement learning algorithms to respect semantic relationships between actions and observations.,"An unaddressed challenge in multi-agent coordination is to enable AI agents to exploit the semantic relationships between the features of actions and the features of observations. Humans take advantage of these relationships in highly intuitive ways. For instance, in the absence of a shared language, we might point to the object we desire or hold up our fingers to indicate how many objects we want. To address this challenge, we investigate the effect of network architecture on the propensity of learning algorithms to exploit these semantic relationships. Across a procedurally generated coordination task, we find that attention-based architectures that jointly process a featurized representation of observations and actions have a better inductive bias for zero-shot coordination. Through fine-grained evaluation and scenario analysis, we show that the resulting policies are human-interpretable. Moreover, such agents coordinate with people without training on any human data.",None
https://openreview.net/forum?id=rnN4pHyf6jD,Scaling Convex Neural Networks with Burer-Monteiro Factorization,burer-monteiro; convex optimization; neural networks; stationary points; global optima; relu activation,"We apply the Burer-Monteiro factorization to two-layer ReLU (fully-connected, convolutional, self-attention) neural networks by leveraging their implicit convexity, and provide insights into stationary points and local optima of these networks.","Recently, it has been demonstrated that a wide variety of (non) linear two-layer neural networks (such as two-layer perceptrons, convolutional networks, and self-attention) can be posed as equivalent convex optimization problems, with an induced regularizer which encourages low rank. However, this regularizer becomes prohibitively expensive to compute at moderate scales, impeding training convex neural networks. To this end, we propose applying the Burer-Monteiro factorization to convex neural networks, which for the first time enables a Burer-Monteiro perspective on neural networks with non-linearities. This factorization leads to an equivalent yet computationally tractable non-convex alternative with no spurious local minima. We develop a novel relative optimality bound of stationary points of the Burer-Monteiro factorization, thereby providing verifiable conditions under which any stationary point is a global optimum. Further, for the first time, we show that linear self-attention with sufficiently many heads has no spurious local minima. Our experiments demonstrate the utility and implications of the novel relative optimality bound for stationary points of the Burer-Monteiro factorization.",None
https://openreview.net/forum?id=Ih0fKoIUyEh,Wide Graph Neural Network,Graph neural networks; represenation learning; dictionary learning,"This paper proposes a unified view to understend GNNs, and it motivates a new model called wide graph neural network.","Usually, graph neural networks (GNNs) suffer from several problems, e.g., over-smoothing (in the spatial domain), poor flexibility (in the spectral domain), and low performance on heterophily (in both domains). In this paper, we provide a new GNN framework, called Wide Graph Neural Networks (WGNN) to solve these problems. It is motivated by our proposed unified view of GNNs from the perspective of dictionary learning. In light of this view, we formulate the graph learning in GNNs as learning representations from the dictionaries, where the fixed graph information is regarded as the dictionary and the trainable parameters are representations. Then, the dictionaries of spatial GNNs encode the adjacency matrix multiplication, while spectral ones sum its polynomials. Differently, WGNN directly concatenates all polynomials as the dictionary, where each polynomial is a sub-dictionary. Beyond polynomials, WGNN allows sub-dictionaries with an arbitrary size, for instance, the principal components of the adjacency matrix. This wide concatenation structure enjoys the great capability of avoiding over-smoothing and promoting flexibility, while the supplement of principal components can significantly improve the representation of heterophilic graphs. We provide a detailed theoretical analysis and conduct extensive experiments on eight datasets to demonstrate the superiority of the proposed WGNN.",None
https://openreview.net/forum?id=fvvcpsEl3Z6,Taming the Long Tail of Deep Probabilistic Forecasting,Deep probabilistic forecasting; Long tail error; Time Series forecasting; Trajectory forecasting,We propose novel loss augmentation approaches to mitigate long tail in error of deep probabilistic forecasting and achieve significantly better results than the base model and baseline methods.,"Deep probabilistic forecasting is gaining attention in numerous applications from weather prognosis, through electricity consumption estimation, to autonomous vehicle trajectory prediction. However, existing approaches focus on improvements on average metrics without addressing the long tailed distribution of errors. In this work, we observe long tail behavior in the error distribution of state-of-the-art deep learning methods for probabilistic forecasting. We present two loss augmentation methods to reduce tailedness: Pareto Loss and Kurtosis Loss. Both methods are related to the concept of moments, which measures the shape of a distribution. Kurtosis Loss is based on a symmetric measure, the fourth moment. Pareto Loss is based on an asymmetric measure of right tailedness and models loss using a Generalized Pareto Distribution (GPD). We demonstrate the performance of our methods on several real-world datasets, including time series and spatiotemporal trajectories, achieving significant improvements on tail error metrics, while maintaining and even improving upon average error metrics.",None
https://openreview.net/forum?id=ip0ENxmhIja,Approximate Conditional Coverage via Neural Model Approximations,distribution-free uncertainty quantification; split-conformal prediction sets; Venn Predictors,"We construct prediction sets over Transformer networks, via KNN-based approximations, obtaining reliable assumption- and parameter-light approximate conditional coverage.","We propose a new approach for constructing prediction sets for Transformer networks via the strong signals for prediction reliability from KNN-based approximations. This enables a data-driven partitioning of the high-dimensional feature space and a new Inductive Venn Predictor for calibration, the Venn-ADMIT Predictor. Our approach more closely obtains approximate conditional coverage than recent work proposing adaptive and localized conformal score functions for deep networks. We analyze coverage on several representative natural language processing classification tasks, including class-imbalanced and distribution-shifted settings.",None
https://openreview.net/forum?id=8thVleggPV_,AUTOJOIN: EFFICIENT ADVERSARIAL TRAINING FOR ROBUST MANEUVERING VIA DENOISING AUTOEN- CODER AND JOINT LEARNING,autonomous driving; machine learning; robust training,None,"As a result of increasingly adopted machine learning algorithms and ubiquitous sensors, many ‘perception-to-control’ systems are developed and deployed. For these systems to be trustworthy, we need to improve their robustness with adversarial training being one approach. We propose a gradient-free adversarial training technique, called AutoJoin, which is a very simple yet effective and efficient approach to produce robust models for imaged-based maneuvering. Compared to other SOTA methods with testing on over 5M perturbed and clean images, AutoJoin achieves significant performance increases up to the 40% range under gradient-free perturbations while improving on clean performance up to 300%. Regarding efficiency, AutoJoin demonstrates strong advantages over other SOTA techniques by saving up to 83% time per training epoch and 90% training data. Although not the focus of AutoJoin, it even demonstrates superb ability in defending gradient-based attacks. The core idea of AutoJoin is to use a decoder attachment to the original regression model creating a denoising autoencoder within the architecture. This architecture allows the tasks ‘maneuvering’ and ‘denoising sensor input’ to be jointly learnt and reinforce each other’s performance.",None
https://openreview.net/forum?id=zGy_wqpRGTa,Private Data Stream Analysis for Universal Symmetric Norm Estimation,differential privacy; norm estimation,We provide a differentially private algorithm that approximate an arbitrary number of symmetric norms on a data stream,"We study how to release summary statistics on a data stream subject to the constraint of differential privacy. In particular, we focus on releasing the family of \emph{symmetric norms}, which are invariant under sign-flips and coordinate-wise permutations on an input data stream and include $L_p$ norms, $k$-support norms, top-$k$ norms, and the box norm as special cases. Although it may be possible to design and analyze a separate mechanism for each symmetric norm, we propose a general parametrizable framework that differentially privately releases a number of sufficient statistics from which the approximation of all symmetric norms can be simultaneously computed. Our framework partitions the coordinates of the underlying frequency vector into different levels based on their magnitude and releases approximate frequencies for the ``heavy'' coordinates in important levels and releases approximate level sizes for the ``light'' coordinates in important levels.  Surprisingly, our mechanism allows for the release of an \emph{arbitrary} number of symmetric norm approximations without any overhead or additional loss in privacy. Moreover, our mechanism permits $(1+\alpha)$-approximation to each of the symmetric norms and can be implemented using sublinear space in the streaming model for many regimes of the accuracy and privacy parameters.",None
https://openreview.net/forum?id=mTOB_VK_BWk,StarGraph: Knowledge Representation Learning based on Incomplete Two-hop Subgraph,Knowledge Representation Learning; Knowledge Graph Embedding; Knowledge Graph; Self-Attention Network,knowledge representation learning based on incomplete local subgraph,"Conventional representation learning algorithms for knowledge graphs (KG) map each entity to a unique embedding vector, ignoring the rich information contained in the neighborhood. We propose a method named StarGraph, which gives a novel way to utilize the neighborhood information for large-scale knowledge graphs to obtain entity representations. An incomplete two-hop neighborhood subgraph for each target node is at first generated, then processed by a modified self-attention network to obtain the entity representation, which is used to replace the entity embedding in conventional methods. We achieved SOTA performance on ogbl-wikikg2 and got competitive results on fb15k-237. The experimental results proves that StarGraph is efficient in parameters, and the improvement made on ogbl-wikikg2 demonstrates its great effectiveness of representation learning on large-scale knowledge graphs.",None
https://openreview.net/forum?id=lu6qxw6-QEV,Enforcing Hard Constraints with Soft Barriers: Safe Reinforcement Learning in Unknown Stochastic Environments,None,None,"It is quite challenging to ensure the safety of reinforcement learning (RL) agents in an unknown and stochastic environment under hard constraints that require the system state not to reach certain specified unsafe regions. Many popular safe RL methods such as those based on the Constrained Markov Decision Process (CMDP) paradigm formulate safety violations in a cost function and try to constrain the expectation of cumulative cost under a threshold. However, it is often difficult to effectively capture and enforce hard reachability-based safety constraints indirectly with such constraints on safety violation cost. In this work, we leverage the notion of barrier function to explicitly encode the hard safety constraints, and given that the environment is unknown, relax them to our design of \emph{generative-model-based soft barrier functions}.  Based on such soft barriers, we propose a safe RL approach that can jointly learn the environment and optimize the control policy, while effectively avoiding the unsafe regions with safety probability optimization. 
Experiments on a set of examples demonstrate that our approach can effectively enforce hard safety constraints and significantly outperform CMDP-based baseline methods in system safe rate measured via simulations.",None
https://openreview.net/forum?id=zZXwDQFxwib,Integrating Episodic and Global Novelty Bonuses for Efficient Exploration,reinforcement learning; exploration; generalization,"We study when episodic and global novelty bonuses are useful in contextual MDPs, and find that it depends on the amount of shared structure across contexts; by combining them, we get SOTA results on MiniHack.","Exploration in environments which differ across episodes has received increasing attention in recent years. Current methods use some combination of global novelty bonuses, computed using the agent's entire training experience, and episodic novelty bonuses, computed using only experience from the current episode. However, the use of these two types of bonuses has been ad-hoc and poorly understood. In this work, we first shed light on the behavior these two kinds of bonuses on hard exploration tasks through easily interpretable examples. We find that the two types of bonuses succeed in different settings, with episodic bonuses being most effective when there is little shared structure between environments and global bonuses being effective when more structure is shared. We also find that combining the two bonuses leads to more robust behavior across both of these settings. Motivated by these findings, we then investigate different algorithmic choices for defining and combining function approximation-based global and episodic bonuses. This results in a new algorithm which sets a new state of the art across 18 tasks from the MiniHack suite used in prior work. Our code is public at \url{web-link}.",None
https://openreview.net/forum?id=VHyurNEKJBh,Dynamics-aware Skill Generation from Behaviourally Diverse Demonstrations,Learning from Demonstration; Reinforcement Learning,"Learning a diverse set of policies using states-only demonstrations collected from different individuals, where each individual performs the task differently, being influenced by their own preferences or expertise.","Learning from demonstrations (LfD) provides a data-efficient way for a robot to learn a task by observing humans performing the task, without the need for an explicit reward function. However, in many real-world scenarios (e.g., driving a car) humans often perform the same task in different ways, motivated not only by the primary objective of the task (e.g., reaching the destination safely) but also by their individual preferences (e.g., different driving behaviours), leading to a multi-modal distribution of demonstrations. In this work, we consider an LfD problem, where the reward function for the main objective of the task is known to the learning agent; however, the individual preferences leading to the variations in the demonstrations are unknown. We show that current LfD approaches learn policies that either track a single mode or the mean of the demonstration distribution. In contrast, we propose an algorithm to learn a diverse set of policies to perform the task, capturing the different modes in the demonstrations due to the diverse preferences of the individuals. We show that we can build a parameterised solution space that captures different behaviour patterns from the demonstrations. Then, a set of policies can be generated in solution space that generate a diverse range of behaviours that go beyond the provided demonstrations.",None
https://openreview.net/forum?id=W0VPud1QV69,DiP-GNN: Discriminative Pre-Training of Graph Neural Networks,None,"We propose a discriminative pre-training framework for graph neural networks (DiP-GNN), where we train a discriminator to distinguish edges generated by a generator from the original graph's edges.","Graph neural network (GNN) pre-training methods have been proposed to enhance the power of GNNs. Specifically, a GNN is first pre-trained on a large-scale unlabeled graph and then fine-tuned on a separate small labeled graph for downstream applications, such as node classification. One popular pre-training method is to mask out a proportion of the edges, and a GNN is trained to recover them. However, such a generative method suffers from graph mismatch. That is, the masked graph input to the GNN deviates from the original graph. To alleviate this issue, we propose DiP-GNN (Discriminative Pre-training of Graph Neural Networks). Specifically, we train a generator to recover identities of the masked edges, and simultaneously, we train a discriminator to distinguish the generated edges from the original graph's edges. The discriminator is subsequently used for downstream fine-tuning. In our pre-training framework, the graph seen by the discriminator better matches the original graph because the generator can recover a proportion of the masked edges. Extensive experiments on large-scale homogeneous and heterogeneous graphs demonstrate the effectiveness of the proposed framework. Our code will be publicly available.",None
https://openreview.net/forum?id=fZxdcpfwTQb,Learning to Act through Activation Function Optimization in Random Networks,artificial neural networks; activation functions; neural diversity,We optimize parameterized activation functions in fixed random networks to solve reinforcement learning tasks.,"Biological neural networks are characterised by a high degree of neural diversity, a trait that artificial neural networks (ANNs) generally lack.  
Additionally,  learning in ANNs is typically synonymous with only modifying the strengths of connection weights.    
However, there is much evidence from neuroscience that different classes of neurons each have crucial roles in the information processing done by the network. In nature, each neuron is a dynamical system that is a powerful information processor in its own right. In this paper we ask the question, how well can ANNs learn to perform reinforcement learning tasks only  through the optimization of neural activation functions, without any weight optimization? 
We demonstrate the viability of the method and show that the neural parameters are expressive enough to allow learning three different continuous control tasks without weight optimization.
These results open up for more possibilities for synergies between synaptic and neural optimization in ANNs in the future.",None
https://openreview.net/forum?id=2outcw5N9wH,Safer Reinforcement Learning with Counterexample-guided Offline Training,None,None,"Safe reinforcement learning (RL) aims at addressing the limitation of reinforcement learning in safety-critical scenarios, where failures during learning may incur high costs. Several methods exist to incorporate external knowledge or to use proximal sensor data to limit the exploration of unsafe states. However, dealing with (partially) unknown environments and dynamics, where an agent must discover safety threats during exploration, remains challenging. In this paper, we propose a method to abstract hybrid continuous-discrete systems into compact surrogate models representing the safety-relevant knowledge acquired by the agent at any time during exploration. We exploit probabilistic counterexamples generation to synthesise minimal, partial simulation environments from the surrogate model where the agent can train offline to produce heuristic strategies to minimise the risk of visiting unsafe states during subsequent online exploration. We demonstrate our method's effectiveness in increasing the agent's exploration safety on a selection of OpenAI Gym benchmarks.",None
