urls,titles,keywords,tldrs,abstracts,one_sentence_summ
https://openreview.net/forum?id=MsjB2ohCJO1,How to Do a Vocab Swap?  A Study of Embedding Replacement for Pre-trained Transformers,transfer learning; transformers; language models,We investigate strategies for swapping the vocabularies of transformer encoders using smart initializations.,"There are a wide range of different tokenizers and vocabularies that have been used to train language models, and training a language model on just one of these can be prohibitively expensive.  The ability to swap the vocabulary of a model after it has been trained enables models to be adapted to different tokenizers, and even different languages, without the computational or data cost of from-scratch training. In this paper, we ask when such swaps are possible, and how to perform them effectively? The major challenge of performing a vocab swap is re-learning the parameters of the embedding layer for the vocabulary. We observe that it is possible to re-learn the embedding for a vocabulary using a naive initialization, and we investigate strong initialization strategies that enable learning of new embeddings for swapped vocabularies, even when those vocabularies come from a different source language than the original language model.",None
https://openreview.net/forum?id=gY25_vAwX6G,Attribution Scores are Redundant: Explaining Feature Contribution By Trajectories,Interpretability; Trajectory Importance; Combinatorial Optimization,"We propose a novel form of explanation that not only outperforms attribution methods in the most commonly used insertion/deletion metric, but also is able to theoretically achieve the best possible explanations under such metric.","Opening black boxes and revealing the inner mechanism of deep models is vital in applying them to real-world tasks. As one of the most intuitive and straightforward explanations for deep models, attributive explanation methods have been extensively studied. Existing attribution methods typically assign attribution scores to each individual feature as an explanation. However, when we use or evaluate the explanations in practice, what really matters is not the attribution scores, but the rank order of features (e.g., identifying the top-contributing features, or checking for changes in the model output by masking features in order). In other words, achieving attribution scores is a redundant step in achieving explanations. To address this, we propose a novel framework TRAjectory importanCE (TRACE) which directly provides feature ranking explanations. Our method introduces several improvements. First, TRACE greatly reduces the set of feasible explanations, allowing us to actually solve for the best explanation. Second, TRACE is able to achieve the theoretically-grounded best possible explanation in commonly used deletion evaluations. Third, we provide extensive experiments to validate that TRACE outperforms attribution methods with a significant margin.",None
https://openreview.net/forum?id=_omKGvXq0oX,ESEAD: An Enhanced Simple Ensemble and Distillation Framework for Natural Language Processing,Natural Language Processing; Knowledge Distillation,A simple yet effective logits-based distillation method for natural language processing.,"Large-scale pre-trained language models (PLM) are today’s leading technology for a wide range of natural language processing tasks. However, the enormous size of these models may discourage their use in practice. To tackle this problem, some recent studies have used knowledge distillation (KD) to compress these large models into shallow ones. Despite the success of the knowledge distillation, it remains unclear how students learn. We extend knowledge distillation in this paper and propose an enhanced version of the logits-based distillation method, ESEAD, to utilize the knowledge of multiple teachers to assist student learning. In extensive experiments with total 13 tasks on the GLUE and SuperGLUE benchmarks, ESEAD with different fine-tuning paradigms (e.g., delta tuning) obtained superior results over other KD methods and even outperformed the teacher model on some tasks. In addition, ESEAD remained the best performing student model in the few-shot (e.g., 100 samples) settings.",None
https://openreview.net/forum?id=2BruD7pa7E,Global View For GCN: Why Go Deep When You Can Be Shallow?,GCN; GNN; Clustering; Semi-supervised Learning,None,"Existing graph convolutional network (GCN) methods attempt to expand the receptive field of its convolution by either stacking up more convolutional layers or accumulating multi-hop adjacency matrices. Either approach increases computation complexity while providing a limited view of the network topology. We propose to extend k-hop adjacency matrices into one generalized exponential matrix to provide GCNs with a global overview of the network topology. This technique allows the GCNs to learn global topology without going deep and with much fewer parameters than most state-of-the-art GCNs, challenging the common assumption that deep GCNs are empirically better for learning global features. We show a significant improvement in performance in semi-supervised learning when this technique is used for common GCNs while maintaining much shallower network architectures ($\leq4$ layers) than the existing ones.",None
https://openreview.net/forum?id=94bybXmOLz-,Generative Adversarial Federated Model,None,None,"As an emerging technique, vertical federated learning collaborates with different data sources to jointly train a machine learning model without data exchange. However, federated learning is computationally expensive and inefficient in modeling due to complex encryption algorithms or secure computation protocols. Split learning offers a solution to the high computational cost and low modeling efficiency of traditional federated learning using encryption algorithms or secure computation protocols. However, vanilla split learning still suffers privacy leakage, especially the label leakage from the active party. Here, we propose the Generative Adversarial Federated Model (GAFM) built upon the vanilla split learning framework and the Generative Adversarial Network (GAN) for improved label privacy protection against commonly used attacks. In our empirical studies on two publicly available datasets, GAFM showed significant performance improvement for prediction and label privacy protection compared to existing models, including Marvell and SplitNN, which is an application of split learning to neural networks. We provide intuition on why GAFM can improve over SplitNN and Marvell and demonstrate that GAFM offers label protection through gradient perturbation compared to SplitNN.",None
https://openreview.net/forum?id=AgQ4GpzzRT,Unsupervised Pretraining for Neural Value Approximation,reinforcement learning; Neural Tangent Kernels; unsupervised pretraining; neural value approximation,The paper presents an unsupervised pretraining approach that learns initializations of the critic/value network which possess desirable generalization properties in the context of deep reinforcement learning.,"Deep neural networks are powerful function approximators and have successfully been employed for the parameterization of value functions in deep reinforcement learning. Neural value approximation is a powerful paradigm for model-free control but it can often result in instability and divergence, especially when combined with off-policy learning and bootstrapping. Recent works have revealed some intrinsic connections between the unstable behavior of neural value approximation and the generalization properties of the value network/critic. Motivated by this, we propose a simple and computationally efficient unsupervised pretraining method to be performed before neural value learning. The method learns initializations of the critic parameters that correspond to Neural Tangent Kernels with desirable generalization structures. We demonstrate the merits of our approach by combining it with the Soft Actor-Critic algorithm and testing its performance on the continuous control environments of the DeepMind Control Suite. Our approach results in considerable improvements in reward accumulation, sample efficiency and stability for the majority of the domain environments. Furthermore, the use of the proposed pretraining enables us to retain the performance gains when changing the in between layers activation function of the critic architecture.",None
https://openreview.net/forum?id=_SQ-303Iu6G,EENet: Learning to Early Exit for Adaptive Inference,deep learning; edge computing; computational efficiency,"We introduce EENet, a novel, lightweight early exit policy optimization method for budgeted adaptive inference with early exits.","Budgeted adaptive inference with early exits is an emerging technique to improve the computational efficiency of deep neural networks (DNNs) for edge AI applications with limited resources at test time. This method leverages the fact that different test data samples may not require the same amount of computation for a correct prediction. By allowing early exiting from full layers of DNN inference for some test examples, we can reduce latency and improve throughput of edge inference while preserving performance. Although there have been numerous studies on designing specialized DNN architectures for training early-exit enabled DNN models, most of the existing work employ hand-tuned or manual rule-based early exit policies. In this study, we introduce a novel multi-exit DNN inference framework, coined as EENet, which leverages multi-objective learning to optimize the early exit policy for a trained multi-exit DNN under a given inference budget. This paper makes two novel contributions. First, we introduce the concept of early exit utility scores by combining diverse confidence measures with class-wise prediction scores to better estimate the correctness of test-time predictions at a given exit. Second, we train a lightweight, budget-driven, multi-objective neural network over validation predictions to learn the exit assignment scheduling for query examples at test time. The EENet early exit scheduler optimizes both the distribution of test samples to different exits and the selection of the exit utility thresholds such that the given inference budget is satisfied while the performance metric is maximized. Extensive experiments are conducted on five benchmarks, including three image datasets (CIFAR-10, CIFAR-100, ImageNet) and two NLP datasets (SST-2, AgNews). The results demonstrate the performance improvements of EENet compared to existing representative early exit techniques. We also perform an ablation study and visual analysis to interpret the results.",None
https://openreview.net/forum?id=Jg-oXkENo2p,Re-calibrated Wasserstein GAN for large-scale imputation with informative missing,deep learning; data imputation; missing data; neural networks; Wasserstein GAN; quantile regression,We develop a novel method for imputing missing data in large scale health records using a Wasserstein GAN whose loss function is reweighted by missingness probability estimates,Missing data are pervasive in electronic health records (EHR) and oftentimes the missingness is informative (i.e. Missing Not At Random). Presently available imputation methods typically do not account for this informative missingness or are computationally infeasible to handle the scale of EHR data. We develop a deep learning imputation method based on \textit{recalibrating} a Wasserstein Generative Adversarial Network (WGAN) to account for informative missingness in high-dimensional quantitative medical data. We propose a new quantile re-weighting technique to ensure distributional equivariance under informative missingness and integrate it with WGAN to enable efficient imputations in large-scale observational data in presence of informative missingness and covariate imbalance. Results from our proposed algorithm show better recovery compared to present methods in both synthetic and real-world data from the Reactions to Acute Hospitalization (REACH)  and laboratory test results of COVID-19 patients in the New York Metropolitan area from the INSIGHT dataset.,None
https://openreview.net/forum?id=wkZcA4Lb7Mw,Injecting knowledge into language generation: a case study in auto-charting after-visit care instructions from medical dialogue,neural language generation; sequence-to-sequence; knowledge injection; medical dialogue data; care plan generation; EHR auto-charting,We propose an approach for injecting domain knowledge into neural autoregressive language models using marginal probability regularization during training and apply it to the care plan generation task.,"Factual correctness is often the limiting factor in practical applications of natural language generation in high-stake domains such as healthcare. An essential requirement for maintaining factuality is the ability to deal with rare tokens. This paper focuses on rare tokens that appear in both the source and reference sequences, and which, when missed during generation, can hamper the factual correctness of the generated text. Starting from our fundamental premise that high-stake domains are also knowledge-rich, we show how to use knowledge to (a) identify what rare tokens that appear in both source and reference are important and (b) uplift their conditional probability. We introduce the ``utilization rate'' that encodes knowledge and serves as a regularizer by maximizing the marginal probability of selected tokens. We present a study in a knowledge-rich domain of healthcare, where we tackle the problem of generating after-visit care instructions based on patient-doctor dialogues. We verify that, in our dataset, specific medical concepts with high utilization rates are underestimated by conventionally trained sequence to sequence models. We observe that correcting this with our approach to knowledge injection reduces the uncertainty of the model and improves factuality and coherence without negatively impacting fluency.",None
https://openreview.net/forum?id=9OL2fIfDLK,ESC: A Benchmark For Multi-Domain End-to-End Speech Recognition,speech; end-to-end; evaluation; benchmark,None,"Speech recognition applications cover a range of different audio and text distributions, with different speaking styles, background noise, transcription punctuation and character casing. However, many speech recognition systems require dataset-specific tuning (audio filtering, punctuation removal and normalisation of casing), therefore assuming a-priori knowledge of both the audio and text distributions. This tuning requirement can lead to systems failing to generalise to other datasets and domains. To promote the development of multi-domain speech systems, we introduce the End-to end Speech Challenge (ESC) for evaluating the performance of a single automatic speech recognition (ASR) system across a broad set of speech datasets. Benchmarked systems must use the same data pre- and post-processing algorithm across datasets - assuming the audio and text data distributions are a-priori unknown. We compare a series of state-of-the-art (SoTA) end-to-end (E2E) systems on this benchmark, demonstrating how a single speech system can be applied and evaluated on a wide range of data distributions. We find E2E systems to be effective across datasets: in a fair comparison, E2E systems achieve within 2.6% of SoTA systems tuned to a specific dataset. Our analysis reveals that transcription artefacts, such as punctuation and casing, pose difficulties for ASR systems and should be included in evaluation. We believe E2E benchmarking over a range of datasets promotes the research of multi-domain speech recognition systems.",None
https://openreview.net/forum?id=k8hq5rkmsJ_,EiX-GNN : Concept-level eigencentrality explainer for graph neural networks,None,None,"Nowadays, deep prediction models, especially graph neural networks, have a major place in critical applications. In such context, those models need to be highly interpretable or being explainable by humans, and at the societal scope, this understanding may also be feasible for humans that do not have a strong prior knowledge in models and contexts that need to be explained. In the literature, explaining is a human knowledge transfer process regarding a phenomenon between an explainer and an explainee. We propose EiX-GNN (Eigencentrality eXplainer for Graph Neural Networks) a new powerful method for explaining graph neural networks that encodes computationally this social explainer-to-explainee dependence underlying in the explanation process. To handle this dependency, we introduce the notion of explainee concept assimibility which allows explainer to adapt its explanation to explainee background or expectation. We lead a qualitative study to illustrate our explainee concept assimibility notion on real-world data as well as a qualitative study that compares, according to objective metrics established in the literature, fairness and compactness of our method with respect to performing state-of-the-art methods. It turns out that our method achieves strong results in both aspects.",None
https://openreview.net/forum?id=mKNAOg7CLX,Towards Dynamic Sparsification by Iterative Prune-Grow LookAheads,Network pruning; Network growing; Efficient Networks,Network pruning via an iterative Grow-and-Prune approach,"Model sparsification is a process of removing redundant connections in a neural network, making it more compact and faster. Most pruning methods start with a dense pretrained model, which is computationally intensive to train. Other pruning approaches perform compression at initialization which saves training time, however, at the cost of final accuracy as an unreliable architecture can be selected given weak feature representation. In this work, we re-formulate network sparsification as an exploitation-exploration process during initial training to enable dynamic learning of network sparsification. The exploitation phase assumes architecture stability and trains it to maximize accuracy. Whereas the exploration phase challenges the current architecture with a novel $\textit{LookAhead}$ step that reactivates pruned parameters, quickly updates them together with existing ones, and reconfigures the sparse architecture with a pruning-growing paradigm. We demonstrate that $\textit{LookAhead}$ methodology can effectively and efficiently oversee both architecture and performance during training, enabling early pruning with a capability of future recovery to correct previous poor pruning selections. Extensive results on ImageNet and CIFAR datasets show consistent improvements over the prior art by large margins, for varying networks towards both structured and unstructured sparsity. For example, our method surpasses recent work by $+1.3\%$ top-1 accuracy at the same compression ratio for ResNet50-ImageNet unstructured sparsity. Moreover, our structured sparsity results also improve upon the previous best hardware-aware pruning method by $+0.8\%$ top-1 accuracy for MobileNet-ImageNet sparsification, offering $+134$ in hardware FPS(im/s), while halving the training cost.",None
https://openreview.net/forum?id=rRgLJ8TwXe,Learning Useful Representations for Shifting Tasks and Distributions ,rich representation learning; supervised transfer learning; self-supervised transfer learning; few shot learning; out-of-distribution robust learning,None,"Representation learning in deep models usually happens as a side effect of minimizing the expected risk using back-propagation. However, one of the challenges of modern deep learning is the increasingly recognized need to deal with multiple tasks and varying data distributions, as illustrated, for instance, by the value of transfer learning and the risks of shortcut learning. Are the representations learned by back-propagation up to the task?
This work presents and empirically evaluates two methods that combine the feature extractors learned during multiple training episodes and construct a representation that is richer than those usually obtained through a single expected risk minimization episode. Comprehensive experiments in supervised transfer learning, self-supervised transfer learning, few-shot learning, and out-of-distribution robust learning scenarios, show that such rich representations can match and often exceed the performance of those obtained by training an equivalently sized network, with usually a far less computational burden.",None
https://openreview.net/forum?id=BLNZwf-9k09,Architectural Backdoors in Neural Networks,None,paper demonstrates a backdoor that can be planted at the architectural definition level of a neural network,"Machine learning is vulnerable to adversarial manipulation. Previous literature has demonstrated that at the training stage attackers can manipulate data (Gu et al.) and data sampling procedures (Shumailov et al.) to control model behaviour. A common attack goal is to plant backdoors i.e. force the victim model to learn to recognise a trigger known only by the adversary. In this paper, we introduce a new class of backdoor attacks that hide inside  model architectures i.e. in the inductive bias of the functions used to train. These backdoors are simple to implement, for instance by publishing open-source code for a backdoored model architecture that others will reuse unknowingly. We demonstrate that model architectural backdoors represent a real threat and, unlike other approaches, can survive a complete re-training from scratch. We formalise the main construction principles behind architectural backdoors, such as a link between the input and the output, and describe some possible protections against them. We evaluate our attacks on computer vision benchmarks of different scales and demonstrate the underlying vulnerability is pervasive in a variety of common training settings.",None
https://openreview.net/forum?id=aZlmMFHaqPg,Zero-shot Human-Object Interaction Recognition by Bridging Generative and Contrastive Image-Language Models,Zero-shot; knowledge distillation; Human-Object Interaction,Our zero-shot HOI classifier outperforms supervised SOTAs by using a heterogeneous teach-student framework which bridges generative and contrastive pre-trained image-language models through pseudo-label distillation.,"Existing studies in Human-Object Interaction (HOI) recognition rely heavily on costly human-annotated labels, limiting the application of HOI in real-world scenarios like retail and surveillance. To address this issue, this paper investigates a new zero-shot setup where no HOI labels are available for any image. We propose a novel heterogenous teacher-student framework that bridges two types of pre-trained models, namely contrastive (e.g., CLIP) and generative (e.g., GIT) image-language models. To bridge their gap, we introduce pseudo-label distillation to extract HOI probabilities from image captions to train the student classifier. Our method leverages the complementary strengths of both models. As a result, the student model has ""the best of two worlds"", e.g., the compact backbone of a contrastive model and the fine-grained discriminability of a generative (captioning) model. It achieves 49.6 mAP on the HICO dataset without any ground-truth labels, becoming a new state-of-the-art that outperforms previous supervised approaches. Code will be released upon acceptance.",None
https://openreview.net/forum?id=rCtDTKgxyMz,The Minimal Feature Removal Problem in Neural Networks,None,None,"We present the \emph{minimal feature removal problem} for neural networks, a combinatorial problem which has interesting potential applications for improving interpretability and robustness of neural network predictions. For a given input to a trained neural network, our aim is to compute a smallest set of input features so that the model prediction changes when these features are disregarded by setting them to a given uninformative baseline value. While computing such minimal subsets of features is computationally intractable in general for fully-connected neural networks, we show that the problem becomes solvable in polynomial time by a greedy algorithm under mild assumptions on the network's activation functions.  We then show that our tractability result extends seamlessly to more advanced neural network architectures such as  convolutional and graph neural networks. Our experiments on standard datasets show favourable performance of our greedy algorithm in practice.",None
https://openreview.net/forum?id=HmdOxc8zIWx,Can we achieve robustness from data alone?,None,None,"In robust machine learning, there is a widespread belief that samples can be decomposed into robust features (parts of the data that withstand small perturbations) and non-robust ones, and it is the role of the robust algorithm (i.e. adversarial training) to amplify the former and erase the latter. In this work, we challenge this view and try to position adversarial robustness as a more model-dependent property: many approaches that assume this simplistic distinction in the features, optimizing the data directly, only give rise to superficial adversarial robustness. We revisit prior approaches in the literature that were believed to be robust, and proceed to devise a principled meta-learning algorithm, that optimizes the dataset for robustness. Our method can be thought as a non-parametric version of adversarial training, and it is of independent interest and potentially wider applicability. Specifically, we cast the bi-level optimization as a min-max procedure on kernel regression, with a class of kernels that describe infinitely wide neural nets (Neural Tangent Kernels). Through extensive experiments we analyse the properties of the models trained on the optimized datasets and identify their shortcomings - all of them come in a similar flavor.",None
https://openreview.net/forum?id=3UDAU2unja,Perceptual Grouping in Vision-Language Models,vision-language models; multimodal learning; perceptual grouping; image segmentation,We describe a minimal set of changes to vision-language models to endow these models with perceptual grouping and localization information.,"Recent advances in zero-shot image recognition suggest that vision-language models learn generic visual representations with a high degree of semantic information that may be arbitrarily probed with natural language phrases. Understanding an image, however, is not just about understanding {\it what} content resides within an image, but importantly, {\it where} that content resides. In this work we examine how well vision-language models are able to understand where objects reside within an image and group together visually related parts of the imagery. We demonstrate how contemporary vision and language representation learning models based on contrastive losses and large web-based data capture limited object localization information. We propose a minimal set of modifications that results in models that uniquely learn both semantic and spatial information. We measure this performance in terms of zero-shot image recognition, unsupervised bottom-up and top-down semantic segmentations, as well as robustness analyses. We find that the resulting model achieves state-of-the-art results in terms of unsupervised segmentation, and demonstrate that the learned representations are uniquely robust to spurious correlations in datasets designed to probe the causal behavior of vision models.",None
https://openreview.net/forum?id=w22mvGyIysy,Synthetic Pre-Training Tasks for Neural Machine Translation,machine translation; synthetic data pre-training; toxicity and bias,None,"Pre-training is an effective technique for ensuring robust performance on a variety of machine learning tasks. It typically depends on large-scale crawled corpora that can result in toxic or biased models. Such data can also be problematic with respect to copyright, attribution, and privacy. Pre-training with synthetic tasks and data is a promising way of alleviating such concerns since no real-world information is ingested by the model. Our goal in this paper is to understand what makes for a good pre-trained model when using synthetic resources. We answer this question in the context of neural machine translation by considering two novel approaches to translation model pre-training. Our first approach studies the effect of pre-training on obfuscated data derived from a parallel corpus by mapping words to a vocabulary of `nonsense' tokens. Our second approach explores the effect of pre-training on procedurally generated synthetic parallel data that does not depend on any real human language corpus. Our empirical evaluation on multiple language pairs shows that, to a surprising degree, the benefits of pre-training can be realized even with obfuscated or purely synthetic parallel data. In our analysis, we consider the extent to which obfuscated and synthetic pre-training techniques can be used to mitigate the issue of hallucinated model toxicity.",None
https://openreview.net/forum?id=jxAle6zdyTI,BIG-Graph: Brain Imaging Genetics by Graph Neural Network,Imaging Genetics; Graph Neural Network; Brain Network; genome-wide association studies,None,"Imaging genetics is one of the foremost emerging fields in neuroscience research that aims to combine neuroimaging and genetic information with phenotypes to shed light on inherent underlying mechanisms. While significant progress has been made in integrating brain imaging, like functional magnetic resonance imaging (fMRI), with genetic data, such as single nucleotide polymorphisms (SNPs), little progress has been made in studying them jointly using graph structures. To raise a new perspective and overcome challenges in analyzing data with high dimensionality and inherently complex relationships, we developed a graphical neural network model (BIG-Graph) that jointly learns to effectively represent both neuroimaging and genetic data in a nonlinear manner without any prior knowledge. Here, we demonstrate that joint learning of imaging-genetics using BIG-Graph largely outperforms existing state-of-the-art Imaging genetics models and networks trained separately on neuroimaging or genetic data in predicting a variety of phenotypes.",None
https://openreview.net/forum?id=i3DLC5xIAJN,Optimizing the Performance of Text Classification Models by Improving the Isotropy of the Embeddings using a Joint Loss Function,None,None,"Recent studies show that the spatial distribution of the sentence representations generated from pre-trained language models is highly anisotropic, meaning that the representations are not uniformly distributed among the directions of the embedding space. Thus, the expressiveness of the embedding space is limited, as the embeddings are less distinguishable and less diverse. This results in a degradation in the performance of the models on the downstream task. Most methods that define the state-of-the-art in this area proceed by improving the isotropy of the sentence embeddings by refining the corresponding contextual word representations, then deriving the sentence embeddings from these refined representations. In this study, we propose to improve the quality and distribution of the sentence embeddings extracted from the [CLS] token of the pre-trained language models by improving the isotropy of the embeddings. We add one feed-forward layer, referred to as the Isotropy Layer,  between the model and the downstream task layers. We train this layer using a novel joint loss function that optimizes an isotropy quality measure and the downstream task loss. This joint loss pushes the embeddings outputted by the Isotropy Layer to be more isotropic, and it also retains the semantics needed to perform the downstream task. The proposed approach results in transformed embeddings with better isotropy, that generalize better on the downstream task. Furthermore, the approach requires training one feed-forward layer, instead of retraining the whole network.  We quantify and evaluate the isotropy through multiple metrics, mainly the Explained Variance and the IsoScore. Experimental results on 3 GLUE datasets with classification as the downstream task show that our proposed method is on par with the state-of-the-art, as it achieves performance gains of around 2-3% on the downstream tasks compared to the baseline.",None
https://openreview.net/forum?id=YlvyUw4wDgs,Combining pretrained speech and text encoders for spoken language processing,Spoken language processing; Multi-modal SLU; Encoder fusion,"we propose to combine pretrained speech and text encoders via cross-attention, and we show the application of the proposed architecture in multiple spoken language processing systems","Spoken Language Processing tasks that extract information from speech signal, have the advantage of using both speech and text modalities. In this paper, we propose to combine pretrained speech and text encoders via cross-attention, and we show the application of the proposed architecture in multiple spoken language processing systems. Our results indicate that it's more efficient to re-purpose previously trained independent modality encoders and learn only cross-attention from scratch. This resultant architecture captures both acoustic and lexical information, and performs text tagging while attending to speech encoder for improved results. We use compact pretrained speech and text encoder which are resource efficient and can be trained on a single consumer GPU card.",None
https://openreview.net/forum?id=yI_xwoYO6cF,Contrastive introspection (ConSpec) to rapidly identify invariant steps for success,Reinforcement learning; long term credit assignment; rapid credit assignment; contrastive learning; few-shot learning in RL,"In ConSpec, a contrastive loss rapidly identifies invariances among successful episodes, even in tasks with sparse rewards and multiple contingencies.","Reinforcement learning (RL) algorithms have achieved notable success in recent years, but still struggle with fundamental issues in long-term credit assignment. It remains difficult to learn in situations where success is contingent upon multiple critical steps that are distant in time from each other and from a sparse reward; as is often the case in real life. Moreover, how RL algorithms assign credit in these difficult situations is typically not coded in a way that can rapidly generalize to new situations. Here, we present an approach using offline contrastive learning, which we call contrastive introspection (ConSpec), that can be added to any existing RL algorithm and addresses both issues. In ConSpec, a contrastive loss is used during offline replay to identify invariances among successful episodes. This takes advantage of the fact that it is easier to retrospectively identify the small set of steps that success is contingent upon than it is to prospectively predict reward at every step taken in the environment. ConSpec stores this knowledge in a collection of prototypes summarizing the intermediate states required for success. During training, arrival at any state that matches these prototypes generates an intrinsic reward that is added to any external rewards. As well, the reward shaping provided by ConSpec can be made to preserve the optimal policy of the underlying RL agent. The prototypes in ConSpec provide two key benefits for credit assignment: (1) They enable rapid identification of all the critical states. (2) They do so in a readily interpretable manner, enabling out of distribution generalization when sensory features are altered. In summary, ConSpec is a modular system that can be added to any existing RL algorithm to improve its long-term credit assignment.",None
https://openreview.net/forum?id=4lw-X9jRi1c,UniS-MMC: Learning Unimodality-supervised Multimodal Contrastive Representations,multimodal learning; contrastive learning; multi-task learning,This paper proposes a novel multi-task-based multimodal contrastive method for multimodal representation learning (multimodal classification task).,"Multimodal learning aims to imitate human beings to acquire complementary information from multiple modalities for final decisions.  
However, just like a human's final decision can be confused by specific erroneous information from the environment, current multimodal learning methods also suffer from uncertain unimodal prediction when learning multimodal representations. In this work, we propose to contrastively explore reliable representations and increase the agreement among the unimodal representations that alone make potentially correct predictions.
Specifically, we first capture task-related representations by directly sharing representations between unimodal and multimodal learning tasks. With the unimodal representations and predictions from the multitask-based framework, we then propose a novel multimodal contrastive learning method to align the representations towards the relatively more reliable modality under the weak supervision of the unimodal predictions.
Experimental results on two image-text benchmarks UPMC-Food-101 and N24News, and two medical benchmarks ROSMAP and BRCA, show that our proposed Unimodality-supervised Multimodal Contrastive (UniS-MMC) learning method outperforms current state-of-the-art multimodal learning methods. The detailed ablation studies further demonstrate the advantage of our proposed method.",None
https://openreview.net/forum?id=T9iojz-kOfU,Panoptically guided Image Inpainting with Image-level and Object-level Semantic Discriminators,Generative model; image inpainting; image manipulation,Guided Image Inpainting and image inpainting with a novel discriminator design.,"Recent image inpainting methods have made great progress. However, the existing approaches often struggle to hallucinate realistic object instances in natural scenes. Such a limitation is partially due to the lack of semantic-level constraints inside the hole as well as the lack of a mechanism to enforce the realism of local objects. To tackle the challenging object inpainting task, we propose a new panoptically guided image inpainting task that leverages a panoptic segmentation map to guide the completion of object instances. To enforce the realism of the generated objects, we propose a semantic discriminator that leverages pretrained visual features to improve the generated semantics. Furthermore, we propose object-level discriminators that take aligned instances as input to enforce the realism of individual objects. Experiments on the large-scale Places2 dataset demonstrate the significant improvement by our method on object completion, verified in both quantitative and qualitative evaluation. Furthermore, our framework is flexible and can be generalized to other inpainting tasks including segmentation-guided inpainting, edge-guided inpainting, as well as standard image inpainting without guidance. Consequently, our approach achieves new state-of-the-art performance on the various inpainting tasks and impressive results on object completion.",None
https://openreview.net/forum?id=ZpzkcSqsdmX,UnDiMix: Hard Negative Sampling Strategies for Contrastive Representation Learning,Contrastive Learning; Self-Supervised Learning; Hard Negative Sampling,"We introduce UnDimix, a hard negative sampling strategy that takes into account anchor similarity, model uncertainty and representativeness","One of the challenges in contrastive learning is the selection of appropriate \textit{hard negative} examples, in the absence of label information. 
Random sampling or importance sampling methods based on feature similarity often lead to sub-optimal performance. 
In this work, we introduce \modelname, a hard negative sampling strategy that takes into account anchor similarity, model uncertainty and diversity. 
Experimental results on several benchmarks show that \modelname improves negative sample selection, and subsequently downstream performance when compared to state-of-the-art contrastive learning methods. Code is available at \textit{anon. link",None
https://openreview.net/forum?id=G2AA1eB1vVE,Learning Robust Representations via Nuisance-extended Information Bottleneck,out-of-distribution robustness; information bottleneck; representation learning; autoencoder,We propose to model the nuisance of information bottleneck for out-of-distribution generalization.,"The information bottleneck (IB) is a principled approach to obtain a succinct representation $\mathbf{x} \rightarrow \mathbf{z}$ for a given downstream task $\mathbf{x} \rightarrow \mathbf{y}$: namely, it finds $\mathbf{z}$ that (a) maximizes the (task-relevant) mutual information $I(\mathbf{z}; \mathbf{y})$, while (b) minimizing $I(\mathbf{x}; \mathbf{z})$ to constrain the capacity of $\mathbf{z}$ for better generalization. In practical scenarios where the training data is limited, however, many predictive-yet-compressible signals in the data can be rather from some biases in data acquisition (i.e., less generalizable), so that even the IB objective cannot prevent $\mathbf{z}$ from co-adapting on such (so-called) ""shortcut"" signals. To bypass such a failure mode, we consider an adversarial threat model of $\mathbf{x}$ under constraint on the mutual information $I(\mathbf{x}; \mathbf{y})$. This motivates us to extend IB to additionally model the nuisance information against $\mathbf{z}$, namely $\mathbf{z}_n$, so that $(\mathbf{z}, \mathbf{z}_n)$ can reconstruct $\mathbf{x}$. To enable the idea, we propose an auto-encoder based training upon the variational IB framework, as well as practical encoder designs to facilitate the proposed hybrid discriminative-generative training considering both convolutional- and Transformer-based architectures. Our experimental results show that the proposed scheme improves robustness of learned representations (remarkably without using any domain-specific knowledge), with respect to multiple challenging modern security measures including novelty detection, corruption (or natural) robustness and certified adversarial robustness.",None
https://openreview.net/forum?id=K1DdnjL6p7,A simple Training-Free Method for Rejection Option,rejection option; safety AI; deep learning,We present a simple yet effective method to implement the rejection option for a pre-trained classifier.,"We present a simple yet effective method to implement the rejection option for a pre-trained classifier. Our method is based on a sound mathematical framework, enjoys good properties, and is hyperparameter free. It is lightweight, since it does not require any re-training of the network, and it is flexible, since it can be used with any model that outputs soft-probabilities. We compare our solution to state-of-the-art methods considering popular benchmarks (Cifar-10, Cifar-100, SVHN), and various models (VGG-16, DenseNet-121, ResNet-34). At evaluation time, our method, which is applied post-training to any classification model, achieves similar or better results with respect to its competitors that usually require further training and/or tuning of the models.",None
https://openreview.net/forum?id=SKat5ZX5RET,Self-Programming Artificial Intelligence Using Code-Generating Language Models,Self-programming AI; NLP; code generation; AutoML,We develop and experimentally validate the first practical implementation of a self-reprogramming AI system.,"Recent progress in large-scale language models has enabled breakthroughs in previously intractable computer programming tasks. Prior work in meta-learning and neural architecture search has led to substantial successes across various task domains, spawning myriad approaches for algorithmically optimizing the design and learning dynamics of deep learning models. At the intersection of these research areas, we implement a code-generating language model with the ability to modify its own source code. Self-programming AI algorithms have been of interest since the dawn of AI itself. Although various theoretical formulations of generalized self-programming AI have been posed, no such system has been successfully implemented to date under real-world computational constraints. Applying AI-based code generation to AI itself, we develop and experimentally validate the first practical implementation of a self-programming AI system. We empirically show that a self-programming AI implemented using a code generation model can successfully modify its own source code to improve performance and program sub-models to perform auxiliary tasks. Our model can self-modify various properties including model architecture, computational capacity, and learning dynamics.",None
https://openreview.net/forum?id=US0hgxTfU7i,Unscented Autoencoder,generative models; variational autoencoders; deterministic autoencoders; unscented transform; wasserstein metric,Sampling fixed sigma points and regularizing posterior moments in VAEs promotes reconstruction quality while preserving a smooth latent space.,"The Variational Autoencoder (VAE) is a seminal approach in deep generative modeling with latent variables. It performs posterior inference by parameterizing a distribution of latent variables in the stochastic encoder (while penalizing the disparity to an assumed standard normal prior), and achieves sample reconstruction via a deterministic decoder. In our work, we start from a simple interpretation of the reconstruction process: a nonlinear transformation of the stochastic encoder. We apply the Unscented Transform (UT) from the field of filtering and control -- a well-known distribution approximation used in the Unscented Kalman Filter (UKF). A finite set of statistics called sigma points that are sampled deterministically provides a more informative and lower-variance posterior representation than the ubiquitous noise-scaling of the reparameterization trick. Inspired by the unscented transform, we derive a novel deterministic flavor of the VAE, the Unscented Autoencoder (UAE), trained purely with regularization-like terms on the per-sample, full-covariance posterior. A key ingredient for the good performance is the Wasserstein distribution metric in place of the Kullback-Leibler (KL) divergence, effectively performing covariance matrix regularization while allowing for a sharper posterior, which especially benefits reconstruction. Nevertheless, our results are consistent with recent findings showing that deterministic models can ensure good sample quality and smooth interpolation in the latent space. We empirically show superior performance in Fréchet Inception Distance (FID) scores over closely-related models, in addition to a lower training variance than the VAE.",None
https://openreview.net/forum?id=AfmFjelAqW6,Hierarchical Neural Program Synthesis,None,None,"Program synthesis aims to automatically construct human-readable programs that satisfy given task specifications such as input/output pairs or demonstrations. Recent works have demonstrated encouraging results in a variety of domains such as string transformation, tensor manipulation, and describing behaviors of embodied agents. Most existing program synthesis methods are designed to synthesize programs from scratch, generating a program token by token, line by line. This fundamentally prevents these methods from scaling up to synthesize programs that are longer or more complex. In this work, we present a scalable program synthesis framework that instead synthesizes a program by hierarchically composing programs. Specifically, we first learn a task embedding space and a program decoder that can decode a task embedding into a program. Then, we train a high-level module to comprehend the task specification (e.g. input/output pairs or demonstrations) from long programs and produce a sequence of task embeddings, which are then decoded by the program decoder and composed to yield the synthesized program. We extensively evaluate our proposed framework in a string transformation domain with input/output pairs. The experimental results demonstrate that the proposed framework can synthesize programs that are significantly longer and more complex than the programs considered in prior program synthesis works",None
https://openreview.net/forum?id=fKemamaw9M,Robustifying Language Models via Adversarial Training with Masked Gradient,NLP; language model; robustness; classification,None,"Fine-tuning pre-trained language models (LMs) has become the de-facto standard method for improving state-of-the-art performances on various NLP tasks. Although these models are usually evaluated with accuracy on fixed validation sets, it is insufficient for the reliable deployment of fine-tuned LMs in real-world settings, as there are known issues within existing model evaluations, such as adversarial robustness and model calibration. To address such issues, we propose a simple yet effective training algorithm, coined Robustifying LMs via Adversarial training with Masked gradient (RAM), to improve the robustness of fine-tuned LMs. In particular, we leverage adversarial training to robustify LMs for various types of perturbations. Simultaneously, to prevent the trained model from largely deviating from the initial pre-trained model, we selectively update the important model parameters using the masked gradients; their relative importance is obtained from the gradients calculated during training. Consequently, it enables the model to preserve the generalizability of the pre-trained model while improving its robustness. Additionally, we construct a new benchmark to evaluate the robustness of fine-tuned LMs in terms of four representative aspects of model robustness in a unified way. Under these benchmarks, we demonstrate the effectiveness of RAM compared to other state-of-the-art fine-tuning methods, and verify that RAM is successfully robustifying various types of LMs. Our work suggests a rethinking of the robustness aspect of LMs as an essential direction for their reliable deployment, along with a simple yet effective solution.",None
https://openreview.net/forum?id=yVcLmMW5ySI,PromptCAL: Contrastive Affinity Learning via Auxiliary Prompts for Generalized Category Discovery,Novel class discovery; General category discovery; Self-supervised learning; Label propagation,Our approach seeks to discover known and unknown classes in the unlabelled datasets using affinity relationships between samples via auxiliary prompts.,"Recent advances in semi-supervised learning (SSL) have achieved remarkable success in learning with partially labeled in-distribution data. However, many existing SSL models fail to learn on unlabeled data sampled from novel semantic classes and thus rely on the closed-set assumption. In this work, we adopt the open-set SSL setting and target a pragmatic but under-explored generalized category discovery (GCD) setting. The GCD setting aims to categorize unlabeled training data coming from known or unknown novel classes by leveraging the information in the labeled data. We propose a two-stage contrastive affinity learning method with auxiliary visual prompts, dubbed PromptCAL, to address this challenging problem, which can discover reliable affinities between labeled and unlabelled samples to further learn better clusters for both known and novel classes. Specifically, we first embed learnable visual prompts into a pre-trained visual transformer (ViT) backbone and supervise these prompts with an auxiliary loss to reinforce semantic discriminativeness and learn generalizable affinity relationships. Secondly, we propose an affinity-based contrastive loss based on an iterative semi-supervised affinity propagation process which can further enhance the benefits of prompt supervision. Extensive experimental evaluation on six benchmarks demonstrates that our method is effective in discovering novel classes even with limited annotations and surpasses the current state-of-the-art on six benchmark dataset (with more than 10% on CUB and StanfordCars, and significant margin on ImageNet-100). Our code and models will be publicly released.",None
https://openreview.net/forum?id=ubqLbhIzbk,Reducing the Capacity Gap via Spherical Knowledge Distillation,Knowledge Distillation; Model Compression,This work proposes an efficient knowledge distillation method to train competitive students distilled by oversized teachers.,"Knowledge distillation aims to obtain a small and effective student model by learning the output from a large knowledgeable teacher model. However, when the student is distilled by an oversized teacher, a critical performance degradation problem is exposed. This paper revisits performance degradation problem from the perspective of model confidence. Specifically, we apply energy-based metrics to measure the confidence of models, and propose Spherical Knowledge Distillation (SKD): a more efficient knowledge distillation framework when distilling with larger teachers. A theoretical analysis is provided to show that SKD can effectively reduce the confidence gap between the teacher and student, thus alleviating the performance degradation problem. We demonstrate that SKD is easy to train, and can significantly outperform several strong baselines on various mainstream datasets, including CIFAR-100 and ImageNet.",None
https://openreview.net/forum?id=IfxsiXMZoNX, Debiasing the Pre-trained Language Model  Through Fine-tuning the Downstream Tasks,NLP; Debiasing pre-trained langugae model; Social biases; Robustness,None,"Recent studies have revealed that the widely-used pre-trained language models propagate societal biases from the large unmoderated pre-training corpora. Existing solutions mostly focused on debiasing the pre-training corpora or embedding models. Thus, these approaches need a separate pre-training process and extra training datasets which are resource-intensive and costly. Indeed, studies showed that these approaches hurt the models' performance on downstream tasks. In this study, we focus on gender debiasing and propose Gender-tuning, which comprises of the two training processes: gender-word perturbation and fine-tuning. This combination aims to interrupt gender word association with other words in training examples and classifies the perturbed example according to the ground-truth label. Gender-tuning uses a joint-loss for training both the perturbation model and fine-tuning. Comprehensive experiments show that Gender-tuning effectively reduces gender biases scores in pre-trained language models and, at the same time, improves performance on downstream tasks. Gender-tuning is applicable as a plug-and-play debiasing tool for pre-trained language models. The source
code and pre-trained models will be available on the author’s GitHub page.",None
https://openreview.net/forum?id=TTcpISh-_oI,ResFed: Communication Efficient Federated Learning by Transmitting Deep Compressed Residuals,Federated Learning; Communication Efficiency; Deep Compression,We introduce ResFed federated learning framework to achieve more efficient communication by leveraging deep compressed residuals rather than weights or gradients.,"Federated learning enables cooperative training among massively distributed clients by sharing their learned local model parameters. However, with increasing model size, deploying federated learning requires a large communication bandwidth, which limits its deployment in wireless networks. To address this bottleneck, we introduce a residual-based federated learning framework (ResFed), where residuals rather than model parameters are transmitted in communication networks for training. In particular, we integrate two pairs of shared predictors for the model prediction in both server-to-client and client-to-server communication. By employing a common prediction rule, both locally and globally updated models are always fully recoverable in clients and the server. We highlight that the residuals only indicate the quasi-update of a model in a single inter-round, and hence contain more dense information and have a lower entropy than the model, comparing to model weights and gradients. Based on this property, we further conduct lossy compression of the residuals by sparsification and quantization and encode them for efficient communication. The experimental evaluation shows that our ResFed needs remarkably less communication costs and achieves better accuracy by leveraging less sensitive residuals, compared to standard federated learning. For instance, to train a 4.08 MB CNN model on CIFAR-10 with 10 clients under non-independent and identically distributed (Non-IID) setting, our approach achieves a compression ratio over 700X in each communication round with minimum impact on the accuracy. To reach an accuracy of 70%, it saves around 99% of the total communication volume from 587.61 Mb to 6.79 Mb in up-streaming and to 4.61 Mb in down-streaming on average for all clients.",None
https://openreview.net/forum?id=r8PDECVumsJ,Image Emotion Recognition using Cognitive Contextual Summarization Framework,Emotion Recognition; Valence-Arousal; Image Captioning; BERT; human cognition; Sentiment Analysis,We propose a novel framework for emotion prediction in continuous space (Valence-Arousal) and provide a new benchmark for the community to explore and enhance the human emotion perception.,"Estimating the perceived emotion to visual stimuli has gained significant traction in the recent years. The existing frameworks rely either on a person's presence in the image or are based on object feature extraction and low-level image features. By focusing on the person/object in the image, the existing frameworks fail to capture the context or the interaction between multiple elements in the image. Also, what if an image does not have a human subject or an  object? We address this drawback by building a Cognitive Contextual Summarization (CCS) model based on an One-For-All (OFA) backbone trained on multiple tasks, including image captioning. The ability of the backbone to recognize elements in the image and generate captions helps us capture interactions through captions, which we decode using BERT for contextual understanding. The end-to-end fusion of the OFA and the BERT features helps us predict continuous human emotion (Valence, Arousal) from an image. We train our framework on the Building Emotional Machines dataset in the literature, and the experiments show that our model outperforms the State-of-the-art.",None
https://openreview.net/forum?id=EmABrt4zzz3,PES: Probabilistic Exponential Smoothing for Time Series Forecasting,time series forecast; demand forecast; probabilistic forecast; recurrent neural network; exponential smoothing; automatic differentiation,None,"Time series forecasting is a common task in many industries. It helps organizations in setting goals, making plans and taking decisions. Probabilistic forecasting, in addition, summarizes the confidence over future quantities, a useful property when targeting uncertainty. This paper proposes PES - Probabilistic Exponential Smoothing -, a hybrid model for univariate time series forecasting. The contribution is two-fold: we introduce a RNN-like cell incorporating a simple exponential smoothing operator; building on this new cell we develop an intelligible and data-efficient model. The proposed solution shows several desirable characteristics; being easy to implement and fast to train, it can accommodate multiple seasonality and learn them via cross-learning. It can produce intervals as well as point-forecasts and its structure could be a valuable time series decomposition scheme. We test the PES model over a demand forecasting task on a well-known, publicly available, dataset. Finally we show that the results obtained compare favorably to the state-of-the-art.",None
https://openreview.net/forum?id=JyD-NobfNL_,Distinguishing Feature Model for Ranking From Pairwise Comparisons,None,None,"We consider the problem of ranking a set of items from pairwise comparisons among them when the underlying preferences are intransitive in nature. Intransitivity is a common occurrence in real world data sets and we introduce a flexible and natural parametric model for pairwise comparisons that we call the \emph{Distinguishing Feature Model} (DF) to capture this. Under this model, the items have an unknown but fixed embedding and the pairwise comparison between a pair of items depends probabilisitically on the feature in the embedding that can best distinguish the items. We study several theoretical properties including how it generalizes the popular transitive Bradley-Terry-Luce model. With just an embedding dimension  $d = 3$, we show that the proposed model can capture  arbitrarily long cyclic dependencies. Furthermore, we explicitly show the type of preference relations that cannot be modelled under the DF model for $d=3$. On the algorithmic side, we propose a Siamese type neural network based algorithm which can learn to predict well under the DF model while at the same time being interpretable in the sense that the embeddings learnt can be extracted directly from the learnt model. Our experimental results show that the model outperforms  standard baselines in both synthetic and real world ranking datasets.",None
https://openreview.net/forum?id=QCcrFi7q3u,Forget to Learn (F2L): Rethinking Replay Loss in Unsupervised Continuous Domain Adaptation,Domain Adaptation; Lifelong Learning; Replay Loss; Knowledge Distillation; Stability Plasticity Dilemma,None,"Although continuous unsupervised domain adaptation (CUDA) has shown success in dealing with non-stationary data, catastrophic forgetting is still a challenge hindering its full potential. The current state-of-the-art (SOTA) focuses on training a single model to simultaneously perform adaptation (e.g., domain alignment) and knowledge retention (i.e., minimizing replay loss). However, the two conflicting objectives result in a hyper-parameter, which is difficult to tune yet significantly affecting model performance. Therefore, we propose to use two separate models so that one model is dedicated to the retention of historical knowledge (i.e., high stability) while the other to the adaptation to future domains (i.e., high plasticity). This allows the algorithm to forget to achieve better overall performance: dubbed as Forget to Learn (F2L), Specifically, F2L decomposes the training process into specialist model and generalist model, and uses knowledge distillation to transfer knowledge between the two models. We demonstrate the superiority of F2L compared to current CUDA trends (i.e., multi-task learning and single-task constrained learning) on different continuous unsupervised domain adaptation datasets.",None
https://openreview.net/forum?id=Jpctg2jSnMA,A Scalable Training Strategy for Blind Multi-Distribution Noise Removal,denoising; image restoration; curriculum learning,A Scalable Training Strategy for Blind Multi-Distribution Noise Removal,"Despite recent advances, developing general-purpose universal denoising and artifact-removal networks remains largely an open problem: Given fixed network weights, one inherently trades-off specialization at one task (e.g., removing Poisson noise) for performance at another (e.g., removing speckle noise). In addition, training such a network is challenging due to the curse of dimensionality: As one increases the dimensions of the specification-space (i.e., the number of parameters needed to describe the noise distribution) the number of unique specifications one needs to train for grows exponentially. Uniformly sampling this space will result in a network that does well at very challenging problem specifications but poorly at easy problem specifications, where even large errors will have a small effect on the overall mean-squared-error. 
In this work we propose training denoising networks using an adaptive-sampling strategy. Our work improves upon a recent universal denoiser training strategy by extending the results to higher dimensions and by incorporating a polynomial approximation of the true specification-loss landscape. We test our method on joint Poisson-Gaussian-speckle noise and demonstrate that, with our training strategy, a single trained generalist denoiser network can achieve mean-squared-errors within a relatively uniform bound of specialized denoiser networks across a large range of operating conditions.",None
https://openreview.net/forum?id=vV1aVdCD2WW,$\ell$Gym: Natural Language Visual Reasoning with Reinforcement Learning,reinforcement learning; natural language; visual reasoning; benchmark,A new benchmark for language-conditioned reinforcement learning in visual environments with highly compositional human-written language.,"We present $\ell$Gym, a new benchmark for language-conditioned reinforcement learning in visual environments. $\ell$Gym is based on 2,661 human-written natural language statements grounded in an interactive visual environment, and emphasizing compositionality and semantic diversity. We annotate all statements with Python programs representing their meaning. The programs are executable in an interactive visual environment to enable exact reward computation in every possible world state. Each statement is paired with multiple start states and reward functions to form thousands of distinct Markov Decision Processes of varying difficulty. We experiment with $\ell$Gym with different models and learning regimes. Our results and analysis show that while existing methods are able to achieve non-trivial performance, $\ell$Gym forms a challenging open problem.",None
https://openreview.net/forum?id=xYmlvET9jNU,Triplet learning of task representations in latent space for continual learning,Continual Learning; Triplet Learning; Image Generation,None,"Continual learning is a mechanism where a model is trained on tasks sequentially and learns the current task while retaining the knowledge of the previous tasks. Researchers have done studies on methods that utilize latent space, which include rehearsal with latent spaces and latent space partitioning. However, latent space overlapping can cause interference between knowledge of different tasks, leading to performance drop on specific metrics, e.g. classification accuracy or quality of image reconstruction. To solve this problem, we propose a method of training an autoencoder with triplet loss applied to partition its latent space. We denote the output of the encoder and some manually chosen layer of the decoder as original latent space O and common latent space C, respectively. Specifically, to mitigate the overlapping, we use triplet loss in the common latent space: (1) cluster the latent variables of the data from the same class to make its latent space not too dispersive, and (2) push the latent spaces of data away from different classes. We tested our method on several datasets, including MNIST, FashionMNIST, and CelebA. The experimental results show that our proposed model achieved an FID of 19 on MNIST and a recall of 0.272 on CelebA, which are better results than state-of-the-art models when trained under similar setups. Qualitatively, we achieve better partitioning results by comparing the visualization of latent space with other latent space methods.",None
https://openreview.net/forum?id=2lrx543-MbS,Improving Generalization of Motor-Imagery Brainwave Decoding via Dynamic Convolutions,Brain-Computer Interfaces; Dynamic Convolution; Causality,Tackling inter-subject variability using dynamic convolutions and causal reasoning,"Deep Convolutional Neural Networks (CNNs) have recently demonstrated impressive results in electroencephalogram (EEG) decoding for several Brain-Computer Interfaces (BCI) paradigms, including Motor-Imagery (MI). However, neurophysiological processes underpinning EEG signals vary across subjects causing covariate shifts in data distributions and hence hindering the generalization of deep models across subjects. In this paper, we aim to address the challenge of inter-subject variability in MI. To this end, we employ causal reasoning to characterize all possible distribution shifts in the MI task and propose a dynamic convolution framework to account for shifts caused by the inter-subject variability. Using publicly available MI datasets, we demonstrate improved generalization performance across subjects in various MI tasks for four well-established deep architectures.",None
https://openreview.net/forum?id=BW2A403ema,The Robustness Limits of SoTA Vision Models to Natural Variation,robustness; computer vision; generalization; deep learning,"Even today's best vision models are not robust and struggle to generalize changes in factors such as pose, size, and position.","Recent state-of-the-art vision models introduced new architectures, learning paradigms, and larger pretraining data, leading to impressive performance on tasks such as classification. While previous generations of vision models were shown to lack robustness to factors such as pose, it’s unclear the extent to which this next generation of models are more robust. To study this question, we develop a dataset of more than 7 million images with controlled changes in pose, position, background, lighting, and size. We study not only how robust recent state-of-the-art models are, but also the extent to which models can generalize variation in factors when they’re present during training. We consider a catalog of recent vision models, including vision transformers (ViT), self-supervised models such as masked autoencoders (MAE), and models trained on larger datasets such as CLIP. We find out-of-the-box, even today’s best models are not robust to common changes in pose, size, and background. When some samples varied during training, we found models required a significant portion of diversity to generalize—though eventually robustness did improve. When diversity is only seen for some classes however, we found models did not generalize to other classes, unless the classes were very similar to those seen varying during training. We hope our work will shed further light on the blind spots of SoTA models and spur the development of more robust vision models",None
https://openreview.net/forum?id=wYZeJ3BsXl6,PMI-guided Masking Strategy to Enable Few-shot Learning for Genomic Applications,gene sequence modeling; few-shot; MLM masking,PMI-masking in MLMs helps to achieve better few-shot classification performance in gene sequence modeling applications.,"Learning effective gene representations is of great research interest. Lately, large-scale language models based on the ""transformer"" architecture, such as DNABert and LOGO, have been proposed to learn gene representations from the Human Reference Genome. Although these large language models outperform previous approaches, currently, no study empirically determined the best strategy for representing gene sequences as tokens. Therefore, the uniform random masking strategy, which is the default during the pretraining of such masked language models, might lead to pretraining inefficiency, resulting in suboptimal downstream task performance in the few-shot setting. However, good few-shot performance is critical, with dataset sizes in (personalized) medicine often not exceeding a couple of hundred data points.  

In this paper, we develop a novel strategy to adapt ""Pointwise Mutual Information (PMI) masking"" used previously in the NLP setting to the domain of gene sequence modeling. PMI-masking masks spans of tokens that are more likely to co-occur, forming a statistically relevant span. First, we learn a vocabulary of tokens with a high PMI score from our pretraining corpus (the ""Human Reference Genome""). Next, we utilize this side information in the following step and train our model by masking tokens based on PMI scores. In extensive experiments, we evaluate the effectiveness of the PMI-masking strategy on two baseline models of DNABert and LOGO, over three benchmark datasets (two on promoters and one on enhancer), and on a variety of few-shot settings. We observe that our PMI-masking-guided baseline models substantially outperform the baseline models. We further observe that almost all the top-ranked DNA tokens in terms of PMI score are closely associated with existing ""conserved DNA sequence motifs"".",None
https://openreview.net/forum?id=xdVNc95sY1l,SYNC: Efficient Neural Code Search Through Structurally Guided Hard Negative Curricula,Neural Code Search; Curriculum Learning; Hard Negative Mining; Abstract Syntax Tree; Structure-aware Embeddings,This paper proposes an AST-guided hard negative sampling method for training efficient neural code search models using curriculum learning.,"Efficient code snippet search using natural language queries can be a great productivity tool for developers (beginners and professionals alike). Recently neural code search has been popular, where a neural method is used to embed both the query (NL) and the code snippet (PL) into a common representation space; which is further used to obtain the most relevant PL satisfying the intent in the query. Transformers-based pre-trained language models (such as CodeBERT, GraphCodeBERT, UniXCoder) have been especially effective to learn such representation. These models often make mistakes such as retrieving snippets with incorrect data types, and incorrect method names or signatures; even when exposed to the underlying structural information of the code (such as Abstract Syntax Tree and other static analysis outputs) during pre-training. The generalization ability beyond the training data is also limited (as the code retrieval datasets vary in the ways NL-PL pairs are collected). In this work, we propose a structure-aware hard negative sampling method and a mastering-rate based curriculum learning technique (SYNC) that enhances the pre-trained representation using both soft (random) and the (synthesized) hard negative samples. Our experiments on three state-of-the-art pre-trained language models for programming languages, over four Python code retrieval datasets, show the efficacy of the approach (under both in-distribution and out-of-distribution settings).",None
https://openreview.net/forum?id=M8rwWdaGa6x,Optimal Scalarizations for Provable Multiobjective Optimization,multiobjective optimization; scalarization; linear bandits,Don't linearly combine your objectives: Hypervolume scalarizations provide provable and more optimal multiobjective optimization.,"Linear scalarization is a simple and widely-used technique that can be deployed in any multiobjective setting to combine diverse objectives into one reward function, but such heuristics are not theoretically understood. To that end, we perform a case study of the multiobjective stochastic linear bandits framework with $k$ objectives and our goal is to provably scalarize and explore a diverse set of optimal actions on the Pareto frontier, as measured by the dominated hypervolume. Even in this elementary convex setting, the choice of scalarizations and weight distribution surprisingly affects performance, and the natural use of linear scalarization with uniform weights is suboptimal due to a non-uniform Pareto curvature. Instead, we suggest the usage of the theoretically-inspired hypervolume scalarizations with non-adaptive uniform weights, showing that it comes with novel hypervolume regret bounds of  $\tilde{O}( d T^{-1/2} + T^{-1/k})$, with optimal matching lower bounds of $\Omega(T^{-1/k})$. We support our theory with strong empirical performance of the hypervolume scalarization that consistently outperforms both the linear and Chebyshev scalarizations in high dimensions.",None
https://openreview.net/forum?id=7MthJsb-nm,Fast Bayesian Updates for Deep Learning with a Use Case in Active Learning,Bayesian Neural Networks; Deep Learning; Active Learning,None,"Retraining deep neural networks when new data arrives is typically computationally expensive. Moreover, certain applications do not allow such costly retraining due to time or computational constraints. Fast Bayesian updates are a possible solution to this issue. Therefore, we propose a Bayesian update based on Monte-Carlo samples and a last-layer Laplace approximation for different Bayesian neural network types, i.e., Dropout, Ensemble, and Spectral Normalized Neural Gaussian Process (SNGP). In a large-scale evaluation study, we show that our updates combined with SNGP represent a fast and competitive alternative to costly retraining. As a use case, we combine the Bayesian updates for SNGP with different sequential query strategies to exemplarily demonstrate their improved selection performance in active learning.",None
https://openreview.net/forum?id=cTdzZI83Iud,A Subspace Correction Method for ReLU Neural Networks for Solving PDEs,ReLU neural network; Subspace correction method; Training algorithm; Function approximation; Partial differential equation,We propose a novel algorithm called Neuron-wise Parallel Subspace Correction Method for training ReLU neural networks for solving partial differential equations.,"In this paper, we propose a novel algorithm called Neuron-wise Parallel Subspace Correction Method (NPSC) for training ReLU neural networks for numerical solution of partial differential equations (PDEs). Despite of extremely extensive research activities in applying neural networks for numerical PDEs, there is still a serious lack of training algorithms that can be used to obtain approximation with adequate accuracy. Based on recent results on the spectral properties of linear layers and landscape analysis for single neuron problems, we develop a special type of subspace correction method that deals with the linear layer and each neuron in the nonlinear layer separately. An optimal preconditioner that resolves the ill-conditioning of the linear layer is presented, so that the linear layer is trained in a uniform number of iterations with respect to the number of neurons. In each single neuron problem, a good local minimum is found by a superlinearly convergent algorithm, avoiding regions where the loss function is flat. Performance of the proposed method is demonstrated through numerical experiments for function approximation problems and PDEs.",None
https://openreview.net/forum?id=fkmO7EFaNT,Direct-Effect Risk Minimization,Domain Generalization; Causal Inference; Direct and Indirect Effects,"We develop a novel domain generalization algorithm for correlation shift based on direct causal effects, which achieves good results in our experiments on 5 correlation-shifted datasets and the DomainBed benchmark.","We study the problem of out-of-distribution (o.o.d.) generalization where spurious correlations of attributes vary across training and test domains. This is known as the problem of correlation shift and has posed concerns on the reliability of machine learning. In this work, we introduce the concepts of direct and indirect effects from causal inference to the domain generalization problem. Under mild conditions, we show that models that learn direct effects provably minimize the worst-case risk across correlation-shifted domains. To eliminate the indirect effects, our algorithm consists of two stages: in the first stage, we learn an indirect-effect representation by minimizing the prediction error of domain labels using the representation and the class label; in the second stage, we remove the indirect effects learned in the first stage by matching each data with another data of similar indirect-effect representation but of different class label. Experiments on 5 correlation-shifted datasets and the DomainBed benchmark verify the effectiveness of our approach.",None
https://openreview.net/forum?id=xmXsZBRTzrI,Semantic Transformation-based Data Augmentation for Few-Shot Learning,few-shot learning; data augmentation; semantic feature transformation; sample bias,We propose a semantic transformation based data augmentation approach by transferring samples from base dataset to the novel tasks in an encoder-decoder paradigm to alleviate the data scarce problem.,"Few-shot learning (FSL) as a data-scarce method, aims to recognize instances of unseen classes solely based on very few examples. However, the model can easily become overfitted due to the biased distribution formed with extremely limited training data. This paper presents a task specific data augmentation approach by transferring samples from base dataset to the novel tasks in an encoder-decoder paradigm, which guarantees generating semantically meaningful features. Specifically, the feature transfer process is carried out in semantic space. We further impose a compactness constraint to the generated features with the prototypes working as the reference points, which ensures the generated features distribute around the class centers. Moreover, we incorporate the cluster centers of the query set with the prototypes of the support set to reduce the bias of the class centers. With the supervision of the compactness loss, the model is encouraged to generate discriminative features with high inter-class dispersion and intra-class compactness. Extensive experiments show that our method outperforms the state-of-the-arts on four benchmarks, namely MiniImageNet, TieredImageNet, CUB and CIFAR-FS.",None
https://openreview.net/forum?id=UiNhIyGi1MT,TimeSeAD: Benchmarking Deep Time-Series Anomaly Detection,anomaly detection; multivariate time series; deep learning; benchmark; evaluation metrics,"We analyze multivariate time-series datasets, introduce an evaluation metric for time series, and evaluate numerous deep anomaly detection methods.","Developing new methods for detecting anomalies in time series is of great practical significance, but progress is hindered by the difficulty of assessing the benefit of new methods, for the following reasons. (1) Public benchmarks are flawed (e.g., due to questionable anomaly labels), (2) there is no widely accepted standard evaluation metric, and (3) evaluation protocols are mostly inconsistent. In this work, we address all three issues: (1) We critically analyze several of the most widely-used multivariate datasets, identify a number of significant issues, and select the best candidates for evaluation. (2) We introduce a new evaluation metric for time-series anomaly detection, which—in contrast to previous metrics—is recall consistent and takes temporal correlations into account. (3) We analyze and overhaul existing evaluation protocols and provide the largest benchmark of deep multivariate time-series anomaly detection methods to date. We focus on deep-learning based methods and multivariate data, a common setting in modern anomaly detection. We provide all implementations and analysis tools in a new comprehensive library for Time Series Anomaly Detection, called TimeSeAD.",None
https://openreview.net/forum?id=z8mVbZIMOjx,Learning to Unlearn: Instance-wise Unlearning for Pre-trained Classifiers,Machine Unlearning; Adversarial Examples; Weight Importance,We propose an instance-wise unlearning framework with two regularization approaches to reduce forgetting on remaining data.,"Since the recent advent of regulations for data protection (e.g., the General Data Protection Regulation), there has been increasing demand in deleting information learned from sensitive data in pre-trained models without retraining from scratch. The inherent vulnerability of neural networks towards adversarial attacks and unfairness also calls for a robust method to remove or correct information in an instance-wise fashion, while retaining the predictive performance across remaining data. To this end, we define instance-wise unlearning, of which the goal is to delete information on a set of instances from a pre-trained model, by either misclassifying each instance away from its original prediction or relabeling the instance to a different label. We also propose two methods that reduce forgetting on the remaining data: 1) utilizing adversarial examples to overcome forgetting at the representation-level and 2) leveraging weight importance metrics to pinpoint network parameters guilty of propagating unwanted information. Both methods only require the pre-trained model and data instances to forget, allowing painless application to real-life settings where the entire training set is unavailable. Through extensive experimentation on various image classification benchmarks, we show that our approach effectively preserves knowledge of remaining data while unlearning given instances in both single-task and continual unlearning scenarios.",None
https://openreview.net/forum?id=3rGLfR0dqp,Predicting Out-of-Domain Generalization with Local Manifold Smoothness,complexity measure; out of domain generalization; smoothness,Local manifold smoothness is a novel complexity measure that can be used to predict generalization even on out-of-domain test sets without labels.,"Understanding how machine learning models generalize to new environments is a critical part of their safe deployment. Recent work has proposed a variety of complexity measures that directly predict or theoretically bound the generalization capacity of a model. However, these methods rely on a strong set of assumptions that in practice are not always satisfied. Motivated by the limited settings in which existing measures can be applied, we propose a novel complexity measure based on the local manifold smoothness of a classifier. We define local manifold smoothness as a classifier's output sensitivity to perturbations in the manifold neighborhood around a given test point. Intuitively, a classifier that is less sensitive to these perturbations should generalize better. To estimate smoothness we sample points using data augmentation and measure the fraction of these points classified into the majority class. Our method only requires selecting a data augmentation method and makes no other assumptions about the model or data distributions, meaning it can be applied even in out-of-domain (OOD) settings where existing methods cannot. In experiments on robustness benchmarks in image classification, sentiment analysis, and natural language inference, we demonstrate a strong and robust correlation between our manifold smoothness measure and actual OOD generalization on over 4,000 models evaluated on over 100 train/test domain pairs.",None
https://openreview.net/forum?id=oja19FZn5Y,CLUSTERBERT: MULTI-STAGE FINE-TUNING OF TRANSFORMERS FOR DEEP TEXT CLUSTERING,Text Clustering; Deep Clustering; Transformer; Sentence Embedding,None,"Transformer models have originally been designed for text generation, classification and sequence labelling, and they have achieved new state-of-the-art results in those areas. Recent deep clustering methods learn cluster-friendly spaces for complex data and thereby outperform traditional clustering algorithms, especially on images and graphs. We propose ClusterBERT, an unsupervised algorithm that combines the strengths of both approaches. By tightly integrating transformer-based sentence representation learning with clustering, our method discovers a cluster-friendly representation of text data that retains useful semantic information. ClusterBERT is a multi-stage procedure that consists of domain adaptation, clustering, and hardening of the clusters. Starting from an initial representation obtained by transformer models, ClusterBERT learns a cluster-friendly space for text data by jointly optimizing the reconstruction loss and a clustering loss. Our experiments demonstrate that ClusterBERT outperforms state-of-the-art text clustering methods.",None
https://openreview.net/forum?id=VXyzRA_Zaj1,Burstormer: Burst Image Restoration and Enhancement Transformer,Burst super-resolution; multi-frame processing; feature alignment,None,"On a shutter press, modern handheld cameras capture multiple images in rapid succession and merge them to generate a single image. However, individual frames in a burst are misaligned due to inevitable motions and contain multiple degradations. The challenge is to properly align the successive image shots and merge their complimentary information to achieve high-quality outputs. Towards this direction, we propose Burstormer: a novel transformer-based architecture for burst image restoration and enhancement. In comparison to existing works, our approach exploits multi-scale local and non-local features to achieve improved alignment and feature fusion. Our key idea is to enable inter-frame communication in the burst neighborhoods for information aggregation and progressive fusion while modeling the burst-wide context. However, the input burst frames need to be properly aligned before fusing their information. Therefore, we propose an enhanced deformable alignment module for aligning burst features with regards to the reference frame. Unlike existing techniques, the proposed alignment module not only aligns burst features but also exchanges feature information and maintains focused communication with the reference frame through the proposed reference-based feature enrichment mechanism. This additional exchange of information helps in aligning multi-frame features under complex motions. After multi-level alignment and enrichment, we re-emphasize on inter-frame communication within burst frames using a new cyclic burst sampling technique. Finally, the inter-frame information is aggregated using our proposed burst feature fusion module followed by progressive increase in the spatial resolution by shuffling the feature information available in burst frames. The proposed Burstormer outperforms the existing state-of-the-art approaches on three popular tasks of burst super-resolution, burst denoising and burst low-light enhancement. Our codes will
be made public.",None
https://openreview.net/forum?id=iaCzfh6vtwQ,FUN: Filter-based Unlearnable Datasets,unlearnable examples; data protection; privacy; adversarial machine learning,"We propose a novel, model-free convolutional filter-based unlearnable dataset (FUN) generation technique that protects data from empirical risk minimization and adversarial training with various budgets.","Large-scale training of modern deep learning models heavily relies on publicly available data on the web. This potentially unauthorized usage of online data leads to concerns regarding data privacy. Recent works aim to make unlearnable data for deep learning models by adding small, specially designed noises to tackle this issue. However, these methods are vulnerable to adversarial training (AT) and/or are computationally heavy. In this work, we propose a novel, model-free convolutional Filter-based UNlearnable (FUN) dataset generation technique. FUN performs controlled class-wise convolutions using filters that are randomly generated via a private key. FUN encourages the network to learn the relation between filters and labels rather than informative features for classifying the clean data. We develop some theoretical analysis demonstrating that FUN can successfully poison Gaussian mixture data by reducing the clean data performance of the optimal Bayes classifier. We also empirically demonstrate the effectiveness of FUN with various datasets (CIFAR-10, CIFAR-100, and ImageNet-100), and architectures (ResNet-18, VGG-16, Wide ResNet-34-10, and DenseNet-121). Our experiments show that FUN is robust to various data augmentations and training approaches such as smoothing, AT with different budgets, transfer learning, and fine-tuning. For instance, training a ResNet-18 on FUN ImageNet-100 data achieves only 8.96$\%$, 40.08$\%$, and 20.58$\%$ clean test accuracies with empirical risk minimization (ERM), $L_{\infty}$ AT, and $L_{2}$ AT, respectively. Here, ERM on the clean training data achieves a clean test accuracy of 80.66$\%$. Furthermore, we also show that FUN is robust to adaptive defenses designed specifically to break it.",None
https://openreview.net/forum?id=Uk40pC45YJG,Towards Multi-spatiotemporal-scale Generalized PDE Modeling,PDE modeling; multi-spatiotemporal-scale; PDE generalization; Fourier vs U-Net; fluid mechanics,We present a comprehensive study of Fourier and U-Net inspired architectural choices towards generalization of multi-spatiotemporal-scale problems.,"Partial differential equations (PDEs) are central to describing complex physical system simulations. Their expensive solution techniques have led to an increased interest in deep neural network based surrogates. However, the practical utility of training such surrogates is contingent on their ability to model complex multi-scale spatio-temporal phenomena. Various neural network architectures have been proposed to model complex spatial information in PDE solutions, most notably Fourier Neural Operators (FNOs) which give a natural handle over local & global information via parameterization of different Fourier modes, and U-Nets which treat local and global information via downsampling and upsampling paths. However, generalizing across different equation parameters or different time-scales still remains a challenge. In this work, we make a comprehensive comparison between various FNO and U-Net like approaches on fluid mechanics problems in both vorticity-stream and velocity function form.  For U-Nets, we transfer recent architectural improvements from computer vision, most notably from object segmentation and generative modeling. We further analyze the design considerations for using FNO layers to improve performance of U-Net architectures without major degradation of computational performance. Finally, we show promising results on generalization to different PDE parameters and time-scales with a single surrogate model.",None
https://openreview.net/forum?id=4Ox_yJWZP56,Exploring Methods for Parsing Movie Scripts - Feature Extraction for Further Social Injustice Analysis,Movie Parsing; Script Parsing; Parsers; IMSDB; Deep Neural Networks; Discussion Tree; BERT Parser,An exploration of methods to parse movie scripts,"When it comes to analysing movie scripts for things like bias and given the variation of movie script formatting due to inconsistencies by the authors, it is important that we create methods that can help extract all the relevant features required for any further analysis. In this paper, we discuss multiple parsing techniques that can be used to extract features and understand the structure of movie scripts in an automated fashion. We compare and contrast the accuracy and time of a rule based and a variety of machine learning approaches including; Deep Neural Networks, Decision Tress and BERT for sequence classification model.",None
https://openreview.net/forum?id=QutyHwpIKVw,MultiQuan RDP: Rate-Distortion-Perception Coding via Offset Quantizers,information theory; quantization; rate-distortion-perception; compression,We propose the MultiQuan quantizers interpolating between single quantizer and dithered quantization for rate-distortion-perception coding.,"The rate-distortion-perception (RDP) framework has attracted significant recent attention due to its application in neural compression. It is important to understand the underlying mechanism connecting procedures with common randomness and those without. Different from previous efforts, we study this problem from a quantizer design perspective. By analyzing an idealized setting, we provide an interpretation on the advantage of dithered quantization in the RDP setting, which further allows us to make a conceptual connection between randomized (dithered) quantizers and quantizers without common randomness. This new understanding leads to a new procedure for RDP coding based on multiple quantizers with offsets. Though the procedure can be viewed as intermediates between the two extremes, its explicit structure can be advantageous in some cases. Experimental results are given on both simple data sources and images to illustrate its behavior.",None
https://openreview.net/forum?id=-yqNb_CxRr,REST: REtrieve & Self-Train for generative action recognition,None,None,"This work is on training a generative action/video recognition model whose output is a free-form action-specific caption describing the video (rather than an action class label). A generative approach has practical advantages like producing more fine-grained and human-readable output, and being naturally open-world. To this end, we propose  to adapt a pre-trained generative Vision & Language (V&L) Foundation Model for video/action recognition. While recently there have been a few attempts to adapt V&L models trained with contrastive learning (e.g. CLIP) for video/action, to the best of our knowledge, we propose the very first method that sets outs to accomplish this goal for a generative model. We firstly show that direct fine-tuning of a generative model to produce action classes suffers from severe overfitting. To alleviate this, we introduce REST, a training framework consisting of two key components: an unsupervised method for adapting the generative model to action/video by means of pseudo-caption generation and Self-training, i.e. without using any action-specific labels; (b) a Retrieval approach based on CLIP for discovering a diverse set of pseudo-captions for each video to train the model. Importantly, we show that both components are necessary to obtain high accuracy. We evaluate REST on the problem of zero-shot action recognition where we show that our approach is very competitive when compared to contrastive learning-based methods. Code will be made available.",None
https://openreview.net/forum?id=U09miyCFe6T,Conceptual Behavior and Human-Likeness in Vision-and-Language Models,mutlimodal deep learning; vision-and-language; semantic knowledge; conceptual knowledge; representational analysis; human-likeness,None,"Learning conceptual structures requires acquiring knowledge of how members of a class share a set of semantic properties. The challenge is that some properties are more efficiently learned by perceptual experience (e.g., an image of a dog that shows its texture, shape and color) while others benefit from language input  (e.g., “a dog is a mammal”). Unimodal machine learning systems, as opposed to human brains, are therefore fundamentally limited in this respect. In contrast, systems integrating multimodal information should be able to learn a more human-like representational space since they can leverage both types of complementary sources of information. Multimodal neural network models offer a unique opportunity to test this hypothesis. We evaluate this proposal through a series of experiments on architecturally diverse vision-and-language networks trained on massive caption image datasets. We introduce an analytic framework that characterizes the semantic information behind the discrimination of concepts (i.e., lexicalized categories) through image-text matching tasks and representational similarity. We further compare how this discrimination (i.e., the model’s “conceptual behavior”) differs from that of humans and unimodal networks, and to what extent it depends on the multimodal encoder mechanism. Our results suggest promising avenues to align human and machine representational invariants via multimodal inputs.",None
https://openreview.net/forum?id=DyFvlCAj8j_,Highly Parallel Deep Ensemble Learning,None,None,"In this paper, we propose a novel highly parallel deep ensemble learning, which leads to highly compact and  parallel deep neural networks. The main idea is to \textit{split data into spectral subsets; train subnetworks separately; and ensemble the output results in the inference stage}. The proposed method has parallel branches with each branch being an independent neural network trained using one spectral subset of the training data. It ensembles the outputs of the parallel branches to produce an overall network with substantially stronger generalization capability. It can also scale up the model to the large scale dataset with limited memory. The joint data/model parallel method is amiable for GPU implementation.  Due to the reduced size of inputs,  the proposed spectral tensor network exhibits an inherent network compression, which leads to the acceleration of training process.  We evaluate the proposed spectral tensor networks on the MNIST, CIFAR-10 and ImageNet data sets, to highlight that they simultaneously achieve network compression, reduction in computation and parallel speedup. Specifically, on both ImageNet-1K and ImageNet-21K dataset, our proposed AlexNet-spectral, VGG-16-spectral, ResNet-34-spectral, CycleMLP-spectral and MobileVit-spectral networks achieve a comparable performance with the vanila ones, and enjoy up to $4 \times$ compression ratio and $1.5 \times$ speedups.",None
https://openreview.net/forum?id=EO-NrUPaFLz,On the Forward Invariance of Neural ODEs,Neural ODE; Forward Invariance; Specification Guarantees,This paper proposes to achieve specification guarantees in the output space of neural ODEs with invariance set propagation.,"To ensure robust and trustworthy decision-making, it is highly desirable to enforce constraints over a neural network's parameters and its inputs automatically by back-propagating output specifications. This way, we can guarantee that the network makes reliable decisions under perturbations. Here, we propose a new method for achieving a class of specification guarantees for neural Ordinary Differentiable Equations (ODEs) by using invariance set propagation. An invariance of a neural ODE is defined as an output specification, such as to satisfy mathematical formulae, physical laws, and system safety. We use control barrier functions to specify the invariance of a neural ODE on the output layer and propagate it back to the input layer. Through the invariance backpropagation, we map output specifications onto constraints on the neural ODE parameters or its input. The satisfaction of the corresponding constraints implies the satisfaction of output specifications. This allows us to achieve output specification guarantees by changing the input or parameters while maximally preserving the model performance. We demonstrate the invariance propagation on a comprehensive series of representation learning tasks, including spiral curve regression, autoregressive modeling of joint physical dynamics, convexity portrait of a function, and safe neural control of collision avoidance for autonomous vehicles.",None
https://openreview.net/forum?id=t00nS5YLjSc,Distilling Pre-trained Knowledge in Chemical Reactions for Molecular Property Prediction,Molecular property prediction; Chemical reactions; Pre-training for molecular representations; Knowledge distillation; AI for drug discovery,We propose a novel method to incorporate chemical domain knowledge for molecular property prediction.,"How to effectively represent molecules is a long-standing challenge for molecular property prediction and drug discovery. Recently, accumulative unlabelled molecule data have spurred the rapid development of pre-training methods for molecular representation learning. However, these works mainly focus on devising self-supervised learning tasks and/or introducing 3D geometric information based on molecular structures with little chemical domain knowledge involved. To address this issue, we propose a novel method (MolKD) by Distilling pre-trained Knowledge in chemical reactions to assist Molecular property prediction. Specifically, MolKD first learns effective representations by incorporating reaction yields to measure transformation efficiency of the reactant-product pair when pre-training on reactions. Next, MolKD introduces the reaction-to-molecule distillation to transfer cross-modal knowledge between pre-training chemical reaction data and the downstream molecular property prediction tasks. Extensive experiments show that our method can learn effective molecular representations, achieving superior performance compared with state-of-the-art baselines, e.g., 2.8% absolute Hit@1 gain on USPTO in chemical reaction prediction and 1.6% absolute AUC-ROC gain on Tox21 with 1/3 pre-training data size in molecular property prediction. Further investigations on pre-trained molecular representations indicate that MolKD learns to distinguish chemically meaningful molecular similarities, which enables molecular property prediction with high robustness and interpretability.",None
https://openreview.net/forum?id=16BDzjpOwe,Learning Debiased Representations via Conditional Attribute Interpolation,debiased representation; conditional attribute interpolation; image classification,This paper proposes a novel method to learn debiased representation via conditional attribute interpolation.,"An image is usually associated with more than one attribute, e.g., annotated based on both ""shape"" and ""color"". If most samples have attributes spuriously correlated with the target label, a Deep Neural Network (DNN) is prone to neglect those samples with attributes intrinsically consistent with the targets and leads to representations with large intra-class covariance. To improve the generalization ability of such a biased model, we propose a $\chi^2$-model to fill in the intra-class blanks and learn debiased representations. First, we use a $\chi$-shape pattern to match the training dynamics of a DNN and find Intermediate Attribute Samples (IASs) --- samples near decision boundaries when discerning various attributes, which indicate how attribute values change from one extreme to another. Then we rectify the decision boundary with a $\chi$-branch metric learning objective. Conditional interpolation among IASs eliminates the negative effect of peripheral attributes and facilitates making intra-class samples compact. Experiments show that $\chi^2$-model learns debiased representation effectively and achieves remarkable improvements on various datasets.",None
https://openreview.net/forum?id=JhsVJoK13u,Active Learning at the ImageNet Scale,active learning; large-scale active learning,"We identify sampling-imbalance as a major failure mode in large-scale active learning, and we propose Balanced Selection, a simple, scalable AL algorithm to remedy it.","Active learning (AL) algorithms aim to identify an optimal subset of data for annotation, such that deep neural networks (DNN) can achieve better performance when trained on this labeled subset. AL is especially impactful in industrial scale settings where data labeling costs are high and practitioners use every tool at their disposal to improve model performance. The recent success of self-supervised pretraining (SSP) highlights the importance of harnessing abundant unlabeled data to boost model performance. By combining AL with SSP, we can make use of unlabeled data while simultaneously labeling and training on particularly informative samples.
In this work, we study a combination of AL and SSP on ImageNet. We find that performance on small toy datasets – the typical benchmark setting in the literature – is not representative of performance on ImageNet due to the class imbalanced samples selected by an active learner. Among the existing baselines we test, popular AL algorithms across a variety of small and large scale settings fail to outperform random sampling. To remedy the class-imbalance problem, we propose Balanced Selection (BASE), a simple, scalable AL algorithm that outperforms random sampling consistently by selecting more balanced samples for annotation than existing methods.",None
https://openreview.net/forum?id=T-camDtiuUg,Trimsformer: Trimming Transformer via Searching for Low-Rank Structure,Vision Transformer; Model Compression; Low-Rank Approximation; Neural Architecture Search,Constructing the efficient low-rank vision transformer structure based on neural architecture search.,"Vision Transformers (ViT) have recently been used successfully in various computer vision tasks, but the high computational cost hinders their practical deployment. One of the most well-known methods to alleviate computational burden is low-rank approximation. However, how to automatically search for a low-rank configuration efficiently remains a challenge. In this paper, we propose Trimsformer, an end-to-end automatic low-rank approximation framework based on a neural architecture search scheme, which tackles the inefficiency of searching for a target low-rank configuration out of numerous ones. We propose weight inheritance which encodes enormous rank choices into a single search space. In addition, we share the gradient information among building blocks to boost the convergence of the supernet training. Furthermore, to mitigate the initial performance gap between subnetworks caused by using pre-trained weights, we adopt non-uniform sampling to promote the overall subnetwork performance. Extensive results show the efficacy of our Trimsformer framework. For instance, with our method, Trim-DeiT-B/Trim-Swin-B can save up to 57%/46% FLOPs with 1.1%/0.2% higher accuracy over DeiT-B/Swin-B. Last but not least, Trimsformer exhibits remarkable generality and orthogonality. We can yield extra 21%$\sim$26% FLOPs reductions on top of the popular compression method as well as the compact hybrid structure. Our code will be released.",None
https://openreview.net/forum?id=g-kR7WU4Iw-, Continual Zero-shot Learning through Semantically Guided Generative Random Walks,Continual Learning; Zero-shot Learning; Random Walk,None,"Learning new knowledge, not forgetting previous ones, and adapting it to future tasks occur simultaneously throughout a human's lifetime. However, this learning procedure is mostly studied individually in deep learning either from the perspective of lifetime learning without forgetting (continual learning) or adaptation to recognize unseen tasks (zero-shot learning, ZSL). Continual ZSL (CZSL), the desired and more natural learning setting, has been introduced in recent years and is most developed in the transductive setting, which is unrealistic in practice. In this paper, we focus on inductive continual generalized zero-shot learning (CGZSL) by generative approach, where no unseen class information is provided during the training. The heart of the success of previous generative-based approaches is that learn quality representations from seen classes to improve the generative understanding of the unseen visual space.   Motivated by this, we first introduce generalization bound tools and provide the first theoretical explanation for the benefits of generative modeling to ZSL and CZSL tasks.  Second, we develop a pure Inductive Continual Generalized  Zero-Shot Learner using our theoretical analysis to guide the improvement of the generation quality. The learner employs a novel semantically-guided Generative Random Walk (GRW) loss, where we encourage high transition probability, computed by random walk, from seen space to a  realistic generative unseen space.  We also demonstrate that our learner continually improves the unseen class representation quality, achieving state-of-the-art performance on AWA1, AWA2, CUB, and SUN datasets and surpassing existing CGZSL methods by around 3-7\% on different datasets. Code is available here https://anonymous.4open.science/r/cgzsl-76E7/main.py",None
https://openreview.net/forum?id=fFDM6aIZhN,Weighted Regularization for Efficient Neural Network Compression,Weighted Regularization; Neural Network Compression,A weighted regularization method for network compression is proposed and theoretical analysis is given.,"Regularization is widely applied to model complexity reduction and neural network compression. Existing $L_1$ and nuclear norm regularizations can achieve favorable results, but these methods treat all parameters equally and ignore the importance of the parameters. Taking the trained parameters as prior information to construct weights, a weighted regularization method is proposed in this paper. Theoretically, we establish the bounds on the estimation errors for values of the global minimum for a fully connected single hidden layer neural network. Further we prove the estimates generated from the weighted $L_1$ regularization and the weighted nuclear norm regularization can recover the sparsity and the low rank structure of a global minimum of the neural network with a high probability, respectively. The effectiveness of the algorithm is validated by conducting a numerical simulation and experiments with popular neural networks on public datasets from real-world applications.",None
https://openreview.net/forum?id=Gzmyu-Baq0,Self-Guided Diffusion Models,diffusion model; self-supervised learning; unsupervised learning,None,"Diffusion models have demonstrated remarkable progress in image generation quality, especially when guidance is used to control the generative process. However, guidance requires a large amount of image-annotation pairs for training and is thus dependent on their availability, correctness and unbiasedness. In this paper, we eliminate the need for such annotation by instead leveraging the flexibility of self-supervision signals to design a framework for $\textit{self-guided}$ diffusion models. By leveraging a feature extraction function and a self-annotation function, our method provides guidance signals at various image granularities: from the level of holistic images to object boxes and even segmentation masks. Our experiments on single-label and multi-label image datasets demonstrate that self-labeled guidance always outperforms diffusion models without guidance and may even surpass guidance based on ground-truth labels, especially on unbalanced data. When equipped with self-supervised box or mask proposals, our method further generates visually diverse yet semantically consistent images, without the need for any class, box, or segment label annotation. Self-guided diffusion is simple, flexible and expected to profit from deployment at scale.",None
https://openreview.net/forum?id=JKuBOuzntQ,Removing Backdoors in Pre-trained Models by Regularized Continual Pre-training,None,None,"Large-scale pre-trained models (PTMs) have become the cornerstones of deep learning. Trained on massive data, general-purpose PTMs allow quick adaptation to a broad range of downstream tasks with superior performance. However, recent researches reveal that PTMs are vulnerable to backdoor attacks even before being fine-tuned on downstream tasks. By associating specific triggers with pre-defined embeddings, the attackers are capable of implanting transferable task-agnostic backdoors in PTMs, and controlling model outputs on any downstream task at inference time. As a result, all downstream applications can be highly risky after the backdoored PTMs are released and deployed. Given such an emergent threat, it is essential to defend PTMs against backdoor attacks and thus build reliable AI systems. Although there are a series of works aiming to erase backdoors on downstream models, as far as we know, no defenses against PTMs have been proposed. Worse still, existing backdoor-repairing defenses require task-specific knowledge (i.e., some clean downstream data), making them unsuitable for backdoored PTMs. To this end, we propose the first task-irrelevant backdoor removal method for PTMs. Motivated by the sparse activation phenomenon, we design a simple and effective backdoor eraser by continually pre-training the backdoored PTMs with a regularization term, guiding the models to ""forget'' backdoors. Our method only needs a few auxiliary task-irrelevant data, e.g., unlabelled plain texts, and thus is practical in typical applications. We conduct extensive experiments across modalities (vision and language) and architectures (CNNs and Transformers) on pre-trained VGG, ViT, BERT and CLIP models. The results show that our method can effectively remove backdoors and preserve benign functionalities in PTMs.",None
https://openreview.net/forum?id=LKXAKOxu-T,Multi-stationary point losses for robust model,Robustness; MS loss; Cross-entropy loss; Multi-stationary point losses; Adversarial attack,"We propose a familiy of Multi-stationary point losses, which improved robustness.","We identify that cross-entropy (CE) loss does not guarantee robust boundary for neural networks. The reason is that CE loss has only one asymptotic stationary point. It stops pushing the boundary forward as long as the sample is correctly classified, which left the boundary right next to the samples. A robust boundary should be kept in the middle of samples from different classes, thus maximizing the margins from the boundary to the samples. In this paper, we propose a family of new losses, called multi-stationary point (MS) losses, which introduce additional stationary points beyond the asymptotic stationary point. We prove that robust boundary can be guaranteed by MS loss without losing much accuracy. With MS loss, bigger perturbations are required to generate adversarial examples. We demonstrate that robustness is improved under a variety of adversarial attacks by applying MS loss. Moreover, robust boundary learned by MS loss also performs well on imbalanced datasets. Finally, we modified other losses into two-stationary-point forms, and improved model robustness is observed.",None
https://openreview.net/forum?id=zNVpWmE6JM,Learning Stackelberg Equilibria and Applications to Economic Design Games,Multi-agent Systems; Reinforcement Learning; Economic Design,None,"We study the use of reinforcement learning to learn the optimal leader's strategy in Stackelberg games. Learning a leader’s strategy has an innate stationarity problem---when optimizing the leader’s strategy, the followers’ strategies might shift. To circumvent this problem, we model the followers via no-regret dynamics to converge to a Bayesian Coarse-Correlated Equilibrium (B-CCE) of the game induced by the leader. We then embed the followers' no-regret dynamics in the leader's learning environment, which allows us to formulate our learning problem as a standard POMDP. We prove that the optimal policy of this POMDP achieves the same utility as the optimal leader's strategy in our Stackelberg game. We solve this POMDP using actor-critic methods, where the critic is given access to the joint information of all the agents. Finally, we show that our methods are able to learn optimal leader strategies in a variety of settings of increasing complexity, including indirect mechanisms where the leader’s strategy is setting up the mechanism’s rules.",None
https://openreview.net/forum?id=QFm186CbBp,Attention Based Models for Cell Type Classification on Single-Cell RNA-Seq Data,Single-cell RNA-seq data cell type classification; attention mechanism; learning representations,We propose two novel models through representation and attention learning for cell type classification task on single-cell RNA-seq data.,"Cell type classification serves as one of the most fundamental analyses in bioinformatics. It helps discovering new cell types, recognizing tumor cells in cancer microenvironment and facilitating the downstream tasks such as trajectory inference. Single-cell RNA-sequencing (scRNA-seq) technology can profile the whole transcriptome of different cells, thus providing invaluable data for cell type classification. Existing cell type classification methods can be mainly categorized into statistical models and neural network models. The statistical models either make hypotheses on the gene expression distribution which may not be consistent with the real data, or heavily rely on prior knowledge such as marker genes for specific cell types. By contrast, the neural networks are more robust and flexible, while it is hard to interpret the biological meanings hidden behind a mass of model parameters. Recently, the attention mechanism has been widely applied in diverse fields due to the good interpretability of the attention weights. In this paper, we examine the effectiveness and interpretability of the attention mechanism by proposing two novel models for the cell type classification task. The first model classifies cells by a capsule attention network (CAN) that performs attention on the capsule features extracted for cells. To align the features with genes, the second model first factorizes the scRNA-seq matrix to obtain the representation vectors for all genes and cells, and then performs the attention operation on the cell and gene vectors. We name it Cell-Gene Representation Attention network(CGRAN). Experiments show that our attention-based models achieve higher accuracy in cell type classification compared to existing methods on diverse datasets. Moreover, the key genes picked by their high attention scores in different cell types perfectly match with the acknowledged marker genes.",None
https://openreview.net/forum?id=gy1YvA9mh6q,HiT-DVAE: Human Motion Generation via Hierarchical Transformer Dynamical VAE,generative models; human motion generation,None,"In this paper, we address the problem of 3D human motion generation, which aims at learning a model to generate plausible and diverse future sequences of 3D human poses from an observed one. Current state-of-the-art solutions propose injecting a single random latent vector into a deterministic motion prediction framework. The stochasticity in the generative process is thus modeled at the whole sequence level, which is inconsistent with the inherent time-dependent uncertainty of human motion (e.g. people can jump or walk after getting up from a chair). To overcome this limitation we propose Hierarchical Transformer Dynamical Variational Autoencoder (HiT-DVAE), a deep generative model with sequential latent variables that can efficiently learn the stochastic dynamics of human motion. The proposed model learns an expressive time-varying latent space that encodes diverse and realistic human motions. A thorough evaluation on HumanEva-I and Human3.6M datasets using various metrics shows that HiT-DVAE performs better than current state-of-the-art methods. Our code will be released upon publication.",None
https://openreview.net/forum?id=h_Ma6BSi9Q,Marginal Probability Explanation: A Saliency Map with Closed-loop Validation,MPE; saliency map; closed-loop validation; typical sample,We propose a saliency map using marginal probability for each input dimension whose meaningfulness can be closed-loop validated.,"In this work, we propose a saliency map with pixel-level resolution, called Marginal Probability Explanation (MPE), for a black-box classifier. MPE visualizes the contribution of each input dimension to the classifier by calculating marginal probabilities when only one dimension is considered. Marginal probabilities are estimated using Monte Carlo by sampling from the training dataset. Based on MPE, we propose typical samples, i.e. samples that maximize their marginal probability in every input dimension. We verify that our proposed MPE is meaningful through closed-loop validation experiments, where replacing a few pixels with the lowest marginal probability with pixels in the typical sample ``corrects"" the classification. Based on experiments, we found deep neural networks are probably still using pixel-level logics for image classification. Moreover, the critical pixels are not necessary related to the subject.",None
https://openreview.net/forum?id=RKMbC8Tslx,A GENERAL SCENARIO-AGNOSTIC REINFORCEMENT LEARNING FOR TRAFFIC SIGNAL CONTROL,reinforcement learning; model generalizability; traffic signal control; smart mobility,None,"Reinforcement learning has been recently adopted to revolutionize and optimize traditional traffic signal control systems. Existing methods are either based on a single scenario or multiple independent scenarios, where each scenario has a separate simulation environment with predefined road network topology and traffic signal settings. These models implement training and testing in the same scenario, thus being strictly tied up with the specific setting and sacrificing model generalization heavily. While a few recent models could be trained by multiple scenarios, they require a huge amount of manual labor to label the intersection structure, hindering the model’s generalization. In this work, we aim at a general framework that could eliminate heavy labeling and model a variety of scenarios simultaneously. To this end, we propose a GEneral Scenario-Agnostic (GESA) reinforcement learning framework for traffic signal control with: (1) A general plug-in module to map all different intersections into a unified structure, freeing us from the heavy manual labor to specify the structure of intersections; (2) A unified state and action space to keep the model input and output consistently structured; (3) A large-scale co-training with multiple scenarios, leading to a generic traffic signal control algorithm. In experiments, we demonstrate our algorithm as the first one that can be co-trained with seven different scenarios without manual annotation, and get 17.20% higher rewards than benchmarks. When dealing with a new scenario, our model can still achieve 10.36% higher rewards. The code and scenarios will be released upon acceptance.",None
https://openreview.net/forum?id=DP_u25iQWg,Enhanced Spatio-Temporal Image Encoding for Online Human Activity Recognition,3D Skeleton Data; Spatio-temporal Image Encoding; Motion Energy; Online Action Recognition; Human Activity Recognition; Deep learning,"In this work, we propose to improve the spatio-temporal image encoding of 3D skeletons data, by studying the concept of motion energy which focuses mainly on the joints that are the most solicited for an action.","Human Activity Recognition (HAR) based on sensors data can be seen as a time series classification problem where the challenge is to handle both spatial and temporal dependencies, while focusing on the most relevant data variations. It can be done using 3D skeleton data extracted from a RGB+D camera.
In this work, we propose to improve the spatio-temporal image encoding of 3D skeletons captured from a Kinect sensor, by studying the concept of motion energy which focuses mainly on skeleton joints that are the most solicited for an action. This encoding allows us to achieve a better discrimination for the detection of online activities by focusing on the most significant parts of the actions.
The article presents this new encoding and its application for HAR using a deep learning model trained on the encoded 3D skeleton data.
For this purpose, we proposed to investigate the knowledge transferability of several pre-trained CNNs provided by Keras.
The article shows a significant improvement of the accuracy of the learning according to the state of the art.",None
https://openreview.net/forum?id=oXHHj0_NN9,BiasPAD: A Bias-Progressive Auto-Debiasing Framework,None,None,"While large pre-trained language models have made great strides in natural language understanding benchmarks, recent studies have found that models rely more on the superficial or short-cut features to make predictions. In this paper, we study how to progressively and automatically detect and filter the biased data to train a robust debiased model for NLU tasks. Rather than focusing on the human-predefined biases or biases captured by a bias-only model of limited-capacity, we introduce a new debiasing framework, called Bias-Progressive Auto-Debiasing (BiasPAD), based on two observations: i) the higher the proportion of bias in the training data, the more biased the model will be, and ii) a more biased model has higher confidence in predicting the bias. The framework progressively trains a bias-only model by using the most biased samples detected in the previous epoch, which ensures a more biased model and leads to a robust debiased model. The extensive experiments demonstrate the effectiveness of the proposed framework on several challenging NLU datasets, where on HANS, we achieve 5% accuracy improvement.",None
https://openreview.net/forum?id=Lrxaf7IPVT,On the Importance of Diversity in Data-free Model Stealing,None,None,"Machine learning as a Service (MLaaS) allows users to query the machine learning model in an API manner, which provides an opportunity for users to enjoy the benefits brought by the high-performance model trained on valuable data. This interface boosts the flourish of machine learning based applications, while on the other hand, introduces the attack surface for model stealing attacks. Existing model stealing attacks have relaxed their attack assumptions to the data-free setting, while keeping the effectiveness. However, these methods are complex and consist of several components, which obscure the core on which the attack really depends. In this paper, we revisit the model stealing problem from a diversity perspective and demonstrate that keeping the generated data samples more diverse across all the classes is the critical point for improving the attack performance. Based on this conjecture, we provide a simplified attack framework. We empirically signify our conjecture by evaluating the effectiveness of our attack, and experimental results show that our approach is able to achieve comparable or even better performance compared with the state-of-the-art method. Furthermore, benefiting from the absence of redundant components, our method demonstrates its advantages in attack efficiency and query budget.",None
https://openreview.net/forum?id=Ch4e4wk7Ew,Continuously Parameterized Mixture Models,mixture models; normalizing flows; ordinary differential equations; clustering; interpretable learning,We parameterize mixtures of factor analyzers by a neural ordinary differential equation and train with a smooth curriculum to learn an interpretable likelihood model superior to standard mixture results.,"Mixture models are universal approximators of smooth densities but are difficult to utilize in complicated datasets due to restrictions on typically available modes and challenges with initialiations.
We show that by continuously parameterizing a mixture of factor analyzers using a learned ordinary differential equation, we can improve the fit of mixture models over direct methods.
Once trained, the mixture components can be extracted and the neural ODE can be discarded, leaving us with an effective, but low-resource model.
We additionally explore the use of a training curriculum from an easy-to-model latent space extracted from a normalizing flow to the more complex input space and show that the smooth curriculum helps to stabilize and improve results with and without the continuous parameterization.
Finally, we introduce a hierarchical version of the model to enable more flexible, robust classification and clustering, and show substantial improvements against traditional parameterizations of GMMs.",None
https://openreview.net/forum?id=idzQGeVJyz5,MANSA: LEARNING FAST AND SLOW IN MULTI-AGENT SYSTEMS WITH A GLOBAL SWITCHING AGENT,Multi-agent Systems; Multi-agent Reinforcement Learning,"Decentralized learning, while computationally and communicatively cheap, suffers from well-known convergence issues in MARL. We develop a method to minimally use centralized learning to alleviate this problem.","In multi-agent systems, independent learners (IL) often show remarkable performance and easily scale with the number of agents. Yet, training IL can sometimes be inefficient particularly in states that require coordinated exploration. Using observations of other agents’ actions through centralised learning (CL) enables agents to quickly learn how to coordinate their behaviour but employing CL at all states is prohibitively expensive in many real-world applications. Besides, applying CL often needs strong representational constraints (such as individual-global-max condition) that can lead to poor performance if violated. In this paper, we introduce a novel IL framework named MANSA that selectively employs CL only at states that require coordination. Central to MANSA is the additional reinforcement learning (RL) agent that uses switching controls to quickly learn when and where to activate CL so as to boost the performance of IL while using only IL everywhere else. Our theory proves that MANSA’s switching control mechanism, which can seamlessly adopt any existing multi-agent RL (MARL) algorithms, preserves MARL convergence properties in cooperative settings. Importantly, we prove that MANSA can improve performance and maximise performance given a limited budget of CL calls. We show empirically in Level-based Foraging and SMAC settings that MANSA achieves fast, superior training performance through its minimal selective use of CL.",None
https://openreview.net/forum?id=Ajk3Bfo9AUW,Using Planning to Improve Semantic Parsing of Instructional Texts,nlp; semantic parsing; planning,Integrating symbolic planning information as a decoding constraint improves few-shot semantic parsing of instructional texts,"We develop a method for few-shot semantic parsing of instructional texts. The system takes long-form instructional texts as input and produces sequences of actions in a formal language that enable execution of the instructions. This task poses unique challenges since input texts may contain long context dependencies and ambiguous and domain-specific language. Valid semantic parses also require sequences of steps that constitute an executable plan. We build on recent progress in semantic parsing by leveraging large language models to learn parsers from small amounts of training data. During decoding, our method employs planning methods and domain information to rank and correct candidate parses. To validate our method, we investigate recipe interpretation in two cooking domains. We present results for few-shot semantic parsing using leave-one-out cross-validation. We show that utilizing planning domain information improves the quality of generated plans. Through ablations we also explore the effects of our decoder design choices and model size.",None
https://openreview.net/forum?id=bGRqRRVA8C,CLAS: Central Latent Action Spaces for Coordinated Multi-Robot Manipulation,Latent Action Spaces; Multi-Robot Manipulation; Cooperative Control; Reinforcement Learning,We propose a method for coordinating multi-robot manipulation by learning a latent action space that is task specific and acts on the manipulated object.,"Multi-robot manipulation tasks involve various control entities that can be separated into dynamically independent parts. A typical example of such real-world tasks is dual-arm manipulation. Learning to naively solve such tasks with reinforcement learning is often unfeasible due to the combinatorial explosion of the action and state spaces. Instead, we would like to handle such environments as multi-agent systems and have several agents control parts of the whole. However, decentralizing the generation of actions requires coordination across agents through a channel limited to information central to the task. This paper proposes an approach to coordinating multi-robot manipulation through learned latent action spaces that are shared across different agents. We validate our method in simulated multi-robot manipulation tasks and demonstrate improvement over previous baselines in terms of sample efficiency, learning performance, and interpretability.",None
https://openreview.net/forum?id=2bJ6Cqrd-a,Few-shot Lifelong Reinforcement Learning with Generalization Guarantees: An Empirical PAC-Bayes Approach,Few-shot Learning; Lifelong Meta RL; Multi-Task RL; PAC-Bayes Bound; Generalization Error Bound,None,"We propose a new empirical PAC-Bayes approach to develop lifelong reinforcement learning algorithms with theoretical guarantees. The main idea is to extend the PAC-Bayes theory in supervised learning to the reinforcement learning regime. More specifically, we train a distribution of policies, and gradually improve the distribution parameters via optimizing the generalization error bound using trajectories from each task. As the agent sees more tasks, it elicits better prior distributions of policies, resulting in tighter generalization bounds and improved future learning. To demonstrate the superior performance of our method compared to recent state-of-the-art methods, we test the proposed algorithms on various OpenAI's Gym and Mujuco environments and show that they adapt to new tasks more efficiently by continuously distilling knowledge from past tasks.",None
https://openreview.net/forum?id=ciZrud3kf3,Wasserstein Generalization Bound for Few-Shot Learning,Few shot learning; Generalization,"We use properties of wassertein distance to give a tight bound for few shot learning, specifically prototypical networks.","In the absence of large quantities of annotated data, few shot learning is used to train neural
networks that make predictions based on similarities between datapoints. To better under-
stand how models would behave when presented with unfamiliar data, research on gen-
eralization bounds have revealed some important properties about deep neural networks.
However, when extended to the domain of few shot learning it often yields loose bounds
since it does not take into the account the nature and methodology of few shot learning.
We propose a novel stochastic generalization bound for prototypical neural networks by
constructing a Wasserstein sphere centered around the distribution of weight matrices. We
show that by applying concentration inequalities on the distribution of weight matrices in
the Wasserstein sphere stricter generalization bounds can be obtained. Comparison with
previous generalization bounds shows the efficacy of our approach and to our knowledge
this is the first bound that makes use of Wasserstein distance to give a measure of general-
izability of deep neural networks",None
https://openreview.net/forum?id=DZ4FS-Evau7,Task-Agnostic Unsupervised Robust Representation Learning,unsupervised robustness; transferable adversarial robustness,"We propose a method to learn robust representations without any labels or adversarial fine-tuning in downstream tasks, based on a theoretically grounded unsupervised robustness regularizer.","It has been reported that deep learning models are extremely vulnerable to small but intentionally chosen perturbations of their input. In particular, a deep network, despite its near-optimal accuracy on the clean images, often mis-classifies an image with a worst-case but humanly imperceptible perturbation (so-called adversarial examples). To tackle this problem, a great amount of research has been done to study the training procedure of a network to improve its robustness. However, most of the research so far has focused on the case of supervised learning. With the increasing popularity of self-supervised learning methods, it is also important to study and improve the robustness of their resulting representation on downstream tasks. In this paper, we study the problem of robust representation learning with unlabeled data in a task-agnostic manner. Specifically, we first derive an upper bound on the adversarial loss of a prediction model (which is based on the learned representation) on any downstream task, using its loss on the clean data and a robustness regularizer. Importantly, the regularizer is task-independent, thus we propose to minimize it directly during the representation learning phase to make the downstream prediction model more robust. Extensive experiments show that our method results in a robust model for downstream tasks without any supervised adversarial training, and achieves preferable adversarial performance compared to relevant baselines.",None
https://openreview.net/forum?id=3i_Bzt7Hmcm,DP-InstaHide: Data Augmentations Provably Enhance Guarantees Against Dataset Manipulations,None,None,"Data poisoning and backdoor attacks manipulate training data to induce security breaches in a victim model. These attacks can be provably deflected using differentially private (DP) training methods, although this comes with a sharp decrease in model performance. The InstaHide method has recently been proposed as an alternative to DP training that leverages supposed privacy properties of the mixup augmentation, although without rigorous guarantees. In this paper, we rigorously show that $k$-way mixup provably yields at least $k$ times stronger DP guarantees than a naive DP mechanism, and we observe that this enhanced privacy guarantee is a strong foundation for building defenses against poisoning.",None
https://openreview.net/forum?id=FDiO2xfKnkj,Affinity-VAE for clustering and classification of objects in multidimensional image data,representation learning; VAE; $\beta$-VAE; affinity; cryo-ET; cryo-electron tommography; structural biology; visual proteomics,None,"In this work we present affinity-VAE: a framework for automatic clustering and classification of objects in multidimensional image data based on their similarity. The method expands on the concept of $\beta$-VAEs with an informed similarity-based loss component driven by an affinity matrix. The affinity-VAE is able to create rotationally-invariant, morphologically homogeneous clusters in the latent representation, with improved cluster separation compared with a standard $\beta$-VAE. We explore the extent of latent disentanglement and continuity of the latent spaces on both 2D and 3D image data, including simulated biological electron cryo-tomography (cryo-ET) volumes as an example of a scientific application.",None
https://openreview.net/forum?id=v-rx235RlfI,Model Stealing Attacks Against Vision-Language Models,Vision-Language Model; Model Stealing Attack,We propose the first model stealing attack against the vision-language models.,"Vision-language models have flourished these years and are regarded as promising solutions to vision-language tasks. However, training vision-language models always requires enormous effort, making the models valuable intellectual properties (IPs). In this paper, we pioneer to propose the first model stealing attack against the vision-language models, the goal of which is to steal the functionality of the target models. Specifically, we target fine-tuned CLIP models with black-box access. We query the model to extract model information through either the text-to-image retrieval or the image-to-text retrieval API and then leverage the information to train a local copy of the target model. Experiments show the effectiveness of the model stealing attacks. We validate that our attacks are query-efficient, API-agnostic, data-agnostic, and architecture-agnostic, which broaden the attack scenarios. As a counterpart, we examine a defense based on the idea of out-of-distribution detection, which is impotent without strong assumptions. Our research pressures the unprotected release and prevalence of powerful vision-language models and appeals to the community that their IP protections, if not the least, cannot be less.",None
https://openreview.net/forum?id=Hrj3MhDO_a,A Simple Nadaraya-Watson Head for Explainable and Calibrated Classification,Image Classification; Nonparametric; Interpretability; Explainability; Calibration,"We present a simple, nonparametric replacement to the fully-connected head in the image classification setting based on the Nadaraya-Watson (NW) estimator, which can be shown to be interpretable and well-calibrated.","We propose a simple, non-learnable, and nonparametric prediction head to be used with any neural network architecture. The proposed head can be viewed as a classic Nadaraya-Watson (NW) model, where the prediction is a weighted average of labels from a support set. 
The weights are computed from distances between the query feature and support features. This is in contrast to the dominant approach of using a learnable classification head (e.g., a fully-connected layer) on the features, which can be challenging to interpret and can yield poorly calibrated predictions.  Our empirical results on an array of computer vision tasks demonstrate that the NW head can yield better calibration than its parametric counterpart, while having comparable accuracy and with minimal computational overhead. To further increase inference-time efficiency, we propose a simple approach that involves a clustering step run on the training set to create a relatively small distilled support set. In addition to using the weights as a means of interpreting model predictions, we further present an easy-to-compute ``support influence function,'' which quantifies the influence of a support element on the prediction for a given query. As we demonstrate in our experiments, the influence function can allow the user to debug a trained model. We believe that the NW head is a flexible, interpretable, and highly useful building block that can be used in a range of applications.",None
https://openreview.net/forum?id=cRzIAw8Rem2,Learning Privacy-Preserving Graph Embeddings Against Sensitive Attributes Inference,Inference privacy; differential privacy; graph representation,Preserving the inference privacy of certain sensitive attributes associated with graph nodes for graph representation learning.,"We focus on preserving the privacy of some sensitive attributes associated with certain private nodes on a graph when releasing graph data. Notably, deleting the sensitive attributes from the graph data cannot resist adversarial attacks because an adversary can still leverage the graph structure information and the non-sensitive node features to predict the sensitive attributes. We propose a framework to learn graph embeddings insensitive to the changes of certain specified sensitive attributes while maximally preserving the graph structure information and non-sensitive node features for downstream tasks. The key ingredient of our framework is a novel conditional variational graph autoencoder (CVGAE), which captures the relationship between the learned embeddings and the sensitive attributes. This allows us to quantify the privacy loss that can be used for penalizing privacy leakage when learning graph embeddings without adversarial training.",None
https://openreview.net/forum?id=SYsmAZ8PHez,InteriorSim: A Photorealistic Simulator for Embodied AI,simulation environment; embodied AI,InteriorSim is a photorealistic simulator for embodied AI in the home.,"Interactive simulators are becoming powerful tools for training embodied agents, but existing simulators suffer from limited content diversity, physical interactivity, and visual fidelity. We address these limitations by introducing InteriorSim, a photorealistic simulator for embodied AI in the home. To create our simulator, we worked closely with a team of professional artists for over a year to construct 300 unique virtual indoor environments with 2,566 unique rooms and 17,234 unique objects that can be manipulated individually. Each of our environments features detailed geometry, photorealistic materials, and a unique floor plan and object layout designed by a professional artist, i.e., we do not rely on remixing existing layouts to create additional content. Our environments are implemented as Unreal Engine assets, and we provide an OpenAI Gym interface for interacting with the environments via Python. We demonstrate the utility of our simulator by using it in a zero-shot sim-to-real transfer scenario, i.e., we train a point-goal navigation policy entirely in simulation that can successfully navigate through cluttered real-world environments when deployed on a real robot. We also demonstrate that our simulator is quantitatively more photorealistic than existing simulators measured by human comparisons and standard metrics for evaluating generative models. Finally, we demonstrate that our simulator achieves better sim-to-real performance than existing simulators on a real-world semantic segmentation task. All of our assets and code will be made available online.",None
https://openreview.net/forum?id=wHt8UumYfGT,Prompt-Based Metric Learning for Few-Shot NER,None,None,"Few-shot named entity recognition (NER) targets generalizing to unseen labels and/or domains with few labeled examples.
Existing metric learning methods compute token-level similarities between query and support sets, but are not able to fully incorporate label semantics into modeling. To address this issue, we propose a simple method to largely improve metric learning for NER: 1) multiple prompt schemas are designed to enhance label semantics; 2) we propose a novel architecture to effectively combine multiple prompt-based representations. Empirically, our method achieves new state-of-the-art (SOTA) results under 16 of the 18 considered settings, substantially outperforming the previous SOTA by an average of 8.84% and a maximum of 34.51% in relative gains of micro F1.",None
https://openreview.net/forum?id=nlda8uNdwuJ,Analyzing Transformers in Embedding Space,transformers; interpretability; embedding space; explainability,None,"Understanding Transformer-based models has attracted significant attention, as they lie at the heart of recent technological advances across machine learning. While most interpretability methods rely on running models over inputs, recent work has shown that a zero-pass approach, where parameters are interpreted directly without a forward/backward pass is feasible for some Transformer parameters, and for two-layer attention networks. In this work, we present a theoretical analysis where all parameters of a trained Transformer are interpreted by projecting them into the embedding space, that is, the space of vocabulary items they operate on. We derive a simple theoretical framework to support our arguments and provide ample evidence for its validity. First, an empirical analysis showing that parameters of both pretrained and fine-tuned models can be interpreted in embedding space. Second, we present two applications of our framework: (a) aligning the parameters of different models that share a vocabulary, and (b) constructing a classifier without training by ""translating"" the parameters of a fine-tuned classifier to parameters of a different model that was only pretrained. Overall, our findings open the door to interpretation methods that, at least in part, abstract away from model specifics and operate in the embedding space only.",None
https://openreview.net/forum?id=vHgL7XYBiTd,Finding Generalization Measures by Contrasting Signal and Noise,generalization measure; signal and noise,A new generalization measure,"Generalization is one of the most fundamental challenges in deep learning, aiming to predict model performances on unseen data. Empirically, such predictions usually rely on a validation set, while recent works showed that an unlabeled validation set also works. Without validation sets, it is extremely difficult to obtain non-vacuous generalization bounds, which leads to a weaker task of finding generalization measures that monotonically relate to generalization error. In this paper, we propose a new generalization measure REF Complexity (RElative Fitting velocity between signal and noise), motivated by the intuition that a given model-algorithm pair may generalize well if it fits signal (e.g., true labels) fast while fitting noise (e.g., random labels) slow. Empirically, REF Complexity monotonically relates to test accuracy in real-world datasets without accessing additional validation sets, and achieves $-0.988$ correlation on CIFAR-10 and $-0.960$ correlation on CIFAR-100. We further theoretically verify the utility of REF Complexity under the regime of convex training with stochastic gradient descent.",None
https://openreview.net/forum?id=AXP2Sf6qqSZ,Counterfactual Explanation via Search in Gaussian Mixture Distributed Latent Space,XAI; Counterfactual Explanation; Autoencoder; Guassian-Mixture Distribution; Disentanglement,None,"Counterfactual Explanations (CEs) are an important tool in Algorithmic Recourse for addressing two questions: 1. What are the crucial factors that led to an automated prediction/decision? 2. How can these factors be changed to achieve a more favorable outcome from a user's perspective? Thus, guiding the user's interaction with AI systems by proposing easy-to-understand explanations and easy-to-attain actionable changes is essential for the trustworthy adoption and long-term acceptance of AI systems. In the literature, various methods have been proposed to generate CEs, and different quality measures have been suggested to evaluate these methods. However, the generation of CEs is usually computationally expensive, and the resulting suggestions are unrealistic and thus non-actionable. In this paper, we introduce a new method to generate CEs for a pre-trained binary classifier by first shaping the latent space of an autoencoder to be a mixture of Gaussian distributions. CEs are then generated in latent space by linear interpolation between the query sample and the centroid of the target class. We show that our method maintains the characteristics of the input sample during the counterfactual search. In various experiments, we show that the proposed method is competitive based on different quality measures on image and tabular datasets -- efficiently returns results that are closer to the original data manifold compared to three state-of-the-art methods, which are essential for realistic high-dimensional machine learning applications.",None
https://openreview.net/forum?id=ZfILgclY4J-,Spatial Entropy as an Inductive Bias for Vision Transformers,Vision Transformers; Self-Supervised Learning; Attention; Regularization.,We propose a self-supervised pretext task to include an object-based inductive bias in Vision Transformers.,"Recent work showed that the attention maps of Vision Transformers (VTs), when trained with self-supervision, can contain a semantic segmentation structure which does not spontaneously emerge when training is supervised. In this paper, we explicitly encourage the emergence of this spatial clustering as a form of training regularization, this way including a self-supervised pretext task into the standard supervised learning. In more detail, we exploit the assumption that, in a given image, objects usually correspond to few connected regions, and we propose a spatial formulation of the information entropy to quantify this object-based inductive bias. By minimizing the proposed spatial entropy, we include an additional self-supervised signal during training. Using extensive experiments, we show that the proposed regularization is beneficial with different training scenarios, datasets, downstream tasks and VT architectures. The code will be available upon acceptance.",None
https://openreview.net/forum?id=bvxY6ThxGzB,MILAN: Masked Image Pretraining on Language Assisted Representation,None,None,"Self-attention based transformer models have been dominating many computer vision tasks in the past few years. Their superb model qualities heavily depend on the excessively large labeled image datasets. In order to reduce the reliance on large labeled datasets, reconstruction based masked autoencoders are gaining popularity, which learn high quality transferable representations from unlabeled images. For the same purpose, recent weakly supervised image pretraining methods explore language supervision from text captions accompanying the images. In this work, we propose masked image pretraining on language assisted representation, dubbed as MILAN. Instead of predicting raw pixels or low level features, our pretraining objective is to reconstruct the image features with substantial semantic signals that are obtained using caption supervision. Moreover, to accommodate our reconstruction target, we propose a more efficient prompting decoder architecture and a semantic aware mask sampling mechanism, which further advance the transfer performance of the pretrained model. Experimental results demonstrate that MILAN delivers higher accuracy than the previous works. When the masked autoencoder is pretrained and finetuned on ImageNet-1K dataset with an input resolution of 224×224, MILAN achieves a top-1 accuracy of 85.4% on ViT-Base, surpassing previous state-of-the-arts by 1%. In the downstream semantic segmentation task, MILAN achieves 52.7 mIoU using ViT-Base backbone on ADE20K dataset, outperforming previous masked pretraining results by 4 points.",None
https://openreview.net/forum?id=o8HjiLULWq5,Reducing Communication Entropy in Multi-Agent Reinforcement Learning,multi-agent reinforcement learning; multi-agent communication; low entropy,None,"Communication in multi-agent reinforcement learning has been drawing attention recently for its significant role in cooperation. However, multi-agent systems may suffer from limitations on communication resource and thus need efficient communication techniques in real-world scenarios. According to the Shannon-Hartley theorem, messages to be transmitted reliably in worse channels requires lower entropy. Therefore, we aim to reduce message entropy in multi-agent communication. A fundamental challenge in this is that the gradients of entropy are either 0 or infinity, disabling gradient-based methods. To handle it, we propose a pseudo gradient descent scheme, which reduces entropy by adjusting the distributions of messages wisely. We conduct experiments on six environment settings and two base communication frameworks and find that our scheme can reduce communication entropy by up to 90% with nearly no loss of performance.",None
https://openreview.net/forum?id=QVSoh6VM4nG,Vector Quantization and Shifting: Exploiting Latent Properties to Optimize Neural Codecs,Neural Image Compression; Uniform Vector Quantization; Gradient of Entropy,We improve the performance of any neural codecs by uniform vector quantization and gradient of the entropy.,"End-to-end image/video codecs are getting competitive compared to traditional compression techniques that have been developed through decades of manual engineering efforts. These trainable codecs have many advantages over traditional techniques such as easy adaptation on perceptual distortion metrics and high performance on specific domains thanks to their learning ability. However, state of the art neural codecs do not take advantage of vector quantization technique and existence of gradient of entropy in decoding device. In this research, we propose some theoretical insights about these two properties (quantization and entropy gradient), and show that this can improve the performances of many off-the-shelf codecs. First, we prove that non-uniform quantization map on neural codec's latent is not necessary. Thus, we improve the performance by using a predefined optimal uniform vector quantization map. Secondly, we theoretically show that gradient of entropy (available at decoder side) is correlated with the gradient of the reconstruction error (which is not available at decoder side). Thus, we use the former as a proxy in order to improve the compression performance. According to our results, we save between 2-4\% of rate for the same quality with this proposal, for various pre-trained methods.",None
https://openreview.net/forum?id=hgHEUpY3TB6,A Simple Framework for Low-Resolution Detection with High-resolution Knowledge,object detection; low-resolution; knowledge distillation,We propose a simple distillation-based framework to improve detection on low-resolution images.,"This paper dedicates to improving object detection performance on low-resolution images. The intuitive way is to distill the high-resolution knowledge from models trained over high-resolution images, shorted as cross-resolution distillation. Unfortunately, most of existing conventional distillation methods focus on the knowledge distillation with same-resolution images in both teacher and student. Directly applying these methods for the cross-resolution distillation results in limited improvement. To address this issue, we introduce a simple yet effective framework, i.e., LRDet. The key in LRDet is the bridge branch, acting as an intermediate status between teacher and student. With the bridge branch, LRDet can i) align the resolution and supervision targets between the high-resolution teacher and the low-resolution student, and ii) then transfer the high-resolution knowledge smoothly and effectively. Experiments demonstrate that LRDet consistently improves various well-known detectors on low-resolution images, e.g., from 35.4 mAP to 37.8 mAP with RetinaNet-R50 on MS COCO using 600 × 1000 input. Meanwhile, it is easy to utilize large teachers in LRDet as the conventional distillation methods do, which can further improve the low-resolution performance. For example, RetinaNet-R50 with 600 × 1000 resolution can achieve 39.7 mAP when distilling from RetinaNet-X101.",None
https://openreview.net/forum?id=3lJ3pMuAwDT,AGREE: A Simple Aggregator of Detectors’ Decisions,AI Safety; Algorithms Evaluation; Deep Learning; Adversarial Examples,"We propose a simple yet effective method to aggregate the decisions based on the soft-probability outputs of multiple trained detectors, possibly provided by a third party.","A simple yet effective method to aggregate the decisions based on the soft-probability outputs of multiple trained detectors, possibly provided by a third party, is introduced. We formally derive a mathematically sound theoretical framework, which is straightforward as it does not require further training of the given detectors, and modular, allowing existing (and future) detectors to be merged into a single one. As an application, we evaluate our framework by tackling the recently proposed problem of simultaneous adversarial examples detection, i.e. when the attacks at the evaluation time can be simultaneously crafted according to a variety of algorithms and objective loss functions. While each single detector tends to underperform or fail in the aforementioned attack scenario,
our framework successfully aggregates the knowledge of the available detectors to guarantee a more reliable decision.
We validate our AGgregatoR of dEtectors' dEcisions (Agree) on popular datasets (e.g., CIFAR10 and SVHN) and we show that it consistently outperforms the state-of-the-art when simultaneous adversarial attacks are present at evaluation time.",None
https://openreview.net/forum?id=uw9hk67tDEE,Multivariate Gaussian Representation of Previous Tasks for Continual Learning,Continual Learning; Memory Replay; Sample Generation; Multivariate Gaussian Distribution; Expectation-Maximization; Local Adaptation,we propose a method for storing and reproducing distributed representations of data for each class in memory,"Continual learning has recently become increasingly important with the development of deep learning technology. The memory-based rehearsal is one of the dominant methods: It samples data in a previous task, stores them in memory, and retrain them with the current task. However, since the whole data cannot be stored in fixed memory capacity, there is a problem to lose the knowledge of previous data. In this paper, we propose a method for storing and reproducing distributed representations of data for each class in memory. Data representation is categorized by class and converted into a multivariate Gaussian distribution, which is stored in memory in the form of means and variances. A generative algorithm regenerates the model of previous tasks to restore the data representation for the current task. In the inference process, local adaptation adjusts the model to the distributed representation of data that change as the number of tasks increases. Experiments with CIFAR10, CIFAR100, and tiny-ImageNet show the the performance improvements of 2.2%p, 5.01%p, and 3.44%p, respectively, compared to the state-of-the-art method of memory replay, confirming the effectiveness of the proposed method in data representation for memory replay.",None
https://openreview.net/forum?id=QlK8nHnY8zc,NGswin: N-Gram Swin Transformer for Efficient Single Image Super-Resolution,N-Gram; Single Image Super-Resolution; Swin Transformer; Efficiency; Deep Learning,"In our efficient NGswin, N-Gram context is proposed for deep learning in single image super-resolution for the first in history.","In single image super-resolution (SISR), many deep learning-based methods suffer from intensive computational operations. In addition, while Swin Transformer-based methods such as SwinIR established state-of-the-art results, they still hold the problem of ignoring the broad regions when computing window self-attention (WSA) to reconstruct high-frequency information. In this paper, we propose the efficient NGswin network, which is the first attempt in history to introduce N-Gram to deep learning in images. For text analysis, N-Gram is a sequence of consecutive characters or words, but in an image, we define N-Gram as neighboring local windows (in WSA of Swin Transformer) which interact with each other by sliding-WSA. We propose N-Gram interaction, SCDP bottleneck, and a pooling-cascading mechanism, which enable the network to consider broad regions beneficial to recovering the degraded neighbor pixels. Moreover, we employ a hierarchical encoder with patch-merging, uni-Gram embedding, and a compact decoder to NGswin to enhance the network efficiency. Experimental results show that the proposed model achieves competitive performance in terms of PSNR and SSIM scores with fewer operations (Mult-Adds) compared to other methods.",None
https://openreview.net/forum?id=Nae2_YHH-24,Improving Translation Capabilities of Pre-Trained Multilingual Sequence-to-Sequence Models for Low-Resource Languages,Pre-Trained Multilingual Sequence-to-Sequence Model; Machine Translation; Low Resource Languages; Empirical Experiments,Empirical experiments on data and techniques for leveraging Pre-Trained Multilingual Sequence-to-Sequence Models for Low-Resource language translation,"Performance of Pre-trained Multilingual Sequence-to-Sequence (PMSS) models for translation heavily depends on the amount of monolingual data used in model pre-training. Thus these models under-perform for low-resource languages included in the model, even more for the languages unseen by the model. In this paper, we focus on the domain-specific translation of low-resource language (LRL) pairs. For a given domain-specific translation task, we investigate the most effective way of utilizing parallel data from auxiliary domains. the possibility of leveraging the available bitext to improve translation capabilities of PMSS models for low-resource languages. We experiment with several Transfer Learning protocols, considering the domain divergence of the available data.}   %Therefore, to determine whether pre-trained multilingual sequence-to-sequence (PMSS) models can be leveraged for low-resource language (LRL) translation, we conducted a  large-scale empirical experiment.  We systematically studied transfer learning frameworks under a breadth of data scenarios under for LRLs in a non-English-centric manner.",None
https://openreview.net/forum?id=Y3wBqgTbxyw,SPC-Net: A New Scalable Point Cloud Compression Framework for Both Machine and Human Vision Tasks,point cloud; compression; scalable coding,None,"Recently, point cloud process and analysis have attracted increasing attention in various machine vision tasks. Therefore, some point cloud compression algorithms are developed. However, such compression algorithms are developed for human vision while most of the point cloud data will be used for automated point cloud analysis (e.g., detection of abnormal event and early warning in autonomous driving) and may not be seen by humans. To this end, we design a new scalable point cloud compression framework (SPC-Net) for both machine and human vision tasks, in which a scalable bit-stream will be used to describe the point cloud for both machine vision and human vision tasks. For machine vision tasks, only part of the bit-stream will be transmitted for bit-rate saving, while the full bit-stream will be transmitted when used for the human vision task. Additionally, we propose a new octree depth level predictor to automatically predict the optimal depth level in order to control the bit-rate cost for the machine vision tasks.As a result, for simple objects/scenarios, we will use fewer depth levels with less bits for the machine tasks, while for complex objects/scenarios, we prefer deeper depth levels of octree with more bits for machine tasks comprehensive. Experimental results on different datasets (e.g., ModelNet10, ModelNet40, ShapeNet and ScanNet) demonstrate that our proposed scalable point could compression framework SPC-Net achieves better performance on the machine vision tasks (e.g., classification, segmentation and detection) without degrading the performance of the human vision task.",None
https://openreview.net/forum?id=7tmlbL5JQyt,Optimizing Connectivity through Network Gradients for the Restricted Machine,Neural Networks; Restricted Boltzmann Machine; Neural Architecture Search; Network Pruning; Network Optimization; AutoML,This paper proposes a novel methodology that optimizes the network connectivity of an RBM using the idea of connection gradients jointly with other model parameters.,"Leveraging sparse networks to connect successive layers in deep neural networks has recently been shown to provide benefits to large scale state-of-the-art models. However, network connectivity also plays a significant role on the learning performance of shallow networks, such as the classic Restricted Boltzmann Machines (RBM). Efficiently finding sparse connectivity patterns that improve the learning performance of shallow networks is a fundamental problem. While recent principled approaches explicitly include network connections as model parameters that must be optimized, they often rely on explicit penalization or have network sparsity as a hyperparameter. This work presents a method to find optimal connectivity patterns for RBMs based on the idea of network gradients (NCG): computing the gradient of every possible connection, given a specific connection pattern, and using the gradient to drive a continuous connection strength parameter that in turn is used to determine the connection pattern. Thus, learning RBM parameters and learning network connections is truly jointly performed, albeit with different learning rates, and without changes to the objective function. The method is applied to the MNIST and other datasets showing that better RBM models are found for the benchmark tasks of sample generation and input classification. Results also show that NCG is robust to network initialization, both adding and removing network connections while learning.",None
https://openreview.net/forum?id=vFK6PhTxKHR7,FedMEKT: Split Multimodal Embedding Knowledge Transfer in Federated Learning,Semi-supervised learning; Multimodal Learning; Federated Learning; Knowledge Transfer,The paper designs the split embedding knowledge transfer mechanism for multimodal federated learning under semi-supervised learning setting,"Federated Learning (FL) enables a decentralized machine-learning paradigm to collaboratively train a generalized global model without sharing users' private data. However, most existing FL approaches solely utilize single-modal data, thus limiting the systems for exploiting valuable multimodal data in future personalized applications. Furthermore, most FL methods still rely on the labeled data at the client side, which is limited in real-world applications due to the inability of data self-annotation from users. To leverage the representations from different modalities in FL, we propose a novel multimodal FL framework with a semi-supervised learning setting. Specifically, we develop the split multimodal embedding knowledge transfer mechanism in federated learning, namely, FedMEKT, which enables the personalized and generalized multimodal representations exchange between server and clients using a small multimodal proxy dataset. Hence, FedMEKT iteratively updates the generalized encoders from the collaborative embedding knowledge of each client, such as modality-averaging representations. Thereby, a generalized encoder could guide personalized encoders to enhance the generalization abilities of client models; afterward, personalized classifiers could be trained using the proxy labeled data to perform supervised tasks. Through the extensive experiments on three multimodal human activity recognition tasks, we demonstrate that FedMEKT achieves superior performance in both local and global encoder models on linear evaluation and guarantees user privacy for personal data and model parameters.",None
https://openreview.net/forum?id=K7YxdCYmd6w,End-to-End Speech Synthesis Based on Deep Conditional Schrödinger Bridges,None,None,"Speech synthesis plays an important role in human-computer interaction. Existing methods mainly employ traditional two-stage pipeline, e.g. text-to-speech and vocoder. In this paper, we propose a system called Schr\""on, which can generate speech waves in an end-to-end mamaner by solving Schr\""odinger bridge problems (SBP). In order to make SBP suitable for speech synthesis, we generalize SBP from two aspects. The first generalization makes it possible to accept condition variables, which are used to control the generated speech, and the second generalization allows it to handle variable-size input. Besides these two generalizations, we propose two techniques to fill the large information gap between text and speech waveforms for generating high-quality voice. The first technique is to use a text-mel joint representation as the conditional input of the conditional SBP. The second one is to use a branch network for the generation of mel scores as a regularization, so that the text features will not be degenerated. Experimental results show that Schr\""on achieves state-of-the-art MOS of 4.52 on public data set LJSpeech. Audio samples are available at https://schron.github.io/.",None
https://openreview.net/forum?id=r3B62g_nL0l,Delve into the Layer Choice of BP-based Attribution Explanations,XAI; attribution methods; layer choice; TIF,"We quantified the influence of the layer choice on BP-based attributions. Based on the experimental results, we show how to fuse different layer attributions to obtain complete, fine-grained and reliable attribution results.","Many issues in attribution methods have been recognized to be related to the choice of target layers, such as class insensitivity in earlier layers and low resolution in deeper layers. However, as the ground truth of the decision process is unknown, the effect of layer selection has not been well-studied. In this paper, we first employ backdoor attacks to control the decision-making process of the model and quantify the influence of layer choice on class sensitivity, fine-grained localization, and completeness. We obtain three observations: (1) We find that energy distributions of the bottom layer attribution are class-sensitive, and the class-insensitive visualizations come from the presence of a large number of class-insensitive low-score pixels. (2) The choice of target layers determines the completeness and the granularity of attributions. (3) We find that single-layer attributions cannot perform well both on the LeRF and MoRF reliability evaluations. To address these issues, we propose TIF (Threshold Interception and Fusion), a technique to combine the attribution results of all layers. Qualitative and quantitative experiments show that the proposed solution is visually sharper and more tightly constrained to the object region than other methods, addresses all issues, and outperforms mainstream methods in reliability and localization evaluations.",None
https://openreview.net/forum?id=jD2jOzx1aef,Heterogeneous Loss Function with Aggressive Rejection for Contaminated data in anomaly detection,Anomaly detection; contaminated data; Unsupervised learning,This paper proposes heterogeneous loss with aggressive rejection for contaminated data in anomaly detection.,"A training clean dataset, which consists of only normal data, is crucial for detecting anomalous data. However, a clean dataset is challenging to produce in practice. Here, heterogeneous loss function with aggressive rejection is proposed, which strengthens robustness against contamination. Aggressive rejection constrains training on the intersection of normal and abnormal distributions to handle the potential anomalies. Heterogeneous loss function utilizes an adaptive mini-batch stochastic choice of an order of asymptotic polynomial of GA loss, which dynamically optimizes the gradient for the intersection further. Through the proposed method, mean square error based models can outperform various robust loss functions and generate comparable performance with robust models for contaminated data on three image datasets.",None
https://openreview.net/forum?id=_Esnr5KvO6-,Prompt Injection: Parameterization of Fixed Inputs,Prompt; Injection; Parameterization; Language Model; Inference Efficiency; Distillation,We formulate a new problem called Prompt Injection (PI) that focuses on injecting the prompt into the parameters of an LM to be an efficient alternative to attaching fixed prompts to the input.,"Recent works have shown that attaching prompts to the input is effective at conditioning Language Models (LM) to perform specific tasks. However, prompts are always included in the input text during inference, thus incurring substantial computational and memory overhead. Also, there is currently no straightforward method of utilizing prompts that are longer than the maximum input length of the LMs without incurring additional costs during inference. We formulate a new problem called Prompt Injection (PI) that focuses on injecting the prompt into the parameters of an LM to be an efficient alternative to attaching fixed prompts to the input. We show that in scenarios with long fixed prompts, PI can be up to 280 times more efficient in terms of total FLOPs than previous approaches. We further explore methodologies for PI and show promising results in persona-dependent conversation, semantic parsing, and zero-shot learning with task instructions. Through these explorations, we show that PI can be a promising direction for conditioning language models, especially in scenarios with long and fixed prompts.",None
https://openreview.net/forum?id=2NQ8wlmU9a_,Hybrid-Regressive Neural Machine Translation,autoregressive translation; non-autoregressive translation; inference acceleration,None,"In this work, we empirically confirm that non-autoregressive translation with an iterative refinement mechanism (IR-NAT) suffers from poor acceleration robustness because it is more sensitive to decoding batch size and computing device setting than autoregressive translation (AT). Inspired by it, we attempt to investigate how to combine the strengths of autoregressive and non-autoregressive translation paradigms better. To this end, we demonstrate through synthetic experiments that prompting a small number of AT's predictions can promote one-shot non-autoregressive translation to achieve the equivalent performance of IR-NAT. Following this line, we propose a new two-stage translation prototype called hybrid-regressive translation (HRT). Specifically, HRT first generates discontinuous sequences via autoregression (e.g., make a prediction every $k$ tokens, $k>1$) and then fills in all previously skipped tokens at once in a non-autoregressive manner. We also propose a bag of techniques to effectively and efficiently train HRT without adding any model parameters. HRT achieves the state-of-the-art BLEU score of 28.49 on the WMT \entode task and is at least 1.5x faster than AT, regardless of batch size and device. In addition, another bonus of HRT is that it successfully inherits the good characteristics of AT in the deep-encoder-shallow-decoder architecture. Concretely, compared to the vanilla HRT with a 6-layer encoder and 6-layer decoder, the inference speed of HRT with a 12-layer encoder and 1-layer decoder is further doubled on both GPU and CPU without BLEU loss.",None
https://openreview.net/forum?id=8xZogWcm73f,Automatic Dictionary Generation: Could Brothers Grimm Create a Dictionary with BERT?,dictionary generation; natural language processing; transformers,None,"The creation of the most famous German dictionary, also referred to as ``Deutsches Wörterbuch'' or in English ``The German Dictionary'', by the two brothers Jacob and Wilhelm Grimm, took more than a lifetime to be finished (1838--1961). In our work we examine the question, if it would be possible for them to create a dictionary using present technology, i.e., language models such as BERT. Starting with the definition of the task of Automatic Dictionary Generation, we propose a method based on contextualized word embeddings and hierarchical clustering to create a dictionary given unannotated text corpora.  We justify our design choices by running variants of our method on English texts, where ground truth dictionaries are available.  Finally, we apply of our approach to Shakespeare's work and automatically generate a dictionary tailored to Shakespearean vocabulary and contexts without human intervention.",None
https://openreview.net/forum?id=7uIycrR-KOa,Test-Time Adaptation for Real-World Denoising Networks via Noise-Aware Image Generation,None,None,"Image denoising aims for a challenging task of recovering clean images from unseen noise, which can follow different distributions depending on scenes, camera models, ISO settings, etc. Previous works have attempted to handle unseen noise by adapting denoising neural networks to each given noisy image. However, a single noisy image can only provide a limited amount of information for training networks. Therefore, we propose to generate noisy images with diverse yet realistic noise that is similar to noise in a given input image. Such noise generation is difficult to achieve given only a single noisy image. To address the challenge, we propose a normalizing flow (NF) framework that can learn the latent representation of noise, conditioned on noisy images. We also employ the Gaussian mixture model to better handle real-world unseen noise by leveraging multiple noise distributions. Using the proposed NF model, our framework can generate multiple synthetic noisy images to facilitate the adaptation of denoising networks to each given image. To further improve the adaptation to unseen noise, we integrate a meta-learning algorithm into our framework. The experimental results demonstrate that our framework substantially improves the performance of several denoising networks on unseen real-world noise across numerous real-world benchmark datasets.",None
https://openreview.net/forum?id=ar_09k_Gsos,Learning 3D Point Cloud Embeddings using Optimal Transport,Optimal Transport; 3D Point Cloud; Wasserstein Space; Contrastive Learning,We introduce a novel method to learn Wasserstein embeddings for 3D point clouds endowed by contrastive learning setup.,"Learning embeddings of any data largely depends on the ability of the target space to capture semantic relations. The widely used Euclidean space, where embeddings are represented as point vectors, is known to be lacking in its potential to exploit complex structures and relations. Contrary to standard Euclidean embeddings, in this work, we embed point clouds as discrete probability distributions in Wasserstein space. We build a contrastive learning setup to learn Wasserstein embeddings that can be used as a pre-training method with or without supervision for any downstream task. We show that the features captured by Wasserstein embeddings are better in preserving the point cloud geometry, including both global and local information, thus resulting in improved quality embeddings. We perform exhaustive experiments and demonstrate the effectiveness of our method for point cloud classification, transfer learning, segmentation and interpolation tasks over multiple datasets including synthetic and real-world objects in both supervised and self-supervised settings. We also compare against other existing methods and show that our method outperforms them in all downstream tasks. Additionally, our study reveals a promising interpretation of capturing critical points of point clouds that makes our proposed method self-explainable.",None
https://openreview.net/forum?id=2qM88ymKO6r,DeNF: Unsupervised Scene-Decompositional Normalizing Flows,None,None,"Unsupervised object-centric scene decomposition models can learn compositional and hierarchical representations of multi-object scene data that allow the abstraction of the data into object entities and spaces. However, previous approaches, either based on VAE or GAN frameworks, have no guarantee of preserving particular aspects of the image in scene reconstruction. In this work, we propose the first probabilistic model called DeNF. Based on recent advances in normalizing flows, we represent the scene as a mixture of bidirectional flows that map a set of structured prior distributions into the scene data distribution. The bijective mapping of DeNF yields an efficient sampling and density evaluation in training time. Furthermore, it improves the fidelity of the scene's visual contents in the reconstruction process. In our experiments on real and synthetic image data for unsupervised scene decomposition, DeNF achieves competitive results.",None
https://openreview.net/forum?id=u4quDwcd9S3,A Decomposition Based Dual Projection Model for Multivariate Time Series Forecasting and Anomaly Detection,Multivariate Time Series; Decomposition; Projection; Forecasting; Anomaly Detection,A seasonal-trend decomposition based model with the channel-wise and sequence-wise dual projection is developed for efficient and accurate multivariate time series forecasting and anomaly detection.,"Efficient anomaly detection and diagnosis in multivariate time series data is of great importance for various application areas. Forecasting of long-sequence time series is an important problem to prepare for future changes. An accurate prediction can help to detect anomaly events beforehand and make better decisions. It seems that one has to use more complex structures for deep learning models to get better performance, e.g., the recent surge of Transformer variants for time series modeling. However, such complex architectures require a large amount of training data and extensive computing resources. In addition, many of the considerations behind such architectures do not hold for time series applications. The objective of this study is to re-consider the effectiveness of deep learning architectures for efficient and accurate time series forecasting and anomaly detection. A model with direct projections is proposed, and it outperforms existing Transformer based models in most cases by a significant margin. The new decomposition based dual projection (DBDP) model consists of an anchored global profile and a varied number of decomposed seasonal local profiles of the time series for better forecasting performance. In addition to forecasting, a non-contrastive self-supervised learning approach, we propose to include a contrastive learning module in the DBDPC model for better forecasting performance and robustness. Finally, we apply the DBDP and DBDPC models to forecasting based time series anomaly detection and achieve superior performance over the latest SoTA models. These results demonstrate the effectiveness of the several key considerations behind the DBDP and DBDPC models, which also encourages the development of new architectures for time series applications.",None
https://openreview.net/forum?id=DUIjRKNFFbG,LEXA: Language-agnostic Cross-consistency Training for Question Answering Tasks,pre-training; language model; natural language processing,We developed a novel pre-training method to improve cross-lingual consistency in a language model. We demonstrate the achieved ability on several question answering datasets.,"Cross-lingual information retrieval (CLIR) is a knowledge-intensive NLP task that requires a lot of domain-specific data in different languages. In previous works, authors were mostly using machine translation and iterative training for data mining. We considered the problem from another angle and present a novel cross-lingual pre-training and fine-tuning approach for CLIR tasks based on cross-lingual alignment. We present a new model LEXA-LM significantly improving cross-lingual knowledge transfer thus achieving new state-of-the-art in cross-lingual and monolingual question answering and cross-lingual sentence retrieval. Moreover, we show that our pre-training technique LEXA is a very powerful tool for a zero-shot scenario allowing to outperform some supervised methods.",None
https://openreview.net/forum?id=LPcxnvN9vLw,Memory Learning of Multivariate Asynchronous Time Series,Multivariate Asynchronous Time Series; Gated Recurrent Unit; Sequential Models,Modeling Multivariate Asynchronous Time Series,"Sequential observations from complex systems are usually collected irregularly and asynchronously across variables. Besides, they are typically both serially and cross-sectionally dependent. Recurrent networks are always used to model such sequential data, trying to simultaneously capture marginal dynamics and dependence dynamics with one shared memory. This leads to two problems. First, some heterogeneous marginal information is difficult to be preserved in the shared memory. Second, in an asynchronous setting, missing values across variables will introduce bias in the shared memory. To solve these problems, this paper designs a new architecture that seamlessly integrates continuous-time ODE solvers with a set of memory-aware GRU blocks. It learns memory profiles separately and addresses the issue of asynchronous observations. Numerical results confirm that this new architecture outperforms a variety of state-of-the-art baseline models on datasets from various fields.",None
https://openreview.net/forum?id=MHXO5xRCSXh,PET-NeuS: Positional Encoding Triplanes for Neural Surfaces,Multi-view Surface Reconstruction; Neural Radiance Fields; Signed Distance Functions,"We improve NeuS by introducing Tri-planes, modulated positional encoding, and learned self-attention convolutions.","The signed distance function (SDF) represented by an MLP network is commonly used for multi-view neural surface reconstruction. We build on the successful recent method NeuS to extend it by three new components. The first component is to borrow the Tri-plane representation from EG3D and represent signed distance fields as a mixture of tri-planes and MLPs instead of representing it with MLPs only. Discretizing the scene space with Tri-planes leads to a more expressive data structure but involving tri-planes will introduce noise due to discrete discontinuities. The second component is to use a new type of positional encoding with learnable weights to combat noise in the reconstruction process. We divide the features in the tri-plane into multiple frequency bands and modulate them with sin and cos functions of different frequency. The third component is to use learnable convolution operations on the tri-plane features using self-attention convolution to produce features with different frequency. The experiments show that PET-NeuS achieves high-fidelity surface reconstruction on standard datasets. Following previous work and using the Chamfer metric as the most important way to measure surface reconstruction quality, we are able to improve upon the NeuS baseline by 25\% on Nerf-synthetic (0.84 compared to 1.12) and by 14\% on DTU (0.75 compared to 0.87). The qualitative evaluation reveals how our method can better control the interference of high-frequency noise.",None
https://openreview.net/forum?id=R3xfdth4Gyl,Learning Task Agnostic Temporal Consistency Correction,Video Processing; Temporal Consistency Correction; Video Restoration,This work provides a general framework for task agnostic video temporal consistency correction capable of producing visually pleasing and temporally consistent videos without the requiring their unprocessed counterparts.,"In many video restoration/translation tasks, image processing operations are naively extended to the video domain by processing each frame independently. This disregard for the temporal connection in video processing often leads to severe temporal inconsistencies. State-of-the-art techniques that address these inconsistencies rely on the availability of unprocessed videos to siphon consistent video dynamics to restore the temporal consistency of frame-wise processed videos. We propose a novel general framework for this task that learns to infer consistent motion dynamics from inconsistent videos to mitigate the temporal flicker while preserving the perceptual quality for both the temporally neighboring and relatively distant frames. The proposed framework produces state-of-the-art results on two benchmark datasets, DAVIS and videvo.net, processed by numerous image processing applications in a frame-wise processing manner. The code and the trained models will be released upon acceptance.",None
https://openreview.net/forum?id=fH4xGeqdgLb,Does Structural Information have been Fully Exploited in Graph Data?,Transformer; Discrete Ricci Curvature; Structural Information,"We propose a topology-aware graph-based architecture, termed as Curvphormer, by leveraging a geometric notion, i.e., discrete Ricci curvature.","In real world, graph-structured data is pervasive, operating as an abstraction of data containing nodes and interactions between nodes. There are numerous ways dedicated to excavating structure information overtly or implicitly, but whether structural information has been adequately exploited remains an unanswered question. We offer Curvphormer, a curvature-based topology-aware Graphormer that integrates Discrete Ricci Curvature (DRC) into a powerful graph-based Transformer architecture to construct a more expressive graph-based model. This work employs DRC, a geometric descriptor, to reveal additional structural information. We intuitively characterize how our model can make better use of the topological information in graph data, and extract desired structural information, such as inherent community structure in graphs with homogeneous information. We conduct extensive experiments on different scaled datasets, such asg PCQM4M-LSC, ZINC and MolHIV, and achieve remarkable performance gain on various graph-level tasks and finetune tasks. Codes
 will be released upon acceptance.",None
https://openreview.net/forum?id=aPc-R01WvJV,Prescribed Safety Performance Imitation Learning from A Single Expert Dataset,safe imitation learning; inverse reinforcement learning,We propose a method to conduct safe imitation learning with prescribed safety performance.,"Existing safe imitation learning (safe IL) methods mainly focus on learning safe policies that are similar to expert ones, but may fail in applications requiring different safety constraints. In this paper, we propose the Lagrangian Generative Adversarial Imitation Learning (LGAIL) algorithm, which can adaptively learn safe policies from a single expert dataset under diverse prescribed safety constraints. To achieve this, we augment GAIL with safety constraints and then relax it as an unconstrained optimization problem by utilizing a Lagrange multiplier. The Lagrange multiplier enables explicit consideration of the safety and is dynamically adjusted to balance the imitation and safety performance during training. Then, we apply a two-stage optimization framework to solve LGAIL: (1) a discriminator is optimized to measure the similarity between the agent-generated data and the expert ones; (2) forward reinforcement learning is employed to improve the similarity while considering safety concerns enabled by a Lagrange multiplier. Furthermore, theoretical analyses on the convergence and safety of LGAIL demonstrate its capability of adaptively learning a safe policy given prescribed safety constraints. At last, extensive experiments in OpenAI Safety Gym conclude the effectiveness of our approach.",None
https://openreview.net/forum?id=7Kf5_7-b7q,Comparing Auxiliary Tasks for Learning Representations for Reinforcement Learning,Reinforcement learning; Representation learning; Auxiliary task; Comparison,This paper empirically compares common auxiliary tasks used to learn representations for reinforcement learning (RL) across diverse continuous control environments and RL algorithms.,"Learning state representations has gained steady popularity in reinforcement learning (RL) due to its potential to improve both sample efficiency and returns on many environments. A straightforward and efficient method is to generate representations with a distinct neural network trained on an auxiliary task, i.e. a task that differs from the actual RL task. While a whole range of such auxiliary tasks has been proposed in the literature, a comparison on typical continuous control benchmark environments is computationally expensive and has, to the best of our knowledge, not been performed before. This paper presents such a comparison of common auxiliary tasks, based on hundreds of agents trained with state-of-the-art off-policy RL algorithms. We compare possible improvements in both sample efficiency and returns for environments ranging from simple pendulum to a complex simulated robotics task. Our findings show that representation learning with auxiliary tasks is beneficial for environments of higher dimension and complexity, and that learning environment dynamics is preferable to predicting rewards. We believe these insights will enable other researchers to make more informed decisions on how to utilize representation learning for their specific problem.",None
https://openreview.net/forum?id=Oy-e1gcBzo,Dynamic-Aware GANs: Time-Series Generation with Handy Self-Supervision,Time-series modelling; Self-supervision; Deep Generative Models,This paper presents Dynamic-Aware GANs as a data-efficient self-supervised paradigm for time-series data generation.,"This paper presents Dynamic-Aware GAN (DAGAN) as a data-efficient self-supervised paradigm for time-series data generation.
To support sequential generation with sufficient clues of temporal dynamics, we explicitly model the transition dynamics within the data sequence through differencing, thus refining the vanilla sequence into one with inter-correlated triplets to characterize each time-step.
This localized triplet consistent structure contributes to a self-supervision mechanism, which can provide more aspects of supervision for the overall stepwise dependencies encoded within the training data. Such a handy self-supervision mechanism is simple but can be beneficial especially when a model is presented with limited training data. Based on the insight, we present DAGAN which generalizes the locally regularized triplet consistency to distributional-level via dynamic encoding and joint distribution matching. 
Experiments on various synthetic and real-world datasets verify that our model achieves superior generation results with better quality and diversity compared with the state-of-the-art benchmarks, especially when the training data is scarce. Moreover, benefited from the dynamic-conditional and dynamic-consistent design, our DAGAN is capable of generating sequences that present specified dynamics.",None
https://openreview.net/forum?id=FGlL0dLjpn,Learning Gradient-based Mixup towards Flatter Minima for Domain Generalization,Domain Generalization; Mixup; Gradient-based Method; Flatness-aware Optimization,We propose a policy to generate the instance weights for mixup based on gradient similarity and optimize a learnable similarity function towards flatter minima for better generalization.,"To address the distribution shifts between training and test data, domain generalization (DG) leverages multiple source domains to learn a model that generalizes well to unseen domains. However, existing DG methods generally suffer from overfitting to the source domains, partly due to the limited coverage of the expected region in feature space. Motivated by this, we propose to perform mixup with data interpolation and extrapolation to cover the potential unseen regions. To prevent the detrimental effects of unconstrained extrapolation, we carefully design a policy to generate the instance weights, named Flatness-aware Gradient-based Mixup (FGMix). The policy employs a gradient-based similarity to assign greater weights to instances that carry more invariant information, and learns the similarity function towards flatter minima for better generalization. On the DomainBed benchmark, we validate the efficacy of various designs of FGMix and demonstrate its superiority over other DG algorithms.",None
https://openreview.net/forum?id=e9T1iIAbfKj,UnifySpeech: A Unified Framework for Zero-shot Text-to-Speech and  Voice Conversion,decoupling; zero-shot learning; text-to-speech; voice conversion; vector quantization,None,"The unlabeled speech contains rich speaker style information, which can improve the few-shots modeling capability. This paper proposes UnifySpeech to make use of large amounts of unlabeled data for model training and boost the performance of text-to-speech (TTS) and voice conversion (VC) simultaneously. UnifySpeech brings TTS and VC into a unified framework for the first time. The model is based on the assumption that speech can be decoupled into three independent components: content information, speaker information, prosody information. Both TTS and VC can be regarded as mining these three parts of information from the input and completing the reconstruction of speech. For TTS, the speech content information is derived from the text, while in VC it's derived from the source speech, so all the remaining units are shared except for the speech content extraction module in the two pipelines. We applied vector quantization and loss optimization to bridge the gap between the content domains of TTS and VC. Objective evaluation shows UnifySpeech gets higer speaker similarity and pitch prediction accuracy, indicating the improvements of the style modeling ability. Subjective evaluation shows speech generated by UnifySpeech obtains high mean opinion score (mos) that the audio is as natural as human voice.",None
https://openreview.net/forum?id=fQGjNpkGVf,On the Shortcut Learning in Multilingual Neural Machine Translation,Multilingual Neural Machine Translation; shortcut learning; generalization,Single centric MNMT suffers from off-target issues due to overfitting of shortcut patterns of  language mappings. Multilingual pretraining aggregates such overfitting. We propose a simple training strategy to eliminate such shortcut patterns.,"In this study, we connect the commonly-cited off-target issues in zero-shot translation to the usage of a single centric language in the training datasets of multilingual neural machine translation (MNMT). By carefully designing experiments on different MNMT scenarios and models, we attribute off-target issues to the overfitting of the shortcut patterns of (non-centric, centric) language mappings. Specifically, the learned shortcut patterns biases MNMT to mistakenly translate non-centric languages into the centric language instead of the expected non-centric language. We analyze the learning dynamics of MNMT and find that the shortcut learning generally occurs at the later stage of model training. Pretraining accelerates and aggravates the shortcut learning via a fast transformation from the copy pattern embedded in the pretraining intitialization to the (non-centric, centric) mapping pattern embedded in the MNMT data. Based on these observations, we propose a simple and effective training strategy to eliminate the shortcut patterns in MNMT models by leveraging the forgetting nature of model training. The only difference between our approach and the conventional training is that we only present the training examples of (centric, non-centric) language mapping (excluding the reverse direction) to MNMT models in the later stage of model training.
Without introducing any additional data and computational costs, our approach can consistently and significantly improve the performance of zero-shot translation by alleviating the shortcut learning, and maintain the performance of supervised translation for different MNMT models on several benchmarks.",None
https://openreview.net/forum?id=qZ1yqKvQtE,CLIP model is an Efficient Continual Learner,Continual Learning; Vision-Language Models; Zero-shot Classifiers,A simple baseline for future comparisons in the continual learning tasks using zero-shot CLIP.,"The continual learning setting aims to learn new tasks over time without forgetting the previous ones. The literature reports several significant efforts to tackle this problem with limited or no access to previous task data. Among such efforts, typical solutions offer sophisticated techniques involving memory replay, knowledge distillation, model regularization, and dynamic network expansion. The resulting methods have a retraining cost at each learning task, dedicated memory requirements, and setting-specific design choices. In this work, we show that a frozen CLIP (Contrastive Language-Image Pretraining) model offers astounding continual learning performance without any fine-tuning (zero-shot evaluation). We evaluate CLIP under a variety of settings including class-incremental, domain-incremental and task-agnostic incremental learning on five popular benchmarks (ImageNet-100 & 1K, CORe50, CIFAR-100, and TinyImageNet). Without any bells and whistles, the CLIP model outperforms the state-of-the-art continual learning approaches in majority of the settings. We show the effect on CLIP model’s performance by varying text inputs with simple prompt templates. To the best of our knowledge, this is the first work to report the CLIP zero-shot performance in a continual setting. We advocate the use of this strong yet embarrassingly simple baseline for future comparisons in the continual learning tasks.",None
https://openreview.net/forum?id=IqN5SgOmxp,Reinforcement Learning using a Molecular Fragment Based Approach for Reaction Discovery,reinforcement learning; transfer learning; reaction discovery; deep generative model,A multi-pronged deep learning approach using a fragment based method is applied to chemical reaction discovery,"Deep learning methods have recently been applied to both predictive and generative tasks in the molecular space. While molecular generation and prediction of an associated property are now reasonably common, studies on reaction outcome due to the generated molecules remain less explored. Chemical reactions present a complex scenario as they involve multiple molecules and the breaking/forming of bonds. In reaction discovery, one aims to maximise yield and/or selectivity, which depends on a multitude of factors, including partner reactants and reaction conditions. We propose a multi-pronged approach that combines policy gradient reinforcement learning with a recurrent neural network-based deep generative model to identify prospective new reactants, whose yield/selectivity is estimated by a pre-trained regressor. Using SMILES (simplified molecular-input line-entry system) as the raw representation, our approach involves attaching a user-defined core fragment to the generated molecules for reaction-specific learning. On three distinct reaction types (alcohol deoxyflourination, imine-thiol coupling, asymmetric hydrogenation of imines and alkenes), we obtain notable improvements in yield and enantioselectivity. The generated molecules are diverse, while remaining synthetically accessible.",None
https://openreview.net/forum?id=ih3mo7J-vb,Calibration for Decision Making via Empirical Risk Minimization,Calibration; Risk; Bayesian decision making; score decomposition; temperature scaling; direct loss minimization; margin rescaling,None,"Neural networks for classification can achieve high accuracy but their probabilistic predictions may be not well-calibrated, in particular overconfident. Different general calibration measures and methods were proposed. But how exactly does the calibration affect downstream tasks? We derive a new task-specific definition of calibration for the problem of statistical decision making with a known cost matrix. We then show that so-defined calibration can be theoretically rigorously improved by minimizing the empirical risk in the adjustment parameters like temperature. For the empirical risk minimization, which is not differentiable, we propose improvements to and analysis of the direct loss minimization approach. Our experiments indicate that task-specific calibration can perform better than a generic one. But we also carefully investigate weaknesses of the proposed tool and issues in the statistical evaluation for problems with highly unbalanced decision costs.",None
https://openreview.net/forum?id=D6lZTMvBo3,"I Speak, You Verify: Toward Trustworthy Neural Program Synthesis",program synthesis; large language models,Large language models over source code can be made more trustworthy when they jointly generate programs and specifications,"We develop an approach for improving the trustworthiness and overall accuracy of programs synthesizers based on large language models for source code. Given a natural language description of a programming problem, our method samples both candidate programs as well as candidate predicates specifying what the program should compute. Our method learns to analyze the agreement between programs and predicates to judge both which program is most likely to be correct, and also judge whether the language model is able to solve the programming problem in the first place. This latter capacity allows favoring high precision over broad recall: fostering trust by only proposing a program when the system is certain that it is correct.",None
https://openreview.net/forum?id=kV0cA81Vau,Server Aggregation as Linear Regression: Reformulation for Federated Learning,Federated Learning; Machine Learning,None,"We propose a conceptually novel framework for Federated Learning (FL) called FedFit to mitigate issues of FL. FedFit is a reformulation of the server aggregation in FL, where the global model is updated by linear regression. This reformulation naturally enables us to utilize the established linear regression techniques for several FL issues. For example, we apply robust regression to alleviate the vulnerability issue against attacks on the global model from collapsed clients, and we apply LASSO regression to introduce sparsity into the model to reduce the communication cost in FL. Moreover, FedFit enables clients to upload compressed model parameters to the server, significantly reducing the data traffic. In experiments, we demonstrate that FedFit successfully improves robustness against attacks on a global model by robust regression and reduces the global model size by LASSO regression.",None
https://openreview.net/forum?id=xRMOW3kvsEv,Invariance Makes a Difference: Disentangling the Role of Invariance and Equivariance in Representations,representation learning; invariance; synthetic data,"We show that performance of representations critically depends on their invariances, via controlled experiments on synthetic data.","Representations learned by deep neural networks are the foundation that enables their tremendous success and consequently a lot of work has been invested into understanding their properties. Most of this work, however, focuses on the relationships between representations and features in the input without explicitly characterizing their nature, i.e. whether they are invariances or equivariances. In this work, we concretely define and disentangle these relationships and show with carefully controlled experiments that, in fact, invariance is of central importance in achieving high generalization on downstream tasks, often more so than equivariance. To this end, we investigate the properties and performance of image classification models on synthetic datasets that we introduce and which allow us to precisely control factors of variation in the models' training and test data. With this method we explore a) the role of invariance in enabling high performance when transferring to target tasks and b) the factors that influence which invariances a model learns. We highlight the importance of representational invariance by showing that the representations learned by classification models transfer well to new classes but perform poorly when the required invariances change, and that learning the wrong invariances can be harmful. Additionally, we find that the invariances learned by models are primarily determined by the relationship of features in the training data with the training objective and that there are inductive biases that make certain invariances more difficult to learn than others.",None
https://openreview.net/forum?id=YyTFUpG0WmN,Improving the generalization ability of the chaotic time-series classification models by residual component extraction,chaotic time-series classification; feature extraction; deep learning; clustering; chaotic time-series; time-series decomposition; generalization,Novel approach to improve the generalization ability of the machine learning methods in the task of chaotic time-series classification.,"This paper presents a new method in chaotic time-series classification that improves the generalization ability of the machine learning models. Such models are trained on a certain set of parameters of the nonlinear dynamical systems. Because of the sensitive dependence on initial conditions of such systems, when the parameters change the accuracy of machine learning models drops drastically. In our paper, we improve the generalization ability of the Multivariate LSTM-FCN model, by extracting and training the model on the residual component of the time-series. The steps applied are generic and can be reapplied to any other machine learning method. As an illustrative example, we provide a problem of the computation of the 2D bifurcation diagrams for the oscillatory time-series (periodic or chaotic) obtained as solutions for nonlinear systems of ordinary differential equations. The Multivariate LSTM-FCN network was trained on the time-series set obtained for the plane of parameters $(R_1, R_2) \times (C_1, C_2) \times L = (6, 15.5) \times (2.8, 3.4) \times 1$ and it achieved the accuracy of $96.96\%$. Once the parameters where changed to $(R_1, R_2) \times (C_1, C_2) \times L = (20, 29.5) \times (2.2, 2.8) \times 2$ the accuracy dropped to $34.38\%$. Whereas the accuracy of the model trained on residual components of the same dataset decreased from $96.50\%$ to $65.52\%$ for the new parameters time-series dataset. Furthermore, we show that by taking the mean and variance of the residual component we are able to extract many very interesting features of the 2D bifurcation diagrams using the KMeans, GMM, and OPTICS clustering algorithms.",None
https://openreview.net/forum?id=L64Bs1OSNjZ,Learning DAGs from Fourier-Sparse Data,directed acyclic graph; DAG learning; causal Fourier analysis; structural equation models; additive noise; Fourier-sparse,We leverage recent causal Fourier analysis to pose the novel problem of learning DAGs from data with sparse spectrum and propose a solution that has better performance over existing DAG learning methods.,"We present a novel perspective on learning directed acyclic graphs (DAGs) from data, leveraging a recent novel form of causal Fourier analysis on DAGs. We build on prior work that learned DAGs from data generated by a structural equation model (SEM). First, we show that data generated by linear SEMs can be characterized in the frequency domain as having dense spectra with random coefficients. Then we propose the new problem of learning DAGs from approximately Fourier-sparse data, which we solve by minimizing the $L^1$ norm of the spectrum. We provide a motivation for this problem and compare our method to prior DAG learning methods, showing superior performance.",None
https://openreview.net/forum?id=a0e7x2EuFO,Generative Spoken Language Model based on continuous word-sized audio tokens,spoken language model; sentence generation; speech synthesis; k nearest neighbors; unsupervised learning; textless technology,We introduced a generative spoken language model based on continuous word-sized acoustic tokens.,"In NLP, text language models based on words or subwords are known to outperform their character-based counterparts. Yet, in the speech community, the standard input of spoken LMs are 20ms-long discrete units (shorter than a phoneme). Taking inspiration from word-based LM, we introduce a Generative Spoken Language Model (GSLM) based on word-size continuous-valued audio tokens that can generate diverse and expressive language output. This is obtained by replacing lookup table for lexical types with a Lexical Embedding function, the cross entropy loss by a contrastive loss, and multinomial sampling by k-NN sampling. The resulting model is the first generative language model based on word-size continuous tokens. Its performance is on par with discrete unit GSLMs regarding generation quality and zero resource challenge metrics. Moreover, it is five times more memory efficient because of its larger units. In addition, the embeddings before and after the Lexical Embedder are phonetically and semantically interpretable.",None
https://openreview.net/forum?id=mencEcrobES,GAML: geometry-aware meta-learning via a fully adaptive preconditioner,Meta-learning; few-shot learning,None,"Model-Agnostic Meta-Learning (MAML) is one of the most successful meta-learning algorithms. It has a bi-level optimization structure, where the outer-loop process learns the shared initialization and the inner-loop process optimizes the task-specific weights. Although MAML relies on the standard gradient descent in the inner-loop, recent works have shown that it can be beneficial to control the inner loop's gradient descent with a meta-learned preconditioner. The existing preconditioners, however, cannot adapt in a task-specific and path-dependent way at the same time. Also, most of them do not consider the geometry of the loss surface. In this work, we propose Geometry-Aware Meta-Learning (GAML) that can overcome the limitations. GAML can efficiently meta-learn a preconditioner that is dependent on the task-specific parameters and its preconditioner can be shown to be a Riemannian metric that defines the geometry of the loss surface. Therefore, we can perform a fully-adaptive and geometry-aware optimization in the inner-loop. Experiment results show that GAML outperforms the state-of-the-art MAML family and PGD-MAML family for a variety of few-shot learning tasks.",None
https://openreview.net/forum?id=TpqJy1BmD6K,Learning to solve the Hidden Clique Problem with Graph Neural Networks,graph; graph neural network; GNN; hidden clique; supervised learning; deep learning,Comparison of different graph neural networks on the hidden clique problem,"We study data-driven methods for the hidden clique problem in random graphs. The training data is obtained by hiding a clique in the random graph, where the signal to noise ratio is tuned by choosing the size of the hidden clique and the density of the random graph. Using synthetic datasets allows us to test empirically the performance and generalization properties of various graph neural network (GNN) architectures at different levels of difficulties for the task. We compare message passing GNNs and GNNs augmented with a single quadratic operation (matrix multiplication) first introduced in \citep{maron2019fgnn}. Adding skip connections and normalization to these augmented GNNs is shown to improve their learning process and their generalization properties without any loss in time complexity. For hard instances of our hidden clique problem, they are shown to outperform message passing GNNs.",None
https://openreview.net/forum?id=si1JH05iUV,Out-of-Domain Intent Detection Considering Multi-turn Dialogue Contexts,OOD Detection; Intent Detection; Multi-turn Dialogue Context,A context-aware OOD intent detection framework (Caro) that aims to consider multi-turn contexts in OOD intent detection tasks.,"Out-of-Domain (OOD) intent detection is vital for practical dialogue systems, and it usually requires considering long dialogue histories. However, previous OOD intent detection approaches are limited to single-turn contexts since it is non-trivial to gather or synthesize high-quality OOD samples in multi-turn settings, and the long distance obstacle exhibited in multi-turn contexts hinders us from obtaining robust features for intent detection. In this paper, we introduce a context-aware OOD intent detection (Caro) framework that aims to consider multi-turn contexts in OOD intent detection tasks. Specifically, we follow the information bottleneck principle to extract robust representations from multi-turn dialogue contexts by eliminating superfluous information that is not related to intent detection tasks. We also propose to synthesize pseudo OOD samples with the help of unlabeled data under the constraint of dialogue contexts, i.e., candidate OOD samples are retrieved from unlabeled data based on their context similarities and representations of these candidates are mixed-up to produce pseudo OOD samples. A three stage training process is introduced in Caro to combine above approaches. Empirical results validate the superiority of our method on benchmark datasets.",None
https://openreview.net/forum?id=NM1Lt3ZBhal,Pseudo-Edge: Semi-Supervised Link Prediction with Graph Neural Networks,Graph Neural Networks; Link Prediction; Pseudo-labeling; Semi-supervised learning,None,"Pseudo-labeling is one of the powerful Semi-Supervised Learning (SSL) approaches, which generates confident pseudo-labels of unlabeled data and leverages them for training. Recently, pseudo-labeling has been further extended to Graph Neural networks (GNNs) to address the data sparsity problem due to the nature of graph-structured data. Despite their success in the graph domain, they have been mainly designed for node-level tasks by utilizing node-level algorithms (e.g., Label Propagation) for pseudo-labeling, which can not be directly applied to the link prediction task. Besides, existing works for link prediction only use given edges as positively-labeled data, and there have been no attempts to leverage non-visible edges for training a model in a semi-supervised manner. To address these limitations, we revisit the link prediction task in a semi-supervised fashion and propose a novel pseudo-labeling framework, Pseudo-Edge, that generates qualified pseudo-labels in consideration of graph structures and harnesses them for link prediction. Specifically, our framework constructs distance-based potential edge candidates and carefully selects pseudo-labels through our relation-aware pseudo-labels generation, which reflects the comparative superiority of each unlabeled edge over its local neighborhoods in graphs. Also, we propose uncertainty-aware pseudo-labels generation that can effectively filter out over-confident samples when the model overfits to specific graph structures. Extensive experiments show that our method achieved remarkable performance across five link prediction benchmark datasets and GNN architectures, compared to state-of-the-art GNN-based semi/self-supervised models.",None
https://openreview.net/forum?id=ROHDcdx8g6n,Efficient Controllable Generation with Guarantee,controllable generation; variational autoencoder; identifiability,We propose a general method with theoretical guarantee and integrate it with NVAE for controllable generation.,"Generative models have achieved great success in image synthesis, and controllability of the generative process is a key requirement for their successful adoption in real-world applications. Most existing methods for controllable generation lack theoretical guarantees and are time-consuming, which weakens their reliability and applicability. In this paper, we propose an identifiability theorem to provide a guarantee of controllability. This theorem ensures that semantic attributes can be disentangled and hence independently controlled by orthogonalization in latent space in a supervised manner. Based on the theoretical analysis, we propose a general method for controllable generation, which can be integrated with most latent-variable generative models. We further propose to plug it into a pre-trained NVAE. Such a scheme significantly reduces the cost of time and has better consistency in image editing due to the merits of NVAE. Experiments show that our method is comparable with the state-of-the-art methods in attribute-conditional generation and image editing, and has advantages in efficiency and consistency.",None
https://openreview.net/forum?id=TmJtBnIWkB,Pessimistic Policy Iteration for Offline Reinforcement Learning,offline reinforcement learning,None,"Offline reinforcement learning suffers from extrapolation error in the Q-value function. In addition, most methods enforce a consistent constraint on the policy during training, regardless of its out-of-distribution level.  We propose pessimistic policy iteration, which guarantees that the Q-value evaluation error is small under the trained policy's distribution and bounds the suboptimality gap of the trained policy's value function. At the same time, pessimistic policy iteration's core component is a horizon-flexible uncertainty quantifier, which could set a constraint according to regional uncertainty. The empirical study shows that the proposed method could boost the performance of baseline methods and is robust to the scale of the constraint.  Also, a flexible horizon of uncertainty is necessary to identify out-of-distribution regions.",None
https://openreview.net/forum?id=oBbsPbMsY3,Self-Supervised Extreme Compression of Gigapixel Images,Self-supervision; gigapixel; pathology; cancer; data-augmentations; compression,We adapted the self-supervised learning framework to learn gigapixels images embeddings and show their linear superiority on several downstream classification tasks.,"Whole slide images (WSI) are microscopy images of stained tissue slides routinely prepared for diagnosis and treatment selection in clinical practice. WSI are very large (gigapixel size) and complex (made of up to millions of cells). The current state-of-the-art (SoTA) approach to classify WSI subdivides them into tiles, encodes them by pre-trained networks, and applies Multiple Instance Learning (MIL) to train for specific downstream tasks. However, annotated datasets are often small, typically a few hundred to a few thousand WSI, which may cause overfitting and underperforming models. On the other hand, the number of unannotated WSI is ever increasing, with datasets of tens of thousands (soon to be millions) of images available. Nevertheless, using unannotated WSI is limited due to the challenges of extending self-supervised learning from natural images to WSI. We propose a strategy of slide-level self-supervised learning (SSL) to leverage the large number of images without annotations to infer powerful slide representations. The resulting embeddings allow compression of the whole public WSI dataset available at the Cancer-Genome Atlas (TCGA), one of the most widely used data resources in cancer research, from 16 TB to 23 MB, thus dramatically simplifying future studies in the field of computational pathology in terms of data storage and processing. We show that a linear classifier trained on top of these embeddings maintains or improves previous SoTA performances on various benchmark WSI classification tasks. Finally, we observe that training a classifier on these representations with tiny datasets (e.g. 50 slides) improved performances over SoTA by an average of +6.3 AUC points over all downstream tasks. We further analyze the conditions necessary for such a training framework to succeed, bringing insights into WSI processing.",None
https://openreview.net/forum?id=gPxd1tTvoaC,Combating noisy labels with stochastic noise-tolerated supervised contrastive learning,None,None,"Learning with noisy labels (LNL) aims to achieve good generalization performance given a label-corrupted training set. In this work, we consider a more challenging situation of LNL on \emph{fine-grained} datasets (LNL-FG). Due to large inter-class ambiguity among those fine-grained classes, deep models are more prone to overfitting to noisy labels, leading to poor generalization performance. To handle this problem, we propose a novel framework called stochastic noise-tolerated supervised contrastive learning (SNSCL) that can enhance discriminability of deep models. Specifically, SNSCL contains a noise-tolerated contrastive loss and a stochastic module. To play against fitting noisy labels, we design a noise-tolerated supervised contrastive learning loss that incorporates a weight-aware mechanism for noisy label correction and selectively updating momentum queue lists. By this mechanism, SCL mitigates the effects of noisy anchors and avoids inserting noisy labels into the momentum-updated queue. Besides, to avoid manually-defined augmentation strategies in SCL, we propose an efficient stochastic module that samples feature embeddings from a generated distribution, which can also enhance the representation ability of SCL. Our proposed SNSCL is general and compatible with prevailing robust LNL strategies to improve their performance for LNL-FG. Extensive experiments on four noisy benchmarks and an open-world dataset with variant noise ratios demonstrate that our proposed framework significantly improves the performance of current LNL methods for LNL-FG.",None
https://openreview.net/forum?id=h1SoBc6wLgp,Graphics Capsule: Learning hierarchical 3D representations from 2D images and its application on human faces,None,None,"The function of constructing the hierarchy of objects is important to the visual process of the human brain. Previous studies have successfully adopted capsule networks to decompose the digits and faces into parts in an unsupervised manner to investigate the similar perception mechanism of neural networks. However, their descriptions are restricted to the 2D space, limiting their capacities to imitate the intrinsic 3D perception ability of humans. In this paper, we propose an Inverse Graphics Capsule Network (IGC-Net) to learn the hierarchical 3D representations from large-scale unlabeled images. The core of IGC-Net is a new type of capsule, named graphics capsule, which represents 3D primitives with interpretable parameters in computer graphics (CG), including depth, albedo, and 3D pose. Specifically, IGC-Net first decomposes the objects into a set of semantic-consistent parts and then assembles them to the object-level descriptions to build the hierarchy. The learned graphics capsules reveal how the neural networks, oriented at visual perception, understand objects as a hierarchy of 3D models. Besides, the discovered parts can be deployed to the unsupervised face segmentation task to evaluate the semantic consistency of our method. Moreover, the part-level descriptions with explicit physical meanings give an insight into the face analysis that originally runs in a black box, such as the importance of shape and texture for face recognition. Experiments on CelebA, BP4D, and Multi-PIE validate the effectiveness of our method.",None
https://openreview.net/forum?id=0oDzoRjrbj,Weak Supervision Variational Auto-Encoder,Variational Auto-Encoders; Weak Supervision; Weak Labelling,"A VAE model with specifically designed components to perform weak supervision. Compared to existing weak supervision methods, it is considerably more robust to labelling functions design.","Recent advances in weak supervision (WS) techniques allow to mitigate the enormous labelling cost of human data annotation for deep learning by automating it using simple rule-based labelling functions (LFs). However, LFs need to be carefully designed, often requiring expert domain knowledge to be of sufficient accuracy, cover enough data and be independent of each other for existing WS methods to be viable. In addition, weak supervision methods often rely on small amounts of validation data with true labels to fine-tune and select models. 
To tackle these issues, we propose the Weak Supervision Variational Auto-Encoder (WS-VAE), a novel framework that combines unsupervised representation learning and weak labelling to reduce the dependence of WS on expert and manual engineering of LFs. The proposed technique learns from inputs and weak labels jointly and captures the input signals distribution with an artificial latent space, leading to considerably improved robustness to LFs quality. Our extensive empirical evaluation shows that our WS-VAE performs competitively to existing WS on a standard WS benchmark while it is substantially more robust to LF engineering.",None
https://openreview.net/forum?id=GHOMWtsFhj,Object Detection with OOD Generalizable Neural Architecture Search,Out-of-Distribution; neural architecture search,None,"We present a Neural Architecture Search (NAS) framework guided by feature orthogonalization to improve Out-of-Distribution (OOD) Generalization on Object Detection. Specifically, we attribute the failure of generalizing on OOD data to the spurious correlations of category-related features and context-related features. The category-related features describe the causal information for predicting the target objects, e.g., ""a car with four wheels"", while the context-related features describe the non-causal information, e.g., ""a car driving at night"", and the context-related features are always mistaken for causal information due to the existence of distinct data distribution between training and testing sets (OOD) to some degree. Therefore, we aim at automatically discovering an optimal architecture that is able to disentangle the category-related features and the context-related features with a novel weight-based detector head. Both theoretical and experimental results show that the proposed scheme is able to achieve the disentanglement and better performance on both Independent-Identically-Distribution datasets (Pascal VOC 2012 and MS COCO) and OOD datasets (BDD100K-weather and BDD100K-time-of-day).",None
https://openreview.net/forum?id=e8MaU4BNVA,Revisiting Dense Retrieval with Unaswerable Counterfactuals,Open-domain Question Answering; Text Retrieval,None,"The retriever-reader framework is popular for open-domain question answering (ODQA), where a retriever samples for the reader a set of relevant candidate passages from a large corpus. A key assumption behind this method is that high relevance score from the retriever likely indicates high answerability from the reader, which implies a high probability that the retrieved passages contain answers to a given question. In this work, we empirically dispel this belief and observe that recent dense retrieval models based on DPR often rank unanswerable counterfactual passages higher than their answerable original passages. To address such answer-unawareness in dense retrievers, we seek to use counterfactual samples as additional training resources to better synchronize the relevance measurement of DPR with the answerability of question-passage pairs. Specifically, we present counterfactually-Pivoting Contrastive Learning (PiCL), a novel representation learning approach for passage retrieval that leverages counterfactual samples as pivots between positive and negative samples in their learned embedding space. We incorporate PiCL into the retriever training to show the effectiveness of PiCL on ODQA benchmarks and the robustness of the learned models.",None
https://openreview.net/forum?id=J9p5s5jwna,Conditional Policy Similarity: An Overlooked Factor in Zero-Shot Coordination,multi-agent reinforcement learning; zero-shot coordination; conditional policy similarity,None,"Multi-Agent Reinforcement Learning (MARL) in cooperative tasks usually follows the self-play setting, where agents are trained by playing with a fixed group of agents. However, in the face of Zero-Shot Coordination (ZSC), where an agent must coordinate with unseen partners, self-play agents may fail. ZSC performance is traditionally measured by cross-play, where individually trained agents are required to play with each other. However, cross-play score varies a lot for different combinations of agents, making it not reliable enough to only use a model's averaged cross-play score with several models to evaluate its ZSC performance. We think the reason for this phenomenon may be that cross-play score is highly related to the similarity between an agent's training partner and ZSC partner, and this similarity varies widely. Therefore, we define the Conditional Policy Similarity between an agent's Training partner and Testing partner (CPSTT) and conduct abundant experiments to confirm a strong linear correlation between CPSTT and cross-play score. Based on it, we propose a new criterion to evaluate ZSC performance: a model is considered better if it has higher cross-play score compared to another model given the same CPSTT. Furthermore, we put forward a Similarity-Based Robust Training (SBRT) scheme that improves agents' ZSC performance by disturbing their partners' actions during training according to a pre-defined CPSTT value. We apply SBRT to four MARL frameworks and their ZSC performance is improved whether measured by the traditional criterion or ours.",None
https://openreview.net/forum?id=NxnqA1iKeT,From Distance to Dependency: A Paradigm Shift of Full-reference Image Quality Assessment,Image quality assessment; brownian distance covariance; distance dependency,"Beyond distance measure, we propose the first Deep Image Dependency (DID) based full-reference image quality assessment model to capture transformation-invariant  texture perception.","Deep learning-based full-reference image quality assessment (FR-IQA) models typically rely on the feature distance between the reference and distorted images. However, the underlying assumption of these models that the distance in the deep feature domain could quantify the quality degradation does not scientifically align with the invariant texture perception, especially when the images are generated artificially by neural networks.  In this paper, we bring a radical shift in inferring the quality with learned features and propose the Deep Image Dependency (DID) based FR-IQA model.  The feature dependency facilitates the comparisons of deep learning features in a high-order manner with Brownian distance covariance, which is characterized by the joint distribution of the features from reference and test images, as well as their marginal distributions. This enables the quantification of the feature dependency against nonlinear transformation, which is far beyond the computation of the numerical errors in the feature space. Experiments on image quality prediction, texture image similarity, and geometric invariance validate the appealing performance of our proposed measure, and the implementation will be publicly available.",None
https://openreview.net/forum?id=lVltX5KwODu,Siamese-NAS: Using Trained Samples Efficiently to Find Lightweight Neural Architecture by Prior Knowledge,predictor-based NAS; prior knowledge; sampling efficiency; lightweight CNN architecture.,The proposed Siamese-Predictor to find lightweight neural architecture using a few trained samples by prior knowledge.,"In the past decade, many architectures of convolution neural networks were designed by handcraft, such as Vgg16, ResNet, DenseNet, etc. They all achieve state-of-the-art level on different tasks in their time. However, it still relies on human intuition and experience, and it also takes so much time consumption for trial and error. Neural Architecture Search (NAS) focused on this issue. In recent works, the Neural Predictor has significantly improved with few training architectures as training samples. However, the sampling efficiency is already considerable. In this paper, our proposed Siamese-Predictor is inspired by past works of predictor-based NAS. It is constructed with the proposed Estimation Code, which is the prior knowledge about the training procedure. The proposed Siamese-Predictor gets significant benefits from this idea. This idea causes it to surpass the current SOTA predictor on NASBench-201. In order to explore the impact of the Estimation Code, we analyze the relationship between it and accuracy. We also propose the search space Tiny-NanoBench for lightweight CNN architecture. This well-designed search space is easier to find better architecture with few FLOPs than NasBench-201. In summary, the proposed Siamese-Predictor is a predictor-based NAS. It achieves the SOTA level, especially with limited computation budgets. It applied to the proposed Tiny-NanoBench can just use a few trained samples to find extremely lightweight CNN architecture.",None
https://openreview.net/forum?id=OcHQVmfLn2c,Prototypical Context-aware Dynamics Generalization for High-dimensional Model-based Reinforcement Learning,model-based reinforcement learning; dynamics generalization; prototypical representation learning; latent world model,We present a prototypical Context-aware Dynamics (ProtoCAD) model to capture the local dynamics by time consistent latent context.,"The latent world model provides a promising way to learn policies in a compact latent space for tasks with high-dimensional observations, however, its generalization across diverse environments with unseen dynamics remains challenging. Although the recurrent structure utilized in current advances helps to capture local dynamics, modeling only state transitions without an explicit understanding of environmental context limits the generalization ability of the dynamics model. To address this issue, we propose a Prototypical Context-aware Dynamics (ProtoCAD) model, which captures the local dynamics by time consistent latent context and enables dynamics generalization in high-dimensional control tasks. ProtoCAD extracts useful contextual information with the help of the prototypes clustered over batch and benefits model-based RL in two folds: 1) It utilizes a temporal consistent prototypical regularizer that encourages the prototype assignments produced for different time parts of the same latent trajectory to be temporal consistent instead of comparing the feature; 2) A context representation is designed which combines both the projection embedding of latent states and aggregated prototypes and can significantly improve the dynamics generalization ability. Extensive experiments show that  ProtoCAD surpasses existing methods in terms of dynamics generalization. Compared with the recurrent-based model RSSM, ProtoCAD delivers 13.2% and 26.7% better mean and median performance across all dynamics generalization tasks.",None
https://openreview.net/forum?id=u21cKsZAUAr,Self-Supervised SVDE from Videos with Depth Variance to Shifted Positional Information,Self-supervised; Depth Estimation; Monocular Depth,None,"Recently, much attention has been drawn to learning the underlying 3D structures of a scene from monocular videos in a fully self-supervised fashion. One of the most challenging aspects of this task is handling the independently moving objects as they break the rigid-scene assumption. For the first time, we show that pixel positional information can be exploited to learn SVDE (Single View Depth Estimation) from videos. Our proposed moving object (MO) masks, which are induced by depth variance to shifted $positional information$ (SPI) and referred to as `SPIMO' masks, are very robust and consistently remove the independently moving objects in the scenes, allowing for better learning of SVDE from videos. Additionally, we introduce a new adaptive quantization scheme that assigns the best per-pixel quantization curve for our depth discretization. Finally, we employ existing boosting techniques in a new way to further self-supervise the depth of the moving objects. With these features, our pipeline is robust against moving objects and generalizes well to high-resolution images, even when trained with small patches, yielding state-of-the-art (SOTA) results with 4 to 8x fewer parameters than the previous SOTA that learns from videos. We present extensive experiments on KITTI and CityScapes that show the effectiveness of our method.",None
https://openreview.net/forum?id=fC4pNRot_ys,MATA*: Combining Learnable Node Matching with A* Algorithm for Approximate Graph Edit Distance Computation,Graph Edit Distance; Machine Learning for Combinatorial Optimization; Graph Neural Networks; A* algorithm; Graph Similarity,"We present a data-driven hybrid approach MATA* based on Graph Neural Networks and A* algorithms, which leverages the learned candidate matching nodes to prune unpromising search directions of the A* algorithm.","Graph Edit Distance (GED) is a general and domain-agnostic metric to measure graph similarity, widely used in graph search or retrieving tasks. However, the exact GED computation is known to be NP-complete. For instance, the widely used A* algorithms explore the entire search space to find the optimal solution which inevitably suffers scalability issues. Learning-based methods apply graph representation techniques to learn the GED by formulating a regression task, which can not recover the edit path and lead to inaccurate GED approximation (i.e., the predicted GED is smaller than the exact). To this end, in this work, we present a data-driven hybrid approach MATA* for approximate GED computation based on Graph Neural Networks and A* algorithms, which models from the perspective of learning to match nodes instead of directly regressing GED. That is it leverages the learned node matchings to prune unpromising search directions of the A* algorithm. Specifically, aware of the combinatorial property of structure-dominant operations (i.e., node and edge insertion/deletion) in GED computation, a structure-enhanced Graph Neural Network is firstly designed to effectively learn powerful node embeddings w.r.t. node matchings. Based on this, the pairwise node similarity matrix is next built. Second, top-k candidate matching nodes are produced from the similarity matrix which is adhering to the combinatorial property of multiple optimal node matchings. Third, benefiting from the candidate nodes, MATA* only performs on the promising search directions, reaching the solution efficiently. Finally, extensive experiments demonstrate the superiority of MATA* as it significantly outperforms the combinatorial search-based, learning-based and hybrid approaches and scales well to large-size graphs.",None
https://openreview.net/forum?id=p7xPXoKB0H,Quantum Vision Transformers,quantum computing; quantum machine learning; quantum deep learning; transformers; vision transformers,"We propose several quantum algorithms to mimic or enhance the transformer architecture, prove theoretical guarantees and provide experiments on real quantum hardware","In this work, we design and analyse quantum transformers, extending the state-of-the-art classical transformer neural network architectures known to be very performant in natural language processing and image analysis. Building upon the previous work of using parametrised quantum circuits for data loading and orthogonal neural layers, we introduce three types of quantum transformers, including a quantum transformer based on compound matrices. These quantum architectures can be built using shallow quantum circuits and produce qualitatively different classification models. The three proposed quantum attention layers vary on the spectrum between closely following the classical transformers and exhibiting more quantum characteristics. We propose a method for loading a matrix as quantum states along with two new trainable quantum orthogonal layers adaptable to different levels of connectivity and quality of quantum computers. We performed extensive simulations of the quantum transformers on standard medical image datasets that showed competitive, and at times better, performance compared to the classical benchmarks, including the best-in-class classical vision transformers. The trained quantum transformers require fewer parameters as compared to the standard classical benchmarks, confirming the predicted computational advantage of our quantum attention layers with respect to the size of the classified images. Finally, we implemented our quantum transformers on superconducting quantum computers and obtained encouraging results for up to six qubit experiments.",None
https://openreview.net/forum?id=lcZTuVcAyW,Uncertainty-oriented Order Learning for Facial Beauty Prediction,None,None,"Previous Facial Beauty Prediction (FBP) methods generally model FB feature of an image as a point on the latent space, and learn a mapping from the point to a precise score. Although existing regression methods perform well on a single dataset, they are inclined to be sensitive to test data and have weak generalization ability. We think they underestimate two inconsistencies existing in the FBP problem: 1. inconsistency of FB standards among multiple datasets, and 2. inconsistency of human cognition on FB of an image. To address these issues, we propose a new Uncertainty-oriented Order Learning (UOL), where the order learning addresses the inconsistency of FB standards by learning the FB order relations among face images rather than a mapping, and the uncertainty modeling represents the inconsistency in human cognition. The key contribution of UOL is a designed distribution comparison module, which enables conventional order learning to learn the order of uncertain data. Extensive experiments show that UOL outperforms the state-of-the-art methods on both accuracy and generalization ability.",None
https://openreview.net/forum?id=_q7iqj1Ns8,TransLog: A Unified Transformer-based Framework for Log Anomaly Detection,System Security; Log data; Anomaly detection,None,"Log anomaly detection is a key component in the field of artificial intelligence for IT operations (AIOps). Considering the log data of variant domains, retraining the whole network for unknown domains is inefficient in real industrial scenarios, especially for low-resource domains. However, previous deep models merely focused on extracting the semantics of log sequences in the same domain, leading to poor generalization on multi-domain logs. To alleviate this issue, we propose a unified Transformer-based framework for Log anomaly detection (TransLog) to improve the generalization ability across different domains from a new perspective, where we establish a two-stage process including the pre-training and adapter-based tuning stage. Specifically, our model is first pre-trained on the source domain to obtain shared semantic knowledge of log data. Then, we transfer such knowledge to the target domain via shared parameters. Besides, The adapter, designed for log data, is utilized to improve migration efficiency while reducing cost. The proposed method is evaluated on three public datasets and one real-world dataset. Experimental results demonstrate that our simple yet efficient approach, with fewer trainable parameters and lower training costs in the target domain, achieves state-of-the-art performance on all benchmarks.",None
https://openreview.net/forum?id=ms5edDXWcX,Meta-learning with Auto-generated Tasks for Predicting Human Behaviour in Normal Form Games,None,None,"In recent years, machine learning methods have been successfully applied to predict human behaviour in strategic settings. However, as available data of human behaviour is not always large enough and people's reasoning processes in different types of games are various, it is challenging to acquire a satisfied prediction model. In this paper, we employ a meta-learning method to improve learning performance in predicting human behaviour in normal form games. In particular, we first design a deep neural network that captures mixed human behaviour features to model and be learned to get a underlying behavioural predictor. Then, using a dataset of experimental human behaviour, we apply unsupervised learning to generate tasks and use meta-learning to improve the learning proficiency. Experimental results show that our proposed meta-learning method with the designed neural network and auto-generated tasks considerably increases the prediction accuracy and significantly exceeds the previous state-of-the-art.",None
https://openreview.net/forum?id=Xk10fyKR8G,Are Graph Attention Networks Attentive Enough? Rethinking Graph Attention by Capturing Homophily and Heterophily,Graph ML; attention mechanism,Propose a new attention mechanism for Graph ML,"Attention Mechanism has been successfully applied in Graph Neural Networks (GNNs). However, as messages propagate along the edges, the node embeddings for edge-connected nodes will become closer even though we can not ensure these nodes have similar features and labels, especially in heterophily graphs. The current attention mechanisms cannot adaptively extract information from the neighbors because they can not fully use the graph information in self-attention calculation. We introduce new a graph attention mechanism (GATv3) straightly involving the graphic information in the self-attention calculation, which can be aware of the homophily or heterophily of the graphs. We conduct an extensive evaluation in node classification tasks and show that using graphic information and features simultaneously can extract more diverse attention scores. Our code is available at https://github.com/anonymousSubscriber/G-GAT",None
https://openreview.net/forum?id=GCF6ZOA6Npk,Learning Rotation-Equivariant Features for Visual Correspondence,visual correspondence; equivariant representation learning; deep local feature extraction; self-supervised learning,We introduce a self-supervised learning framework to yield discriminative rotation-invariant descriptors using local features extracted from group-equivariant CNNs for the task of visual correspondence.,"Extracting discriminative local features that are invariant to imaging variations is an integral part of establishing correspondences between images. In this work, we introduce a self-supervised learning framework to extract discriminative rotation-invariant descriptors using group-equivariant CNNs. Thanks to employing group-equivariant CNNs, our method effectively learns to obtain rotation-equivariant features and their orientations explicitly, without having to perform sophisticated data augmentations. The resultant features and their orientations are further processed by group aligning, a novel invariant mapping technique that shifts the group-equivariant features by their orientations along the group dimension. Our group aligning technique achieves rotation-invariance without any collapse of the group dimension and thus eschews loss of discriminability. The proposed method is trained end-to-end in a self-supervised manner, where we use an orientation alignment loss for the orientation estimation and a contrastive descriptor loss for robust local descriptors to geometric/photometric variations. Our method demonstrates state-of-the-art matching accuracy among existing rotation-invariant descriptors under varying rotation and also show competitive results when transferred to the task of keypoint matching and camera pose estimation.",None
https://openreview.net/forum?id=rDm09u4Hws4,Multi-Source Transfer Learning for Deep Model-Based Reinforcement Learning,multi-source transfer learning; world models; model-based reinforcement learning; sample efficiency; cross-domain transfer learning,"Modular multi-source transfer learning techniques for model-based reinforcement learning that autonomously learn to extract information from a set of source tasks, regardless of differences between environments.","A crucial challenge in reinforcement learning is to reduce the number of interactions with the environment that an agent requires to master a given task. Transfer learning proposes to address this issue by re-using knowledge from previously learned tasks. However, determining which source task qualifies as optimal for knowledge extraction, as well as the choice regarding which algorithm components to transfer, represent severe obstacles to its application in reinforcement learning. The goal of this paper is to alleviate these issues with modular multi-source transfer learning techniques. Our proposed methodologies automatically learn how to extract useful information from source tasks, regardless of the difference in state-action space and reward function. We support our claims with extensive and challenging cross-domain experiments for visual control.",None
https://openreview.net/forum?id=tEyV6gwCECk,Balancing MSE against Abrupt Changes for Time-Series Forecasting,time-series forecasting; data imbalance; loss imbalance; noisy samples,None,"Time-series forecasting models often encounter drastic changes in a given period of time (i.e., abrupt changes) which generally occur due to unexpected or unknown events. Despite their scarce occurrences in the training set, abrupt changes incur loss (i.e., MSE) that significantly contributes to the total loss. Therefore, they act as noisy training samples and prevent the model from learning generalizable sequence patterns, namely the normal states. Based on such an intuition, we propose a reweighting framework that down-weights the loss incurred by abrupt changes and up-weights those by normal states. For the reweighting framework, we first define a measurement termed Local Discrepancy (LD) which measures the degree of abruptness of a change in a given period of time. Then, we calculate how frequently the temporal changes appear in the training set based on LD (i.e., estimated LD density). Since normal states generally appear frequently compared to abrupt changes, they achieve higher LD density. Using such a property, we reweight the losses proportionally to the estimated LD density. Our reweighting framework is applicable to existing time-series forecasting models regardless of the architectures. Through extensive experiments on 12 time-series forecasting models over eight datasets with various in-output sequence lengths, we demonstrate that applying our reweighting framework reduces MSE by 10.1% on average and by up to 18.6% in the state-of-the-art model.",None
https://openreview.net/forum?id=vdm4WnG5u-M,Skill Graph for Real-world Quadrupedal Robot Reinforcement Learning,Skill Graph; Quadrupedal Robot; Deep Reinforcement Learning.,We propose a novel structured skill graph for accelerating the learning of robotic DRL policies and rapid adaptation to unseen real-world tasks.,"Deep Reinforcement Learning (DRL) is one of the promising methods for general learning policies from the environment. However, DRL has two basic problems: sample inefficiency and weak generalization. Real-world robotic DRL, for example, often requires time-consuming data collection and frequent human intervention to reset the environment. If faced with a new environment or task, the robot can master basic skills in advance instead of learning from scratch, then its learning efficiency and adaptability will be greatly improved. Therefore, in this paper, we propose a novel structured skill graph (SG) for accelerating the learning of robotic DRL policies and rapid adaptation to unseen real-world tasks. Similar to the knowledge graph (KG), SG adopts the tri-element structure to store information. But different from KG storing static knowledge, SG can store dynamic policies and adopt different tri-elements. To construct the SG, we utilize the various real-world quadrupedal locomotion skills in different realistic environments. When faced with new real-world tasks, the relevant skills in SK will be extracted and used to help the robotic DRL learning and rapid adaptation. Extensive experimental results on the real-world quadruped robot locomotion tasks demonstrate the effectiveness of SG for facilitating DRL-based robot learning. Real-world quadrupedal robots can adapt to new environments or tasks in minutes with the help of our SG.",None
https://openreview.net/forum?id=ztkUF_MQj7J,Test-Time AutoEval with Supporting Self-supervision,Test-Time; AutoEval; Self-supervised Learning,A new framework for unsupervised model evaluation without touching training sets,"The Automatic Model Evaluation (AutoEval) framework entertains the possibility of evaluating a trained machine learning model without resorting to a labeled testing set, which commonly isn’t accessible nor provided in real-world scenarios. Existing AutoEval methods always rely on computing distribution shift between the unlabelled testing set and the training set. However, this lines of work cannot fit well in some real-world ML applications like edge computing boxes where the original training set is inaccessible. Contrastive Learning (CL) is an efficient self-supervised learning task, which can learn helpful visual representations for down-stream classification tasks. In our work, we surprisingly find that CL accuracy and classification accuracy can build strong linear correlation ($r > 0.88$). This finding motivates us to regress classification accuracy with CL accuracy. In our experiments, we show that without touching training sets, our framework can achieve results comparable to SOTA AutoEval baselines. Besides, our subsequent experiments demonstrate that different CL approaches and model structures can easily fit into our framework.",None
https://openreview.net/forum?id=FvqcQ_9u7Mo,ECLAD: Extracting Concepts with Local Aggregated Descriptors,explainable artificial intelligence; deep learning; interpretability; concept extraction,None,"Convolutional neural networks (CNNs) are increasingly being used in critical systems, where robustness and alignment are crucial. In this context, the field of explainable artificial intelligence has proposed the generation of high-level explanations of the prediction process of CNNs through concept extraction. While these methods can detect whether or not a concept is present in an image, they are unable to determine its location. What is more, a fair comparison of such approaches is difficult due to a lack of proper validation procedures. To address these issues, we propose a novel method for automatic concept extraction and localization based on representations obtained through pixel-wise aggregations of CNN activation maps. Further, we introduce a process for the validation of concept-extraction techniques based on synthetic datasets with pixel-wise annotations of their main components, reducing the need for human intervention. Extensive experimentation on both synthetic and real-world datasets demonstrates that our method outperforms state-of-the-art alternatives.",None
https://openreview.net/forum?id=THp4UABcMv,Learning Asymmetric Visual Semantic Embedding for Image-Text Retrieval,Cross-modal retrieval; image-text matching,"In this paper, we propose a novel method to calculate visual semantic similarity for image-text matching and achieve outperform recent state-of-the-art methods on two widely used datasets.","Learning visual semantic similarity is the key challenge to bridge the correspondences between images and texts. However, there are many inherent variations between vision and language data, such as information density, i.e., images can contain textual information from multiple different views, which makes it difficult to accurately compute the similarity between these two modality data. In the mainstream methods, global-level methods cannot effectively handle the above problem, while local-level methods need complicated mechanism, which significantly affects the retrieval efficiency. In this paper, we propose Asymmetric Visual Semantic Embedding (AVSE), which aims to design a novel model to learn visual semantic similarity by explicitly considering the difference in information density between the two modalities and eschew the prohibitive computations. Specifically, to keep the information density of images, AVSE exploits the large spatial redundancy of image regions to capture and concatenate multi-view features as image embedding. It also has a novel module to efficiently calculate the visual semantic similarity of asymmetric image embedding and text embedding via dividing embeddings into many semantic blocks with the same dimension and compute the similarity by finding the optimal match between these semantic blocks. Extensive experiments on large-scale MS-COCO and Flickr30K datasets verify the superiority of our proposed AVSE compared with recent state-of-the-art methods. Compared to the recent NAAF method, our AVSE inference is 1000 times faster on the 1K test set and more accurately on the widely used benchmarks.",None
https://openreview.net/forum?id=VezcnWFSd2d,On Threshold Functions in Learning to Generate Feasible Solutions of Mixed Integer Programs,Mixed Integer Programming; Neural Combinatorial Optimization,We introduce a posthoc method and a learning approach to optimize the selection rate for partial discrete variables assignments in MIP to find feasible solutions efficiently.,"Finding a high-quality feasible solution to a combinatorial optimization problem in a given time budget is a challenging task due to its discrete nature. Neural diving is a learning-based approach to generating partial assignments for the discrete variables in MIP. We find that there usually is a small range of selection rates which lead to feasible and optimal solutions; when too many parameters are selected, the solution space is too restricted to find a feasible solution; when too few parameters are selected, the solution space is too wide to efficiently find a feasible solution. Therefore, the choice of selection rate is the critical determinant of the Neural diving performance. In this context, we present theoretical insights that there exist threshold functions in feasibility and feasible optimality over the selection rate. Based on the theoretical foundations, we introduce a post-hoc method, and a learning-based approach to optimize the selection rate for partial discrete variable assignments in MIP more efficiently. A key idea is to jointly learn to restrict the selection rate search space, and to predict the selection rate in the learned search space that results in a high-quality feasible solution. MIP solver is integrated into the end-to-end learning framework. We suggest that learning a deep neural network to generate a threshold-aware selection rate is effective in finding high-quality feasible solutions more quickly. Experimental results demonstrate that our method achieves state-of-the-art performance in NeurIPS ML4CO datasets. In the workload apportionment dataset, our method achieves the optimality gap of 0.45%, which is around 10× better than SCIP, at the one-minute time limit.",None
https://openreview.net/forum?id=ix3UDwIN5E,Class-wise Visual Explanations for Deep Neural Networks,Class-wise explanation; Backdoor attack detection; Global explanation,We propose a method to visualize global explanation in the input space for every class learned in the training procedure.,"Many explainable AI (XAI) methods have been proposed to interpret neural net- work’s decisions on why they predict what they predict locally through gradient information. Yet, existing works mainly for local explanation lack global knowledge to show class-wise explanations in the whole training procedure. To fill this gap, we proposed to visualize global explanation in the input space for every class learned in the training procedure. Specifically, our solution finds a representation set that could demonstrate the learned knowledge for each class. To achieve this goal, we optimize the representation set by imitating the model training procedure over the full dataset. Experimental results show that our method could generate class-wise explanations with high quality in a series of image classification datasets. Using our global explanation, we further analyze the model knowledge in different training procedures, including adversarial training and noisy label learning. Moreover, we illustrate that the generated explanations could lend insights into diagnosing model failures, such as revealing triggers in a backdoored model.",None
https://openreview.net/forum?id=walno7E1F8w,A HIERARCHICAL FRAGMENT-BASED MODEL FOR 3D DRUG-LIKE MOLECULE GENERATION,Drug Design; Molecule Generation; Deep Learning; Computational Biology,This paper introduced a hierarchical generative model for fragment-based drug-like molecule generation.,"De novo design of hit molecules is an important task in drug discovery. With the help of deep generative models, 3D molecular point set generation for smaller molecules (QM9) has been proposed by a few researchers. However, it is a non-trivial task to generate drug-like molecules which have relatively large atom numbers in the 3D space. Inspired by the human prior from domain experts, we propose a hierarchical fragment-based model. In order to avoid fragment collisions and maintain chemical validity, we solve the problem by generating high-level features and then sampling specific fragments and edges conditioned on the former. This hierarchical framework can capture basic chemical rules while generating 3D molecules of high quality. To evaluate our model's ability to sample molecules from the drug-like chemical space, we tested our method on multiple metrics. Among all evaluated metrics, our model outperforms the baseline model by a large margin.",None
https://openreview.net/forum?id=Mf9fQ0OgMzo,Preventing Mode Collapse When Imitating Latent Policies from Observations,Imitation Learning; Imitation from Observations Only; Latent Policy Learning,None,"Imitation from observations only (ILfO) is an extension of the classic imitation learning setting to cases where expert observations are easy to obtain but no expert actions are available. Most existing ILfO methods either require access to task-specific cost functions or large amounts of interactions with the target environment. Learning a forward dynamics model in combination with a latent policy has been shown to solve these issues. However, the limited supervision in the ILfO scenario can lead to a mode collapse in learning the generative forward model and the corresponding latent policy. In this paper, we analyse the mode collapse problem and show that it can occur whenever the expert is deterministic, and may also occur due to bad initialization of the models. Under the assumption of piecewise continuous system dynamics, we propose a method to prevent the mode collapse using clustering of expert transitions to pre-train the generative model and the latent policy. We show that the resulting method prevents mode collapse and improves performance in five different OpenAI Gym environments.",None
https://openreview.net/forum?id=cLcN6JY69aG,DETRDistill: A Simple Knowledge Distillation Framework for DETR-Families,Knowledge Distillation; DETR; Transformer; Model Compression,None,"Transformer-based detectors (DETRs) have attracted great attention due to their sparse training paradigm and the removal of post-processing operations, but the huge model can be computationally time-consuming and difficult to be deployed in real-world applications. To tackle this problem, knowledge distillation (KD) can be employed to compress the huge model by constructing a simple teacher-student learning framework. Different from the traditional CNN detectors, where the distillation targets can be naturally aligned through the feature map, DETR regards object detection as a set prediction problem, leading to an unclear relationship between teacher and student during distillation. In this paper, we propose DETRDistill, a novel knowledge distillation dedicated to DETR-families. We first explore a sparse matching paradigm with progressive stage-by-stage instance distillation. Considering the diverse attention mechanisms adopted in different DETRs, we propose attention-agnostic feature distillation module to overcome the ineffectiveness of conventional feature imitation. Finally, to fully leverage the intermediate products from the teacher, we introduce teacher-assisted assignment distillation, which greatly alleviates the instability of label assignment caused by bipartite graph matching. Extensive experiments demonstrate that our distillation method achieves significant improvement on various competitive DETR approaches, without introducing extra consumption in the inference phase. To the best of our knowledge, this is the first systematic study to explore a general distillation method for DETR-style detectors.",None
https://openreview.net/forum?id=SvcawuEiUVM,Compositional Image Generation and Manipulation with Latent Diffusion Models,Compositionality; Diffusion Models,None,"We propose a principled method for compositional image generation and manipulation using diffusion probabilistic models. In particular, for any pre-trained generative model with a semantic latent space, we train a latent diffusion model and auxiliary latent classifiers to help navigate latent representations in a non-linear fashion. We show that such conditional generation achieved by latent classifier guidance provably maximizes a lower bound of the conditional log-likelihood during training, and can reduce to a simple latent arithmetic method with additional assumption, which is surprisingly under-studied in the context of compositionality. We then derive a new guidance term which is shown to be crucial for maintaining the original semantics when doing manipulation. Unlike previous methods, our method is agnostic to pre-trained generative models and latent spaces, while still achieving competitive performance on compositional image generation as well as sequential manipulation of real and synthetic images.",None
https://openreview.net/forum?id=SZojABvWnkx,Prompt Tuning for Graph Neural Networks,None,We explore the prompt tuning method for pre-trained GNN models.,"In recent years, prompt tuning has set off a research boom in the adaptation of pre-trained models. In this paper, we propose Graph Prompt as an efficient and effective alternative to full fine-tuning for adapting the pre-trianed GNN models to downstream tasks. To the best of our knowledge, we are the first to explore the effectiveness of prompt tuning on existing pre-trained GNN models. Specifically, without tuning the parameters of the pre-trained GNN model, we train a task-specific graph prompt that provides graph-level transformations on the downstream graphs during the adaptation stage. Then, we introduce a concrete implementation of the graph prompt, called GP-Feature (GPF), which adds learnable perturbations to the feature space of the downstream graph. GPF has a strong expressive ability that it can modify both the node features and the graph structure implicitly. Accordingly, we demonstrate that GPF can achieve the approximately equivalent effect of any graph-level transformations under most existing pre-trained GNN models. We validate the effectiveness of GPF on numerous pre-trained GNN models, and the experimental results show that with a small amount (about 0.1% of that for fine-tuning ) of tunable parameters, GPF can achieve comparable performances as fine-tuning, and even obtain significant performance gains in some cases.",None
https://openreview.net/forum?id=zPkbpQdAfFi,DualMatch: Promoting Semi-Supervised Learning with Hierarchical Label and Contrastive Learning,Semi-supervised Learning; Contrastive Learning; Hierarchical Label Matching,None,"The recently proposed FixMatch and FlexMatch have achieved remarkable results in the field of semi-supervised learning. But these two methods go to two extremes as FixMatch and FlexMatch use a pre-defined constant threshold for all classes and an adaptive threshold for each category, respectively. By only investigating consistency regularization, they suffer from unstable results and indiscriminative feature representation, especially under the situation of few labeled samples. In this paper, we propose a novel DualMatch method, which can learn an adaptive threshold for all classes to perform instance-level prediction matching as well as discriminative features by graph matching based contrastive learning. We first present a memory-bank based near-global threshold learning strategy to select highly-confident samples. In the meantime, we make full use of the structured information in the hierarchical labels to learn an accurate affinity graph for contrastive learning. DualMatch achieves very stable and superior results on several commonly-used benchmarks. For example, DualMatch achieves 8.44% and 9.02% error rate reduction over FlexMatch on CIFAR-100 under WRN-28-2 with only 4 and 25 labeled samples per class, respectively.",None
https://openreview.net/forum?id=YurfS_kh5ib,Partial Differential Equation-Regularized Neural Networks: An Application to Image Classification,partial differential equations; image classification; physics-informed neural networks,Learn a PDE (approximated by a neural network) from data for image classification,"Differential equations can be used to design neural networks. For instance, neural ordinary differential equations (neural ODEs) can be considered as a continuous generalization of residual networks. In this work, we present a novel partial differential equation (PDE)-based approach for image classification, where we construct a continuous-depth and continuous-width neural network as a form of solutions of PDEs, and the PDEs defining the evolution of the solutions also are learned from data. Owing to the recent advancement of identifying PDEs, the presented novel concept, called PR-Net, can be implemented. Our method shows comparable (or better) accuracy and robustness for various datasets and tasks in comparison with neural ODEs and Isometric MobileNet V3. Thanks to the efficient nature of PR-Net, it is suitable to be deployed in resource-scarce environments, e.g., deployed instead of MobileNet.",None
https://openreview.net/forum?id=9NHWYzbKHLd,Continuous Monte Carlo Graph Search,online planning; sequential decision making; monte carlo tree search; MCTS; continuous control,"This paper proposes Continuous Monte Carlo Graph Search (CMCGS), a novel extension of MCTS to online planning in environments with continuous state and action spaces.","In many complex sequential decision making tasks, online planning is crucial for high-performance. For efficient online planning, Monte Carlo Tree Search (MCTS) employs a principled mechanism for trading off between exploration and exploitation. MCTS outperforms comparison methods in various discrete decision making domains such as Go, Chess, and Shogi. Following, extensions of MCTS to continuous domains have been proposed. However, the inherent high branching factor and the resulting explosion of search tree size is limiting existing methods. To solve this problem, this paper proposes Continuous Monte Carlo Graph Search (CMCGS), a novel extension of MCTS to online planning in environments with continuous state and action spaces. CMCGS takes advantage of the insight that, during planning, sharing the same action policy between several states can yield high performance. To implement this idea, at each time step CMCGS clusters similar states into a limited number of stochastic action bandit nodes, which produce a layered graph instead of an MCTS search tree. Experimental evaluation with limited sample budgets shows that CMCGS outperforms comparison methods in several complex continuous DeepMind Control Suite benchmarks and a 2D navigation task.",None
https://openreview.net/forum?id=BGqYCl1k1fN,Rank-1 Matrix Completion with Gradient Descent and Small Random Initialization,Matrix Completion; Small Initialization; Gradient Descent,Proves the convergence of gradient descent with small random initialization for rank-1 matrix completion.,"The nonconvex formulation of matrix completion problem has received significant attention in recent years due to its affordable complexity compared to the convex formulation. Gradient descent (GD) is the simplest yet efficient baseline algorithm for solving nonconvex optimization problems. The success of GD has been witnessed in many different problems in both theory and practice when it is combined with random initialization. However, previous works on matrix completion require either careful initialization or regularizer to prove the convergence of GD. In this work, we study the rank-1 symmetric matrix completion and prove that GD converges to the ground truth when small random initialization is used. We show that in logarithmic amount of iterations, the trajectory enters the region where local convergence occurs. We provide an upper bound on the initialization size that is sufficient to guarantee the convergence and show that a larger initialization can be used as more samples are available. We observe that implicit regularization effect of GD plays a critical role in the analysis, and for the entire trajectory, it prevents each entry from becoming much larger than the others.",None
https://openreview.net/forum?id=OUV0Fh5Lgm2,Robust Quantity-Aware Aggregation for Federated Learning,Federated Learning; Robustness; Defense,None,"Federated learning (FL) enables multiple clients to collaboratively train models without sharing their local data, and becomes an important privacy-preserving machine learning framework. However, classical FL faces serious security and robustness problem, e.g., malicious clients can poison model updates and at the same time claim large quantities to amplify the impact of their model updates in the model aggregation. Existing defense methods for FL, while all handling malicious model updates, either treat all quantities benign or simply ignore/truncate the quantities of all clients. The former is vulnerable to quantity-enhanced attack, while the latter leads to sub-optimal performance since the local data on different clients is usually in significantly different sizes. In this paper, we propose a robust quantity-aware aggregation algorithm for federated learning, called FedRA, to perform the aggregation with awareness of local data quantities while being able to defend against quantity-enhanced attacks. More specifically, we propose a method to filter malicious clients by jointly considering the uploaded model updates and data quantities from different clients, and performing quantity-aware weighted averaging on model updates from remaining clients. Moreover, as the number of malicious clients participating in the federated learning may dynamically change in different rounds, we also propose a malicious client number estimator to predict how many suspicious clients should be filtered in each round. Experiments on four public datasets demonstrate the effectiveness of our FedRA method in defending FL against quantity-enhanced attacks. Our code is available at \url{https://anonymous.4open.science/r/FedRA-4C1E}.",None
https://openreview.net/forum?id=0DIkhwclYX3,Efficient debiasing with contrastive weight pruning,Debiasing; spurious correlation; pruning,None,"Neural networks are often biased to spuriously correlated features that provide misleading statistical evidence that does not generalize. This raises a fundamental question: ""Does an optimal unbiased functional subnetwork exist in a severely biased network? If so, how to extract such subnetwork?"" While few studies have revealed the existence of such optimal subnetworks with the guidance of ground-truth unbiased samples, the way to discover the optimal subnetworks with biased training dataset is still unexplored in practice. 
To address this, here we first present our theoretical insight that alerts potential limitations of existing algorithms in exploring unbiased subnetworks in the presence of strong spurious correlations.  We then further elucidate the importance of bias-conflicting samples on structure learning. Motivated by these observations, we propose a Debiased Contrastive Weight Pruning (DCWP) algorithm, which probes unbiased subnetworks without expensive group annotations. Experimental results demonstrate that our approach significantly outperforms state-of-the-art debiasing methods despite its considerable reduction in the number of parameters.",None
https://openreview.net/forum?id=sn8w7P9TrYf,Linear Convergence of Decentralized FedAvg for Non-Convex Objectives: The Interpolation Regime,Polyak-Lojasiewicz (PL) inequality; Federated Averaging; Linear convergence,Our work shows linear convergence for Federated Averaging algorithm in {\em Server} and {\em Decentralized} settings.,"In the age of Bigdata, Federated Learning (FL) provides machine learning (ML) practitioners with an indispensable tool for solving large-scale learning problems. FL is a distributed optimization paradigm where multiple nodes each having access to a local dataset collaborate (with or without a server) to solve a joint problem. Federated Averaging (FedAvg) although the algorithm of choice for many FL applications is not very well understood especially in the interpolation regime, a common phenomenon observed in modern overparameterized neural networks. In this work, we address this challenge and perform a thorough theoretical performance analysis of FedAvg in the interpolation regime for training of overparameterized neural networks. Specifically, we analyze the performance of FedAvg in two settings: (i) {\em[Server]}: When the network has access to a server that coordinates the information sharing among nodes, and (ii) {\em[Decentralized]:} The serverless setting, where the local nodes communicate over an undirected graph. We consider a class of non-convex functions satisfying the Polyak-Lojasiewicz (PL) condition, a condition that is satisfied by overparameterized neural networks. For the first time, we establish that FedAvg under both {\em Server} and {\em Decentralized} settings achieve linear convergence rates of $\mathcal{O}(T^{3/2} \log  (1/{\epsilon} ) )$ and $\mathcal{O}({T^2} \log ({1}/{\epsilon}))$, respectively, where $\epsilon$ is the desired solution accuracy, and $T$ is the number of local updates at each node. In contrast to the standard FedAvg analysis, our work does not require bounded heterogeneity, variance, and gradient assumptions. Instead, we show that sample-wise (and local) smoothness of the local loss functions suffice to capture the effect of heterogeneity in FL training. We use a novel application of induction to prove the linear convergence in the {\em Decentralized} setting, which can be of independent interest. Finally, we conduct experiments on multiple real datasets to corroborate our theoretical findings.",None
https://openreview.net/forum?id=HcGb9QnNAew,Global Nash Equilibrium in a Class of Nonconvex N-player Games,None,None,"We consider seeking the global Nash equilibrium (NE) in a class of nonconvex N-player games. The structured nonconvex payoffs are composited with canonical functions and quadratic operators, which are broadly investigated in various tasks such as robust network training and sensor network communication. However, the full-fledged development of nonconvex min-max games may not provide available help due to the interference of multiple players’ coupled stationary conditions, and the existing results on convex games may also perform unsatisfactorily since they may be stuck in local NE or Nash stationary points, rather than the global NE. Here, we first make efforts to take a canonical conjugate transformation of the nonconvex N-player game, and cast the complementary problem into a variational inequality (VI) problem for the derivation of the global NE. Then we design a conjugate-based ordinary differential equation (ODE) for the solvable VI problem, and present the equilibrium equivalence and guaranteed convergence within the ODE. Furthermore, we provide a discretized algorithm based on the ODE, and discuss step-size settings and convergence rates in two typical nonconvex N-player games. At last, we conduct experiments in practical tasks to illustrate the effectiveness of our approach.",None
https://openreview.net/forum?id=m0X42gFenw,Neural Semi-Counterfactual Risk Minimization,semi-Counterfactual risk minimization; importance weighting upper bound; KL regularisation; Batch learning,we study the semi-counterfactual risk minimization by considering access to both known reward and unknown reward logged datasets.,"Counterfactual risk minimization is a framework for offline policy optimization with logged data which consists of context, action, propensity score, and reward for each sample point. 
In this work, we build on this framework and propose a learning method for settings where the rewards for some samples are not observed, and so the logged data consists of a subset of samples with unknown rewards and a subset of samples with known rewards. This setting arises in many application domains, including advertising and healthcare. While reward feedback is missing for some samples, it is possible to leverage the unknown-reward samples in order to minimize the risk, and we refer to this setting as semi-counterfactual risk minimization. 
To approach this kind of learning problem, we derive new upper bounds on the true risk under the inverse propensity score estimator. We then build upon these bounds to propose a regularized counterfactual risk minimization method, where the regularization term is based on the logged unknown-rewards dataset only; hence it is reward-independent. We also propose another algorithm based on generating pseudo-rewards for the logged unknown-rewards dataset. Experimental results with neural networks and benchmark datasets indicate that these algorithms can leverage the logged unknown-rewards dataset besides the logged known-reward dataset.",None
https://openreview.net/forum?id=wF-QfZebInw,Pose Transfer using a Single Spatial Transformation,None,None,"In this paper, we address the problem of pose transfer. The goal is to generate a source image in a new target pose. The pose is already provided by a set of spatial landmarks. The transfer function is directly estimated from the difference between the landmarks given in the new target pose and the landmarks of the source image. Existing methods perform the task using two specialized networks, one to move the patches of the source sample and the other one to generate the new patches that are not visible in the source image. Contrary to these strategies, we develop an end-to-end trainable neural network that learns to estimate both these visible and invisible parts using a simple warping module. In other words, we propose a flow estimation method that not only displaces the patches to their new locations but also generates new pixels that are not visible in the source image, all in an unsupervised manner without the need for a ground-truth flow map.  In this way, moving the patches and introducing new parts are unified into a single network, ensuring that an overall solution is achieved for these two mutual tasks. Additionally, this method avoids the need for a human observer to determine a trade-off between the performance of the two separated networks, thus avoiding a cartoonish addition of the new parts to the visible areas. Extensive experiments demonstrate the superiority of our method over state-of-the-art algorithms. We conduct our experiments on two well-known datasets: Deepfashion and Market1501.",None
https://openreview.net/forum?id=Ms4S3XC3vtW,Concealing Sensitive Samples for Enhanced Privacy in Federated Learning,Privacy preserving; Model inversion attack; Federated Learning,A method for improving privacy in federated learning by obfuscating sensitive data with adaptively synthesized concealed samples.,"Federated Learning (FL) is a distributed learning paradigm that promises to protect users’ privacy by not requiring the clients to share their raw and private data with the server. Despite the success, recent studies reveal the vulnerability of FL to model inversion attacks by showing that they can reconstruct users’ private data via eavesdropping on the shared gradient information. Most existing defence methods to preserve privacy in FL are formulated to protect all data samples equally, which in turn proven brittle against attacks and compromising the FL performance. In this paper, we argue that data containing sensitive information should take precedence. We present a simple, yet effective defence strategy that obfuscates the gradients of the sensitive data with concealed samples. In doing so, we propose to synthesize concealed samples to simulate the sensitive data at the gradient level. Furthermore, we employ a gradient projection technique to obscure sensitive data without compromising the quality of the shared gradients, hence enabling FL to retain its performance. Compared to the previous art, our empirical evaluations suggest that the proposed technique provides the strongest protection while simultaneously maintaining the FL performance. We also provide examples of how the proposed method can be combined with other defences to boost the privacy-performance trade-off even further.",None
https://openreview.net/forum?id=1VQnc0wnIQ,Understanding Graph Contrastive Learning From A Statistical Perspective,graph contrastive learning; unsupervised; general principles,"From a statistical perspective, we propose two principles to guide graph contrastive learning.","Although recent advances have prompted the prosperity in graph contrastive learning, the researches on universal principles for model design and desirable properties of latent representations are still inadequate. From a statistical perspective, this paper proposes two principles for guidance and constructs a general graph self-supervised framework. Reformulating data augmentation as a mixture process, the first one, termed consistency principle, lays stress on exploring and mapping cross-view common information to consistent and essence-revealing representations. For the purpose of instantiation, four statistical indicators are employed to estimate and maximize the correlation between representations from various views, whose accordant variation trend during training implies the extraction of common content. With awareness of the insufficiency of a solo consistency principle, suffering from degenerated and coupled solutions, a decorrelation principle is put forward to encourage diverse and informative representations. Accordingly, two specific strategies, performing in representation space and eigen spectral space,  respectively, are propounded to decouple various representation channels. Under two principles, various combinations of concrete implementations derive a family of methods. Provably, after decomposition and analysis for the commonly used \textit{InfoNCE} loss, we clarify that the approaches based on mutual information maximization implicitly fulfill the two principles and are covered within our framework. The comparison experiments with current state-of-the-arts demonstrate the effectiveness and sufficiency of two principles for high-quality graph representations. Furthermore, visual studies reveal how certain principles affect learned representations.",None
https://openreview.net/forum?id=HwbEioBGLo3,Rethinking Knowledge Distillation with Raw Features for Semantic Segmentation,Knowledge Distillation; Semantic Segmentation; Raw Feature Learning,In-depth analysis of the raw feature distillation and the design of an effective feature distillation method for semantic segmentation.,"Most existing knowledge distillation methods for semantic segmentation focus on extracting various complex forms of knowledge from raw features. However, such knowledge is usually manually designed and relies on prior knowledge as in traditional feature engineering. In this paper, in order to seek a more simple and effective way to perform feature distillation, we analyze the naive feature distillation method with raw features and reveal that it actually attempts to make the student learn both the magnitude and angular information from the teacher features simultaneously. We further find experimentally that the angular information is more effective than the magnitude information for feature distillation. Based on this finding, we propose a simple and effective feature distillation method for semantic segmentation, which eliminates the need to manually design distillation knowledge. Experimental results on three popular benchmark datasets show that our method achieves state-of-the-art distillation performance for semantic segmentation. The code will be available.",None
https://openreview.net/forum?id=csccDKhK7tw,MDPose: Real-Time Multi-Person Pose Estimation via Mixture Density Model,Instance-aware Pose Estimation; Density Estimation; Mixture Model,"We reformulate multi-person pose estimation task as a density estimation, enabling real-time instance-aware keypoint estimation without any additional instance identification process.","One of the major challenges in multi-person pose estimation is instance-aware keypoint estimation. Previous methods address this problem by leveraging an off-the-shelf detector, heuristic post-grouping process or explicit instance identification process, hindering further improvements in the inference speed which is an important factor for practical applications. From the statistical point of view, those additional processes for identifying instances are necessary to bypass learning the high-dimensional joint distribution of human keypoints, which is a critical factor for another major challenge, the occlusion scenario. In this work, we propose a novel framework of single-stage instance-aware pose estimation by modeling the joint distribution of human keypoints with a mixture density model, termed as MDPose. Our MDPose estimates the distribution of human keypoints' coordinates using a mixture density model with an instance-aware keypoint head consisting simply of 8 convolutional layers. It is trained by minimizing the negative log-likelihood of the ground truth keypoints. Also, we propose a simple yet effective training strategy, Random Keypoint Grouping (RKG), which significantly alleviates the underflow problem leading to successful learning of relations between keypoints. On OCHuman dataset, which consists of images with highly occluded people, our MDPose achieves state-of-the-art performance by successfully learning the high-dimensional joint distribution of human keypoints. Furthermore, our MDPose shows significant improvement in inference speed with a competitive accuracy on MS COCO, a widely-used human keypoint datasets, thanks to the proposed much simpler single-stage pipeline.",None
https://openreview.net/forum?id=Sme6eesZqW,PADDLES: Phase-Amplitude Spectrum Disentangled Early Stopping for Learning with Noisy Labels,Learning with noisy labels; Frequency domain decomposition; Early Stopping Training,We propose a new early stopping training method for learning with noisy labels by choosing different stopping points for the Phase and Amplitude spectrum in the frequency domain.,"Deep Neural Networks (DNNs) have demonstrated superiority in learning various patterns. However, DNNs are sensitive to label noises and would easily overfit noisy labels during training. The early stopping strategy averts updating DNNs during the early training phase and is widely employed as an effective method when learning with noisy labels. Motivated by biological findings that the amplitude spectrum (AS) and phase spectrum (PS) in the frequency domain play different roles in the animal's vision system, we observe that PS, which captures more semantic information, is more resistant to label noise than AS. Performing the early stopping on AS and PS at the same time is therefore undesirable. In contrast, we propose early stops at different times for AS and PS. In order to achieve this, we disentangle the features of some layer(s) into AS and PS using Discrete Fourier Transform (DFT) during training. The AS and PS will be detached at different training stages from the gradient computational graph. The features are then restored via inverse DFT (iDFT) for the next layer. We term the proposed method Phase-AmplituDe DisentangLed Early Stopping (PADDLES). Simple yet effective, PADDLES outperforms other early stopping methods and obtains state-of-the-art performance on both synthetic and real-world label-noise datasets.",None
https://openreview.net/forum?id=0c2SbGJ3Lt,Textless Phrase Structure Induction from Visually-Grounded Speech,unsupervised speech processing; grammar induction; speech representation learning; visually-grounded representation learning,"The first study on grammar induction from audio-visual inputs, without relying on intermediate text or ASR.","We study phrase structure induction from visually-grounded speech without intermediate text or text pre-trained models. The core idea is to first segment the speech waveform into sequences of word segments, then induce phrase structure based on the inferred segment-level continuous representations. To this end, we present the Audio-Visual Neural Syntax Learner (AV-NSL) that learns non-trivial phrase structure by listening to audio and looking at images, without ever reading text. Experiments on SpokenCOCO, the spoken version of MSCOCO with paired images and spoken captions, show that AV-NSL infers meaningful phrase structures similar to those learned from naturally-supervised text parsing, quantitatively and qualitatively. The findings in this paper extend prior work in unsupervised language acquisition from speech and grounded grammar induction, and manifest one possibility of bridging the gap between the two fields.",None
https://openreview.net/forum?id=-pAV454n6mS,GRAPHSENSOR: A Graph Attention Network for Time-Series Sensor Data,None,None,"Our work focuses on the exploration of the internal relationships of signals in an individual sensor. In particular, we address the problem of not being able to evaluate such inter-sensor relationships due to missing rich and explicit feature representation. To solve this problem, we propose GRAPHSENSOR, a graph attention network, with a shared-weight convolution feature encoder to generate the signal segments and learn the internal relationships between them. Furthermore, we enrich the representation of the features by utilizing a multi-head approach when creating the internal relationship graph. Compared with traditional multi-head approaches, we propose a more efficient convolution-based multi-head mechanism, which only requires 56% of model parameters compared with the best multi-head baseline as demonstrated in the experiments. Moreover, GRAPHSENSOR is capable of achieving the state-of-the-art performance in the electroencephalography dataset and improving the accuracy by 13.8% compared to the best baseline in an inertial measurement unit (IMU) dataset.",None
https://openreview.net/forum?id=G1STYDZDBeH,Mitigating Out-of-Distribution Data Density Overestimation in Energy-Based Models,Energy-Based Model,We investigate why EBMs assign high density to OOD data and propose a method to mitigate this problem.,"Deep energy-based models (EBMs),  which use deep neural networks (DNNs) as energy functions, are receiving increasing attention due to their ability to learn complex distributions. To train deep EBMs, the maximum likelihood estimation (MLE) with short-run Langevin Monte Carlo (LMC) is often used. While the MLE with short-run LMC is computationally efficient compared to an MLE with full Markov Chain Monte Carlo (MCMC), it often  assigns high density to out-of-distribution (OOD) data. To address this issue, here we systematically investigate why the MLE with short-run LMC can converge to EBMs with wrong density estimates, and reveal that the heuristic modifications to LMC introduced by previous works were the main problem. We then propose a Uniform Support Partitioning (USP) scheme that optimizes a set of points to evenly partition the support of the EBM and then uses the resulting points to approximate the EBM-MLE loss gradient. We empirically demonstrate that USP avoids the pitfalls of short-run LMC, leading to significantly improved OOD data detection performance on Fashion-MNIST.",None
https://openreview.net/forum?id=G29-Xa55dCXD,Optical Flow Regularization of Implicit Neural Representations for Video Frame Interpolation,Implicit Neural Representation; Video Representation; Video Frame Interpretation,We show that constraining the derivatives of video INR to satisfy the optical flow constraint equation allows to reach state of the art VFI on limited motion ranges without relying on additional training data.,"Recent works have shown the ability of Implicit Neural Representations (INR) to carry meaningful representations of signal derivatives. In this work, we leverage this property to perform Video Frame Interpolation (VFI) by explicitly constraining the derivatives of the INR to satisfy the optical flow constraint equation. We achieve state of the art VFI on limited motion ranges using only a target video and its optical flow, without learning the interpolation operator from additional training data. We further show that constraining the INR derivatives not only allows to better interpolate intermediate frames but also improves the ability of narrow networks to fit the observed frames, which suggests potential applications to video compression and INR optimization.",None
https://openreview.net/forum?id=OA-gbD-ANFt,Inverse Optimal Transport with Application to Contrastive Learning,Contrastive Learning; Inverse Optimal Transoprt,None,"Previous works in contrastive learning (CL) mainly focus on pairwise views to learn the representations by attracting the positive samples and repelling negative ones. In this work, we understand the CL with a collective point set matching view and solve this problem with the formulation of inverse optimal transport(IOT), which is a min-min optimization to learn the features. By varying the relaxation degree of constraints in inner minimization of IOT, one can naturally get three different contrastive losses and reveal that InfoNCE is a special case of them, which shows a new and more generalized understanding view of CL. Besides, with our soft matching view, a uniformity penalty is also proposed to improve the representation learning. Experimental results show the effectiveness of our methods.",None
https://openreview.net/forum?id=Bc_R_YyycnK,Learning Multi-Object Positional Relationships via Emergent Communication,emergence communication,None,"The study of emergent communication has been dedicated to interactive artificial intelligence. While existing work focuses on communication about single objects or complex image scenes, we argue that communicating relationships between multiple objects is important in more realistic tasks, but understudied. In this paper, we try to fill this gap and focus on emergent communication about positional relationships between two objects. We train agents in the referential game where observations contain two objects, and find that generalization is the major problem when the positional relationship is involved. The key factor affecting the generalization ability of the emergent language is the input variation between Speaker and Listener, which is realized by a random image generator in our work. Further, we find that the learned language can generalize well in a new multi-step MDP task where the positional relationship describes the goal, and performs better than raw-pixel images as well as pre-trained image features, verifying the strong generalization ability of discrete sequences. We also show that language transfer from the referential game performs better in the new task than learning language directly in this task, implying the potential benefits of pre-training in referential games. All in all, our experiments demonstrate the viability and merit of having agents learn to communicate positional relationships between multiple objects through emergent communication.",None
https://openreview.net/forum?id=Plr5l7r0jY6,Language model with Plug-in Knowldge Memory,pre-training; language model; memory,we propose a pre-training framework to decouple the knowledge storage from PLM,"Large-scale pre-trained language models(PLM) have made impressive results in a wide range of NLP tasks and it has been revealed that one of the key factors to their success is the parameters of these models implicitly learn various types of knowledge in the pre-training corpus. However, encoding knowledge implicitly in the model parameters has two fundamental drawbacks. First, the knowledge is neither editable nor scalable once the model is trained, which is especially problematic in that knowledge is consistently evolving. Second, it lacks interpretability and prevents us from understanding what kind of knowledge PLM needs to solve certain task. In this paper, we introduce PlugLM, a pre-training model with differentiable plug-in memory(DPM). The key intuition behind is to decouple the knowledge storage from model parameters with an editable and scalable key-value memory and leverage knowledge in an explainable manner by knowledge retrieval in the DPM.  We conduct extensive experiments under various settings to justify this design choice. In domain adaptation setting, PlugLM could be easily adapted to different domains with plugable in-domain memory---obtaining 3.95 F1 improvements across four domains, without any in-domain training. PlugLM could also keep absorbing new knowledge after pre-training is done by knowledge updating operation in the DPM without re-training. Finally, we show that by incorporating training samples into DPM with knowledge prompting, PlugLM could further be improved by the instruction of in-task knowledge.",None
