urls,titles,keywords,tldrs,abstracts,one_sentence_summ
https://openreview.net/forum?id=rJehVyrKwH,And the Bit Goes Down: Revisiting the Quantization of Neural Networks,compression; quantization,Using a structured quantization technique aiming at better in-domain reconstruction to compress convolutional neural networks,"In this paper, we address the problem of reducing the memory footprint of convolutional network architectures. We introduce a vector quantization method that aims at preserving the quality of the reconstruction of the network outputs rather than its weights. The principle of our approach is that it minimizes the loss reconstruction error for in-domain inputs. Our method only requires a set of unlabelled data at quantization time and allows for efficient inference on CPU by using byte-aligned codebooks to store the compressed weights. We validate our approach by quantizing a high performing ResNet-50 model to a memory size of 5MB (20x compression factor) while preserving a top-1 accuracy of 76.1% on ImageNet object classification and by compressing a Mask R-CNN with a 26x factor.",None
https://openreview.net/forum?id=H1l_0JBYwS,Spectral  Embedding of Regularized Block Models,Spectral embedding; regularization; block models; clustering,"Graph regularization forces spectral embedding to focus on the largest clusters, making the representation less sensitive to noise.","Spectral embedding is a popular technique for the representation of graph data. Several regularization techniques have been proposed to improve the quality of the embedding with respect to downstream tasks like clustering. In this paper, we explain on a simple block model the impact of the complete graph regularization, whereby a constant is added to all entries of the adjacency matrix. Specifically, we show that the regularization forces the spectral embedding  to focus on  the  largest blocks, making the representation less sensitive to noise or outliers. We illustrate these results on both  on both synthetic and real data, showing how regularization improves standard clustering scores.",None
https://openreview.net/forum?id=H1xFWgrFPS,Explanation  by Progressive  Exaggeration,Explain; deep learning; black box; GAN; counterfactual,"A method to explain a classifier, by generating visual perturbation of an image by exaggerating  or diminishing the semantic features that the classifier associates with a target label.","As machine learning methods see greater adoption and implementation in high stakes applications such as medical image diagnosis, the need for model interpretability and explanation has become more critical. Classical approaches that assess feature importance (eg saliency maps) do not explain how and why a particular region of an image is relevant to the prediction. We propose a method that explains the outcome of a classification black-box by gradually exaggerating the semantic effect of a given class. Given a query input to a classifier, our method produces a progressive set of plausible variations of that query, which gradually change the posterior probability from its original class to its negation. These counter-factually generated samples preserve features unrelated to the classification decision, such that a user can employ our method as a ``tuning knob'' to traverse a data manifold while crossing the decision boundary.  Our method is model agnostic and only requires the output value and gradient of the predictor with respect to its input.",None
https://openreview.net/forum?id=rJg8TeSFDH,An Exponential Learning Rate Schedule for Deep Learning,batch normalization; weight decay; learning rate; deep learning theory,"We propose an exponentially growing learning rate schedule for networks with BatchNorm, which surprisingly performs well in practice and is provably equivalent to popular LR schedules like Step Decay.","Intriguing empirical evidence exists that deep learning can work well with exotic schedules for varying the learning rate. This paper suggests that the phenomenon may be due to Batch Normalization or BN(Ioffe & Szegedy, 2015), which is ubiq- uitous and provides benefits in optimization and generalization across all standard architectures. The following new results are shown about BN with weight decay and momentum (in other words, the typical use case which was not considered in earlier theoretical analyses of stand-alone BN (Ioffe & Szegedy, 2015; Santurkar et al., 2018; Arora et al., 2018)
• Training can be done using SGD with momentum and an exponentially in- creasing learning rate schedule, i.e., learning rate increases by some (1 + α) factor in every epoch for some α > 0. (Precise statement in the paper.) To the best of our knowledge this is the first time such a rate schedule has been successfully used, let alone for highly successful architectures. As ex- pected, such training rapidly blows up network weights, but the net stays well-behaved due to normalization.
• Mathematical explanation of the success of the above rate schedule: a rigor- ous proof that it is equivalent to the standard setting of BN + SGD + Standard Rate Tuning + Weight Decay + Momentum. This equivalence holds for other normalization layers as well, Group Normalization(Wu & He, 2018), Layer Normalization(Ba et al., 2016), Instance Norm(Ulyanov et al., 2016), etc.
• A worked-out toy example illustrating the above linkage of hyper- parameters. Using either weight decay or BN alone reaches global minimum, but convergence fails when both are used.",None
https://openreview.net/forum?id=BygXFkSYDH,Target-Embedding Autoencoders for Supervised Representation Learning,autoencoders; supervised learning; representation learning; target-embedding; label-embedding,None,"Autoencoder-based learning has emerged as a staple for disciplining representations in unsupervised and semi-supervised settings. This paper analyzes a framework for improving generalization in a purely supervised setting, where the target space is high-dimensional. We motivate and formalize the general framework of target-embedding autoencoders (TEA) for supervised prediction, learning intermediate latent representations jointly optimized to be both predictable from features as well as predictive of targets---encoding the prior that variations in targets are driven by a compact set of underlying factors. As our theoretical contribution, we provide a guarantee of generalization for linear TEAs by demonstrating uniform stability, interpreting the benefit of the auxiliary reconstruction task as a form of regularization. As our empirical contribution, we extend validation of this approach beyond existing static classification applications to multivariate sequence forecasting, verifying their advantage on both linear and nonlinear recurrent architectures---thereby underscoring the further generality of this framework beyond feedforward instantiations.",None
https://openreview.net/forum?id=BJgNJgSFPS,Building Deep Equivariant Capsule Networks,Capsule networks; equivariance,"A new scalable, group-equivariant model for capsule networks that preserves compositionality under transformations, and is empirically more transformation-robust to older capsule network models.","Capsule networks are constrained by the parameter-expensive nature of their layers, and the general lack of provable equivariance guarantees. We present a variation of capsule networks that aims to remedy this. We identify that learning all pair-wise part-whole relationships between capsules of successive layers is inefficient. Further, we also realise that the choice of prediction networks and the routing mechanism are both key to equivariance. Based on these, we propose an alternative framework for capsule networks that learns to projectively encode the manifold of pose-variations, termed the space-of-variation (SOV), for every capsule-type of each layer. This is done using a trainable, equivariant function defined over a grid of group-transformations. Thus, the prediction-phase of routing involves projection into the SOV of a deeper capsule using the corresponding function. As a specific instantiation of this idea, and also in order to reap the benefits of increased parameter-sharing, we use type-homogeneous group-equivariant convolutions of shallower capsules in this phase. We also introduce an equivariant routing mechanism based on degree-centrality. We show that this particular instance of our general model is equivariant, and hence preserves the compositional representation of an input under transformations. We conduct several experiments on standard object-classification datasets that showcase the increased transformation-robustness, as well as general performance, of our model to several capsule baselines.",None
https://openreview.net/forum?id=HJeiDpVFPr,An Inductive Bias for Distances: Neural Nets that Respect the Triangle Inequality,metric learning; deep metric learning; neural network architectures; triangle inequality; graph distances,"We propose novel neural network architectures, guaranteed to satisfy the triangle inequality, for purposes of (asymmetric) metric learning and modeling graph distances.","Distances are pervasive in machine learning. They serve as similarity measures, loss functions, and learning targets; it is said that a good distance measure solves a task. When defining distances, the triangle inequality has proven to be a useful constraint, both theoretically---to prove convergence and optimality guarantees---and empirically---as an inductive bias. Deep metric learning architectures that respect the triangle inequality rely, almost exclusively, on Euclidean distance in the latent space. Though effective, this fails to model two broad classes of subadditive distances, common in graphs and reinforcement learning: asymmetric metrics, and metrics that cannot be embedded into Euclidean space. To address these problems, we introduce novel architectures that are guaranteed to satisfy the triangle inequality. We prove our architectures universally approximate norm-induced metrics on $\mathbb{R}^n$, and present a similar result for modified Input Convex Neural Networks. We show that our architectures outperform existing metric approaches when modeling graph distances and have a better inductive bias than non-metric approaches when training data is limited in the multi-goal reinforcement learning setting.",None
https://openreview.net/forum?id=HygnDhEtvr,Reinforcement Learning Based Graph-to-Sequence Model for Natural Question Generation,deep learning; reinforcement learning; graph neural networks; natural language processing; question generation,None,"Natural question generation (QG) aims to generate questions from a passage and an answer. Previous works on QG either (i) ignore the rich structure information hidden in text, (ii) solely rely on cross-entropy loss that leads to issues like exposure bias and inconsistency between train/test measurement, or (iii) fail to fully exploit the answer information. To address these limitations, in this paper, we propose a reinforcement learning (RL) based graph-to-sequence (Graph2Seq) model for QG. Our model consists of a Graph2Seq generator with a novel Bidirectional Gated Graph Neural Network based encoder to embed the passage, and a hybrid evaluator with a mixed objective combining both cross-entropy and RL losses to ensure the generation of syntactically and semantically valid text. We also introduce an effective Deep Alignment Network for incorporating the answer information into the passage at both the word and contextual levels. Our model is end-to-end trainable and achieves new state-of-the-art scores, outperforming existing methods by a significant margin on the standard SQuAD benchmark.",None
https://openreview.net/forum?id=S1xKd24twB,SQIL: Imitation Learning via Reinforcement Learning with Sparse Rewards,Imitation Learning; Reinforcement Learning,"A simple and effective alternative to adversarial imitation learning: initialize experience replay buffer with demonstrations, set their reward to +1, set reward for all other data to 0, run Q-learning or soft actor-critic to train.","Learning to imitate expert behavior from demonstrations can be challenging, especially in environments with high-dimensional, continuous observations and unknown dynamics. Supervised learning methods based on behavioral cloning (BC) suffer from distribution shift: because the agent greedily imitates demonstrated actions, it can drift away from demonstrated states due to error accumulation. Recent methods based on reinforcement learning (RL), such as inverse RL and generative adversarial imitation learning (GAIL), overcome this issue by training an RL agent to match the demonstrations over a long horizon. Since the true reward function for the task is unknown, these methods learn a reward function from the demonstrations, often using complex and brittle approximation techniques that involve adversarial training. We propose a simple alternative that still uses RL, but does not require learning a reward function. The key idea is to provide the agent with an incentive to match the demonstrations over a long horizon, by encouraging it to return to demonstrated states upon encountering new, out-of-distribution states. We accomplish this by giving the agent a constant reward of r=+1 for matching the demonstrated action in a demonstrated state, and a constant reward of r=0 for all other behavior. Our method, which we call soft Q imitation learning (SQIL), can be implemented with a handful of minor modifications to any standard Q-learning or off-policy actor-critic algorithm. Theoretically, we show that SQIL can be interpreted as a regularized variant of BC that uses a sparsity prior to encourage long-horizon imitation. Empirically, we show that SQIL outperforms BC and achieves competitive results compared to GAIL, on a variety of image-based and low-dimensional tasks in Box2D, Atari, and MuJoCo. This paper is a proof of concept that illustrates how a simple imitation method based on RL with constant rewards can be as effective as more complex methods that use learned rewards.",None
https://openreview.net/forum?id=rJlnOhVYPS,Mutual Mean-Teaching: Pseudo Label Refinery for Unsupervised Domain Adaptation on Person Re-identification,Label Refinery; Unsupervised Domain Adaptation; Person Re-identification,A framework that conducts online refinement of pseudo labels with a novel soft softmax-triplet loss for unsupervised domain adaptation on person re-identification.,"Person re-identification (re-ID) aims at identifying the same persons' images across different cameras. However, domain diversities between different datasets pose an evident challenge for adapting the re-ID model trained on one dataset to another one. State-of-the-art unsupervised domain adaptation methods for person re-ID transferred the learned knowledge from the source domain by optimizing with pseudo labels created by clustering algorithms on the target domain. Although they achieved state-of-the-art performances, the inevitable label noise caused by the clustering procedure was ignored. Such noisy pseudo labels substantially hinders the model's capability on further improving feature representations on the target domain. In order to mitigate the effects of noisy pseudo labels, we propose to softly refine the pseudo labels in the target domain by proposing an unsupervised framework, Mutual Mean-Teaching (MMT), to learn better features from the target domain via off-line refined hard pseudo labels and on-line refined soft pseudo labels in an alternative training manner.  In addition, the common practice is to adopt both the classification loss and the triplet loss jointly for achieving optimal performances in person re-ID models. However, conventional triplet loss cannot work with softly refined labels. To solve this problem, a novel soft softmax-triplet loss is proposed to support learning with soft pseudo triplet labels for achieving the optimal domain adaptation performance. The proposed MMT framework achieves considerable improvements of 14.4%, 18.2%, 13.1% and 16.4% mAP on Market-to-Duke, Duke-to-Market, Market-to-MSMT and Duke-to-MSMT unsupervised domain adaptation tasks.",None
https://openreview.net/forum?id=ryxnY3NYPS,Diverse Trajectory Forecasting with Determinantal Point Processes,Diverse Inference; Generative Models; Trajectory Forecasting,We learn a diversity sampling function with DPPs to obtain a diverse set of samples from a generative model.,"The ability to forecast a set of likely yet diverse possible future behaviors of an agent (e.g., future trajectories of a pedestrian) is essential for safety-critical perception systems (e.g., autonomous vehicles). In particular, a set of possible future behaviors generated by the system must be diverse to account for all possible outcomes in order to take necessary safety precautions. It is not sufficient to maintain a set of the most likely future outcomes because the set may only contain perturbations of a dominating single outcome (major mode). While generative models such as variational autoencoders (VAEs) have been shown to be a powerful tool for learning a distribution over future trajectories, randomly drawn samples from the learned implicit likelihood model may not be diverse -- the likelihood model is derived from the training data distribution and the samples will concentrate around the major mode of the data. In this work, we propose to learn a diversity sampling function (DSF) that generates a diverse yet likely set of future trajectories. The DSF maps forecasting context features to a set of latent codes which can be decoded by a generative model (e.g., VAE) into a set of diverse trajectory samples. Concretely, the process of identifying the diverse set of samples is posed as DSF parameter estimation. To learn the parameters of the DSF, the diversity of the trajectory samples is evaluated by a diversity loss based on a determinantal point process (DPP). Gradient descent is performed over the DSF parameters, which in turn moves the latent codes of the sample set to find an optimal set of diverse yet likely trajectories. Our method is a novel application of DPPs to optimize a set of items (forecasted trajectories) in continuous space. We demonstrate the diversity of the trajectories produced by our approach on both low-dimensional 2D trajectory data and high-dimensional human motion data.",None
https://openreview.net/forum?id=ryeG924twB,Learning Expensive Coordination: An Event-Based Deep RL Approach,Multi-Agent Deep Reinforcement Learning; Deep Reinforcement Learning; Leader–Follower Markov Game; Expensive Coordination,We propose an event-based policy gradient  to train the leader and an action abstraction policy gradient to train the followers in leader-follower Markov game.,"Existing works in deep Multi-Agent Reinforcement Learning (MARL) mainly focus on coordinating cooperative agents to complete certain tasks jointly. However, in many cases of the real world, agents are self-interested such as employees in a company and clubs in a league. Therefore, the leader, i.e., the manager of the company or the league, needs to provide bonuses to followers for efficient coordination, which we call expensive coordination. The main difficulties of expensive coordination are that i) the leader has to consider the long-term effect and predict the followers' behaviors when assigning bonuses and ii) the complex interactions between followers make the training process hard to converge, especially when the leader's policy changes with time. In this work, we address this problem through an event-based deep RL approach. Our main contributions are threefold. (1) We model the leader's decision-making process as a semi-Markov Decision Process and propose a novel multi-agent event-based policy gradient to learn the leader's long-term policy. (2) We exploit the leader-follower consistency scheme to design a follower-aware module and a follower-specific attention module to predict the followers' behaviors and make accurate response to their behaviors. (3) We propose an action abstraction-based policy gradient algorithm to reduce the followers' decision space and thus accelerate the training process of followers. Experiments in resource collections, navigation, and the predator-prey game reveal that our approach outperforms the state-of-the-art methods dramatically.",None
https://openreview.net/forum?id=r1ecqn4YwB,N-BEATS: Neural basis expansion analysis for interpretable time series forecasting,time series forecasting; deep learning,A novel deep interpretable architecture that achieves state of the art on three large scale univariate time series forecasting datasets,"We focus on solving the univariate times series point forecasting problem using deep learning. We propose a deep neural architecture based on backward and forward residual links and a very deep stack of fully-connected layers. The architecture has a number of desirable properties, being interpretable, applicable without modification to a wide array of target domains, and fast to train. We test the proposed architecture on several well-known datasets, including M3, M4 and TOURISM competition datasets containing time series from diverse domains. We demonstrate state-of-the-art performance for two configurations of N-BEATS for all the datasets, improving forecast accuracy by 11% over a statistical benchmark and by 3% over last year's winner of the M4 competition, a domain-adjusted hand-crafted hybrid between neural network and statistical time series models. The first configuration of our model does not employ any time-series-specific components and its performance on heterogeneous datasets strongly suggests that, contrarily to received wisdom, deep learning primitives such as residual blocks are by themselves sufficient to solve a wide range of forecasting problems. Finally, we demonstrate how the proposed architecture can be augmented to provide outputs that are interpretable without considerable loss in accuracy.",None
https://openreview.net/forum?id=BJeS62EtwH,Knowledge Consistency between Neural Networks and Beyond,Deep Learning; Interpretability; Convolutional Neural Networks,None,"This paper aims to analyze knowledge consistency between pre-trained deep neural networks. We propose a generic definition for knowledge consistency between neural networks at different fuzziness levels. A task-agnostic method is designed to disentangle feature components, which represent the consistent knowledge, from raw intermediate-layer features of each neural network. As a generic tool, our method can be broadly used for different applications. In preliminary experiments, we have used knowledge consistency as a tool to diagnose representations of neural networks. Knowledge consistency provides new insights to explain the success of existing deep-learning techniques, such as knowledge distillation and network compression. More crucially, knowledge consistency can also be used to refine pre-trained networks and boost performance.",None
https://openreview.net/forum?id=rkeJRhNYDH,TabFact: A Large-scale Dataset for Table-based Fact Verification,Fact Verification; Tabular Data; Symbolic Reasoning,We propose a new dataset to investigate the entailment problem under semi-structured table as premise,"The problem of verifying whether a textual hypothesis holds based on the given evidence, also known as fact verification, plays an important role in the study of natural language understanding and semantic representation. However, existing studies are mainly restricted to dealing with unstructured evidence (e.g., natural language sentences and documents, news, etc), while verification under structured evidence, such as tables, graphs, and databases, remains unexplored. This paper specifically aims to study the fact verification given semi-structured data as evidence. To this end, we construct a large-scale dataset called TabFact with 16k Wikipedia tables as the evidence for 118k human-annotated natural language statements, which are labeled as either ENTAILED or REFUTED. TabFact is challenging since it involves both soft linguistic reasoning and hard symbolic reasoning. To address these reasoning challenges, we design two different models: Table-BERT and Latent Program Algorithm (LPA). Table-BERT leverages the state-of-the-art pre-trained language model to encode the linearized tables and statements into continuous vectors for verification. LPA parses statements into LISP-like programs and executes them against the tables to obtain the returned binary value for verification. Both methods achieve similar accuracy but still lag far behind human performance. We also perform a comprehensive analysis to demonstrate great future opportunities.",None
https://openreview.net/forum?id=H1xPR3NtPB,Are Pre-trained Language Models Aware of Phrases? Simple but Strong Baselines for Grammar Induction,None,None,"With the recent success and popularity of pre-trained language models (LMs) in natural language processing, there has been a rise in efforts to understand their inner workings. 
In line with such interest, we propose a novel method that assists us in investigating the extent to which pre-trained LMs capture the syntactic notion of constituency. 
Our method provides an effective way of extracting constituency trees from the pre-trained LMs without training. 
In addition, we report intriguing findings in the induced trees, including the fact that pre-trained LMs outperform other approaches in correctly demarcating adverb phrases in sentences.",None
https://openreview.net/forum?id=rkeuAhVKvB,Dynamically Pruned Message Passing Networks for Large-scale Knowledge Graph Reasoning,knowledge graph reasoning; graph neural networks; attention mechanism,"We propose to learn an input-dependent subgraph, dynamically and selectively expanded, to explicitly model a sequential reasoning process.","We propose Dynamically Pruned Message Passing Networks (DPMPN) for large-scale knowledge graph reasoning. In contrast to existing models, embedding-based or path-based, we learn an input-dependent subgraph to explicitly model a sequential reasoning process. Each subgraph is dynamically constructed, expanding itself selectively under a flow-style attention mechanism. In this way, we can not only construct graphical explanations to interpret prediction, but also prune message passing in Graph Neural Networks (GNNs) to scale with the size of graphs. We take the inspiration from the consciousness prior proposed by Bengio to design a two-GNN framework to encode global input-invariant graph-structured representation and learn local input-dependent one coordinated by an attention module. Experiments show the reasoning capability in our model that is providing a clear graphical explanation as well as predicting results accurately, outperforming most state-of-the-art methods in knowledge base completion tasks.",None
https://openreview.net/forum?id=SygcCnNKwr,Measuring Compositional Generalization: A Comprehensive Method on Realistic Data,compositionality; generalization; natural language understanding; benchmark; compositional generalization; compositional modeling; semantic parsing; generalization measurement,Benchmark and method to measure compositional generalization by maximizing divergence of compound frequency at small divergence of atom frequency.,"State-of-the-art machine learning methods exhibit limited compositional generalization. At the same time, there is a lack of realistic benchmarks that comprehensively measure this ability, which makes it challenging to find and evaluate improvements. We introduce a novel method to systematically construct such benchmarks by maximizing compound divergence while guaranteeing a small atom divergence between train and test sets, and we quantitatively compare this method to other approaches for creating compositional generalization benchmarks. We present a large and realistic natural language question answering dataset that is constructed according to this method, and we use it to analyze the compositional generalization ability of three machine learning architectures. We find that they fail to generalize compositionally and that there is a surprisingly strong negative correlation between compound divergence and accuracy. We also demonstrate how our method can be used to create new compositionality benchmarks on top of the existing SCAN dataset, which confirms these findings.",None
https://openreview.net/forum?id=rylJkpEtwS,Learning the Arrow of Time for Problems in Reinforcement Learning,Arrow of Time; Reinforcement Learning; AI-Safety,"We learn the arrow of time for MDPs and use it to measure reachability, detect side-effects and obtain a curiosity reward signal.","We humans have an innate understanding of the asymmetric progression of time, which we use to efficiently and safely perceive and manipulate our environment. Drawing inspiration from that, we approach the problem of learning an arrow of time in a Markov (Decision) Process. We illustrate how a learned arrow of time can capture salient information about the environment, which in turn can be used to measure reachability, detect side-effects and to obtain an intrinsic reward signal. Finally, we propose a simple yet effective algorithm to parameterize the problem at hand and learn an arrow of time with a function approximator (here, a deep neural network). Our empirical results span a selection of discrete and continuous environments, and demonstrate for a class of stochastic processes that the learned arrow of time agrees reasonably well with a well known notion of an arrow of time due to Jordan, Kinderlehrer and Otto (1998).",None
https://openreview.net/forum?id=ryxgJTEYDr,Reinforcement Learning with Competitive  Ensembles of Information-Constrained Primitives,Reinforcement Learning; Variational Information Bottleneck; Learning primitives,"Learning an implicit master policy, as a master policy in HRL can fail to generalize.","Reinforcement learning agents that operate in diverse and complex environments can benefit from the structured decomposition of their behavior. Often, this is addressed in the context of hierarchical reinforcement learning, where the aim is to decompose a policy into lower-level primitives or options, and a higher-level meta-policy that triggers the appropriate behaviors for a given situation. However, the meta-policy must still produce appropriate decisions in all states.
In this work, we propose a policy design that decomposes into primitives, similarly to hierarchical reinforcement learning, but without a high-level meta-policy. Instead, each primitive can decide for themselves whether they wish to act in the current state.
We use an information-theoretic mechanism for enabling this decentralized decision: each primitive chooses how much information it needs about the current state to make a decision and the primitive that requests the most information about the current state acts in the world. The primitives are regularized to use as little information as possible, which leads to natural competition and specialization. We experimentally demonstrate that this policy architecture improves over both flat and hierarchical policies in terms of generalization.",None
https://openreview.net/forum?id=rJl31TNYPr,Fooling Detection Alone is Not Enough: Adversarial Attack against Multiple Object Tracking,Adversarial examples; object detection; object tracking; security; autonomous vehicle; deep learning,We study the adversarial machine learning attacks against the Multiple Object Tracking mechanisms for the first time.,"Recent work in adversarial machine learning started to focus on the visual perception in autonomous driving and studied Adversarial Examples (AEs) for object detection models. However, in such visual perception pipeline the detected objects must also be tracked, in a process called Multiple Object Tracking (MOT), to build the moving trajectories of surrounding obstacles. Since MOT is designed to be robust against errors in object detection, it poses a general challenge to existing attack techniques that blindly target objection detection: we find that a success rate of over 98% is needed for them to actually affect the tracking results, a requirement that no existing attack technique can satisfy. In this paper, we are the first to study adversarial machine learning attacks against the complete visual perception pipeline in autonomous driving, and discover a novel attack technique, tracker hijacking, that can effectively fool MOT using AEs on object detection. Using our technique, successful AEs on as few as one single frame can move an existing object in to or out of the headway of an autonomous vehicle to cause potential safety hazards. We perform evaluation using the Berkeley Deep Drive dataset and find that on average when 3 frames are attacked, our attack can have a nearly 100% success rate while attacks that blindly target object detection only have up to 25%.",None
https://openreview.net/forum?id=rklOg6EFwS,Improving Adversarial Robustness Requires Revisiting Misclassified Examples,Robustness; Adversarial Defense; Adversarial Training,"By differentiating misclassified and correctly classified data, we propose a new misclassification aware defense that improves the state-of-the-art adversarial robustness.","Deep neural networks (DNNs) are vulnerable to adversarial examples crafted by imperceptible perturbations. A range of defense techniques have been proposed to improve DNN robustness to adversarial examples, among which adversarial training has been demonstrated to be the most effective. Adversarial training is often formulated as a min-max optimization problem, with the inner maximization for generating adversarial examples. However, there exists a simple, yet easily overlooked fact that adversarial examples are only defined on correctly classified (natural) examples, but inevitably, some (natural) examples will be misclassified during training. In this paper, we investigate the distinctive influence of misclassified and correctly classified examples on the final robustness of adversarial training. Specifically, we find that misclassified examples indeed have a significant impact on the final robustness. More surprisingly, we find that different maximization techniques on misclassified examples may have a negligible influence on the final robustness, while different minimization techniques are crucial. Motivated by the above discovery, we propose a new defense algorithm called {\em Misclassification Aware adveRsarial Training} (MART), which explicitly differentiates the misclassified and correctly classified examples during the training. We also propose a semi-supervised extension of MART, which can leverage the unlabeled data to further improve the robustness. Experimental results show that MART and its variant could significantly improve the state-of-the-art adversarial robustness.",None
https://openreview.net/forum?id=BJg1f6EFDB,On Identifiability in Transformers,Self-attention; interpretability; identifiability; BERT; Transformer; NLP; explanation; gradient attribution,We investigate the identifiability and interpretability of attention distributions and tokens within contextual embeddings in the self-attention based BERT model.,"In this paper we delve deep in the Transformer architecture by investigating two of its core components: self-attention and contextual embeddings. In particular, we study the identifiability of attention weights and token embeddings, and the aggregation of context into hidden tokens. We show that, for sequences longer than the attention head dimension, attention weights are not identifiable. We propose effective attention as a complementary tool for improving explanatory interpretations based on attention. Furthermore, we show that input tokens retain to a large degree their identity across the model. We also find evidence suggesting that identity information is mainly encoded in the angle of the embeddings and gradually decreases with depth. Finally, we demonstrate strong mixing of input information in the generation of contextual embeddings by means of a novel quantification method based on gradient attribution. Overall, we show that self-attention distributions are not directly interpretable and present tools to better understand and further investigate Transformer models.",None
https://openreview.net/forum?id=H1exf64KwH,Exploring Model-based Planning with Policy Networks,reinforcement learning; model-based reinforcement learning; planning,how to achieve state-of-the-art performance by combining policy network in model-based planning,"Model-based reinforcement learning (MBRL) with model-predictive control or
online planning has shown great potential for locomotion control tasks in both
sample efficiency and asymptotic performance. Despite the successes, the existing
planning methods search from candidate sequences randomly generated in the
action space, which is inefficient in complex high-dimensional environments. In
this paper, we propose a novel MBRL algorithm, model-based policy planning
(POPLIN), that combines policy networks with online planning. More specifically,
we formulate action planning at each time-step as an optimization problem using
neural networks. We experiment with both optimization w.r.t. the action sequences
initialized from the policy network, and also online optimization directly w.r.t. the
parameters of the policy network. We show that POPLIN obtains state-of-the-art
performance in the MuJoCo benchmarking environments, being about 3x more
sample efficient than the state-of-the-art algorithms, such as PETS, TD3 and SAC.
To explain the effectiveness of our algorithm, we show that the optimization surface
in parameter space is smoother than in action space. Further more, we found the
distilled policy network can be effectively applied without the expansive model
predictive control during test time for some environments such as Cheetah. Code
is released.",None
https://openreview.net/forum?id=BJlzm64tDH,Pretrained Encyclopedia: Weakly Supervised Knowledge-Pretrained Language Model,None,None,"Recent breakthroughs of pretrained language models have shown the effectiveness of self-supervised learning for a wide range of natural language processing (NLP) tasks. In addition to standard syntactic and semantic NLP tasks, pretrained models achieve strong improvements on tasks that involve real-world knowledge, suggesting that large-scale language modeling could be an implicit method to capture knowledge. In this work, we further investigate the extent to which pretrained models such as BERT capture knowledge using a zero-shot fact completion task. Moreover, we propose a simple yet effective weakly supervised pretraining objective, which explicitly forces the model to incorporate knowledge about real-world entities. Models trained with our new objective yield significant improvements on the fact completion task. When applied to downstream tasks, our model consistently outperforms BERT on four entity-related question answering datasets (i.e., WebQuestions, TriviaQA, SearchQA and Quasar-T) with an average 2.7 F1 improvements and a standard fine-grained entity typing dataset (i.e., FIGER) with 5.7 accuracy gains.",None
https://openreview.net/forum?id=rklB76EKPr,Can gradient clipping mitigate label noise?,None,"Gradient clipping doesn't endow robustness to label noise, but a simple loss-based variant does.","Gradient clipping is a widely-used technique in the training of deep networks, and is generally motivated from an optimisation lens: informally, it controls the dynamics of iterates, thus enhancing the rate of convergence to a local minimum. This intuition has been made precise in a line of recent works, which show that suitable clipping  can yield significantly faster convergence than vanilla gradient descent. In this paper, we propose a new lens for studying gradient clipping, namely, robustness: informally, one expects clipping to provide robustness to noise, since one does not overly trust any single sample. Surprisingly, we prove that  for the common problem of label noise in classification, standard gradient clipping does not in general provide robustness. On the other hand, we show that  a simple variant of gradient clipping is provably robust, and corresponds to suitably modifying the underlying loss function. This yields a simple, noise-robust alternative to the standard cross-entropy loss which performs well empirically.",None
https://openreview.net/forum?id=Skgy464Kvr,Detecting and Diagnosing Adversarial Images with Class-Conditional Capsule Reconstructions,Adversarial Examples; Detection of adversarial attacks,None,"Adversarial examples raise questions about whether neural network models are sensitive to the same visual features as humans. In this paper, we first detect adversarial examples or otherwise corrupted images based on a class-conditional reconstruction of the input. To specifically attack our detection mechanism, we propose the Reconstructive Attack which seeks both to cause a misclassification and a low reconstruction error. This reconstructive attack produces undetected adversarial examples but with much smaller success rate. Among all these attacks, we find that CapsNets always perform better than convolutional networks. Then, we diagnose the adversarial examples for CapsNets and find that the success of the reconstructive attack is highly related to the visual similarity between the source and target class. Additionally, the resulting perturbations can cause the input image to appear visually more like the target class and hence become non-adversarial. This suggests that CapsNets use features that are more aligned with human perception and have the potential to address the central issue raised by adversarial examples.",None
https://openreview.net/forum?id=r1lL4a4tDB,Variational Recurrent Models for Solving Partially Observable Control Tasks,Reinforcement Learning; Deep Learning; Variational Inference; Recurrent Neural Network; Partially Observable; Robotic Control; Continuous Control,A deep RL algorithm for solving POMDPs by auto-encoding the underlying states using a variational recurrent model,"In partially observable (PO) environments, deep reinforcement learning (RL) agents often suffer from unsatisfactory performance, since two problems need to be tackled together: how to extract information from the raw observations to solve the task, and how to improve the policy. In this study, we propose an RL algorithm for solving PO tasks. Our method comprises two parts: a variational recurrent model (VRM) for modeling the environment, and an RL controller that has access to both the environment and the VRM. The proposed algorithm was tested in two types of PO robotic control tasks, those in which either coordinates or velocities were not observable and those that require long-term memorization. Our experiments show that the proposed algorithm achieved better data efficiency and/or learned more optimal policy than other alternative approaches in tasks in which unobserved states cannot be inferred from raw observations in a simple manner.",None
https://openreview.net/forum?id=SJxhNTNYwB,Black-Box Adversarial Attack with Transferable Model-based Embedding,adversarial examples; black-box attack; embedding,"We present a new method that combines transfer-based and scored black-box adversarial attack, improving the success rate and query efficiency of black-box adversarial attack across different network architectures.","We present a new method for black-box adversarial attack. Unlike previous methods that combined transfer-based and scored-based methods by using the gradient or initialization of a surrogate white-box model, this new method tries to learn a low-dimensional embedding using a pretrained model, and then performs efficient search within the embedding space to attack an unknown target network. The method produces adversarial perturbations with high level semantic patterns that are easily transferable. We show that this approach can greatly improve the query efficiency of black-box adversarial attack across different target network architectures. We evaluate our approach on MNIST, ImageNet and Google Cloud Vision API, resulting in a significant reduction on the number of queries. We also attack adversarially defended networks on CIFAR10 and ImageNet, where our method not only reduces the number of queries, but also improves the attack success rate.",None
https://openreview.net/forum?id=HkgaETNtDB,Mixout: Effective Regularization to Finetune Large-scale Pretrained Language Models,regularization; finetuning; dropout; dropconnect; adaptive L2-penalty; BERT; pretrained language model,None,"In natural language processing, it has been observed recently that generalization could be greatly improved by finetuning a large-scale language model pretrained on a large unlabeled corpus. Despite its recent success and wide adoption, finetuning a large pretrained language model on a downstream task is prone to degenerate performance when there are only a small number of training instances available. In this paper, we introduce a new regularization technique, to which we refer as “mixout”, motivated by dropout. Mixout stochastically mixes the parameters of two models. We show that our mixout technique regularizes learning to minimize the deviation from one of the two models and that the strength of regularization adapts along the optimization trajectory. We empirically evaluate the proposed mixout and its variants on finetuning a pretrained language model on downstream tasks. More specifically, we demonstrate that the stability of finetuning and the average accuracy greatly increase when we use the proposed approach to regularize finetuning of BERT on downstream tasks in GLUE.",None
https://openreview.net/forum?id=BygSP6Vtvr,Ensemble Distribution Distillation,Ensemble Distillation; Knowledge Distillation; Uncertainty Estimation; Density Estimation,"We distill an ensemble of models into a single model, capturing both the improved classification performance and information about the diversity of the ensemble, which is useful for uncertainty estimation.","Ensembles of models often yield improvements in system performance. These ensemble approaches have also been empirically shown to yield robust measures of uncertainty, and are capable of distinguishing between different forms of uncertainty. However, ensembles come at a computational and memory cost which may be prohibitive for many applications. There has been significant work done on the distillation of an ensemble into a single model. Such approaches decrease computational cost and allow a single model to achieve an accuracy comparable to that of an ensemble. However, information about the diversity of the ensemble, which can yield estimates of different forms of uncertainty, is lost. This work considers the novel task of Ensemble Distribution Distillation (EnD^2) - distilling the distribution of the predictions from an ensemble, rather than just the average prediction, into a single model. EnD^2 enables a single model to retain both the improved classification performance of ensemble distillation as well as information about the diversity of the ensemble, which is useful for uncertainty estimation. A solution for EnD^2 based on Prior Networks, a class of models which allow a single neural network to explicitly model a distribution over output distributions, is proposed in this work. The properties of EnD^2 are investigated on both an artificial dataset, and on the CIFAR-10, CIFAR-100 and TinyImageNet datasets, where it is shown that EnD^2 can approach the classification performance of an ensemble, and outperforms both standard DNNs and Ensemble Distillation on the tasks of misclassification and out-of-distribution input detection.",None
https://openreview.net/forum?id=HygsuaNFwr,Order Learning and Its Application to Age Estimation,Order learning; age estimation; aesthetic assessment,The notion of order learning is proposed and it is applied to regression problems in computer vision,"We propose order learning to determine the order graph of classes, representing ranks or priorities, and classify an object instance into one of the classes. To this end, we design a pairwise comparator to categorize the relationship between two instances into one of three cases: one instance is `greater than,' `similar to,' or `smaller than' the other. Then, by comparing an input instance with reference instances and maximizing the consistency among the comparison results, the class of the input can be estimated reliably. We apply order learning to develop a facial age estimator, which provides the state-of-the-art performance. Moreover, the performance is further improved when the order graph is divided into disjoint chains using gender and ethnic group information or even in an unsupervised manner.",None
https://openreview.net/forum?id=HJgJtT4tvB,ReClor: A Reading Comprehension Dataset Requiring Logical Reasoning,reading comprehension; logical reasoning; natural language processing,"We introduce ReClor, a reading comprehension dataset requiring logical reasoning, and find that current state-of-the-art models struggle with real logical reasoning with poor performance near that of random guess.","Recent powerful pre-trained language models have achieved remarkable performance on most of the popular datasets for reading comprehension. It is time to introduce more challenging datasets to push the development of this field towards more comprehensive reasoning of text. In this paper, we introduce a new Reading Comprehension dataset requiring logical reasoning (ReClor) extracted from standardized graduate admission examinations. As earlier studies suggest, human-annotated datasets usually contain biases, which are often exploited by models to achieve high accuracy without truly understanding the text. In order to comprehensively evaluate the logical reasoning ability of models on ReClor, we propose to identify biased data points and separate them into EASY set while the rest as HARD set. Empirical results show that state-of-the-art models have an outstanding ability to capture biases contained in the dataset with high accuracy on EASY set. However, they struggle on HARD set with poor performance near that of random guess, indicating more research is needed to essentially enhance the logical reasoning ability of current models.",None
https://openreview.net/forum?id=S1g7tpEYDS,From Variational to Deterministic Autoencoders,Unsupervised learning; Generative Models; Variational Autoencoders; Regularization,"Deterministic regularized autoencoders can learn a smooth, meaningful latent space as VAEs without having to force some arbitrarily chosen prior (i.e., Gaussian).","Variational Autoencoders (VAEs) provide a theoretically-backed and popular framework for deep generative models. However, learning a VAE from data poses still unanswered theoretical questions and considerable practical challenges. In this work, we propose an alternative framework for generative modeling that is simpler, easier to train, and deterministic, yet has many of the advantages of the VAE. We observe that sampling a stochastic encoder in a Gaussian VAE can be interpreted as simply injecting noise into the input of a deterministic decoder. We investigate how substituting this kind of stochasticity, with other explicit and implicit regularization schemes, can lead to an equally smooth and meaningful latent space without having to force it to conform to an arbitrarily chosen prior. To retrieve a generative mechanism to sample new data points, we introduce an ex-post density estimation step that can be readily applied to the proposed framework as well as existing VAEs, improving their sample quality. We show, in a rigorous empirical study, that the proposed regularized deterministic autoencoders are able to generate samples that are comparable to, or better than, those of VAEs and more powerful alternatives when applied to images as well as to structured data such as molecules.",None
https://openreview.net/forum?id=HygDF6NFPB,A Fair Comparison of Graph Neural Networks for Graph Classification,graph neural networks; graph classification; reproducibility; graph representation learning,We provide a rigorous comparison of different Graph Neural Networks for graph classification.,"Experimental reproducibility and replicability are critical topics in machine learning. Authors have often raised concerns about their lack in scientific publications to improve the quality of the field. Recently, the graph representation learning field has attracted the attention of a wide research community, which resulted in a large stream of works.
As such, several Graph Neural Network models have been developed to effectively tackle graph classification. However, experimental procedures often lack rigorousness and are hardly reproducible. Motivated by this, we provide an overview of common practices that should be avoided to fairly compare with the state of the art. To counter this troubling trend, we ran more than 47000 experiments in a controlled and uniform framework to re-evaluate five popular models across nine common benchmarks. Moreover, by comparing GNNs with structure-agnostic baselines we provide convincing evidence that, on some datasets, structural information has not been exploited yet. We believe that this work can contribute to the development of the graph learning field, by providing a much needed grounding for rigorous evaluations of graph classification models.",None
https://openreview.net/forum?id=rylnK6VtDH,Multiplicative Interactions and Where to Find Them,multiplicative interactions; hypernetworks; attention,"We explore the role of multiplicative interaction as a unifying framework to describe a range of classical and modern neural network architectural motifs, such as gating, attention layers, hypernetworks, and dynamic convolutions amongst others.","We explore the role of multiplicative interaction as a unifying framework to describe a range of classical and modern neural network architectural motifs, such as gating, attention layers, hypernetworks, and dynamic convolutions amongst others.
Multiplicative interaction layers as primitive operations have a long-established presence in the literature, though this often not emphasized and thus under-appreciated. We begin by showing that such layers strictly enrich the representable function classes of neural networks. We conjecture that multiplicative interactions offer a particularly powerful inductive bias when fusing multiple streams of information or when conditional computation is required. We therefore argue that they should be considered in many situation where multiple compute or information paths need to be combined, in place of the simple and oft-used concatenation operation. Finally, we back up our claims and demonstrate the potential of multiplicative interactions by applying them in large-scale complex RL and sequence modelling tasks, where their use allows us to deliver state-of-the-art results, and thereby provides new evidence in support of multiplicative interactions playing a more prominent role when designing new neural network architectures.",None
https://openreview.net/forum?id=HJxK5pEYvr,Tree-Structured Attention with Hierarchical Accumulation,Tree; Constituency Tree; Hierarchical Accumulation; Machine Translation; NMT; WMT; IWSLT; Text Classification; Sentiment Analysis,None,"Incorporating hierarchical structures like constituency trees has been shown to be effective for various natural language processing (NLP) tasks. However, it is evident that state-of-the-art (SOTA) sequence-based models like the Transformer struggle to encode such structures inherently. On the other hand, dedicated models like the Tree-LSTM, while explicitly modeling hierarchical structures, do not perform as efficiently as the Transformer. In this paper, we attempt to bridge this gap with Hierarchical Accumulation to encode parse tree structures into self-attention at constant time complexity. Our approach outperforms SOTA methods in four IWSLT translation tasks and the WMT'14 English-German task. It also yields improvements over Transformer and Tree-LSTM on three text classification tasks. We further demonstrate that using hierarchical priors can compensate for data shortage, and that our model prefers phrase-level attentions over token-level attentions.",None
https://openreview.net/forum?id=H1lhqpEYPr,Actor-Critic Provably Finds Nash Equilibria of Linear-Quadratic Mean-Field Games,None,Actor-Critic method with function approximation finds the Nash equilibrium pairs in mean-field games with theoretical guarantee.,"We study discrete-time mean-field Markov games with infinite numbers of agents where each agent aims to minimize its ergodic cost. We consider the setting where the agents have identical linear state transitions and quadratic cost func- tions, while the aggregated effect of the agents is captured by the population mean of their states, namely, the mean-field state. For such a game, based on the Nash certainty equivalence principle, we provide sufficient conditions for the existence and uniqueness of its Nash equilibrium. Moreover, to find the Nash equilibrium, we propose a mean-field actor-critic algorithm with linear function approxima- tion, which does not require knowing the model of dynamics. Specifically, at each iteration of our algorithm, we use the single-agent actor-critic algorithm to approximately obtain the optimal policy of the each agent given the current mean- field state, and then update the mean-field state. In particular, we prove that our algorithm converges to the Nash equilibrium at a linear rate. To the best of our knowledge, this is the first success of applying model-free reinforcement learn- ing with function approximation to discrete-time mean-field Markov games with provable non-asymptotic global convergence guarantees.",None
https://openreview.net/forum?id=SJx-j64FDr,In Search for a SAT-friendly Binarized Neural Network Architecture,verification; Boolean satisfiability; Binarized Neural Networks,Formal analysis of  Binarized Neural Networks,"Analyzing the behavior of neural networks is  one of the most pressing challenges in deep learning.  Binarized Neural Networks are an important class of networks that allow equivalent representation in Boolean logic and can be analyzed formally with logic-based reasoning tools like SAT solvers. Such tools can be used to answer existential and probabilistic queries about the network, perform explanation generation, etc. However, the main bottleneck for all methods is their ability to reason about large BNNs efficiently. In this work, we analyze architectural design choices of BNNs and discuss how they affect the performance of logic-based reasoners. We propose changes to the BNN architecture and the training procedure to get a simpler network for SAT solvers without sacrificing accuracy on the primary task. Our experimental results demonstrate that our approach scales to larger deep neural networks compared to existing work for existential and probabilistic queries, leading to significant speed ups on all tested datasets.",None
https://openreview.net/forum?id=HkgB2TNYPS,A Theoretical Analysis of the Number of Shots in Few-Shot Learning,Few shot learning; Meta Learning; Performance Bounds,The paper analyzes the effect of shot number on prototypical networks and proposes a robust method when the shot number differs from meta-training to meta-testing time.,"Few-shot classification is the task of predicting the category of an example from a set of few labeled examples. The number of labeled examples per category is called the number of shots (or shot number). Recent works tackle this task through meta-learning, where a meta-learner extracts information from observed tasks during meta-training to quickly adapt to new tasks during meta-testing. In this formulation, the number of shots exploited during meta-training has an impact on the recognition performance at meta-test time. Generally, the shot number used in meta-training should match the one used in meta-testing to obtain the best performance. We introduce a theoretical analysis of the impact of the shot number on Prototypical Networks, a state-of-the-art few-shot classification method. From our analysis, we propose a simple method that is robust to the choice of shot number used during meta-training, which is a crucial hyperparameter. The performance of our model trained for an arbitrary meta-training shot number shows great performance for different values of meta-testing shot numbers. We experimentally demonstrate our approach on different few-shot classification benchmarks.",None
https://openreview.net/forum?id=BkxfaTVFwH,GENESIS: Generative Scene Inference and Sampling with Object-Centric Latent Representations,Generative modelling; object-centric representations; scene generation; variational inference,We present the first object-centric generative model of 3D visual scenes capable of both decomposing and generating scenes.,"Generative latent-variable models are emerging as promising tools in robotics and reinforcement learning. Yet, even though tasks in these domains typically involve distinct objects, most state-of-the-art generative models do not explicitly capture the compositional nature of visual scenes. Two recent exceptions, MONet and IODINE, decompose scenes into objects in an unsupervised fashion. Their underlying generative processes, however, do not account for component interactions. Hence, neither of them allows for principled sampling of novel scenes. Here we present GENESIS, the first  object-centric generative model of 3D visual scenes capable of both decomposing and generating scenes by capturing relationships between scene components. GENESIS parameterises a spatial GMM over images which is decoded from a set of object-centric latent variables that are either inferred sequentially in an amortised fashion or sampled from an autoregressive prior. We train GENESIS on several publicly available datasets and evaluate its performance on scene generation, decomposition, and semi-supervised learning.",None
https://openreview.net/forum?id=rkgO66VKDS,LEARNED STEP SIZE QUANTIZATION,deep learning; low precision; classification; quantization,A method for learning quantization configuration for low precision networks that achieves state of the art performance for quantized networks.,"Deep networks run with low precision operations at inference time offer power and space advantages over high precision alternatives, but need to overcome the challenge of maintaining high accuracy as precision decreases. Here, we present a method for training such networks, Learned Step Size Quantization, that achieves the highest accuracy to date on the ImageNet dataset when using models, from a variety of architectures, with weights and activations quantized to 2-, 3- or 4-bits of precision, and that can train 3-bit models that reach full precision baseline accuracy. Our approach builds upon existing methods for learning weights in quantized networks by improving how the quantizer itself is configured. Specifically, we introduce a novel means to estimate and scale the task loss gradient at each weight and activation layer's quantizer step size, such that it can be learned in conjunction with other network parameters. This approach works using different levels of precision as needed for a given system and requires only a simple modification of existing training code.",None
https://openreview.net/forum?id=SygW0TEFwH,Sign Bits Are All You Need for Black-Box Attacks,Black-box adversarial attack models; Deep Nets; Adversarial Examples; Black-Box Optimization; Zeroth-Order Optimization,"We present a sign-based, rather than magnitude-based, gradient estimation approach that shifts gradient estimation from continuous to binary black-box optimization.","We present a novel black-box adversarial attack algorithm with state-of-the-art model evasion rates for query efficiency under $\ell_\infty$ and $\ell_2$ metrics. It exploits a \textit{sign-based}, rather than magnitude-based, gradient estimation approach that shifts the gradient estimation from continuous to binary black-box optimization. It adaptively constructs queries to estimate the gradient, one query relying upon the previous, rather than re-estimating the gradient each step with random query construction. Its reliance on sign bits yields  a smaller memory footprint and it requires neither hyperparameter tuning or dimensionality reduction. Further, its theoretical performance is guaranteed and it can characterize  adversarial subspaces better than white-box gradient-aligned subspaces. On two public black-box attack challenges and a model robustly trained against transfer attacks, the algorithm's evasion rates surpass all submitted attacks. For a suite of published models,  the algorithm is $3.8\times$ less failure-prone while spending $2.5\times$  fewer queries versus the best combination of state of art algorithms. For example, it evades a standard MNIST model using just $12$ queries on average. Similar performance is observed on a standard IMAGENET model with an average of $579$ queries.",None
https://openreview.net/forum?id=rJeqeCEtvH,Semi-Supervised Generative Modeling for Controllable Speech Synthesis,TTS; Speech Synthesis; Semi-supervised Models; VAE; disentanglement,None,"We present a novel generative model that combines state-of-the-art neural text- to-speech (TTS) with semi-supervised probabilistic latent variable models. By providing partial supervision to some of the latent variables, we are able to force them to take on consistent and interpretable purposes, which previously hasn’t been possible with purely unsupervised methods. We demonstrate that our model is able to reliably discover and control important but rarely labelled attributes of speech, such as affect and speaking rate, with as little as 1% (30 minutes) supervision. Even at such low supervision levels we do not observe a degradation of synthesis quality compared to a state-of-the-art baseline. We will release audio samples at https://google.github.io/tacotron/publications/semisupervised_generative_modeling_for_controllable_speech_synthesis/.",None
https://openreview.net/forum?id=HkgxW0EYDS,Scalable Model Compression by Entropy Penalized Reparameterization,deep learning; model compression; computer vision; information theory,An end-to-end trainable model compression method optimizing accuracy jointly with the expected model size.,"We describe a simple and general neural network weight compression approach, in which the network parameters (weights and biases) are represented in a “latent” space, amounting to a reparameterization. This space is equipped with a learned probability model, which is used to impose an entropy penalty on the parameter representation during training, and to compress the representation using a simple arithmetic coder after training. Classification accuracy and model compressibility is maximized jointly, with the bitrate–accuracy trade-off specified by a hyperparameter. We evaluate the method on the MNIST, CIFAR-10 and ImageNet classification benchmarks using six distinct model architectures. Our results show that state-of-the-art model compression can be achieved in a scalable and general way without requiring complex procedures such as multi-stage training.",None
https://openreview.net/forum?id=Bkl7bREtDr,AMRL: Aggregated Memory For Reinforcement Learning,deep learning; reinforcement learning; rl; memory; noise; machine learning,"In Deep RL, order-invariant functions can be used in conjunction with standard memory modules to improve gradient decay and resilience to noise.","In many partially observable scenarios, Reinforcement Learning (RL) agents must rely on long-term memory in order to learn an optimal policy. We demonstrate that using techniques from NLP and supervised learning fails at RL tasks due to stochasticity from the environment and from exploration. Utilizing our insights on the limitations of traditional memory methods in RL, we propose AMRL, a class of models that can learn better policies with greater sample efficiency and are resilient to noisy inputs. Specifically, our models use a standard memory module to summarize short-term context, and then aggregate all prior states from the standard model without respect to order. We show that this provides advantages both in terms of gradient decay and signal-to-noise ratio over time. Evaluating in Minecraft and maze environments that test long-term memory, we find that our model improves average return by 19% over a baseline that has the same number of parameters and by 9% over a stronger baseline that has far more parameters.",None
https://openreview.net/forum?id=HJxR7R4FvS,RaCT: Toward Amortized Ranking-Critical Training For Collaborative Filtering ,Collaborative Filtering; Recommender Systems; Actor-Critic; Learned Metrics,"We apply the actor-critic methodology from reinforcement learning to collaborative filtering, resulting in improved performance across a variety of latent-variable models","We investigate new methods for training collaborative filtering models based on actor-critic reinforcement learning, to more directly maximize ranking-based objective functions. Specifically, we train a critic network to approximate ranking-based metrics, and then update the actor network to directly optimize against the learned metrics. In contrast to traditional learning-to-rank methods that require re-running the optimization procedure for new lists, our critic-based method amortizes the scoring process with a neural network, and can directly provide the (approximate) ranking scores for new lists.

We demonstrate the actor-critic's ability to significantly improve the performance of a variety of prediction models, and achieve better or comparable performance to a variety of strong baselines on three large-scale datasets.",None
https://openreview.net/forum?id=SJleNCNtDH,Intrinsic Motivation for Encouraging Synergistic Behavior,reinforcement learning; intrinsic motivation; synergistic; robot manipulation,"We propose a formulation of intrinsic motivation that is suitable as an exploration bias in synergistic multi-agent tasks, by encouraging agents to affect the world in ways that would not be achieved if they were acting individually.","We study the role of intrinsic motivation as an exploration bias for reinforcement learning in sparse-reward synergistic tasks, which are tasks where multiple agents must work together to achieve a goal they could not individually. Our key idea is that a good guiding principle for intrinsic motivation in synergistic tasks is to take actions which affect the world in ways that would not be achieved if the agents were acting on their own. Thus, we propose to incentivize agents to take (joint) actions whose effects cannot be predicted via a composition of the predicted effect for each individual agent. We study two instantiations of this idea, one based on the true states encountered, and another based on a dynamics model trained concurrently with the policy. While the former is simpler, the latter has the benefit of being analytically differentiable with respect to the action taken. We validate our approach in robotic bimanual manipulation and multi-agent locomotion tasks with sparse rewards; we find that our approach yields more efficient learning than both 1) training with only the sparse reward and 2) using the typical surprise-based formulation of intrinsic motivation, which does not bias toward synergistic behavior. Videos are available on the project webpage: https://sites.google.com/view/iclr2020-synergistic.",None
https://openreview.net/forum?id=H1gB4RVKvB,Recurrent neural circuits for contour detection,Contextual illusions; visual cortex; recurrent feedback; neural circuits,"Contextual illusions are a feature, not a bug, of neural routines optimized for contour detection.","We introduce a deep recurrent neural network architecture that approximates visual cortical circuits (Mély et al., 2018). We show that this architecture, which we refer to as the 𝜸-net, learns to solve contour detection tasks with better sample efficiency than state-of-the-art feedforward networks, while also exhibiting a classic perceptual illusion, known as the orientation-tilt illusion. Correcting this illusion significantly reduces \gnetw contour detection accuracy by driving it to prefer low-level edges over high-level object boundary contours. Overall, our study suggests that the orientation-tilt illusion is a byproduct of neural circuits that help biological visual systems achieve robust and efficient contour detection, and that incorporating these circuits in artificial neural networks can improve computer vision.",None
https://openreview.net/forum?id=Hye_V0NKwr,Locality and Compositionality in Zero-Shot Learning,Zero-shot learning; Compositionality; Locality; Deep Learning,An analysis of the effects of compositionality and locality on representation learning for zero-shot learning.,"In this work we study locality and compositionality in the context of learning representations for Zero Shot Learning (ZSL). 
In order to well-isolate the importance of these properties in learned representations, we impose the additional constraint that, differently from most recent work in ZSL, no pre-training on different datasets (e.g. ImageNet) is performed.
The results of our experiment show how locality, in terms of small parts of the input, and compositionality, i.e. how well can the learned representations be expressed as a function of a smaller vocabulary, are both deeply related to generalization and motivate the focus on more local-aware models in future research directions for representation learning.",None
https://openreview.net/forum?id=BJx040EFvH,Fast is better than free: Revisiting adversarial training,adversarial examples; adversarial training; fast gradient sign method,"FGSM-based adversarial training, with randomization, works just as well as PGD-based adversarial training: we can use this to train a robust classifier in 6 minutes on CIFAR10, and 12 hours on ImageNet, on a single machine.","Adversarial training, a method for learning robust deep networks, is typically assumed to be more expensive than traditional training due to the necessity of constructing adversarial examples via a first-order method like projected gradient decent (PGD).  In this paper, we make the surprising discovery that it is possible to train empirically robust models using a much weaker and cheaper adversary, an approach that was previously believed to be ineffective, rendering the method no more costly than standard training in practice.  Specifically, we show that adversarial training with the fast gradient sign method (FGSM), when combined with random initialization, is as effective as PGD-based training but has significantly lower cost.  Furthermore we show that FGSM adversarial training can be further accelerated by using standard techniques for efficient training of deep networks, allowing us to learn a robust CIFAR10 classifier with 45% robust accuracy at epsilon=8/255 in 6 minutes, and a robust ImageNet classifier with 43% robust accuracy at epsilon=2/255 in 12 hours, in comparison to past work based on ``free'' adversarial training which took 10 and 50 hours to reach the same respective thresholds.",None
https://openreview.net/forum?id=rkgyS0VFvr,DBA: Distributed Backdoor Attacks against Federated Learning,distributed backdoor attack; federated learning,"We proposed a novel distributed backdoor attack on federated learning and show that it is not only more effective compared with standard centralized attacks, but also harder to be defended by existing robust FL methods","Backdoor attacks aim to manipulate a subset of training data by injecting adversarial triggers such that machine learning models trained on the tampered dataset will make arbitrarily (targeted) incorrect prediction on the testset with the same trigger embedded. While federated learning (FL) is capable of aggregating information provided by different parties for training a better model, its distributed learning methodology and inherently heterogeneous data distribution across parties may bring new vulnerabilities. In addition to recent centralized backdoor attacks on FL where each party embeds the same global trigger during training, we propose the distributed backdoor attack (DBA) --- a novel threat assessment framework developed by fully exploiting the distributed nature of FL. DBA decomposes a global trigger pattern into separate local patterns and embed them into the training set of different adversarial parties respectively. Compared to standard centralized backdoors, we show that DBA is substantially more persistent and stealthy against FL on diverse datasets such as finance and image data. We conduct extensive experiments to show that the attack success rate of DBA is significantly higher than centralized backdoors under different settings. Moreover, we find that distributed attacks are indeed more insidious, as DBA can evade two state-of-the-art robust FL algorithms against centralized backdoors. We also provide explanations for the effectiveness of DBA via feature visual interpretation and feature importance ranking.
To further explore the properties of DBA, we test the attack performance by varying different trigger factors, including local trigger variations (size, gap, and location), scaling factor in FL, data distribution, and poison ratio and interval. Our proposed DBA and thorough evaluation results shed lights on characterizing the robustness of FL.",None
https://openreview.net/forum?id=ryxz8CVYDH,Learning to Learn by Zeroth-Order Oracle,learning to learn; zeroth-order optimization; black-box adversarial attack,Novel variant of learning to learn framework for zeroth-order optimization that learns both the update rule and the Gaussian sampling rule.,"In the learning to learn (L2L) framework, we cast the design of optimization algorithms as a machine learning problem and use deep neural networks to learn the update rules. In this paper, we extend the L2L framework to zeroth-order (ZO) optimization setting, where no explicit gradient information is available. Our learned optimizer, modeled as recurrent neural network (RNN), first approximates gradient by ZO gradient estimator and then produces parameter update utilizing the knowledge of previous iterations. To reduce high variance effect due to ZO gradient estimator, we further introduce another RNN to learn the Gaussian sampling rule and dynamically guide the query direction sampling. Our learned optimizer outperforms hand-designed algorithms in terms of convergence rate and final solution on both synthetic and practical ZO optimization tasks (in particular, the black-box adversarial attack task, which is one of the most widely used tasks of ZO optimization). We finally conduct extensive analytical experiments to demonstrate the effectiveness of our proposed optimizer.",None
https://openreview.net/forum?id=SygWvAVFPr,Neural Module Networks for Reasoning over Text,question answering; compositionality; neural module networks; multi-step reasoning; reading comprehension,This paper extends neural module networks to answer compositional questions against text by introducing differentiable modules that perform reasoning over text and symbols in a probabilistic manner.,"Answering compositional questions that require multiple steps of reasoning against text is challenging, especially when they involve discrete, symbolic operations. Neural module networks (NMNs) learn to parse such questions as executable programs composed of learnable modules, performing well on synthetic visual QA domains. However, we find that it is challenging to learn these models for non-synthetic questions on open-domain text, where a model needs to deal with the diversity of natural language and perform a broader range of reasoning. We extend NMNs by: (a) introducing modules that reason over a paragraph of text, performing symbolic reasoning (such as arithmetic, sorting, counting) over numbers and dates in a probabilistic and differentiable manner; and (b) proposing an unsupervised auxiliary loss to help extract arguments associated with the events in text. Additionally, we show that a limited amount of heuristically-obtained question program and intermediate module output supervision provides sufficient inductive bias for accurate learning. Our proposed model significantly outperforms state-of-the-art models on a subset of the DROP dataset that poses a variety of reasoning challenges that are covered by our modules.",None
https://openreview.net/forum?id=BJxG_0EtDS,"Prediction, Consistency, Curvature: Representation Learning for Locally-Linear Control",Embed-to-Control; Representation Learning; Stochastic Optimal Control; VAE; iLQR,Learning embedding for control with high-dimensional observations,"Many real-world sequential decision-making problems can be formulated as optimal control with high-dimensional observations and unknown dynamics. A promising approach is to embed the high-dimensional observations into a lower-dimensional latent representation space, estimate the latent dynamics model, then utilize this model for control in the latent space. An important open question is how to learn a representation that is amenable to existing control algorithms? In this paper, we focus on learning representations for locally-linear control algorithms, such as iterative LQR (iLQR). By formulating and analyzing the representation learning problem from an optimal control perspective, we establish three underlying principles that the learned representation should comprise: 1) accurate prediction in the observation space, 2) consistency between latent and observation space dynamics, and 3) low curvature in the latent space transitions. These principles naturally correspond to a loss function that consists of three terms: prediction, consistency, and curvature (PCC). Crucially, to make PCC tractable, we derive an amortized variational bound for the PCC loss function. Extensive experiments on benchmark domains demonstrate that the new variational-PCC learning algorithm benefits from significantly more stable and reproducible training, and leads to superior control performance.  Further ablation studies give support to the importance of all three PCC components for learning a good latent space for control.",None
https://openreview.net/forum?id=S1xtORNFwH,FSNet: Compression of Deep Convolutional Neural Networks by Filter Summary,Compression of Convolutional Neural Networks; Filter Summary CNNs; Weight Sharing,We present a novel method of compression of deep Convolutional Neural Networks (CNNs) by weight sharing through a new representation of convolutional filters.,"We present a novel method of compression of deep Convolutional Neural Networks (CNNs) by weight sharing through a new representation of convolutional filters. The proposed method reduces the number of parameters of each convolutional layer by learning a $1$D vector termed Filter Summary (FS). The convolutional filters are located in FS as overlapping $1$D segments, and nearby filters in FS share weights in their overlapping regions in a natural way. The resultant neural network based on such weight sharing scheme, termed Filter Summary CNNs or FSNet, has a FS in each convolution layer instead of a set of independent filters in the conventional convolution layer. FSNet has the same architecture as that of the baseline CNN to be compressed, and each convolution layer of FSNet has the same number of filters from FS as that of the basline CNN in the forward process. With compelling computational acceleration ratio, the parameter space of FSNet is much smaller than that of the baseline CNN. In addition, FSNet is quantization friendly. FSNet with weight quantization leads to even higher compression ratio without noticeable performance loss. We further propose Differentiable FSNet where the way filters share weights is learned in a differentiable and end-to-end manner. Experiments demonstrate the effectiveness of FSNet in compression of CNNs for computer vision tasks including image classification and object detection, and the effectiveness of DFSNet is evidenced by the task of Neural Architecture Search.",None
https://openreview.net/forum?id=rklbKA4YDS,Gradient-Based Neural DAG Learning,Structure Learning; Causality; Density estimation,We are proposing a new score-based approach to structure/causal learning leveraging neural networks and a recent continuous constrained formulation to this problem,"We propose a novel score-based approach to learning a directed acyclic graph (DAG) from observational data. We adapt a recently proposed continuous constrained optimization formulation to allow for nonlinear relationships between variables using neural networks. This extension allows to model complex interactions while avoiding the combinatorial nature of the problem. In addition to comparing our method to existing continuous optimization methods, we provide missing empirical comparisons to nonlinear greedy search methods. On both synthetic and real-world data sets, this new method outperforms current continuous methods on most tasks while being competitive with existing greedy search methods on important metrics for causal inference.",None
https://openreview.net/forum?id=SklKcRNYDH,Extreme Tensoring for Low-Memory Preconditioning ,optimization; deep learning,None,"State-of-the-art models are now trained with billions of parameters, reaching hardware limits in terms of memory consumption. This has created a recent demand for memory-efficient optimizers. To this end, we investigate the limits and performance tradeoffs of memory-efficient adaptively preconditioned gradient methods. We propose \emph{extreme tensoring} for high-dimensional stochastic optimization, showing that an optimizer needs very little memory to benefit from adaptive preconditioning. Our technique applies to arbitrary models (not necessarily with tensor-shaped parameters), and is accompanied by regret and convergence guarantees, which shed light on the tradeoffs between preconditioner quality and expressivity. On a large-scale NLP model, we reduce the optimizer memory overhead by three orders of magnitude, without degrading performance.",None
https://openreview.net/forum?id=HylpqA4FwS,RNNs Incrementally Evolving on an Equilibrium Manifold: A Panacea for Vanishing and Exploding Gradients?,novel recurrent neural architectures; learning representations of outputs or states,Incremental-RNNs resolves exploding/vanishing gradient problem by updating state vectors based on difference between previous state and that predicted by an ODE.,"Recurrent neural networks (RNNs) are particularly well-suited for modeling long-term dependencies in sequential data, but are notoriously hard to train because the error backpropagated in time either vanishes or explodes at an exponential rate. While a number of works attempt to mitigate this effect through gated recurrent units, skip-connections, parametric constraints and design choices, we propose a novel incremental RNN (iRNN), where hidden state vectors keep track of incremental changes, and as such approximate state-vector increments of Rosenblatt's (1962) continuous-time RNNs. iRNN exhibits identity gradients and is able to account for long-term dependencies (LTD). We show that our method is computationally efficient overcoming overheads of many existing methods that attempt to improve RNN training, while suffering no performance degradation. We demonstrate the utility of our approach with extensive experiments and show competitive performance against standard LSTMs on LTD and other non-LTD tasks.",None
https://openreview.net/forum?id=ryxgsCVYPr,NeurQuRI: Neural Question Requirement Inspector for Answerability Prediction in Machine Reading Comprehension,Question Answering; Machine Reading Comprehension; Answerability Prediction; Neural Checklist,"We propose a neural question requirement inspection model called NeurQuRI that extracts a list of conditions from the question, each of which should be satisfied by the candidate answer generated by an MRC model.","Real-world question answering systems often retrieve potentially relevant documents to a given question through a keyword search, followed by a machine reading comprehension (MRC) step to find the exact answer from them. In this process, it is essential to properly determine whether an answer to the question exists in a given document. This task often becomes complicated when the question involves multiple different conditions or requirements which are to be met in the answer. For example, in a question ""What was the projection of sea level increases in the fourth assessment report?"", the answer should properly satisfy several conditions, such as ""increases"" (but not decreases) and ""fourth"" (but not third). To address this, we propose a neural question requirement inspection model called NeurQuRI that extracts a list of conditions from the question, each of which should be satisfied by the candidate answer generated by an MRC model. To check whether each condition is met, we propose a novel, attention-based loss function. We evaluate our approach on SQuAD 2.0 dataset by integrating the proposed module with various MRC models, demonstrating the consistent performance improvements across a wide range of state-of-the-art methods.",None
https://openreview.net/forum?id=SkgGjRVKDS,Towards Stabilizing Batch Statistics in Backward Propagation of Batch Normalization,batch normalization; small batch size; backward propagation,We propose a novel normalization method to handle small batch size cases.,"Batch Normalization (BN) is one of the most widely used techniques in Deep Learning field. But its performance can awfully degrade with insufficient batch size. This weakness limits the usage of BN on many computer vision tasks like detection or segmentation, where batch size is usually small due to the constraint of memory consumption. Therefore many modified normalization techniques have been proposed, which either fail to restore the performance of BN completely, or have to introduce additional nonlinear operations in inference procedure and increase huge consumption. In this paper, we reveal that there are two extra batch statistics involved in backward propagation of BN, on which has never been well discussed before. The extra batch statistics associated with gradients also can severely affect the training of deep neural network. Based on our analysis, we propose a novel normalization method, named Moving Average Batch Normalization (MABN). MABN can completely restore the performance of vanilla BN in small batch cases, without introducing any additional nonlinear operations in inference procedure. We prove the benefits of MABN by both theoretical analysis and experiments. Our experiments demonstrate the effectiveness of MABN in multiple computer vision tasks including ImageNet and COCO. The code has been released in https://github.com/megvii-model/MABN.",None
https://openreview.net/forum?id=r1eIiCNYwS,Transformer-XH: Multi-Evidence Reasoning with eXtra Hop Attention,Transformer-XH; multi-hop QA; fact verification; extra hop attention; structured modeling,"We present Transformer-XH, which upgrades Transformer with eXtra Hop attentions to intrinsically model structured texts in a data driven way.","Transformers have achieved new heights modeling natural language as a sequence of text tokens. However, in many real world scenarios, textual data inherently exhibits structures beyond a linear sequence such as trees and graphs; many tasks require reasoning with evidence scattered across multiple pieces of texts. This paper presents Transformer-XH, which uses eXtra Hop attention to enable intrinsic modeling of structured texts in a fully data-driven way. Its new attention mechanism naturally “hops” across the connected text sequences in addition to attending over tokens within each sequence. Thus, Transformer-XH better conducts joint multi-evidence reasoning by propagating information between documents and constructing global contextualized representations. On multi-hop question answering, Transformer-XH leads to a simpler multi-hop QA system which outperforms previous state-of-the-art on the HotpotQA FullWiki setting. On FEVER fact verification, applying Transformer-XH provides state-of-the-art accuracy and excels on claims whose verification requires multiple evidence.",None
https://openreview.net/forum?id=S1l8oANFDH,Synthesizing Programmatic Policies that Inductively Generalize,Program synthesis; reinforcement learning; inductive generalization,An approach to learn program policies for control tasks that inductively generalize.,"Deep reinforcement learning has successfully solved a number of challenging control tasks. However, learned policies typically have difficulty generalizing to novel environments. We propose an algorithm for learning programmatic state machine policies that can capture repeating behaviors. By doing so, they have the ability to generalize to instances requiring an arbitrary number of repetitions, a property we call inductive generalization. However, state machine policies are hard to learn since they consist of a combination of continuous and discrete structures. We propose a learning framework called adaptive teaching, which learns a state machine policy by imitating a teacher; in contrast to traditional imitation learning, our teacher adaptively updates itself based on the structure of the student. We show that our algorithm can be used to learn policies that inductively generalize to novel environments, whereas traditional neural network policies fail to do so.",None
https://openreview.net/forum?id=HklOo0VFDH,Decoding As Dynamic Programming For Recurrent Autoregressive Models,Decoding,Approximate inference using dynamic programming for Autoregressive models.,"Decoding in autoregressive models (ARMs) consists of searching for a high scoring output sequence under the trained model.  Standard decoding methods, based on unidirectional greedy algorithm or beam search, are suboptimal due to error propagation and myopic decisions which do not account for future steps in the generation process. In this paper we present a novel decoding approach based on the method of auxiliary coordinates (Carreira-Perpinan & Wang, 2014) to address the aforementioned shortcomings.  Our method introduces discrete variables for output tokens,  and auxiliary continuous variables representing the states of the underlying ARM. The auxiliary variables lead to a factor graph approximation of the ARM, whose maximum a posteriori (MAP) inference is found exactly using dynamic programming. The MAP inference is then used to recreate an improved factor graph approximation of the ARM via updated auxiliary variables. We then extend our approach to decode in an ensemble of ARMs, possibly with different generation orders,  which is out of reach for the standard unidirectional decoding algorithms. Experiments on the text infilling task over SWAG and Daily Dialogue datasets show that our decoding method is superior to strong unidirectional decoding baselines.",None
https://openreview.net/forum?id=B1g5sA4twr,Deep Double Descent: Where Bigger Models and More Data Hurt,deep learning; double descent; optimization; SGD; complexity,"We demonstrate, and characterize, realistic settings where bigger models are worse, and more data hurts.","We show that a variety of modern deep learning tasks exhibit a ""double-descent"" phenomenon where, as we increase model size, performance first gets worse and then gets  better.  Moreover, we show that double descent occurs not just as a function of model size, but also as a function of the number of training epochs. We unify the above phenomena by defining a new complexity measure we call the effective model complexity, and conjecture a generalized double descent with respect to this measure. Furthermore, our notion of model complexity allows us to identify certain regimes where increasing (even quadrupling) the number of train samples actually hurts test performance.",None
https://openreview.net/forum?id=HyxJhCEFDS,Intriguing Properties of Adversarial Training at Scale,adversarial defense; adversarial machine learning,The first rigor diagnose of large-scale adversarial training on ImageNet,"Adversarial training is one of the main defenses against adversarial attacks. In this paper, we provide the first rigorous study on diagnosing elements of large-scale adversarial training on ImageNet, which reveals two intriguing properties. 

First, we study the role of normalization. Batch normalization (BN) is a crucial element for achieving state-of-the-art performance on many vision tasks, but we show it may prevent networks from obtaining strong robustness in adversarial training. One unexpected observation is that, for models trained with BN, simply removing clean images from training data largely boosts adversarial robustness, i.e., 18.3%. We relate this phenomenon to the hypothesis that clean images and adversarial images are drawn from two different domains. This two-domain hypothesis may explain the issue of BN when training with a mixture of clean and adversarial images, as estimating normalization statistics of this mixture distribution is challenging. Guided by this two-domain hypothesis, we show disentangling the mixture distribution for normalization, i.e., applying separate BNs to clean and adversarial images for statistics estimation, achieves much stronger robustness. Additionally, we find that enforcing BNs to behave consistently at training and testing can further enhance robustness.

Second, we study the role of network capacity. We find our so-called ""deep"" networks are still shallow for the task of adversarial learning. Unlike traditional classification tasks where accuracy is only marginally improved by adding more layers to ""deep"" networks (e.g., ResNet-152), adversarial training exhibits a much stronger demand on deeper networks to achieve higher adversarial robustness. This robustness improvement can be observed substantially and consistently even by pushing the network capacity to an unprecedented scale, i.e., ResNet-638.",None
https://openreview.net/forum?id=SJxZnR4YvB,Distributed Bandit Learning: Near-Optimal Regret with Efficient Communication,Theory; Bandit Algorithms; Communication Efficiency,None,"We study the problem of regret minimization for distributed bandits learning, in which $M$ agents work collaboratively to minimize their total regret under the coordination of a central server. Our goal is to design communication protocols with near-optimal regret and little communication cost, which is measured by the total amount of transmitted data. For distributed multi-armed bandits, we propose a protocol with near-optimal regret and only $O(M\log(MK))$ communication cost, where $K$ is the number of arms. The communication cost is independent of the time horizon $T$, has only logarithmic dependence on the number of arms, and matches the lower bound except for a logarithmic factor. For distributed $d$-dimensional linear bandits, we propose a protocol that achieves near-optimal regret and has communication cost of order $O\left(\left(Md+d\log \log d\right)\log T\right)$, which has only logarithmic dependence on $T$.",None
https://openreview.net/forum?id=SJgdnAVKDH,Revisiting Self-Training for Neural Sequence Generation,self-training; semi-supervised learning; neural sequence generatioin,"We revisit self-training as a semi-supervised learning method for neural sequence generation problem, and show that self-training can be quite successful with injected noise.","Self-training is one of the earliest and simplest semi-supervised methods. The key idea is to augment the original labeled dataset with unlabeled data paired with the model's prediction (i.e. the pseudo-parallel data). While self-training has been extensively studied on classification problems, in complex sequence generation tasks (e.g. machine translation) it is still unclear how self-training works due to the compositionality of the target space. In this work, we first empirically show that self-training is able to decently improve the supervised baseline on neural sequence generation tasks. Through careful examination of the performance gains, we find that the perturbation on the hidden states (i.e. dropout) is critical for self-training to benefit from the pseudo-parallel data, which acts as a regularizer and forces the model to yield close predictions for similar unlabeled inputs. Such effect helps the model correct some incorrect predictions on unlabeled data. To further encourage this mechanism, we propose to inject noise to the input space, resulting in a noisy version of self-training. Empirical study on standard machine translation and text summarization benchmarks shows that noisy self-training is able to effectively utilize unlabeled data and improve the performance of the supervised baseline by a large margin.",None
https://openreview.net/forum?id=HJeqhA4YDS,Denoising and Regularization via Exploiting the Structural Bias of Convolutional Generators,theory for deep learning; convolutional network; deep image prior; deep decoder; dynamics of gradient descent; overparameterization,None,"Convolutional Neural Networks (CNNs) have emerged as highly successful tools for image generation, recovery, and restoration. A major contributing factor to this success is that convolutional networks impose strong prior assumptions about natural images. A surprising experiment that highlights this architectural bias towards natural images is that one can remove noise and corruptions from a natural image without using any training data, by simply fitting (via gradient descent) a randomly initialized, over-parameterized convolutional generator to the corrupted image. While this over-parameterized network can fit the corrupted image perfectly, surprisingly after a few iterations of gradient descent it generates an almost uncorrupted image. This intriguing phenomenon enables state-of-the-art CNN-based denoising and regularization of other inverse problems. In this paper, we attribute this effect to a particular architectural choice of convolutional networks, namely convolutions with fixed interpolating filters. We then formally characterize the dynamics of fitting a two-layer convolutional generator to a noisy signal and prove that early-stopped gradient descent denoises/regularizes. Our proof relies on showing that convolutional generators fit the structured part of an image significantly faster than the corrupted portion.",None
https://openreview.net/forum?id=B1lj20NFDS,Variational Autoencoders for Highly Multivariate Spatial Point Processes Intensities,VAE; collaborative filtering; recommender systems; spatial point process,None,"Multivariate spatial point process models can describe heterotopic data over space. However, highly multivariate intensities are computationally challenging due to the curse of dimensionality. To bridge this gap, we introduce a declustering based hidden variable model that leads to an efficient inference procedure via a variational autoencoder (VAE). We also prove that this model is a generalization of the VAE-based model for collaborative filtering. This leads to an interesting application of spatial point process models to recommender systems. Experimental results show the method's utility on both synthetic data and real-world data sets.",None
https://openreview.net/forum?id=r1gRTCVFvB,Decoupling Representation and Classifier for Long-Tailed Recognition,long-tailed recognition; classification,None,"The long-tail distribution of the visual world poses great challenges for deep learning based classification models on how to handle the class imbalance problem. Existing solutions usually involve class-balancing strategies, e.g., by loss re-weighting, data re-sampling, or transfer learning from head- to tail-classes, but most of them adhere to the scheme of jointly learning representations and classifiers. In this work, we decouple the learning procedure into representation learning and classification, and systematically explore how different balancing strategies affect them for long-tailed recognition. The findings are surprising: (1) data imbalance might not be an issue in learning high-quality representations; (2) with representations learned with the simplest instance-balanced (natural) sampling, it is also possible to achieve strong long-tailed recognition ability by adjusting only the classifier. We conduct extensive experiments and set new state-of-the-art performance on common long-tailed benchmarks like ImageNet-LT, Places-LT and iNaturalist, showing that it is possible to outperform carefully designed losses, sampling strategies, even complex modules with memory, by using a straightforward approach that decouples representation and classification. Our code is available at https://github.com/facebookresearch/classifier-balancing.",None
https://openreview.net/forum?id=HJgC60EtwB,Robust Reinforcement Learning for Continuous Control with Model Misspecification,reinforcement learning; robustness,A framework for incorporating robustness to model misspecification into continuous control Reinforcement Learning algorithms.,"We provide a framework for incorporating robustness -- to perturbations in the transition dynamics which we refer to as model misspecification -- into continuous control Reinforcement Learning (RL) algorithms. We specifically focus on incorporating robustness into a state-of-the-art continuous control RL algorithm called Maximum a-posteriori Policy Optimization (MPO). We achieve this by learning a policy that optimizes for a worst case, entropy-regularized, expected return objective and derive a corresponding robust entropy-regularized Bellman contraction operator. In addition, we introduce a less conservative, soft-robust, entropy-regularized objective with a corresponding Bellman operator. We show that both, robust and soft-robust policies, outperform their non-robust counterparts in nine Mujoco domains with environment perturbations. In addition, we show improved robust performance on a challenging, simulated, dexterous robotic hand. Finally, we present multiple investigative experiments that provide a deeper insight into the robustness framework; including an adaptation to another continuous control RL algorithm. Performance videos can be found online at https://sites.google.com/view/robust-rl.",None
https://openreview.net/forum?id=HklUCCVKDB,Uncertainty-guided Continual Learning with Bayesian Neural Networks,continual learning; catastrophic forgetting,A regularization-based approach for continual learning using Bayesian neural networks to predict parameters' importance,"Continual learning aims to learn new tasks without forgetting previously learned ones. This is especially challenging when one cannot access data from previous tasks and when the model has a fixed capacity. Current regularization-based continual learning algorithms  need an external representation and extra computation to measure the parameters' \textit{importance}. In contrast, we propose Uncertainty-guided Continual Bayesian Neural Networks (UCB), where the learning rate adapts according to the uncertainty defined in the probability distribution of the weights in  networks. Uncertainty is a natural way to identify \textit{what to remember} and \textit{what to change} as we continually learn,  and thus mitigate catastrophic forgetting. We also show a variant of our model, which uses uncertainty for weight pruning 
and retains task performance after pruning by saving binary masks per tasks. We evaluate our UCB approach extensively on diverse object classification datasets with short and long sequences of tasks and report superior or on-par performance compared to existing approaches. Additionally, we show that our model does not necessarily need task information at test time, i.e. it does not presume knowledge of which task a sample belongs to.",None
https://openreview.net/forum?id=rJeW1yHYwH,Inductive representation learning on temporal graphs,temporal graph; inductive representation learning; functional time encoding; self-attention,None,"Inductive representation learning on temporal graphs is an important step toward salable machine learning on real-world dynamic networks. The evolving nature of temporal dynamic graphs requires handling new nodes as well as capturing temporal patterns. The node embeddings, which are now functions of time, should represent both the static node features and the evolving topological structures. Moreover, node and topological features can be temporal as well, whose patterns the node embeddings should also capture. We propose the temporal graph attention (TGAT) layer to efficiently aggregate temporal-topological neighborhood features to learn the time-feature interactions. For TGAT, we use the self-attention mechanism as building block and develop a novel functional time encoding technique based on the classical Bochner's theorem from harmonic analysis. By stacking TGAT layers, the network recognizes the node embeddings as functions of time and is able to inductively infer embeddings for both new and observed nodes as the graph evolves. The proposed approach handles both node classification and link prediction task, and can be naturally extended to include the temporal edge features. We evaluate our method with transductive and inductive tasks under temporal settings with two benchmark and one industrial dataset. Our TGAT model compares favorably to state-of-the-art baselines as well as the previous temporal graph embedding approaches.",None
https://openreview.net/forum?id=Bke61krFvS,Learning representations for binary-classification without backpropagation,feedback alignment; alternatives to backpropagation; biologically motivated learning algorithms,First feedback alignment algorithm with provable learning guarantees for networks with single output neuron,"The family of feedback alignment (FA) algorithms aims to provide a more biologically motivated alternative to backpropagation (BP), by substituting the computations that are unrealistic to be implemented in physical brains.
While FA algorithms have been shown to work well in practice, there is a lack of rigorous theory proofing their learning capabilities.		
Here we introduce the first feedback alignment algorithm with provable learning guarantees. In contrast to existing work, we do not require any assumption about the size or depth of the network except that it has a single output neuron, i.e., such as for binary classification tasks.
We show that our FA algorithm can deliver its theoretical promises in practice, surpassing the learning performance of existing FA methods and matching backpropagation in binary classification tasks.
Finally, we demonstrate the limits of our FA variant when the number of output neurons grows beyond a certain quantity.",None
https://openreview.net/forum?id=r1lZgyBYwS,HiLLoC: lossless image compression with hierarchical latent variable models,compression; variational inference; lossless compression; deep latent variable models,"We scale up lossless compression with latent variables, achieving state of the art on full-size ImageNet images.","We make the following striking observation: fully convolutional VAE models trained on 32x32 ImageNet can generalize well, not just to 64x64 but also to far larger photographs, with no changes to the model. We use this property, applying fully convolutional models to lossless compression, demonstrating a method to scale the VAE-based 'Bits-Back with ANS' algorithm for lossless compression to large color photographs, and achieving state of the art for compression of full size ImageNet images. We release Craystack, an open source library for convenient prototyping of lossless compression using probabilistic models, along with full implementations of all of our compression results.",None
https://openreview.net/forum?id=r1lOgyrKDS,Adaptive Correlated Monte Carlo for Contextual Categorical Sequence Generation,binary softmax; discrete variables; policy gradient; pseudo actions; reinforcement learning; variance reduction,None,"Sequence generation models are commonly refined with reinforcement learning over user-defined metrics. However, high gradient variance hinders the practical use of this method. To stabilize this method, we adapt to contextual generation of categorical sequences a policy gradient estimator, which evaluates a set of correlated Monte Carlo (MC) rollouts for variance control. Due to the correlation, the number of unique rollouts is random and adaptive to model uncertainty; those rollouts naturally become baselines for each other, and hence are combined to effectively reduce gradient variance. We also demonstrate the use of correlated MC rollouts for binary-tree softmax models, which reduce the high generation cost in large vocabulary scenarios by decomposing each categorical action into a sequence of binary actions. We evaluate our methods on both neural program synthesis and image captioning. The proposed methods yield lower gradient variance and consistent improvement over related baselines.",None
https://openreview.net/forum?id=Hke3gyHYwH,Simple and Effective Regularization Methods for Training on Noisily Labeled Data with Generalization Guarantee,deep learning theory; regularization; noisy labels,None,"Over-parameterized deep neural networks trained by simple first-order methods are known to be able to fit any labeling of data. Such over-fitting ability hinders generalization when mislabeled training examples are present. On the other hand, simple regularization methods like early-stopping can often achieve highly nontrivial performance on clean test data in these scenarios, a phenomenon not theoretically understood. This paper proposes and analyzes two simple and intuitive regularization methods: (i) regularization by the distance between the network parameters to initialization, and (ii) adding a trainable auxiliary variable to the network output for each training example. Theoretically, we prove that gradient descent training with either of these two methods leads to a generalization guarantee on the clean data distribution despite being trained using noisy labels. Our generalization analysis relies on the connection between wide neural network and neural tangent kernel (NTK). The generalization bound is independent of the network size, and is comparable to the bound one can get when there is no label noise. Experimental results verify the effectiveness of these methods on noisily labeled datasets.",None
https://openreview.net/forum?id=H1laeJrKDB,Controlling generative models with continuous factors of variations,Generative models; factor of variation; GAN; beta-VAE; interpretable representation; interpretability,A model to control the generation of images with GAN and beta-VAE with regard to scale and position of the objects,"Recent deep generative models can provide photo-realistic images as well as visual or textual content embeddings useful to address various tasks of computer vision and natural language processing. Their usefulness is nevertheless often limited by the lack of control over the generative process or the poor understanding of the learned representation. To overcome these major issues, very recent works have shown the interest of studying the semantics of the latent space of generative models. In this paper, we propose to advance on the interpretability of the latent space of generative models by introducing a new method to find meaningful directions in the latent space of any generative model along which we can move to control precisely specific properties of the generated image like position or scale of the object in the image. Our method is weakly supervised and particularly well suited for the search of directions encoding simple transformations of the generated image, such as translation, zoom or color variations. We demonstrate the effectiveness of our method qualitatively and quantitatively, both for GANs and variational auto-encoders.",None
https://openreview.net/forum?id=Sye0XkBKvS,SNODE: Spectral Discretization of Neural ODEs for System Identification,Recurrent neural networks; system identification; neural ODEs,This paper proposes the use of spectral element methods for fast and accurate training of Neural Ordinary Differential Equations for system identification.,"This paper proposes the use of spectral element methods \citep{canuto_spectral_1988} for fast and accurate training of Neural Ordinary Differential Equations (ODE-Nets; \citealp{Chen2018NeuralOD}) for system identification. This is achieved by expressing their dynamics as a truncated series of Legendre polynomials. The series coefficients, as well as the network weights, are computed by minimizing the weighted sum of the loss function and the violation of the ODE-Net dynamics. The problem is solved by coordinate descent that alternately minimizes, with respect to the coefficients and the weights, two unconstrained sub-problems using standard backpropagation and gradient methods. The resulting optimization scheme is fully time-parallel and results in a low memory footprint. Experimental comparison to standard methods, such as backpropagation through explicit solvers and the adjoint technique \citep{Chen2018NeuralOD}, on training surrogate models of small and medium-scale dynamical systems shows that it is at least one order of magnitude faster at reaching a comparable value of the loss function. The corresponding testing MSE is one order of magnitude smaller as well, suggesting generalization capabilities increase.",None
https://openreview.net/forum?id=B1gZV1HYvS,Multi-Agent Interactions Modeling with Correlated Policies,Multi-agent reinforcement learning; Imitation learning,Modeling complex multi-agent interactions under multi-agent imitation learning framework with explicit modeling of correlated policies by approximating opponents’ policies.,"In multi-agent systems, complex interacting behaviors arise due to the high correlations among agents. However, previous work on modeling multi-agent interactions from demonstrations is primarily constrained by assuming the independence among policies and their reward structures. 
In this paper, we cast the multi-agent interactions modeling problem into a multi-agent imitation learning framework with explicit modeling of correlated policies by approximating opponents’ policies, which can recover agents' policies that can regenerate similar interactions. Consequently, we develop a Decentralized Adversarial Imitation Learning algorithm with Correlated policies (CoDAIL), which allows for decentralized training and execution. Various experiments demonstrate that CoDAIL can better regenerate complex interactions close to the demonstrators and outperforms state-of-the-art multi-agent imitation learning methods. Our code is available at \url{https://github.com/apexrl/CoDAIL}.",None
https://openreview.net/forum?id=BJgr4kSFDS,Query2box: Reasoning over Knowledge Graphs in Vector Space Using Box Embeddings,knowledge graph embeddings; logical reasoning; query answering,Answering a wide class of logical queries over knowledge graphs with box embeddings in vector space,"Answering complex logical queries on large-scale incomplete knowledge graphs (KGs) is a fundamental yet challenging task. Recently, a promising approach to this problem has been to embed KG entities as well as the query into a vector space such that entities that answer the query are embedded close to the query. However, prior work models queries as single points in the vector space, which is problematic because a complex query represents a potentially large set of its answer entities, but it is unclear how such a set can be represented as a single point. Furthermore, prior work can only handle queries that use conjunctions ($\wedge$) and existential quantifiers ($\exists$). Handling queries with logical disjunctions ($\vee$) remains an open problem. Here we propose query2box, an embedding-based framework for reasoning over arbitrary queries with $\wedge$, $\vee$, and $\exists$ operators in massive and incomplete KGs. Our main insight is that queries can be embedded as boxes (i.e., hyper-rectangles), where a set of points inside the box corresponds to a set of answer entities of the query. We show that conjunctions can be naturally represented as intersections of boxes and also prove a negative result that handling disjunctions would require embedding with dimension proportional to the number of KG entities. However, we show that by transforming queries into a Disjunctive Normal Form, query2box is capable of handling arbitrary logical queries with $\wedge$, $\vee$, $\exists$ in a scalable manner. We demonstrate the effectiveness of query2box on two large KGs and show that query2box achieves up to 25% relative improvement over the state of the art.",None
https://openreview.net/forum?id=SJxbHkrKDH,Evolutionary Population Curriculum for Scaling Multi-Agent Reinforcement Learning,multi-agent reinforcement learning; evolutionary learning; curriculum learning,None,"In multi-agent games, the complexity of the environment can grow exponentially as the number of agents increases, so it is particularly challenging to learn good policies when the agent population is large. In this paper, we introduce Evolutionary Population Curriculum (EPC), a curriculum learning paradigm that scales up Multi-Agent Reinforcement Learning (MARL) by progressively increasing the population of training agents in a stage-wise manner. Furthermore, EPC uses an evolutionary approach to fix an objective misalignment issue throughout the curriculum: agents successfully trained in an early stage with a small population are not necessarily the best candidates for adapting to later stages with scaled populations. Concretely, EPC maintains multiple sets of agents in each stage, performs mix-and-match and fine-tuning over these sets and promotes the sets of agents with the best adaptability to the next stage. We implement EPC on a popular MARL algorithm, MADDPG, and empirically show that our approach consistently outperforms baselines by a large margin as the number of agents grows exponentially. The source code and videos can be found at https://sites.google.com/view/epciclr2020.",None
https://openreview.net/forum?id=SJgVHkrYDH,Learning to Retrieve Reasoning Paths over Wikipedia Graph for Question Answering,Multi-hop Open-domain Question Answering; Graph-based Retrieval; Multi-step Retrieval,Graph-based recurrent retriever that learns to retrieve reasoning paths over Wikipedia Graph outperforms the most recent state of the art on HotpotQA by more than 14 points.,"Answering questions that require multi-hop reasoning at web-scale necessitates retrieving multiple evidence documents, one of which often has little lexical or semantic relationship to the question. This paper introduces a new graph-based recurrent retrieval approach that learns to retrieve reasoning paths over the Wikipedia graph to answer multi-hop open-domain questions. Our retriever model trains a recurrent neural network that learns to sequentially retrieve evidence paragraphs in the reasoning path by conditioning on the previously retrieved documents. 
Our reader model ranks the reasoning paths and extracts the answer span included in the best reasoning path.
Experimental results show state-of-the-art results in three open-domain QA datasets, showcasing the effectiveness and robustness of our method. Notably, our method achieves significant improvement in HotpotQA, outperforming the previous best model by more than 14 points.",None
https://openreview.net/forum?id=BJlBSkHtDS,Padé Activation Units: End-to-end Learning of Flexible Activation Functions in Deep Networks,None,"We introduce PAU, a new learnable activation function for neural networks. They free the network designers from the activation selection process and increase the test prediction accuracy.","The performance of deep network learning strongly depends on the choice of the non-linear activation function associated with each neuron. However, deciding on the best activation is non-trivial and the choice depends on the architecture, hyper-parameters, and even on the dataset. Typically these activations are fixed by hand before training. Here, we demonstrate how to eliminate the reliance on first picking fixed activation functions by using flexible parametric rational functions instead. The resulting Padé Activation Units (PAUs) can both approximate common activation functions and also learn new ones while providing compact representations. Our empirical evidence shows that end-to-end learning deep networks with PAUs can increase the predictive performance. Moreover, PAUs pave the way to approximations with provable robustness.",None
https://openreview.net/forum?id=HJlxIJBFDr,Sample Efficient Policy Gradient Methods with Recursive Variance Reduction,Policy Gradient; Reinforcement Learning; Sample Efficiency,None,"Improving the sample efficiency in reinforcement learning has been a long-standing research problem. In this work, we aim to reduce the sample complexity of existing policy gradient methods. We propose a novel policy gradient algorithm called SRVR-PG, which only requires $O(1/\epsilon^{3/2})$\footnote{$O(\cdot)$ notation hides constant factors.} episodes to find an $\epsilon$-approximate stationary point of the nonconcave performance function $J(\boldsymbol{\theta})$ (i.e., $\boldsymbol{\theta}$ such that $\|\nabla J(\boldsymbol{\theta})\|_2^2\leq\epsilon$). This sample complexity improves the existing result $O(1/\epsilon^{5/3})$ for stochastic variance reduced policy gradient algorithms by a factor of $O(1/\epsilon^{1/6})$. In addition, we also propose a variant of SRVR-PG with parameter exploration, which explores the initial policy parameter from a prior probability distribution. We conduct numerical experiments on classic control problems in reinforcement learning to validate the performance of our proposed algorithms.",None
https://openreview.net/forum?id=HkgsUJrtDB,Rényi Fair Inference,None,None,"Machine learning algorithms have been increasingly deployed in critical automated decision-making systems that directly affect human lives. When these algorithms are solely trained to minimize the training/test error, they could suffer from systematic discrimination against individuals based on their sensitive attributes, such as gender or race. Recently, there has been a surge in machine learning society to develop algorithms for fair machine learning. 
In particular, several adversarial learning procedures have been proposed to impose fairness. Unfortunately, these algorithms either can only impose fairness up to linear dependence between the variables, or they lack computational convergence guarantees. In this paper, we use Rényi correlation as a measure of fairness of machine learning models and develop a general training framework to impose fairness. In particular, we propose a min-max formulation which balances the accuracy and fairness when solved to optimality. For the case of discrete sensitive attributes, we suggest an iterative algorithm with theoretical convergence guarantee for solving the proposed min-max problem. Our algorithm and analysis are then specialized to fair classification and fair clustering problems. To demonstrate the performance of the proposed Rényi fair inference framework in practice, we compare it with well-known existing methods on several benchmark datasets. Experiments indicate that the proposed method has favorable empirical performance against state-of-the-art approaches.",None
https://openreview.net/forum?id=Byg1v1HKDB,Abductive Commonsense Reasoning,Abductive Reasoning; Commonsense Reasoning; Natural Language Inference; Natural Language Generation,None,"Abductive reasoning is inference to the most plausible explanation. For example, if Jenny finds her house in a mess when she returns from work, and remembers that she left a window open, she can hypothesize that a thief broke into her house and  caused  the  mess,  as  the  most  plausible  explanation.  While  abduction has long been considered to be at the core of how people interpret and read between the lines in natural language (Hobbs et al., 1988), there has been relatively little research in support of abductive natural language inference and generation. We present the first study that investigates the viability of language-based abductive reasoning.  We introduce a challenge dataset, ART, that consists of over 20k commonsense narrative contexts and 200k explanations. Based on this dataset, we conceptualize two new tasks – (i) Abductive NLI: a multiple-choice question answering task for choosing the more likely explanation, and (ii) Abductive NLG: a conditional generation task for explaining given observations in natural language. On Abductive NLI, the best model achieves 68.9% accuracy, well below human performance of 91.4%.  On Abductive NLG, the current best language generators struggle even more, as they lack reasoning capabilities that are trivial for humans. Our analysis leads to new insights into the types of reasoning that deep pre-trained language models fail to perform—despite their strong performance on the related but  more  narrowly  defined  task  of entailment NLI—pointing  to  interesting  avenues for future research.",None
https://openreview.net/forum?id=Byg-wJSYDS,Discrepancy Ratio: Evaluating Model Performance When Even Experts Disagree on the Truth,Evaluation Metrics; Medical Imaging,A framework for evaluating model performance when even experts disagree on what the ground truth is.,"In most machine learning tasks unambiguous ground truth labels can easily be acquired. However, this luxury is often not afforded to many high-stakes, real-world scenarios such as medical image interpretation, where even expert human annotators typically exhibit very high levels of disagreement with one another. While prior works have focused on overcoming noisy labels during training, the question of how to evaluate models when annotators disagree about ground truth has remained largely unexplored. To address this, we propose the discrepancy ratio: a novel, task-independent and principled framework for validating machine learning models in the presence of high label noise. Conceptually, our approach evaluates a model by comparing its predictions to those of human annotators, taking into account the degree to which annotators disagree with one another. While our approach is entirely general, we show that in the special case of binary classification, our proposed metric can be evaluated in terms of simple, closed-form expressions that depend only on aggregate statistics of the labels and not on any individual label. Finally, we demonstrate how this framework can be used effectively to validate machine learning models using two real-world tasks from medical imaging. The discrepancy ratio metric reveals what conventional metrics do not: that our models not only vastly exceed the average human performance, but even exceed the performance of the best human experts in our datasets.",None
https://openreview.net/forum?id=rklk_ySYPB,Provable robustness against all adversarial $l_p$-perturbations for $p\geq 1$,adversarial robustness; provable guarantees,We introduce a method to train models with provable robustness wrt all the $l_p$-norms for $p\geq 1$ simultaneously.,"In recent years several adversarial attacks and defenses have been proposed. Often seemingly robust models turn out to be non-robust when more sophisticated attacks are used. One way out of this dilemma are provable robustness guarantees. While provably robust models for specific $l_p$-perturbation models have been developed, we show that they do not come with any guarantee against other $l_q$-perturbations. We propose a new regularization scheme, MMR-Universal, for ReLU networks which enforces robustness wrt $l_1$- \textit{and} $l_\infty$-perturbations and show how that leads to the first provably robust models wrt any $l_p$-norm for $p\geq 1$.",None
https://openreview.net/forum?id=SJxSOJStPr,A Neural Dirichlet Process Mixture Model for Task-Free Continual Learning,continual learning; task-free; task-agnostic,We propose an expansion-based approach for task-free continual learning for the first time. Our model consists of a set of neural network experts and expands the number of experts under the Bayesian nonparametric principle.,"Despite the growing interest in continual learning, most of its contemporary works have been studied in a rather restricted setting where tasks are clearly distinguishable, and task boundaries are known during training. However, if our goal is to develop an algorithm that learns as humans do, this setting is far from realistic, and it is essential to develop a methodology that works in a task-free manner. Meanwhile, among several branches of continual learning, expansion-based methods have the advantage of eliminating catastrophic forgetting by allocating new resources to learn new data. In this work, we propose an expansion-based approach for task-free continual learning. Our model, named Continual Neural Dirichlet Process Mixture (CN-DPM), consists of a set of neural network experts that are in charge of a subset of the data. CN-DPM expands the number of experts in a principled way under the Bayesian nonparametric framework. With extensive experiments, we show that our model successfully performs task-free continual learning for both discriminative and generative tasks such as image classification and image generation.",None
https://openreview.net/forum?id=BJlZ5ySKPH,U-GAT-IT: Unsupervised Generative Attentional Networks with Adaptive Layer-Instance Normalization for Image-to-Image Translation,Image-to-Image Translation; Generative Attentional Networks; Adaptive Layer-Instance Normalization,None,"We propose a novel method for unsupervised image-to-image translation, which incorporates a new attention module and a new learnable normalization function in an end-to-end manner. The attention module guides our model to focus on more important regions distinguishing between source and target domains based on the attention map obtained by the auxiliary classifier. Unlike previous attention-based method which cannot handle the geometric changes between domains, our model can translate both images requiring holistic changes and images requiring large shape changes. Moreover, our new AdaLIN (Adaptive Layer-Instance Normalization) function helps our attention-guided model to flexibly control the amount of change in shape and texture by learned parameters depending on datasets. Experimental results show the superiority of the proposed method compared to the existing state-of-the-art models with a fixed network architecture and hyper-parameters.",None
https://openreview.net/forum?id=Bke89JBtvB,Batch-shaping for learning conditional channel gated networks,Conditional computation; channel gated networks; gating; Batch-shaping; distribution matching; image classification; semantic segmentation,A method that trains large capacity neural networks with significantly improved accuracy and lower dynamic computational cost,"We present a method that trains large capacity neural networks with significantly improved accuracy and lower dynamic computational cost. This is achieved by gating the deep-learning architecture on a fine-grained-level. Individual convolutional maps are turned on/off conditionally on features in the network. To achieve this, we introduce a new residual block architecture that gates convolutional channels in a fine-grained manner. We also introduce a generally applicable tool batch-shaping that matches the marginal aggregate posteriors of features in a neural network to a pre-specified prior distribution. We use this novel technique to force gates to be more conditional on the data. We present results on CIFAR-10 and ImageNet datasets for image classification, and Cityscapes for semantic segmentation. Our results show that our method can slim down large architectures conditionally, such that the average computational cost on the data is on par with a smaller architecture, but with higher accuracy. In particular, on ImageNet, our ResNet50 and ResNet34 gated networks obtain 74.60% and 72.55% top-1 accuracy compared to the 69.76% accuracy of the baseline ResNet18 model, for similar complexity. We also show that the resulting networks automatically learn to use more features for difficult examples and fewer features for simple examples.",None
https://openreview.net/forum?id=B1lDoJSYDH,Lagrangian Fluid Simulation with Continuous Convolutions,particle-based physics; fluid mechanics; continuous convolutions; material estimation,We learn particle-based fluid simulation with convolutional networks.,"We present an approach to Lagrangian fluid simulation with a new type of convolutional network. Our networks process sets of moving particles, which describe fluids in space and time. Unlike previous approaches, we do not build an explicit graph structure to connect the particles but use spatial convolutions as the main differentiable operation that relates particles to their neighbors. To this end we present a simple, novel, and effective extension of N-D convolutions to the continuous domain. We show that our network architecture can simulate different materials, generalizes to arbitrary collision geometries, and can be used for inverse problems. In addition, we demonstrate that our continuous convolutions outperform prior formulations in terms of accuracy and speed.",None
https://openreview.net/forum?id=rkxDoJBYPB,Reinforced Genetic Algorithm Learning for Optimizing Computation Graphs,reinforcement learning; learning to optimize; combinatorial optimization; computation graphs; model parallelism; learning for systems,"We use deep RL to learn a policy that directs the search of a genetic algorithm to better optimize the execution cost of computation graphs, and show improved results on real-world TensorFlow graphs.","We present a deep reinforcement learning approach to minimizing the execution cost of neural network computation graphs in an optimizing compiler. Unlike earlier learning-based works that require training the optimizer on the same graph to be optimized, we propose a learning approach that trains an optimizer offline and then generalizes to previously unseen graphs without further training. This allows our approach to produce high-quality execution decisions on real-world TensorFlow graphs in seconds instead of hours. We consider two optimization tasks for computation graphs: minimizing running time and peak memory usage. In comparison to an extensive set of baselines, our approach achieves significant improvements over classical and other learning-based methods on these two tasks.",None
https://openreview.net/forum?id=SylzhkBtDB,Understanding and Improving Information Transfer in Multi-Task Learning,Multi-Task Learning,A Theoretical Study of Multi-Task Learning with Practical Implications for Improving Multi-Task Training and Transfer Learning,"We investigate multi-task learning approaches that use a shared feature representation for all tasks. To better understand the transfer of task information, we study an architecture with a shared module for all tasks and a separate output module for each task. We study the theory of this setting on linear and ReLU-activated models. Our key observation is that whether or not tasks' data are well-aligned can significantly affect the performance of multi-task learning. We show that misalignment between task data can cause negative transfer (or hurt performance) and provide sufficient conditions for positive transfer. Inspired by the theoretical insights, we show that aligning tasks' embedding layers leads to performance gains for multi-task training and transfer learning on the GLUE benchmark and sentiment analysis tasks; for example, we obtained a 2.35% GLUE score average improvement on 5 GLUE tasks over BERT LARGE using our alignment method. We also design an SVD-based task re-weighting scheme and show that it improves the robustness of multi-task training on a multi-label image dataset.",None
https://openreview.net/forum?id=Skx82ySYPH,Neural Outlier Rejection for Self-Supervised Keypoint Learning,Self-Supervised Learning; Keypoint Detection; Outlier Rejection; Deep Learning,"Learning to extract distinguishable keypoints from a proxy task, outlier rejection.","Identifying salient points in images is a crucial component for visual odometry, Structure-from-Motion or SLAM algorithms. Recently, several learned keypoint methods have demonstrated compelling performance on challenging benchmarks.  However, generating consistent and accurate training data for interest-point detection in natural images still remains challenging, especially for human annotators. We introduce IO-Net (i.e. InlierOutlierNet), a novel proxy task for the self-supervision of keypoint detection, description and matching. By making the sampling of inlier-outlier sets from point-pair correspondences fully differentiable within the keypoint learning framework, we show that are able to simultaneously self-supervise keypoint description and improve keypoint matching. Second, we introduce KeyPointNet, a keypoint-network architecture that is especially amenable to robust keypoint detection and description. We design the network to allow local keypoint aggregation to avoid artifacts due to spatial discretizations commonly used for this task, and we improve fine-grained keypoint descriptor performance by taking advantage of efficient sub-pixel convolutions to upsample the descriptor feature-maps to a higher operating resolution. Through extensive experiments and ablative analysis, we show that the proposed self-supervised keypoint learning method greatly improves the quality of feature matching and homography estimation on challenging benchmarks over the state-of-the-art.",None
https://openreview.net/forum?id=SylO2yStDr,Reducing Transformer Depth on Demand with Structured Dropout,reduction; regularization; pruning; dropout; transformer,"Layerdrop, a form of structured dropout that allows you to train one model at training time and prune to any desired depth at test time. You can also use this to train even deeper models.","Overparametrized transformer networks have obtained state of the art results in various natural language processing tasks, such as machine translation, language modeling, and  question answering. These models contain hundreds of millions of parameters, necessitating a large amount of computation	and making them prone to overfitting. In this work, we explore LayerDrop, a form of structured dropout, which has a regularization effect during training and allows for efficient pruning at inference time. In particular, we show that it is possible to select sub-networks of any depth from one large network without having to finetune them and with limited impact on performance. We demonstrate the effectiveness of our	approach by improving the state of the art on machine translation, language modeling, summarization, question answering, and language understanding benchmarks. Moreover, we show that our approach leads to small BERT-like models of higher quality than when training from scratch or using distillation.",None
https://openreview.net/forum?id=rkg-TJBFPB,RIDE: Rewarding Impact-Driven Exploration for Procedurally-Generated Environments,reinforcement learning; exploration; curiosity,Reward agents for taking actions that lead to changes in the environment state.,"Exploration in sparse reward environments remains one of the key challenges of model-free reinforcement learning. Instead of solely relying on extrinsic rewards provided by the environment, many state-of-the-art methods use intrinsic rewards to encourage exploration. However, we show that existing methods fall short in procedurally-generated environments where an agent is unlikely to visit a state more than once. We propose a novel type of intrinsic reward which encourages the agent to take actions that lead to significant changes in its learned state representation. We evaluate our method on multiple challenging procedurally-generated tasks in MiniGrid, as well as on tasks with high-dimensional observations used in prior work. Our experiments demonstrate that this approach is more sample efficient than existing exploration methods, particularly for procedurally-generated MiniGrid environments. Furthermore, we analyze the learned behavior as well as the intrinsic reward received by our agent. In contrast to previous approaches, our intrinsic reward does not diminish during the course of training and it rewards the agent substantially more for interacting with objects that it can control.",None
https://openreview.net/forum?id=SkxQp1StDH,Low-dimensional statistical manifold embedding of directed graphs,graph embedding; information geometry; graph representations,"We propose a novel node embedding of directed graphs to statistical manifolds and analyze connections to divergence, geometry and efficient learning procedure.","We propose a novel node embedding of directed graphs to statistical manifolds, which is based on a global minimization of pairwise relative entropy and graph geodesics in a non-linear way. Each node is encoded with a probability density function over a measurable space. Furthermore, we analyze the connection of the geometrical properties of such embedding and their efficient learning procedure. Extensive experiments show that our proposed embedding is better preserving the global geodesic information of graphs, as well as outperforming existing embedding models on directed graphs in a variety of evaluation metrics, in an unsupervised setting.",None
https://openreview.net/forum?id=Hye1RJHKwB,Training Generative Adversarial Networks from Incomplete Observations using Factorised Discriminators,Adversarial Learning; Semi-supervised Learning; Image generation; Image segmentation; Missing Data,"We decompose the discriminator in a GAN in a principled way so that each component can be independently trained on different parts of the input. The resulting ""FactorGAN"" can be used for semi-supervised learning and in missing data scenarios.","Generative adversarial networks (GANs) have shown great success in applications such as image generation and inpainting.
However, they typically require large datasets, which are often not available, especially in the context of prediction tasks such as image segmentation that require labels. Therefore, methods such as the CycleGAN use more easily available unlabelled data, but do not offer a way to leverage additional labelled data for improved performance. To address this shortcoming, we show how to factorise the joint data distribution into a set of lower-dimensional distributions along with their dependencies. This allows splitting the discriminator in a GAN into multiple ""sub-discriminators"" that can be independently trained from incomplete observations. Their outputs can be combined to estimate the density ratio between the joint real and the generator distribution, which enables training generators as in the original GAN framework. We apply our method to image generation, image segmentation and audio source separation, and obtain improved performance over a standard GAN when additional incomplete training examples are available. For the Cityscapes segmentation task in particular, our method also improves accuracy by an absolute 14.9% over CycleGAN while using only 25 additional paired examples.",None
https://openreview.net/forum?id=SygKyeHKDH,Making Efficient Use of Demonstrations to Solve Hard Exploration Problems,imitation learning; deep learning; reinforcement learning,"We introduce R2D3, an agent that makes efficient use of demonstrations to solve hard exploration problems in partially observable environments with highly variable initial conditions.","This paper introduces R2D3, an agent that makes efficient use of demonstrations to solve hard exploration problems in partially observable environments with highly variable initial conditions. We also introduce a suite of eight tasks that combine these three properties, and show that R2D3 can solve several of the tasks where other state of the art methods (both with and without demonstrations) fail to see even a single successful trajectory after tens of billions of steps of exploration.",None
https://openreview.net/forum?id=rJxWxxSYvB,Spike-based causal inference for weight alignment,causal; inference; weight; transport; rdd; regression; discontinuity; design; cifar10; biologically; plausible,We present a learning rule for feedback weights in a spiking neural network that addresses the weight transport problem.,"In artificial neural networks trained with gradient descent, the weights used for processing stimuli are also used during backward passes to calculate gradients. For the real brain to approximate gradients, gradient information would have to be propagated separately, such that one set of synaptic weights is used for processing and another set is used for backward passes. This produces the so-called ""weight transport problem"" for biological models of learning, where the backward weights used to calculate gradients need to mirror the forward weights used to process stimuli. This weight transport problem has been considered so hard that popular proposals for biological learning assume that the backward weights are simply random, as in the feedback alignment algorithm. However, such random weights do not appear to work well for large networks. Here we show how the discontinuity introduced in a spiking system can lead to a solution to this problem. The resulting algorithm is a special case of an estimator used for causal inference in econometrics, regression discontinuity design. We show empirically that this algorithm rapidly makes the backward weights approximate the forward weights. As the backward weights become correct, this improves learning performance over feedback alignment on tasks such as Fashion-MNIST and CIFAR-10. Our results demonstrate that a simple learning rule in a spiking network can allow neurons to produce the right backward connections and thus solve the weight transport problem.",None
https://openreview.net/forum?id=BkxSmlBFvr,You CAN Teach an Old Dog New Tricks! On Training Knowledge Graph Embeddings,knowledge graph embeddings; hyperparameter optimization,We study the impact of training strategies on the performance of knowledge graph embeddings.,"Knowledge graph embedding (KGE) models learn algebraic representations of the entities and relations in a knowledge graph. A vast number of KGE techniques for multi-relational link prediction have been proposed in the recent literature, often with state-of-the-art performance. These approaches differ along a number of dimensions, including different model architectures, different training strategies, and different approaches to hyperparameter optimization. In this paper, we take a step back and aim to summarize and quantify empirically the impact of each of these dimensions on model performance. We report on the results of an extensive experimental study with popular model architectures and training strategies across a wide range of hyperparameter settings. We found that when trained appropriately, the relative performance differences between various model architectures often shrinks and sometimes even reverses when compared to prior results. For example, RESCAL~\citep{nickel2011three}, one of the first KGE models, showed strong performance when trained with state-of-the-art techniques; it was competitive to or outperformed more recent architectures. We also found that good (and often superior to prior studies) model configurations can be found by exploring relatively few random samples from a large hyperparameter space. Our results suggest that many of the more advanced architectures and techniques proposed in the literature should be revisited to reassess their individual benefits. To foster further reproducible research, we provide all our implementations and experimental results as part of the open source LibKGE framework.",None
https://openreview.net/forum?id=Sye57xStvB,Never Give Up: Learning Directed Exploration Strategies,deep reinforcement learning; exploration; intrinsic motivation,We propose a reinforcement learning agent to solve hard exploration games by learning a range of directed exploratory policies.,"We propose a reinforcement learning agent to solve hard exploration games by learning a range of directed exploratory policies. We construct an episodic memory-based intrinsic reward using k-nearest neighbors over the agent's recent experience to train the directed exploratory policies, thereby encouraging the agent to repeatedly revisit all states in its environment. A self-supervised inverse dynamics model is used to train the embeddings of the nearest neighbour lookup, biasing the novelty signal towards what the agent can control. We employ the framework of Universal Value Function Approximators to simultaneously learn many directed exploration policies with the same neural network, with different trade-offs between exploration and exploitation. By using the same neural network for different degrees of exploration/exploitation, transfer is demonstrated from predominantly exploratory policies yielding effective exploitative policies. The proposed method can be incorporated to run with modern distributed RL agents that collect large amounts of experience from many actors running in parallel on separate environment instances. Our method doubles the performance of the base agent in all hard exploration in the Atari-57 suite while maintaining a very high score across the remaining games, obtaining a median human normalised score of 1344.0%. Notably, the proposed method is the first algorithm to achieve non-zero rewards (with a mean score of 8,400) in the game of Pitfall! without using demonstrations or hand-crafted features.",None
https://openreview.net/forum?id=SylVNerFvr,Permutation Equivariant Models for Compositional Generalization in Language,Compositionality; Permutation Equivariance; Language Processing,"We propose a link between permutation equivariance and compositional generalization, and provide equivariant language models","Humans understand novel sentences by composing meanings and roles of core language components. In contrast, neural network models for natural language modeling fail when such compositional generalization is required. The main contribution of this paper is to hypothesize that language compositionality is a form of group-equivariance. Based on this hypothesis, we propose a set of tools for constructing equivariant sequence-to-sequence models. Throughout a variety of experiments on the SCAN tasks, we analyze the behavior of existing models under the lens of equivariance, and demonstrate that our equivariant architecture is able to achieve the type compositional generalization required in human language understanding.",None
https://openreview.net/forum?id=SJgwNerKvB,Continual learning with hypernetworks,Continual Learning; Catastrophic Forgetting; Meta Model; Hypernetwork,None,"Artificial neural networks suffer from catastrophic forgetting when they are sequentially trained on multiple tasks. To overcome this problem, we present a novel approach based on task-conditioned hypernetworks, i.e., networks that generate the weights of a target model based on task identity. Continual learning (CL) is less difficult for this class of models thanks to a simple key feature: instead of recalling the input-output relations of all previously seen data, task-conditioned hypernetworks only require rehearsing task-specific weight realizations, which can be maintained in memory using a simple regularizer. Besides achieving state-of-the-art performance on standard CL benchmarks, additional experiments on long task sequences reveal that task-conditioned hypernetworks display a very large capacity to retain previous memories. Notably, such long memory lifetimes are achieved in a compressive regime, when the number of trainable hypernetwork weights is comparable or smaller than target network size. We provide insight into the structure of low-dimensional task embedding spaces (the input space of the hypernetwork) and show that task-conditioned hypernetworks demonstrate transfer learning. Finally, forward information transfer is further supported by empirical results on a challenging CL benchmark based on the CIFAR-10/100 image datasets.",None
https://openreview.net/forum?id=rJxGLlBtwH,On the interaction between supervision and self-play in emergent communication,multi-agent communication; self-play; emergent languages,None,"A promising approach for teaching artificial agents to use natural language involves using human-in-the-loop training. However, recent work suggests that current machine learning methods are too data inefficient to be trained in this way from scratch. In this paper, we investigate the relationship between two categories of learning signals with the ultimate goal of improving sample efficiency: imitating human language data via supervised learning, and maximizing reward in a simulated multi-agent environment via self-play (as done in emergent communication), and introduce the term supervised self-play (S2P) for algorithms using both of these signals. We find that first training agents via supervised learning on human data followed by self-play outperforms the converse, suggesting that it is not beneficial to emerge languages from scratch. We then empirically investigate various S2P schedules that begin with supervised learning in two environments: a Lewis signaling game with symbolic inputs, and an image-based referential game with natural language descriptions. Lastly, we introduce population based approaches to S2P, which further improves the performance over single-agent methods.",None
https://openreview.net/forum?id=ByeMPlHKPH,Lite Transformer with Long-Short Range Attention,efficient model; transformer,None,"Transformer has become ubiquitous in natural language processing (e.g., machine translation, question answering); however, it requires enormous amount of computations to achieve high performance, which makes it not suitable for mobile applications that are tightly constrained by the hardware resources and battery. In this paper, we present an efficient mobile NLP architecture, Lite Transformer to facilitate deploying mobile NLP applications on edge devices. The key primitive is the Long-Short Range Attention (LSRA), where one group of heads specializes in the local context modeling (by convolution) while another group specializes in the long-distance relationship modeling (by attention). Such specialization brings consistent improvement over the vanilla transformer on three well-established language tasks: machine translation, abstractive summarization, and language modeling. Under constrained resources (500M/100M MACs), Lite Transformer outperforms transformer on WMT'14 English-French by 1.2/1.7 BLEU, respectively. Lite Transformer reduces the computation of transformer base model by 2.5x with 0.3 BLEU score degradation. Combining with pruning and quantization, we further compressed the model size of Lite Transformer by 18.2x. For language modeling, Lite Transformer achieves 1.8 lower perplexity than the transformer at around 500M MACs. Notably, Lite Transformer outperforms the AutoML-based Evolved Transformer by 0.5 higher BLEU for the mobile NLP setting without the costly architecture search that requires more than 250 GPU years. Code has been made available at https://github.com/mit-han-lab/lite-transformer.",None
https://openreview.net/forum?id=H1lNPxHKDH,A Function Space View of Bounded Norm Infinite Width ReLU Nets: The Multivariate Case,inductive bias; regularization; infinite-width networks; ReLU networks,"We characterize the space of functions realizable as a ReLU network with an unbounded number of units (infinite width), but where the Euclidean norm of the weights is bounded.","We give a tight characterization of the (vectorized Euclidean) norm of weights required to realize a function $f:\mathbb{R}\rightarrow \mathbb{R}^d$ as a single hidden-layer ReLU network with an unbounded number of units (infinite width), extending the univariate characterization of Savarese et al. (2019) to the multivariate case.",None
https://openreview.net/forum?id=rJe4_xSFDB,Lipschitz constant estimation of Neural Networks via sparse polynomial optimization,robust networks; Lipschitz constant; polynomial optimization,LP-based upper bounds on the Lipschitz constant of Neural Networks,"We introduce LiPopt, a polynomial optimization framework for computing increasingly tighter upper bound on the Lipschitz constant of neural networks. The underlying optimization problems boil down to either linear (LP) or semidefinite (SDP) programming. We show how to use the sparse connectivity of a network, to significantly reduce the complexity of computation. This is specially useful for convolutional as well as pruned neural networks. We conduct experiments on networks with random weights as well as networks trained on MNIST, showing that in the particular case of the $\ell_\infty$-Lipschitz constant, our approach yields superior estimates as compared to other baselines available in the literature.",None
https://openreview.net/forum?id=HJgpugrKPS,Scale-Equivariant Steerable Networks,Scale Equivariance; Steerable Filters,None,"The effectiveness of Convolutional Neural Networks (CNNs) has been substantially attributed to their built-in property of translation equivariance. However, CNNs do not have embedded mechanisms to handle other types of transformations. In this work, we pay attention to scale changes, which regularly appear in various tasks due to the changing distances between the objects and the camera. First, we introduce the general theory for building scale-equivariant convolutional networks with steerable filters. We develop scale-convolution and generalize other common blocks to be scale-equivariant. We demonstrate the computational efficiency and numerical stability of the proposed method. We compare the proposed models to the previously developed methods for scale equivariance and local scale invariance. We demonstrate state-of-the-art results on the MNIST-scale dataset and on the STL-10 dataset in the supervised learning setting.",None
https://openreview.net/forum?id=S1lxKlSKPH,Consistency Regularization for Generative Adversarial Networks,Generative Adversarial Networks; Consistency Regularization; GAN,None,"Generative Adversarial Networks (GANs) are known to be difficult to train, despite considerable research effort. Several regularization techniques for stabilizing training have been proposed, but they introduce non-trivial computational overheads and interact poorly with existing techniques like spectral normalization. In this work, we propose a simple, effective training stabilizer based on the notion of consistency regularization—a popular technique in the semi-supervised learning literature. In particular, we augment data passing into the GAN discriminator and penalize the sensitivity of the discriminator to these augmentations. We conduct a series of experiments to demonstrate that consistency regularization works effectively with spectral normalization and various GAN architectures, loss functions and optimizer settings. Our method achieves the best FID scores for unconditional image generation compared to other regularization methods on CIFAR-10 and CelebA. Moreover, Our consistency regularized GAN (CR-GAN) improves state of-the-art FID scores for conditional generation from 14.73 to 11.48 on CIFAR-10 and from 8.73 to 6.66 on ImageNet-2012.",None
https://openreview.net/forum?id=BJxI5gHKDr,Pitfalls of In-Domain Uncertainty Estimation and Ensembling in Deep Learning,uncertainty; in-domain uncertainty; deep ensembles; ensemble learning; deep learning,We highlight the problems with common metrics of in-domain uncertainty and perform a broad study of modern ensembling techniques.,"Uncertainty estimation and ensembling methods go hand-in-hand. Uncertainty estimation is one of the main benchmarks for assessment of ensembling performance. At the same time, deep learning ensembles have provided state-of-the-art results in uncertainty estimation. In this work, we focus on in-domain uncertainty for image classification. We explore the standards for its quantification and point out pitfalls of existing metrics. Avoiding these pitfalls, we perform a broad study of different ensembling techniques. To provide more insight in this study, we introduce the deep ensemble equivalent score (DEE) and show that many sophisticated ensembling techniques are equivalent to an ensemble of only few independently trained networks in terms of test performance.",None
https://openreview.net/forum?id=r1g6ogrtDr,Co-Attentive Equivariant Neural Networks: Focusing Equivariance On Transformations Co-Occurring in Data,Equivariant Neural Networks; Attention Mechanisms; Deep Learning,We utilize attention to restrict equivariant neural networks to the set or co-occurring transformations in data.,"Equivariance is a nice property to have as it produces much more parameter efficient neural architectures and preserves the structure of the input through the feature mapping. Even though some combinations of transformations might never appear (e.g. an upright face with a horizontal nose), current equivariant architectures consider the set of all possible transformations in a transformation group when learning feature representations. Contrarily, the human visual system is able to attend to the set of relevant transformations occurring in the environment and utilizes this information to assist and improve object recognition. Based on this observation, we modify conventional equivariant feature mappings such that they are able to attend to the set of co-occurring transformations in data and generalize this notion to act on groups consisting of multiple symmetries. We show that our proposed co-attentive equivariant neural networks consistently outperform conventional rotation equivariant and rotation & reflection equivariant neural networks on rotated MNIST and CIFAR-10.",None
https://openreview.net/forum?id=rkg1ngrFPr,Information Geometry of Orthogonal Initializations and Training,Fisher; mean-field; deep learning,"nearly isometric DNN initializations imply low parameter space curvature, and a lower condition number, but that's not always great","Recently mean field theory has been successfully used to analyze properties
    of wide, random neural networks. It gave rise to a prescriptive theory for
    initializing feed-forward neural networks with orthogonal weights, which
    ensures that both the forward propagated activations and the backpropagated
    gradients are near \(\ell_2\) isometries and as a consequence training is
    orders of magnitude faster. Despite strong empirical performance, the
    mechanisms by which critical initializations confer an advantage in the
    optimization of deep neural networks are poorly understood. Here we show a
    novel connection between the maximum curvature of the optimization landscape
    (gradient smoothness) as measured by the Fisher information matrix (FIM) and
    the spectral radius of the input-output Jacobian, which partially explains
    why more isometric networks can train much faster. Furthermore, given that
    orthogonal weights are necessary to ensure that gradient norms are
    approximately preserved at initialization, we experimentally investigate the
    benefits of maintaining orthogonality throughout training, and we conclude
    that manifold optimization of weights performs well regardless of the
    smoothness of the gradients. Moreover, we observe a surprising yet robust
    behavior of highly isometric initializations --- even though such networks
    have a lower FIM condition number \emph{at initialization}, and therefore by
    analogy to convex functions should be easier to optimize, experimentally
    they prove to be much harder to train with stochastic gradient descent. We
    conjecture the FIM condition number plays a non-trivial role in the optimization.",None
https://openreview.net/forum?id=HJxdTxHYvB,BREAKING  CERTIFIED  DEFENSES:  SEMANTIC  ADVERSARIAL  EXAMPLES  WITH  SPOOFED  ROBUSTNESS  CERTIFICATES,None,None,"Defenses against adversarial attacks can be classified into certified and non-certified. Certifiable defenses make networks robust within a certain $\ell_p$-bounded radius, so that it is impossible for the adversary to make adversarial examples in the certificate bound. We present an attack that maintains the imperceptibility property of adversarial examples while being outside of the certified radius. Furthermore, the proposed ""Shadow Attack"" can fool certifiably robust networks by producing an imperceptible adversarial example that gets misclassified and produces a strong ``spoofed'' certificate.",None
https://openreview.net/forum?id=Skxd6gSYDS,Query-efficient Meta Attack to Deep Neural Networks,Adversarial attack; Meta learning,None,"Black-box attack methods aim to infer suitable attack patterns to targeted DNN models by only using output feedback of the models and the corresponding input queries. However, due to lack of prior and inefficiency in leveraging the query and feedback information, existing methods are mostly query-intensive for obtaining effective attack patterns. In this work, we propose a meta attack approach that is capable of attacking a targeted  model with much fewer queries. Its high query-efficiency stems from effective utilization of  meta learning approaches in learning generalizable prior abstraction from the previously observed attack patterns and exploiting  such prior to help infer attack patterns from only a few queries and outputs. Extensive experiments on MNIST, CIFAR10 and tiny-Imagenet demonstrate that our meta-attack method can remarkably reduce the number of model queries without sacrificing the attack performance. Besides, the obtained meta attacker is not restricted to a particular model but can be used easily with a fast adaptive ability to attack a variety of models. Our code will be released to the public.",None
https://openreview.net/forum?id=Hyg96gBKPS,Monotonic Multihead Attention,Simultaneous Translation; Transformer; Monotonic Attention,Make the transformer streamable with monotonic attention.,"Simultaneous machine translation models start generating a target sequence before they have encoded or read the source sequence. Recent approach for this task either apply a fixed policy on transformer, or a learnable monotonic attention on a weaker recurrent neural network based structure. In this paper, we propose a new attention mechanism, Monotonic Multihead Attention (MMA), which introduced the monotonic attention mechanism to multihead attention. We also introduced two novel interpretable approaches for latency control that are specifically designed for multiple attentions. We apply MMA to the simultaneous machine translation task and demonstrate better latency-quality tradeoffs compared to MILk, the previous state-of-the-art approach.",None
https://openreview.net/forum?id=ryxyCeHtPB,"Pay Attention to Features, Transfer Learn Faster CNNs",transfer learning; pruning; faster CNNs,"We introduce attentive feature distillation and selection, to fine-tune a large model and produce a faster one.","Deep convolutional neural networks are now widely deployed in vision applications, but a limited size of training data can restrict their task performance. Transfer learning offers the chance for CNNs to learn with limited data samples by transferring knowledge from models pretrained on large datasets. Blindly transferring all learned features from the source dataset, however, brings unnecessary computation to CNNs on the target task. In this paper, we propose attentive feature distillation and selection (AFDS), which not only adjusts the strength of transfer learning regularization but also dynamically determines the important features to transfer. By deploying AFDS on ResNet-101, we achieved a state-of-the-art computation reduction at the same accuracy budget, outperforming all existing transfer learning methods. With a 10x MACs reduction budget, a ResNet-101 equipped with AFDS transfer learned from ImageNet to Stanford Dogs 120, can achieve an accuracy 11.07% higher than its best competitor.",None
https://openreview.net/forum?id=rJljdh4KDH,Multi-Scale Representation Learning  for Spatial Feature Distributions using Grid Cells,Grid cell; space encoding; spatially explicit model; multi-scale periodic representation; unsupervised learning,We propose a representation learning model called Space2vec to encode the absolute positions and spatial relationships of places.,"Unsupervised text encoding models have recently fueled substantial progress in NLP. The key idea is to use neural networks to convert words in texts to vector space representations (embeddings) based on word positions in a sentence and their contexts, which are suitable for end-to-end training of downstream tasks. We see a strikingly similar situation in spatial analysis, which focuses on incorporating both absolute positions and spatial contexts of geographic objects such as POIs into models. A general-purpose representation model for space is valuable for a multitude of tasks. However, no such general model exists to date beyond simply applying discretization or feed-forward nets to coordinates, and little effort has been put into jointly modeling distributions with vastly different characteristics, which commonly emerges from GIS data. Meanwhile, Nobel Prize-winning Neuroscience research shows that grid cells in mammals provide a multi-scale periodic representation that functions as a metric for location encoding and is critical for recognizing places and for path-integration. Therefore, we propose a representation learning model called Space2Vec to encode the absolute positions and spatial relationships of places. We conduct experiments on two real-world geographic data for two different tasks: 1) predicting types of POIs given their positions and context, 2) image classification leveraging their geo-locations. Results show that because of its multi-scale representations, Space2Vec outperforms well-established ML approaches such as RBF kernels, multi-layer feed-forward nets, and tile embedding approaches for location modeling and image classification tasks. Detailed analysis shows that all baselines can at most well handle distribution at one scale but show poor performances in other scales. In contrast, Space2Vec ’s multi-scale representation can handle distributions at different scales.",None
https://openreview.net/forum?id=B1e9Y2NYvS,On Robustness of Neural Ordinary Differential Equations,Neural ODE,None,"Neural ordinary differential equations (ODEs) have been attracting increasing attention in various research domains recently.  There have been some works studying optimization issues and approximation capabilities of neural ODEs, but their robustness is still yet unclear. In this work, we fill this important gap by exploring robustness properties of neural ODEs both empirically and theoretically. We first present an empirical study on the robustness of the neural ODE-based networks (ODENets) by exposing them to inputs with various types of perturbations and subsequently investigating the changes of the corresponding outputs. In contrast to conventional convolutional neural networks (CNNs), we find that the ODENets are more robust against both random Gaussian perturbations and adversarial attack examples. We then provide an insightful understanding of this phenomenon by exploiting a certain desirable property of the flow of a continuous-time ODE, namely that integral curves are non-intersecting. Our work suggests that, due to their intrinsic robustness, it is promising to use neural ODEs as a basic block for building robust deep network models. To further enhance the robustness of vanilla neural ODEs, we propose the time-invariant steady neural ODE (TisODE), which regularizes the flow on perturbed data via the time-invariant property and the imposition of a steady-state constraint. We show that the TisODE method outperforms vanilla neural ODEs and also can work in conjunction with other state-of-the-art architectural methods to build more robust deep networks.",None
https://openreview.net/forum?id=rklEj2EFvB,Estimating Gradients for Discrete Random Variables by Sampling without Replacement,gradient; estimator; discrete; categorical; sampling; without replacement; reinforce; baseline; variance; gumbel; vae; structured prediction,"We derive a low-variance, unbiased gradient estimator for expectations over discrete random variables based on sampling without replacement","We derive an unbiased estimator for expectations over discrete random variables based on sampling without replacement, which reduces variance as it avoids duplicate samples. We show that our estimator can be derived as the Rao-Blackwellization of three different estimators. Combining our estimator with REINFORCE, we obtain a policy gradient estimator and we reduce its variance using a built-in control variate which is obtained without additional model evaluations. The resulting estimator is closely related to other gradient estimators. Experiments with a toy problem, a categorical Variational Auto-Encoder and a structured prediction problem show that our estimator is the only estimator that is consistently among the best estimators in both high and low entropy settings.",None
https://openreview.net/forum?id=HyeSin4FPB,Learning to Control PDEs with Differentiable Physics,Differentiable physics; Optimal control; Deep learning,We train a combination of neural networks to predict optimal trajectories for complex physical systems.,"Predicting outcomes and planning interactions with the physical world are long-standing goals for machine learning. A variety of such tasks involves continuous physical systems, which can be described by partial differential equations (PDEs) with many degrees of freedom. Existing methods that aim to control the dynamics of such systems are typically limited to relatively short time frames or a small number of interaction parameters. We present a novel hierarchical predictor-corrector scheme which enables neural networks to learn to understand and control complex nonlinear physical systems over long time frames. We propose to split the problem into two distinct tasks: planning and control. To this end, we introduce a predictor network that plans optimal trajectories and a control network that infers the corresponding control parameters. Both stages are trained end-to-end using a differentiable PDE solver. We demonstrate that our method successfully develops an understanding of complex physical systems and learns to control them for tasks involving PDEs such as the incompressible Navier-Stokes equations.",None
https://openreview.net/forum?id=BJlRs34Fvr,Skip Connections Matter: On the Transferability of Adversarial Examples Generated with ResNets,Adversarial Example; Transferability; Skip Connection; Neural Network,We identify the security weakness of skip connections in ResNet-like neural networks,"Skip connections are an essential component of current state-of-the-art deep neural networks (DNNs) such as ResNet, WideResNet, DenseNet, and ResNeXt. Despite their huge success in building deeper and more powerful DNNs, we identify a surprising \emph{security weakness} of skip connections in this paper. Use of skip connections \textit{allows easier generation of highly transferable adversarial examples}. Specifically, in ResNet-like (with skip connections) neural networks, gradients can backpropagate through either skip connections or residual modules. We find that using more gradients from the skip connections rather than the residual modules according to a decay factor, allows one to craft adversarial examples with high transferability. Our method is termed \emph{Skip Gradient Method} (SGM). We conduct comprehensive transfer attacks against state-of-the-art DNNs including ResNets, DenseNets, Inceptions, Inception-ResNet, Squeeze-and-Excitation Network (SENet) and robustly trained DNNs. We show that employing SGM on the gradient flow can greatly improve the transferability of crafted attacks in almost all cases. Furthermore, SGM can be easily combined with existing black-box attack techniques, and obtain high improvements over state-of-the-art transferability methods. Our findings not only motivate new research into the architectural vulnerability of DNNs, but also open up further challenges for the design of secure DNN architectures.",None
https://openreview.net/forum?id=Byl8hhNYPS,Neural Machine Translation with Universal Visual Representation,Neural Machine Translation; Visual Representation; Multimodal Machine Translation; Language Representation,"This work proposed a universal visual representation for neural machine translation (NMT) using retrieved images with similar topics to source sentence,  extending image applicability in NMT.","Though visual information has been introduced for enhancing neural machine translation (NMT), its effectiveness strongly relies on the availability of large amounts of bilingual parallel sentence pairs with manual image annotations. In this paper, we present a universal visual representation learned over the monolingual corpora with image annotations, which overcomes the lack of large-scale bilingual sentence-image pairs, thereby extending image applicability in NMT. In detail, a group of images with similar topics to the source sentence will be retrieved from a light topic-image lookup table learned over the existing sentence-image pairs, and then is encoded as image representations by a pre-trained ResNet. An attention layer with a gated weighting is to fuse the visual information and text information as input to the decoder for predicting target translations. In particular, the proposed method enables the visual information to be integrated into large-scale text-only NMT in addition to the multimodel NMT. Experiments on four widely used translation datasets, including the WMT'16 English-to-Romanian, WMT'14 English-to-German, WMT'14 English-to-French, and Multi30K, show that the proposed approach achieves significant improvements over strong baselines.",None
https://openreview.net/forum?id=BJeKh3VYDH,Tranquil Clouds: Neural Networks for Learning Temporally Coherent Features in Point Clouds,point clouds; spatio-temporal representations; Lagrangian data; temporal coherence; super-resolution; denoising,We propose a generative neural network approach for temporally coherent point clouds.,"Point clouds, as a form of Lagrangian representation, allow for powerful and flexible applications in a large number of computational disciplines. We propose a novel deep-learning method to learn stable and temporally coherent feature spaces for points clouds that change over time. We identify a set of inherent problems with these approaches: without knowledge of the time dimension, the inferred solutions can exhibit strong flickering, and easy solutions to suppress this flickering can result in undesirable local minima that manifest themselves as halo structures. We propose a novel temporal loss function that takes into account higher time derivatives of the point positions, and encourages mingling, i.e., to prevent the aforementioned halos. We combine these techniques in a super-resolution method with a truncation approach to flexibly adapt the size of the generated positions. We show that our method works for large, deforming point sets from different sources to demonstrate the flexibility of our approach.",None
https://openreview.net/forum?id=BJlS634tPr,PC-DARTS: Partial Channel Connections for Memory-Efficient Architecture Search,Neural Architecture Search; DARTS; Regularization; Normalization,Allowing partial channel connection in super-networks to regularize and accelerate differentiable architecture search,"Differentiable architecture search (DARTS) provided a fast solution in finding effective network architectures, but suffered from large memory and computing overheads in jointly training a super-net and searching for an optimal architecture. In this paper, we present a novel approach, namely  Partially-Connected DARTS, by sampling a small part of super-net to reduce the redundancy in exploring the network space, thereby performing a more efficient search without comprising the performance. In particular, we perform operation search in a subset of channels while bypassing the held out part in a shortcut. This strategy may suffer from an undesired inconsistency on selecting the edges of super-net caused by sampling different channels. We solve it by introducing  edge normalization, which adds a new set of edge-level hyper-parameters to reduce uncertainty in search. Thanks to the reduced memory cost, PC-DARTS can be trained with a larger batch size and, consequently, enjoy both faster speed and higher training stability. Experiment results demonstrate the effectiveness of the proposed method. Specifically, we achieve an error rate of 2.57% on CIFAR10 within merely 0.1 GPU-days for architecture search, and a state-of-the-art top-1 error rate of 24.2% on ImageNet (under the mobile setting) within 3.8 GPU-days for search. Our code has been made available at https://www.dropbox.com/sh/on9lg3rpx1r6dkf/AABG5mt0sMHjnEJyoRnLEYW4a?dl=0.",None
https://openreview.net/forum?id=BJgy96EYvr,Influence-Based Multi-Agent Exploration,Multi-agent reinforcement learning; Exploration,None,"Intrinsically motivated reinforcement learning aims to address the exploration challenge for sparse-reward tasks. However, the study of exploration methods in transition-dependent multi-agent settings is largely absent from the literature. We aim to take a step towards solving this problem. We present two exploration methods: exploration via information-theoretic influence (EITI) and exploration via decision-theoretic influence (EDTI), by exploiting the role of interaction in coordinated behaviors of agents. EITI uses mutual information to capture the interdependence between the transition dynamics of agents. EDTI uses a novel intrinsic reward, called Value of Interaction (VoI), to characterize and quantify the influence of one agent's behavior on expected returns of other agents. By optimizing EITI or EDTI objective as a regularizer, agents are encouraged to coordinate their exploration and learn policies to optimize the team performance. We show how to optimize these regularizers so that they can be easily integrated with policy gradient reinforcement learning. The resulting update rule draws a connection between coordinated exploration and intrinsic reward distribution. Finally, we empirically demonstrate the significant strength of our methods in a variety of multi-agent scenarios.",None
https://openreview.net/forum?id=SJeqs6EFvB,HOPPITY: LEARNING GRAPH TRANSFORMATIONS TO DETECT AND FIX BUGS IN PROGRAMS,Bug Detection; Program Repair; Graph Neural Network; Graph Transformation,An learning-based approach for detecting and fixing bugs in Javascript,"We present a learning-based approach to detect and fix a broad range of bugs in Javascript programs. We frame the problem in terms of learning a sequence of graph transformations: given a buggy program modeled by a graph structure, our model makes a sequence of predictions including the position of bug nodes and corresponding graph edits to produce a fix. Unlike previous works that use deep neural networks, our approach targets bugs that are more complex and semantic in nature (i.e.~bugs that require adding or deleting statements to fix). We have realized our approach in a tool called HOPPITY. By training on 290,715 Javascript code change commits on Github, HOPPITY correctly detects and fixes bugs in 9,490 out of 36,361 programs in an end-to-end fashion. Given the bug location and type of the fix, HOPPITY also outperforms the baseline approach by a wide margin.",None
https://openreview.net/forum?id=HJenn6VFvB,Hamiltonian Generative Networks,Hamiltonian dynamics; normalising flows; generative model; physics,We introduce a class of generative models that reliably learn Hamiltonian dynamics from high-dimensional observations. The learnt Hamiltonian can be applied to sequence modeling or as a normalising flow.,"The Hamiltonian formalism plays a central role in classical and quantum physics. Hamiltonians are the main tool for modelling the continuous time evolution of systems with conserved quantities, and they come equipped with many useful properties, like time reversibility and smooth interpolation in time. These properties are important for many machine learning problems - from sequence prediction to reinforcement learning and density modelling - but are not typically provided out of the box by standard tools such as recurrent neural networks. In this paper, we introduce the Hamiltonian Generative Network (HGN), the first approach capable of consistently learning Hamiltonian dynamics from high-dimensional observations (such as images) without restrictive domain assumptions. Once trained, we can use HGN to sample new trajectories, perform rollouts both forward and backward in time, and even speed up or slow down the learned dynamics. We demonstrate how a simple modification of the network architecture turns HGN into a powerful normalising flow model, called Neural Hamiltonian Flow (NHF), that uses Hamiltonian dynamics to model expressive densities. Hence, we hope that our work serves as a first practical demonstration of the value that the Hamiltonian formalism can bring to machine learning. More results and video evaluations are available at: http://tiny.cc/hgn",None
https://openreview.net/forum?id=BJg866NFvB,Estimating counterfactual treatment outcomes over time through adversarially balanced representations,treatment effects over time; causal inference; counterfactual estimation,None,"Identifying when to give treatments to patients and how to select among multiple treatments over time are important medical problems with a few existing solutions. In this paper, we introduce the Counterfactual Recurrent Network (CRN), a novel sequence-to-sequence model that leverages the increasingly available patient observational data to estimate treatment effects over time and answer such medical questions. To handle the bias from time-varying confounders, covariates affecting the treatment assignment policy in the observational data, CRN uses domain adversarial training to build balancing representations of the patient history. At each timestep, CRN constructs a treatment invariant representation which removes the association between patient history and treatment assignments and thus can be reliably used for making counterfactual predictions. On a simulated model of tumour growth, with varying degree of time-dependent confounding, we show how our model achieves lower error in estimating counterfactuals and in choosing the correct treatment and timing of treatment than current state-of-the-art methods.",None
https://openreview.net/forum?id=Skep6TVYDB,Gradientless Descent: High-Dimensional Zeroth-Order Optimization,Zeroth Order Optimization,Gradientless Descent is a provably efficient gradient-free algorithm that is monotone-invariant and fast for high-dimensional zero-th order optimization.,"Zeroth-order optimization is the process of minimizing an objective $f(x)$, given oracle access to evaluations at adaptively chosen inputs $x$. In this paper, we present two simple yet powerful GradientLess Descent (GLD) algorithms that do not rely on an underlying gradient estimate and are numerically stable. We analyze our algorithm from a novel geometric perspective and we show that for {\it any monotone transform} of a smooth and strongly convex objective with latent dimension $k \ge n$, we present a novel analysis that shows convergence within an $\epsilon$-ball of the optimum in $O(kQ\log(n)\log(R/\epsilon))$ evaluations, where the input dimension is $n$, $R$ is the diameter of the input space and $Q$ is the condition number. Our rates are the first of its kind to be both 1) poly-logarithmically dependent on dimensionality and 2) invariant under monotone transformations. We further leverage our geometric perspective to show that our analysis is optimal. Both monotone invariance and its ability to utilize a low latent dimensionality are key to the empirical success of our algorithms, as demonstrated on synthetic and MuJoCo benchmarks.",None
https://openreview.net/forum?id=ByxxgCEYDS,Inductive Matrix Completion Based on Graph Neural Networks,matrix completion; graph neural network,None,"We propose an inductive matrix completion model without using side information. By factorizing the (rating) matrix into the product of low-dimensional latent embeddings of rows (users) and columns (items), a majority of existing matrix completion methods are transductive, since the learned embeddings cannot generalize to unseen rows/columns or to new matrices. To make matrix completion inductive, most previous works use content (side information), such as user's age or movie's genre, to make predictions. However, high-quality content is not always available, and can be hard to extract. Under the extreme setting where not any side information is available other than the matrix to complete, can we still learn an inductive matrix completion model? In this paper, we propose an Inductive Graph-based Matrix Completion (IGMC) model to address this problem. IGMC trains a graph neural network (GNN) based purely on 1-hop subgraphs around (user, item) pairs generated from the rating matrix and maps these subgraphs to their corresponding ratings. It achieves highly competitive performance with state-of-the-art transductive baselines. In addition, IGMC is inductive -- it can generalize to users/items unseen during the training (given that their interactions exist), and can even transfer to new tasks. Our transfer learning experiments show that a model trained out of the MovieLens dataset can be directly used to predict Douban movie ratings with surprisingly good performance. Our work demonstrates that: 1) it is possible to train inductive matrix completion models without using side information while achieving similar or better performances than state-of-the-art transductive methods; 2) local graph patterns around a (user, item) pair are effective predictors of the rating this user gives to the item; and 3) Long-range dependencies might not be necessary for modeling recommender systems.",None
https://openreview.net/forum?id=HklSeREtPB,Emergence of functional and structural properties of the head direction system by optimization of recurrent neural networks,recurrent network; head direction system; neural circuits; neural coding,Artificial neural networks trained with gradient descent are capable of recapitulating both realistic neural activity and the anatomical organization of a biological circuit.,"Recent work suggests goal-driven training of neural networks can be used to model neural activity in the brain. While response properties of neurons in artificial neural networks bear similarities to those in the brain, the network architectures are often constrained to be different. Here we ask if a neural network can recover both neural representations and, if the architecture is unconstrained and optimized, also the anatomical properties of neural circuits. We demonstrate this in a system where the connectivity and the functional organization have been characterized, namely, the head direction circuit of the rodent and fruit fly. We trained recurrent neural networks (RNNs) to estimate head direction through integration of angular velocity. We found that the two distinct classes of neurons observed in the head direction system, the Compass neurons and the Shifter neurons, emerged naturally in artificial neural networks as a result of training. Furthermore, connectivity analysis and in-silico neurophysiology revealed structural and mechanistic similarities between artificial networks and the head direction system. Overall, our results show that optimization of RNNs in a goal-driven task can recapitulate the structure and function of biological circuits, suggesting that artificial neural networks can be used to study the brain at the level of both neural activity and anatomical organization.",None
https://openreview.net/forum?id=SyxrxR4KPS,Deep neuroethology of a virtual rodent,computational neuroscience; motor control; deep RL,"We built a physical simulation of a rodent, trained it to solve a set of tasks, and analyzed the resulting networks.","Parallel developments in neuroscience and deep learning have led to mutually productive exchanges, pushing our understanding of real and artificial neural networks in sensory and cognitive systems. However, this interaction between fields is less developed in the study of motor control. In this work, we develop a virtual rodent as a platform for the grounded study of motor activity in artificial models of embodied control. We then use this platform to study motor activity across contexts by training a model to solve four complex tasks. Using methods familiar to neuroscientists, we describe the behavioral representations and algorithms employed by different layers of the network using a neuroethological approach to characterize motor activity relative to the rodent's behavior and goals. We find that the model uses two classes of representations which respectively encode the task-specific behavioral strategies and task-invariant behavioral kinematics. These representations are reflected in the sequential activity and population dynamics of neural subpopulations. Overall, the virtual rodent facilitates grounded collaborations between deep reinforcement learning and motor neuroscience.",None
https://openreview.net/forum?id=HkxYzANYDB,CLEVRER: Collision Events for Video Representation and Reasoning,Neuro-symbolic; Reasoning,We present a diagnostic dataset for systematic study of temporal and casual reasoning in videos.,"The ability to reason about temporal and causal events from videos lies at the core of human intelligence. Most video reasoning benchmarks, however, focus on pattern recognition from complex visual and language input, instead of on causal structure. We study the complementary problem, exploring the temporal and causal structures behind videos of objects with simple visual appearance. To this end, we introduce the CoLlision Events for Video REpresentation and Reasoning (CLEVRER) dataset, a  diagnostic video dataset for systematic evaluation of computational models on a wide range of reasoning tasks.  Motivated by the theory of human casual judgment, CLEVRER includes four types of question:  descriptive (e.g., ‘what color’), explanatory (‘what’s responsible for’), predictive (‘what will happen next’), and counterfactual (‘what if’).  We evaluate various state-of-the-art models for visual reasoning on our benchmark. While these models thrive on the perception-based task (descriptive), they perform poorly on the causal tasks (explanatory, predictive and counterfactual), suggesting that a principled approach for causal reasoning should incorporate the capability of both perceiving complex visual and language inputs, and understanding the underlying dynamics and causal relations. We also study an oracle model that explicitly combines these components via symbolic representations.",None
https://openreview.net/forum?id=r1g87C4KwB,The Break-Even Point on Optimization Trajectories of Deep Neural Networks,generalization; sgd; learning rate; batch size; hessian; curvature; trajectory; optimization,"In the early phase of training of deep neural networks there exists a ""break-even point"" which determines properties of the entire optimization trajectory.","The early phase of training of deep neural networks is critical for their final performance. In this work, we study how the hyperparameters of stochastic gradient descent (SGD) used in the early phase of training affect the rest of the optimization trajectory. We argue for the existence of the ""``break-even"" point on this trajectory, beyond which the curvature of the loss surface and noise in the gradient are implicitly regularized by SGD. In particular, we demonstrate on multiple classification tasks that using a large learning rate in the initial phase of training reduces the variance of the gradient, and improves the conditioning of the covariance of gradients. These effects are beneficial from the optimization perspective and become visible after the break-even point. Complementing prior work, we also show that using a low learning rate results in bad conditioning of the loss surface even for a neural network with batch normalization layers. In short, our work shows that key properties of the loss surface are strongly influenced by SGD in the early phase of training. We argue that studying the impact of the identified effects on generalization is a promising future direction.",None
https://openreview.net/forum?id=S1gFvANKDS,Asymptotics of Wide Networks from Feynman Diagrams,None,A general method for computing the asymptotic behavior of wide networks using Feynman diagrams,"Understanding the asymptotic behavior of wide networks is of considerable interest. In this work, we present a general method for analyzing this large width behavior. The method is an adaptation of Feynman diagrams, a standard tool for computing multivariate Gaussian integrals. We apply our method to study training dynamics, improving existing bounds and deriving new results on wide network evolution during stochastic gradient descent. Going beyond the strict large width limit, we present closed-form expressions for higher-order terms governing wide network training, and test these predictions empirically.",None
https://openreview.net/forum?id=ryxjnREFwH,Neural Symbolic Reader: Scalable Integration of Distributed and Symbolic Representations for Reading Comprehension,neural symbolic; reading comprehension; question answering,None,"Integrating distributed representations with symbolic operations is essential for reading comprehension requiring complex reasoning, such as counting, sorting and arithmetics, but most existing approaches are hard to scale to more domains or more complex reasoning. In this work, we propose the Neural Symbolic Reader (NeRd), which includes a reader, e.g., BERT, to encode the passage and question, and a programmer, e.g., LSTM, to generate a program that is executed to produce the answer. Compared to previous works, NeRd is more scalable in two aspects: (1) domain-agnostic, i.e., the same neural architecture works for different domains; (2) compositional, i.e., when needed, complex programs can be generated by recursively applying the predefined operators, which become executable and interpretable representations for more complex reasoning. Furthermore, to overcome the challenge of training NeRd with weak supervision, we apply data augmentation techniques and hard Expectation-Maximization (EM) with thresholding. On DROP, a challenging reading comprehension dataset that requires discrete reasoning, NeRd achieves 1.37%/1.18% absolute improvement over the state-of-the-art on EM/F1 metrics. With the same architecture, NeRd significantly outperforms the baselines on MathQA, a math problem benchmark that requires multiple steps of reasoning, by 25.5% absolute increment on accuracy when trained on all the annotated programs. More importantly, NeRd still beats the baselines even when only 20% of the program annotations are given.",None
https://openreview.net/forum?id=B1lPaCNtPB,"Real or Not Real, that is the Question",GAN; generalization; realness; loss function,None,"While generative adversarial networks (GAN) have been widely adopted in various topics, in this paper we generalize the standard GAN to a new perspective by treating realness as a random variable that can be estimated from multiple angles. In this generalized framework, referred to as RealnessGAN, the discriminator outputs a distribution as the measure of realness. While RealnessGAN shares similar theoretical guarantees with the standard GAN, it provides more insights on adversarial learning. More importantly, compared to multiple baselines, RealnessGAN provides stronger guidance for the generator, achieving improvements on both synthetic and real-world datasets. Moreover, it enables the basic DCGAN architecture to generate realistic images at 1024*1024 resolution when trained from scratch.",None
https://openreview.net/forum?id=HJlA0C4tPS,A Probabilistic Formulation of Unsupervised Text Style Transfer,unsupervised text style transfer; deep latent sequence model,"We formulate a probabilistic latent sequence model to tackle unsupervised text style transfer, and show its effectiveness across a suite of unsupervised text style transfer tasks.","We present a deep generative model for unsupervised text style transfer that unifies previously proposed non-generative techniques. Our probabilistic approach models non-parallel data from two domains as a partially observed parallel corpus. By hypothesizing a parallel latent sequence that generates each observed sequence, our model learns to transform sequences from one domain to another in a completely unsupervised fashion. In contrast with traditional generative sequence models (e.g. the HMM), our model makes few assumptions about the data it generates: it uses a recurrent language model as a prior and an encoder-decoder as a transduction distribution. While computation of marginal data likelihood is intractable in this model class, we show that amortized variational inference admits a practical surrogate. Further, by drawing connections between our variational objective and other recent unsupervised style transfer and machine translation techniques, we show how our probabilistic view can unify some known non-generative objectives such as backtranslation and adversarial loss. Finally, we demonstrate the effectiveness of our method on a wide range of unsupervised style transfer tasks, including sentiment transfer, formality transfer, word decipherment, author imitation, and related language translation. Across all style transfer tasks, our approach yields substantial gains over state-of-the-art non-generative baselines, including the state-of-the-art unsupervised machine translation techniques that our approach generalizes. Further, we conduct experiments on a standard unsupervised machine translation task and find that our unified approach matches the current state-of-the-art.",None
https://openreview.net/forum?id=Hklz71rYvS,Kernelized Wasserstein Natural Gradient,kernel methods; natural gradient; information geometry; Wasserstein metric,Estimator for the Wasserstein natural gradient,"Many machine learning problems can be expressed as the optimization of some cost functional over a parametric family of probability distributions. It is often beneficial to solve such optimization problems using natural gradient methods. These methods are invariant to the parametrization of the family, and thus can yield more effective optimization. Unfortunately, computing the natural gradient is challenging as it requires inverting a high dimensional matrix at each iteration. We propose a general framework to approximate the natural gradient for the Wasserstein metric, by leveraging a dual formulation of the metric restricted to a Reproducing Kernel Hilbert Space. Our approach leads to an estimator for gradient direction that can trade-off accuracy and computational cost, with theoretical guarantees. We verify its accuracy on simple examples, and show the advantage of using such an estimator in classification tasks on \texttt{Cifar10} and \texttt{Cifar100} empirically.",None
https://openreview.net/forum?id=BJxSI1SKDH,A Latent Morphology Model for Open-Vocabulary Neural Machine Translation,neural machine translation; low-resource languages; latent-variable models,None,"Translation into morphologically-rich languages challenges neural machine translation (NMT) models with extremely sparse vocabularies where atomic treatment of surface forms is unrealistic. This problem is typically addressed by either pre-processing words into subword units or performing translation directly at the level of characters. The former is based on word segmentation algorithms optimized using corpus-level statistics with no regard to the translation task. The latter learns directly from translation data but requires rather deep architectures. In this paper, we propose to translate words by modeling word formation through a hierarchical latent variable model which mimics the process of morphological inflection. Our model generates words one character at a time by composing two latent representations: a continuous one, aimed at capturing the lexical semantics, and a set of (approximately) discrete features, aimed at capturing the morphosyntactic function, which are shared among different surface forms. Our model achieves better accuracy in translation into three morphologically-rich languages than conventional open-vocabulary NMT methods, while also demonstrating a better generalization capacity under low to mid-resource settings.",None
https://openreview.net/forum?id=S1xCPJHtDB,Model Based Reinforcement Learning for Atari,reinforcement learning; model based rl; video prediction model; atari,"We use video prediction models, a model-based reinforcement learning algorithm and 2h of gameplay per game to train agents for 26 Atari games.","Model-free reinforcement learning (RL) can be used to learn effective policies for complex tasks, such as Atari games, even from image observations. However, this typically requires very large amounts of interaction -- substantially more, in fact, than a human would need to learn the same games. How can people learn so quickly? Part of the answer may be that people can learn how the game works and predict which actions will lead to desirable outcomes. In this paper, we explore how video prediction models can similarly enable agents to solve Atari games with fewer interactions than model-free methods. We describe Simulated Policy Learning (SimPLe), a complete model-based deep RL algorithm based on video prediction models and present a comparison of several model architectures, including a novel architecture that yields the best results in our setting. Our experiments evaluate SimPLe on a range of Atari games in low data regime of 100k interactions between the agent and the environment, which corresponds to two hours of real-time play. In most games SimPLe outperforms state-of-the-art model-free algorithms, in some games by over an order of magnitude.",None
https://openreview.net/forum?id=S1e4jkSKvB,The intriguing role of module criticality in the generalization of deep networks,Module Criticality Phenomenon; Complexity Measure; Deep Learning,"We study the phenomenon that some modules of DNNs are more critical than others. Our analysis leads us to propose a complexity measure, that is able to explain the superior generalization performance of some architectures over others.","We study the phenomenon that some modules of deep neural networks (DNNs) are more critical than others. Meaning that rewinding their parameter values back to initialization, while keeping other modules fixed at the trained parameters, results in a large drop in the network's performance. Our analysis reveals interesting properties of the loss landscape which leads us to propose a complexity measure, called module criticality, based on the shape of the valleys that connect the initial and final values of the module parameters. We formulate how generalization relates to the module criticality, and show that this measure is able to explain the superior generalization performance of some architectures over others, whereas, earlier measures fail to do so.",None
https://openreview.net/forum?id=BkxRRkSKwr,Towards Hierarchical Importance Attribution: Explaining Compositional Semantics for Neural Sequence Models,natural language processing; interpretability,We propose measurement of phrase importance and algorithms for hierarchical explanation of neural sequence model predictions,"The impressive performance of neural networks on natural language processing tasks attributes to their ability to model complicated word and phrase compositions. To explain how the model handles semantic compositions, we study hierarchical explanation of neural network predictions. We identify non-additivity and context independent importance attributions within hierarchies as two desirable properties for highlighting word and phrase compositions. We show some prior efforts on hierarchical explanations, e.g. contextual decomposition, do not satisfy the desired properties mathematically, leading to inconsistent explanation quality in different models. In this paper, we start by proposing a formal and general way to quantify the importance of each word and phrase. Following the formulation, we propose Sampling and Contextual Decomposition (SCD) algorithm and Sampling and Occlusion (SOC) algorithm. Human and metrics evaluation on both LSTM models and BERT Transformer models on multiple datasets show that our algorithms outperform prior hierarchical explanation algorithms. Our algorithms help to visualize semantic composition captured by models, extract classification rules and improve human trust of models.",None
https://openreview.net/forum?id=B1gdkxHFDH,Training individually fair ML models with sensitive subspace robustness,fairness; adversarial robustness,Algorithm for training individually fair classifier using adversarial robustness,"We consider training machine learning models that are fair in the sense that their performance is invariant under certain sensitive perturbations to the inputs. For example, the performance of a resume screening system should be invariant under changes to the gender and/or ethnicity of the applicant. We formalize this notion of algorithmic fairness as a variant of individual fairness and develop a distributionally robust optimization approach to enforce it during training. We also demonstrate the effectiveness of the approach on two ML tasks that are susceptible to gender and racial biases.",None
https://openreview.net/forum?id=SkeuexBtDr,Learning from Rules Generalizing Labeled Exemplars,Learning from Rules; Learning from limited labeled data; Weakly Supervised Learning,Coupled rule-exemplar supervision and a implication loss helps to jointly learn to denoise rules and imply labels.,"In many applications labeled data is not readily available, and needs to be collected via pain-staking human supervision. We propose a rule-exemplar method for collecting human supervision to combine the efficiency of rules with the quality of instance labels. The supervision is coupled such that it is both natural for humans and synergistic for learning. We propose a training algorithm that jointly denoises rules via latent coverage variables, and trains the model through a soft implication loss over the coverage and label variables. The denoised rules and trained model are used jointly for inference. Empirical evaluation on five different tasks shows that (1) our algorithm is more accurate than several existing methods of learning from a mix of clean and noisy supervision, and (2) the coupled rule-exemplar supervision is effective in denoising rules.",None
https://openreview.net/forum?id=ByeGzlrKwH,Compression based bound for non-compressed network: unified generalization error analysis of large compressible deep neural network,Generalization error; compression based bound; local Rademacher complexity,None,"One of the biggest issues in deep learning theory is the generalization ability of networks with huge model size. 
The classical learning theory suggests that overparameterized models cause overfitting.
However, practically used large deep models avoid overfitting, which is not well explained by the classical approaches.
To resolve this issue, several attempts have been made. 
Among them, the compression based bound is one of the promising approaches. 
However, the compression based bound can be applied only to a compressed network, and it is not applicable to the non-compressed original network. 
In this paper, we give a unified frame-work that can convert compression based bounds to those for non-compressed original networks.
The bound gives even better rate than the one for the compressed network by improving the bias term.
By establishing the unified frame-work, we can obtain a data dependent generalization error bound which gives a tighter evaluation than the data independent ones.",None
https://openreview.net/forum?id=rygeHgSFDH,Disentanglement by Nonlinear ICA with General Incompressible-flow Networks (GIN),disentanglement; nonlinear ICA; representation learning; feature discovery; theoretical justification,None,"A central question of representation learning asks under which conditions it is possible to reconstruct the true latent variables of an arbitrarily complex generative process. Recent breakthrough work by Khemakhem et al. (2019) on nonlinear ICA has answered this question for a broad class of conditional generative processes. We extend this important result in a direction relevant for application to real-world data. First, we generalize the theory to the case of unknown intrinsic problem dimension and prove that in some special (but not very restrictive) cases, informative latent variables will be automatically separated from noise by an estimating model. Furthermore, the recovered informative latent variables will be in one-to-one correspondence with the true latent variables of the generating process, up to a trivial component-wise transformation. Second, we introduce a modification of the RealNVP invertible neural network architecture (Dinh et al. (2016)) which is particularly suitable for this type of problem: the General Incompressible-flow Network (GIN). Experiments on artificial data and EMNIST demonstrate that theoretical predictions are indeed verified in practice. In particular, we provide a detailed set of exactly 22 informative latent variables extracted from EMNIST.",None
https://openreview.net/forum?id=S1evHerYPr,Improving Generalization in Meta Reinforcement Learning using Learned Objectives,meta reinforcement learning; meta learning; reinforcement learning,"We introduce MetaGenRL, a novel meta reinforcement learning algorithm. Unlike prior work, MetaGenRL can generalize to new environments that are entirely different from those used for meta-training.","Biological evolution has distilled the experiences of many learners into the general learning algorithms of humans. Our novel meta reinforcement learning algorithm MetaGenRL is inspired by this process. MetaGenRL distills the experiences of many complex agents to meta-learn a low-complexity neural objective function that decides how future individuals will learn. Unlike recent meta-RL algorithms, MetaGenRL can generalize to new environments that are entirely different from those used for meta-training. In some cases, it even outperforms human-engineered RL algorithms. MetaGenRL uses off-policy second-order gradients during meta-training that greatly increase its sample efficiency.",None
https://openreview.net/forum?id=BJxsrgStvr,Drawing Early-Bird Tickets: Toward More Efficient Training of Deep Networks,None,None,"(Frankle & Carbin, 2019) shows that there exist winning tickets (small but critical subnetworks) for dense, randomly initialized networks, that can be trained alone to achieve comparable accuracies to the latter in a similar number of iterations. However, the identification of these winning tickets still requires the costly train-prune-retrain process, limiting their practical benefits. In this paper, we discover for the first time that the winning tickets can be identified at the very early training stage, which we term as Early-Bird (EB) tickets, via low-cost training schemes (e.g., early stopping and low-precision training) at large learning rates. Our finding of EB tickets is consistent with recently reported observations that the key connectivity patterns of neural networks emerge early. Furthermore, we propose a mask distance metric that can be used to identify EB tickets with low computational overhead, without needing to know the true winning tickets that emerge after the full training. Finally, we leverage the existence of EB tickets and the proposed mask distance to develop efficient training methods, which are achieved by first identifying EB tickets via low-cost schemes, and then continuing to train merely the EB tickets towards the target accuracy. Experiments based on various deep networks and datasets validate: 1) the existence of EB tickets and the effectiveness of mask distance in efficiently identifying them; and 2) that the proposed efficient training via EB tickets can achieve up to 5.8x ~ 10.7x energy savings while maintaining comparable or even better accuracy as compared to the most competitive state-of-the-art training methods, demonstrating a promising and easily adopted method for tackling cost-prohibitive deep network training.",None
https://openreview.net/forum?id=B1e3OlStPB,DeepSphere: a graph-based spherical CNN,spherical cnns; graph neural networks; geometric deep learning,A graph-based spherical CNN that strikes an interesting balance of trade-offs for a wide variety of applications.,"Designing a convolution for a spherical neural network requires a delicate tradeoff between efficiency and rotation equivariance. DeepSphere, a method based on a graph representation of the discretized sphere, strikes a controllable balance between these two desiderata. This contribution is twofold. First, we study both theoretically and empirically how equivariance is affected by the underlying graph with respect to the number of pixels and neighbors. Second, we evaluate DeepSphere on relevant problems. Experiments show state-of-the-art performance and demonstrates the efficiency and flexibility of this formulation. Perhaps surprisingly, comparison with previous work suggests that anisotropic filters might be an unnecessary price to pay. Our code is available at https://github.com/deepsphere.",None
https://openreview.net/forum?id=S1xitgHtvS,Making Sense of Reinforcement Learning and Probabilistic Inference,Reinforcement learning; Bayesian inference; Exploration,"Popular algorithms that cast ""RL as Inference"" ignore the role of uncertainty and exploration. We highlight the importance of these issues and present a coherent framework for RL and inference that handles them gracefully.","Reinforcement learning (RL) combines a control problem with statistical estimation: The system dynamics are not known to the agent, but can be learned through experience. A recent line of research casts ‘RL as inference’ and suggests a particular framework to generalize the RL problem as probabilistic inference. Our paper surfaces a key shortcoming in that approach, and clarifies the sense in which RL can be coherently cast as an inference problem. In particular, an RL agent must consider the effects of its actions upon future rewards and observations: The exploration-exploitation tradeoff. In all but the most simple settings, the resulting inference is computationally intractable so that practical RL algorithms must resort to approximation. We demonstrate that the popular ‘RL as inference’ approximation can perform poorly in even very basic problems. However, we show that with a small modification the framework does yield algorithms that can provably perform well, and we show that the resulting algorithm is equivalent to the recently proposed K-learning, which we further connect with Thompson sampling.",None
https://openreview.net/forum?id=S1e2agrFvS,Geom-GCN: Geometric Graph Convolutional Networks,Deep Learning; Graph Convolutional Network; Network Geometry,"For graph neural networks, the aggregation on a graph can benefit from a continuous space underlying the graph.","Message-passing neural networks (MPNNs) have been successfully applied in a wide variety of applications in the real world. However, two fundamental weaknesses of MPNNs' aggregators limit their ability to represent graph-structured data: losing the structural information of nodes in neighborhoods and lacking the ability to capture long-range dependencies in disassortative graphs. Few studies have noticed the weaknesses from different perspectives. From the observations on classical neural network and network geometry, we propose a novel geometric aggregation scheme for graph neural networks to overcome the two weaknesses.  The behind basic idea is the aggregation on a graph can benefit from a continuous space underlying the graph. The proposed aggregation scheme is permutation-invariant and consists of three modules, node embedding, structural neighborhood, and bi-level aggregation. We also present an implementation of the scheme in graph convolutional networks, termed Geom-GCN, to perform transductive learning on graphs. Experimental results show the proposed Geom-GCN achieved state-of-the-art performance on a wide range of open datasets of graphs.",None
https://openreview.net/forum?id=Syg-ET4FPS,Posterior sampling for multi-agent reinforcement learning: solving extensive games with imperfect information,None,None,"Posterior sampling for reinforcement learning (PSRL) is a useful framework for making decisions in an unknown environment.  PSRL maintains a posterior distribution of the environment and then makes planning on the environment sampled from the posterior distribution. Though PSRL works well on single-agent reinforcement learning problems, how to apply PSRL to multi-agent reinforcement learning problems is relatively unexplored. In this work, we extend PSRL to two-player zero-sum extensive-games with imperfect information (TEGI), which is a class of multi-agent systems. More specifically, we combine PSRL with counterfactual regret minimization (CFR), which is the leading algorithm for TEGI with a known environment. Our main contribution is a novel design of interaction strategies. With our interaction strategies, our algorithm provably converges to the Nash Equilibrium at a rate of $O(\sqrt{\log T/T})$. Empirical results show that our algorithm works well.",None
https://openreview.net/forum?id=rkg6sJHYDr,Intrinsically Motivated Discovery of Diverse Patterns in Self-Organizing Systems,deep learning; unsupervised Learning; self-organization; game-of-life,We study how an unsupervised exploration and feature learning approach addresses efficiently a new problem: automatic discovery of diverse self-organized patterns in high-dim complex systems such as the game of life.,"In many complex dynamical systems, artificial or natural, one can observe self-organization of patterns emerging from local rules. Cellular automata, like the Game of Life (GOL), have been widely used as abstract models enabling the study of various aspects of self-organization and morphogenesis, such as the emergence of spatially localized patterns. However, findings of self-organized patterns in such models have so far relied on manual tuning of parameters and initial states, and on the human eye to identify interesting patterns. In this paper, we formulate the problem of automated discovery of diverse self-organized patterns in such high-dimensional complex dynamical systems, as well as a framework for experimentation and evaluation. Using a continuous GOL as a testbed, we show that recent intrinsically-motivated machine learning algorithms (POP-IMGEPs), initially developed for learning of inverse models in robotics, can be transposed and used in this novel application area. These algorithms combine intrinsically-motivated goal exploration and unsupervised learning of goal space representations. Goal space representations describe the interesting features of patterns for which diverse variations should be discovered. In particular, we compare various approaches to define and learn goal space representations from the perspective of discovering diverse spatially localized patterns. Moreover, we introduce an extension of a state-of-the-art POP-IMGEP algorithm which incrementally learns a goal representation using a deep auto-encoder, and the use of CPPN primitives for generating initialization parameters. We show that it is more efficient than several baselines and equally efficient as a system pre-trained on a hand-made database of patterns identified by human experts.",None
https://openreview.net/forum?id=SJlDDnVKwS,Improving Evolutionary Strategies with Generative Neural Networks,black-box optimization; evolutionary strategies; generative neural networks,We propose a new algorithm leveraging the expressiveness of Generative Neural Networks to improve Evolutionary Strategies algorithms.,"Evolutionary Strategies (ES) are a popular family of black-box zeroth-order optimization algorithms which rely on search distributions to efficiently optimize a large variety of objective functions. This paper investigates the potential benefits of using highly flexible search distributions in ES algorithms, in contrast to standard ones (typically Gaussians). We model such distributions with Generative Neural Networks (GNNs) and introduce a new ES algorithm that leverages their expressiveness to accelerate the stochastic search. Because it acts as a plug-in, our approach allows to augment virtually any standard ES algorithm with flexible search distributions. We demonstrate the empirical advantages of this method on a diversity of objective functions.",None
https://openreview.net/forum?id=ByxJO3VFwB,Probabilistic modeling the hidden layers of deep neural networks,Neural Networks; Gaussian Process; Probabilistic Representation for Deep Learning,"The Gaussian Process cannot correctly explain all the hidden layers of neural networks. Alternatively, we propose a novel probabilistic representation for deep learning","In this paper, we demonstrate that the parameters of Deep Neural Networks (DNNs) cannot satisfy the i.i.d. prior assumption and activations being i.i.d. is not valid for all the hidden layers of DNNs. Hence, the Gaussian Process cannot correctly explain all the hidden layers of DNNs. Alternatively, we introduce a novel probabilistic representation for the hidden layers of DNNs in two aspects: (i) a hidden layer formulates a Gibbs distribution, in which neurons define the energy function, and (ii) the connection between two adjacent layers can be modeled by a product of experts model. Based on the probabilistic representation, we demonstrate that the entire architecture of DNNs can be explained as a Bayesian hierarchical model. Moreover, the proposed probabilistic representation indicates that DNNs have explicit regularizations defined by the hidden layers serving as prior distributions. Based on the Bayesian explanation for the regularization of DNNs, we propose a novel regularization approach to improve the generalization performance of DNNs. Simulation results validate the proposed theories.",None
https://openreview.net/forum?id=HkxeThNFPH,Safe Policy Learning for Continuous Control,reinforcement learning; policy gradient; safety,A general framework for incorporating long-term safety constraints in policy-based reinforcement learning,"We study continuous action reinforcement learning problems in which it is crucial that the agent interacts with the environment only through safe policies, i.e.,~policies that keep the agent in desirable situations, both during training and at convergence. We formulate these problems as {\em constrained} Markov decision processes (CMDPs) and present safe policy optimization algorithms that are based on a Lyapunov approach to solve them. Our algorithms can use any standard policy gradient (PG) method, such as deep deterministic policy gradient (DDPG) or proximal policy optimization (PPO), to train a neural network policy, while guaranteeing near-constraint satisfaction for every policy update by projecting either the policy parameter or the selected action onto the set of feasible solutions induced by the state-dependent linearized Lyapunov constraints. Compared to the existing constrained PG algorithms, ours are more data efficient as they are able to utilize both on-policy and off-policy data. Moreover, our action-projection algorithm often leads to less conservative policy updates and allows for natural integration into an end-to-end PG training pipeline. We evaluate our algorithms and compare them with the state-of-the-art baselines on several simulated (MuJoCo) tasks, as well as a real-world robot obstacle-avoidance problem, demonstrating their effectiveness in terms of balancing performance and constraint satisfaction.",None
https://openreview.net/forum?id=HJlXC3EtwB,Learning to Anneal and Prune Proximity Graphs for Similarity Search,Similarity search; Proximity graph; Learning to prune; Edge heterogeneity; Annealing; Efficiency,Annealable proximity graphs facilitates similarity search by learning to prune inferior edges without drastically changing graph properties.,"This paper studies similarity search, which is a crucial enabler of many feature vector--based applications. The problem of similarity search has been extensively studied in the machine learning community. Recent advances of proximity graphs have achieved outstanding performance through exploiting the navigability of the underlying graph structure. In this work, we introduce the annealable proximity graph (APG) method to learn and reshape proximity graphs for efficiency and effective similarity search. APG makes proximity graph edges annealable, which can be effectively trained with a stochastic optimization algorithm. APG identifies important edges that best preserve graph navigability and prune inferior edges without drastically changing graph properties. Experimental results show that APG achieves state-of-the-art results not only by producing proximity graphs with less number of edges but also speeding up the search time by 20--40\% across different datasets with almost no loss of accuracy.",None
https://openreview.net/forum?id=S1xsG0VYvB,Understanding the functional and structural differences across excitatory and inhibitory neurons,Neuroscience,"Deep nets with excitatory and inhibitory neurons developed functional and structural differences similar to the brain, and here's why.","One of the most fundamental organizational principles of the brain is the separation of excitatory (E) and inhibitory (I) neurons. In addition to their opposing effects on post-synaptic neurons, E and I cells tend to differ in their selectivity and connectivity. Although many such differences have been characterized experimentally, it is not clear why they exist in the first place. We studied this question in deep networks equipped with E and I cells. We found that salient distinctions between E and I neurons emerge across various deep convolutional recurrent networks trained to perform standard object classification tasks. We explored the necessary conditions for the networks to develop distinct selectivity and connectivity across cell types. We found that neurons that project to higher-order areas will have greater stimulus selectivity, regardless of whether they are excitatory or not. Sparser connectivity is required for higher selectivity, but only when the recurrent connections are excitatory. These findings demonstrate that the functional and structural differences observed across E and I neurons are not independent, and can be explained using a smaller number of factors.",None
https://openreview.net/forum?id=r1gPoCEKvH,SINGLE PATH ONE-SHOT NEURAL ARCHITECTURE SEARCH WITH UNIFORM SAMPLING,Neural Architecture Search; Single Path,None,"We revisit the one-shot Neural Architecture Search (NAS) paradigm and analyze its advantages over existing NAS approaches. Existing one-shot method (Benderet al., 2018), however, is hard to train and not yet effective on large scale datasets like ImageNet.  This work propose a Single Path One-Shot model to address the challenge in the training.  Our central idea is to construct a simplified supernet, where all architectures are single paths so that weight co-adaption problem is alleviated. Training is performed by uniform path sampling. All architectures (and their weights) are trained fully and equally.
Comprehensive experiments verify that our approach is flexible and effective.  It is easy to train and fast to search.  It effortlessly supports complex search spaces(e.g., building blocks, channel, mixed-precision quantization) and different search constraints (e.g., FLOPs, latency).  It is thus convenient to use for various needs. It achieves start-of-the-art performance on the large dataset ImageNet.",None
https://openreview.net/forum?id=S1lvn0NtwH,Mutual Exclusivity as a Challenge for Deep Neural Networks,Cognitive Science; Deep Learning; Word Learning; Lifelong Learning,"Children use the mutual exclusivity (ME) bias to learn new words, while standard neural nets show the opposite bias, hindering learning in naturalistic scenarios such as lifelong learning.","Strong inductive biases allow children to learn in fast and adaptable ways. Children use the mutual exclusivity (ME) bias to help disambiguate how words map to referents, assuming that if an object has one label then it does not need another. In this paper, we investigate whether or not standard neural architectures have a ME bias, demonstrating that they lack this learning assumption. Moreover, we show that their inductive biases are poorly matched to lifelong learning formulations of classification and translation. We demonstrate that there is a compelling case for designing neural networks that reason by mutual exclusivity, which remains an open challenge.",None
https://openreview.net/forum?id=rJebgkSFDB,Learning to Learn Kernels with Variational Random Features,Meta-learning; few-shot learning; Random Fourier Feature; Kernel learning,A novel meta-learning approach for few-shot classification and regression that achieves strong performance with meta variational random features by leveraging variational inference to learn adaptive kernels.,"Meta-learning for few-shot learning involves a meta-learner that acquires shared knowledge from a set of prior tasks to improve the performance of a base-learner on new tasks with a small amount of data. Kernels are commonly used in machine learning due to their strong nonlinear learning capacity, which have not yet been fully investigated in the meta-learning scenario for few-shot learning. In this work, we explore kernel approximation with random Fourier features in the meta-learning framework for few-shot learning. We propose learning adaptive kernels by meta variational random features (MetaVRF), which is formulated as a variational inference problem. To explore shared knowledge across diverse tasks, our MetaVRF deploys an LSTM inference network to generate informative features, which can establish kernels of highly representational power with low spectral sampling rates, while also being able to quickly adapt to specific tasks for improved performance. We evaluate MetaVRF on a variety of few-shot learning tasks for both regression and classification. Experimental results demonstrate that our MetaVRF can deliver much better or competitive performance than recent meta-learning algorithms.",None
https://openreview.net/forum?id=BkgHWkrtPB,Where is the Information in a Deep Network?,Information; Learning Dynamics; PAC-Bayes; Deep Learning,None,"Whatever information a deep neural network has gleaned from past data is encoded in its weights.  How this information affects the response of the network to future data is largely an open question.  In fact, even how to define and measure information in a network entails some subtleties. We measure information in the weights of a deep neural network as the optimal trade-off between accuracy of the network and complexity of the weights relative to a prior.  Depending on the prior, the definition reduces to known information measures such as Shannon Mutual Information and Fisher Information, but in general it affords added flexibility that enables us to relate it to generalization, via the PAC-Bayes bound, and to invariance.  For the latter, we introduce a notion of effective information in the activations, which are deterministic functions of future inputs.  We relate this to the Information in the Weights, and use this result to show that models of low (information) complexity not only generalize better, but are bound to learn invariant representations of future inputs. These relations hinge not only on the architecture of the model, but also on how it is trained.",None
https://openreview.net/forum?id=Byg9A24tvB,Rethinking Softmax Cross-Entropy Loss for Adversarial Robustness,Trustworthy Machine Learning; Adversarial Robustness; Training Objective; Sample Density,Applying the softmax function in training leads to indirect and unexpected supervision on features. We propose a new training objective to explicitly induce dense feature regions for locally sufficient samples to benefit adversarial robustness.,"Previous work shows that adversarially robust generalization requires larger sample complexity, and the same dataset, e.g., CIFAR-10, which enables good standard accuracy may not suffice to train robust models. Since collecting new training data could be costly, we focus on better utilizing the given data by inducing the regions with high sample density in the feature space, which could lead to locally sufficient samples for robust learning. We first formally show that the softmax cross-entropy (SCE) loss and its variants convey inappropriate supervisory signals, which encourage the learned feature points to spread over the space sparsely in training. This inspires us to propose the Max-Mahalanobis center (MMC) loss to explicitly induce dense feature regions in order to benefit robustness. Namely, the MMC loss encourages the model to concentrate on learning ordered and compact representations, which gather around the preset optimal centers for different classes. We empirically demonstrate that applying the MMC loss can significantly improve robustness even under strong adaptive attacks, while keeping state-of-the-art accuracy on clean inputs with little extra computation compared to the SCE loss.",None
https://openreview.net/forum?id=SkxybANtDB,Dynamic Time Lag Regression: Predicting What & When,Dynamic Time-Lag Regression; Time Delay; Regression; Time Series,We propose a new regression framework for temporal phenomena having non-stationary time-lag dependencies.,"This paper tackles a new regression problem, called Dynamic Time-Lag Regression (DTLR), where a cause signal drives an effect signal with an unknown time delay.
The motivating application, pertaining to space weather modelling, aims to predict the near-Earth solar wind speed based on estimates of the Sun's  coronal magnetic field. 
DTLR differs from mainstream regression and from sequence-to-sequence learning in two respects: firstly, no ground truth (e.g., pairs of associated sub-sequences) is available; secondly, the cause signal contains much information irrelevant to the effect signal (the solar magnetic field governs the solar wind propagation in the heliosphere, of which the Earth's magnetosphere is but a minuscule region). 

A Bayesian approach is presented to tackle the specifics of the DTLR problem, with theoretical justifications based on linear stability analysis. A proof of concept on synthetic problems is presented. Finally, the empirical results on the solar wind modelling task improve on the state of the art in solar wind forecasting.",None
https://openreview.net/forum?id=HJeO7RNKPr,DeepV2D: Video to Depth with Differentiable Structure from Motion,Structure-from-Motion; Video to Depth; Dense Depth Estimation,DeepV2D predicts depth from a video clip by composing elements of classical SfM into a fully differentiable network.,"We propose DeepV2D, an end-to-end deep learning architecture for predicting depth from video.  DeepV2D combines the representation ability of neural networks with the geometric principles governing image formation. We compose a collection of classical geometric algorithms, which are converted into trainable modules and combined into an end-to-end differentiable architecture. DeepV2D interleaves two stages: motion estimation and depth estimation. During inference, motion and depth estimation are alternated and converge to accurate depth.",None
https://openreview.net/forum?id=B1gHokBKwS,Learning to Guide Random Search,Random search; Derivative-free optimization; Learning continuous control,We improve the sample-efficiency of the random search for functions defined on low-dimensional manifolds. Our method jointly learns the underlying manifold and optimizes the function.,"We are interested in derivative-free optimization of high-dimensional functions. The sample complexity of existing methods is high and depends on problem dimensionality, unlike the dimensionality-independent rates of first-order methods. The recent success of deep learning suggests that many datasets lie on low-dimensional manifolds that can be represented by deep nonlinear models. We therefore consider derivative-free optimization of a high-dimensional function that lies on a latent low-dimensional manifold. We develop an online learning approach that learns this manifold while performing the optimization. In other words, we jointly learn the manifold and optimize the function. Our analysis suggests that the presented method significantly reduces sample complexity. We empirically evaluate the method on continuous optimization benchmarks and high-dimensional continuous control problems. Our method achieves significantly lower sample complexity than Augmented Random Search, Bayesian optimization, covariance matrix adaptation (CMA-ES), and other derivative-free optimization algorithms.",None
https://openreview.net/forum?id=rkxNh1Stvr,Quantifying Point-Prediction Uncertainty in Neural Networks via Residual Estimation with an I/O Kernel,Uncertainty Estimation; Neural Networks; Gaussian Process,Learning to Estimate Point-Prediction Uncertainty and Correct Output in Neural Networks,"Neural Networks (NNs) have been extensively used for a wide spectrum of real-world regression tasks, where the goal is to predict a numerical outcome such as revenue, effectiveness, or a quantitative result. In many such tasks, the point prediction is not enough: the uncertainty (i.e. risk or confidence) of that prediction must also be estimated. Standard NNs, which are most often used in such tasks, do not provide uncertainty information. Existing approaches address this issue by combining Bayesian models with NNs, but these models are hard to implement, more expensive to train, and usually do not predict as accurately as standard NNs. In this paper, a new framework (RIO) is developed that makes it possible to estimate uncertainty in any pretrained standard NN. The behavior of the NN is captured by modeling its prediction residuals with a Gaussian Process, whose kernel includes both the NN's input and its output. The framework is justified theoretically and evaluated in twelve real-world datasets, where it is found to (1) provide reliable estimates of uncertainty, (2) reduce the error of the point predictions, and (3) scale well to large datasets. Given that RIO can be applied to any standard NN without modifications to model architecture or training pipeline, it provides an important ingredient for building real-world NN applications.",None
https://openreview.net/forum?id=rkevSgrtPr,A closer look at the approximation capabilities of neural networks,deep learning; approximation; universal approximation theorem,A quantitative refinement of the universal approximation theorem via an algebraic approach.,"The universal approximation theorem, in one of its most general versions, says that if we consider only continuous activation functions σ, then a standard feedforward neural network with one hidden layer is able to approximate any continuous multivariate function f to any given approximation threshold ε, if and only if σ is non-polynomial. In this paper, we give a direct algebraic proof of the theorem. Furthermore we shall explicitly quantify the number of hidden units required for approximation. Specifically, if X in R^n is compact, then a neural network with n input units, m output units, and a single hidden layer with {n+d choose d} hidden units (independent of m and ε), can uniformly approximate any polynomial function f:X -> R^m whose total degree is at most d for each of its m coordinate functions. In the general case that f is any continuous function, we show there exists some N in O(ε^{-n}) (independent of m), such that N hidden units would suffice to approximate f. We also show that this uniform approximation property (UAP) still holds even under seemingly strong conditions imposed on the weights. We highlight several consequences: (i) For any δ > 0, the UAP still holds if we restrict all non-bias weights w in the last layer to satisfy |w| < δ. (ii) There exists some λ>0 (depending only on f and σ), such that the UAP still holds if we restrict all non-bias weights w in the first layer to satisfy |w|>λ. (iii) If the non-bias weights in the first layer are *fixed* and randomly chosen from a suitable range, then the UAP holds with probability 1.",None
https://openreview.net/forum?id=H1ldzA4tPr,Learning Compositional Koopman Operators for Model-Based Control,Koopman operators; graph neural networks; compositionality,Learning compositional Koopman operators for efficient system identification and model-based control.,"Finding an embedding space for a linear approximation of a nonlinear dynamical system enables efficient system identification and control synthesis. The Koopman operator theory lays the foundation for identifying the nonlinear-to-linear coordinate transformations with data-driven methods. Recently, researchers have proposed to use deep neural networks as a more expressive class of basis functions for calculating the Koopman operators. These approaches, however, assume a fixed dimensional state space; they are therefore not applicable to scenarios with a variable number of objects. In this paper, we propose to learn compositional Koopman operators, using graph neural networks to encode the state into object-centric embeddings and using a block-wise linear transition matrix to regularize the shared structure across objects. The learned dynamics can quickly adapt to new environments of unknown physical parameters and produce control signals to achieve a specified goal. Our experiments on manipulating ropes and controlling soft robots show that the proposed method has better efficiency and generalization ability than existing baselines.",None
https://openreview.net/forum?id=rklp93EtwH,Automated Relational Meta-learning,meta-learning; task heterogeneity; meta-knowledge graph,Addressing task heterogeneity problem in meta-learning by introducing meta-knowledge graph,"In order to efficiently learn with small amount of data on new tasks, meta-learning transfers knowledge learned from previous tasks to the new ones. However, a critical challenge in meta-learning is the task heterogeneity which cannot be well handled by traditional globally shared meta-learning methods. In addition, current task-specific meta-learning methods may either suffer from hand-crafted structure design or lack the capability to capture complex relations between tasks. In this paper, motivated by the way of knowledge organization in knowledge bases, we propose an automated relational meta-learning (ARML) framework that automatically extracts the cross-task relations and constructs the meta-knowledge graph. When a new task arrives, it can quickly find the most relevant structure and tailor the learned structure knowledge to the meta-learner. As a result, the proposed framework not only addresses the challenge of task heterogeneity by a learned meta-knowledge graph, but also increases the model interpretability. We conduct extensive experiments on 2D toy regression and few-shot image classification and the results demonstrate the superiority of ARML over state-of-the-art baselines.",None
https://openreview.net/forum?id=rJxAo2VYwr,Transferable Perturbations of Deep Feature Distributions,adversarial attacks; transferability; interpretability,We show that perturbations based-on intermediate feature distributions yield more transferable adversarial examples and allow for analysis of the affects of adversarial perturbations on intermediate representations.,"Almost all current adversarial attacks of CNN classifiers rely on information derived from the output layer of the network. This work presents a new adversarial attack based on the modeling and exploitation of class-wise and layer-wise deep feature distributions. We achieve state-of-the-art targeted blackbox transfer-based attack results for undefended ImageNet models. Further, we place a priority on explainability and interpretability of the attacking process. Our methodology affords an analysis of how adversarial attacks change the intermediate feature distributions of CNNs, as well as a measure of layer-wise and class-wise feature distributional separability/entanglement. We also conceptualize a transition from task/data-specific to model-specific features within a CNN architecture that directly impacts the transferability of adversarial examples.",None
https://openreview.net/forum?id=rJx4p3NYDB,Lazy-CFR: fast and near-optimal regret minimization for extensive games with imperfect information,None,None,"Counterfactual regret minimization (CFR) methods are effective for solving two-player zero-sum extensive games with imperfect information with  state-of-the-art results.  However,  the vanilla CFR has to traverse the whole game tree in each round, which is time-consuming in large-scale games. In this paper, we present Lazy-CFR, a CFR algorithm that adopts a lazy update strategy to avoid traversing the whole game tree in each round.  We prove that the regret of Lazy-CFR is almost the same to the regret of the vanilla CFR and only needs to visit a small portion of the game tree.  Thus, Lazy-CFR is provably faster than CFR. Empirical results consistently show that Lazy-CFR is significantly faster than the vanilla CFR.",None
https://openreview.net/forum?id=HkxBJT4YvB,Learning Disentangled Representations for CounterFactual Regression,Counterfactual Regression; Causal Effect Estimation; Selection Bias; Off-policy Learning,None,"We consider the challenge of estimating treatment effects from observational data; and point out that, in general, only some factors based on the observed covariates X contribute to selection of the treatment T, and only some to determining the outcomes Y. We model this by considering three underlying sources of {X, T, Y} and show that explicitly modeling these sources offers great insight to guide designing models that better handle selection bias. This paper is an attempt to conceptualize this line of thought and provide a path to explore it further.
In this work, we propose an algorithm to (1) identify disentangled representations of the above-mentioned underlying factors from any given observational dataset D and (2) leverage this knowledge to reduce, as well as account for, the negative impact of selection bias on estimating the treatment effects from D. Our empirical results show that the proposed method achieves state-of-the-art performance in both individual and population based evaluation measures.",None
https://openreview.net/forum?id=r1gixp4FPH,Accelerating SGD with momentum for over-parameterized learning,SGD; acceleration; momentum; stochastic; over-parameterized; Nesterov,"This work proves the non-acceleration of Nesterov SGD with any hyper-parameters, and proposes new algorithm which provably accelerates SGD in the over-parameterized setting.","Nesterov SGD is widely used for training modern neural networks and other machine learning models. Yet, its advantages over SGD have not been theoretically clarified. Indeed, as we show  in this paper, both theoretically and empirically, Nesterov SGD with any parameter selection does not in general provide acceleration over ordinary SGD. Furthermore, Nesterov SGD may diverge for step sizes that ensure convergence of ordinary SGD. This is in contrast to the classical results in the deterministic setting, where the same step size ensures accelerated convergence of the Nesterov's method over optimal gradient descent.

To address the non-acceleration issue, we  introduce a compensation term to Nesterov SGD. The resulting  algorithm, which we call MaSS, converges  for same step sizes as SGD. We prove that MaSS obtains an accelerated convergence rates over SGD for any mini-batch size in the linear setting.  For full batch, the convergence rate of MaSS matches the well-known accelerated rate of the Nesterov's method. 

We also analyze the  practically important question of the dependence of the convergence rate and  optimal hyper-parameters on the mini-batch size, demonstrating three distinct regimes: linear scaling, diminishing returns and saturation.

Experimental evaluation of MaSS for several standard  architectures of deep networks, including ResNet and convolutional networks, shows improved performance over SGD, Nesterov SGD  and Adam.",None
https://openreview.net/forum?id=B1l8L6EtDS,Self-Adversarial Learning with Comparative Discrimination for Text Generation,adversarial learning; text generation,We propose a self-adversarial learning (SAL) paradigm which improves the generator in a self-play fashion for improving GANs' performance in text generation.,"Conventional Generative Adversarial Networks (GANs) for text generation tend to have issues of reward sparsity and mode collapse that affect the quality and diversity of generated samples. To address the issues, we propose a novel self-adversarial learning (SAL) paradigm for improving GANs' performance in text generation. In contrast to standard GANs that use a binary classifier as its discriminator to predict whether a sample is real or generated, SAL employs a comparative discriminator which is a pairwise classifier for comparing the text quality between a pair of samples. During training, SAL rewards the generator when its currently generated sentence is found to be better than its previously generated samples. This self-improvement reward mechanism allows the model to receive credits more easily and avoid collapsing towards the limited number of real samples, which not only helps alleviate the reward sparsity issue but also reduces the risk of mode collapse. Experiments on text generation benchmark datasets show that our proposed approach substantially improves both the quality and the diversity, and yields more stable performance compared to the previous GANs for text generation.",None
https://openreview.net/forum?id=SJxDDpEKvH,Counterfactuals uncover the modular structure of deep generative models,generative models; causality; counterfactuals; representation learning; disentanglement; generalization; unsupervised learning,We develop a framework to find modular internal representations in generative models and manipulate then to generate counterfactual examples.,"Deep generative models can emulate the perceptual properties of complex image datasets, providing a latent representation of the data. However, manipulating such representation to perform meaningful and controllable transformations in the data space remains challenging without some form of supervision. While previous work has focused on exploiting statistical independence to \textit{disentangle} latent factors, we argue that such requirement can be advantageously relaxed and propose instead a non-statistical framework that relies on identifying a modular organization of the network, based on counterfactual manipulations. Our experiments support that modularity between groups of channels is achieved to a certain degree on a variety of generative models. This allowed the design of targeted interventions on complex image datasets, opening the way to applications such as computationally efficient style transfer and the automated assessment of robustness to contextual changes in pattern recognition systems.",None
https://openreview.net/forum?id=SygpC6Ntvr,Minimizing FLOPs to Learn Efficient Sparse Representations,sparse embeddings; deep representations; metric learning; regularization,"We propose an approach to learn sparse high dimensional representations that are fast to search, by incorporating a surrogate of the number of operations directly into the loss function.","Deep representation learning has become one of the most widely adopted approaches for visual search, recommendation, and identification. Retrieval of such  representations from a large database is however computationally challenging. Approximate methods based on learning compact representations, have been widely explored for this problem, such as locality sensitive hashing, product quantization, and PCA. In this work, in contrast to learning compact representations, we propose to learn high dimensional and sparse representations that have similar representational capacity as dense embeddings while being more efficient due to sparse matrix multiplication operations which can be much faster than dense multiplication. Following the key insight that the number of operations decreases quadratically with the sparsity of embeddings provided the non-zero entries are distributed uniformly across dimensions, we propose a novel approach to learn such distributed sparse embeddings via the use of a carefully constructed regularization function that directly minimizes a continuous relaxation of the number of floating-point operations (FLOPs) incurred during retrieval. Our experiments show that our approach is competitive to the other baselines and yields a similar or better speed-vs-accuracy tradeoff on practical datasets.",None
https://openreview.net/forum?id=rkgMkCEtPB,Rapid Learning or Feature Reuse? Towards Understanding the Effectiveness of MAML,deep learning analysis; representation learning; meta-learning; few-shot learning,"The success of MAML relies on feature reuse from the meta-initialization, which also yields a natural simplification of the algorithm, with the inner loop removed for the network body, as well as other insights on the head and body.","An important research direction in machine learning has centered around developing meta-learning algorithms to tackle few-shot learning. An especially successful algorithm has been Model Agnostic Meta-Learning (MAML), a method that consists of two optimization loops, with the outer loop finding a meta-initialization, from which the inner loop can efficiently learn new tasks. Despite MAML's popularity, a fundamental open question remains -- is the effectiveness of MAML due to the meta-initialization being primed for rapid learning (large, efficient changes in the representations) or due to feature reuse,  with the meta initialization already containing high quality features? We investigate this question, via ablation studies and analysis of the latent representations, finding that feature reuse is the dominant factor. This leads to the ANIL (Almost No Inner Loop) algorithm, a simplification of MAML where we remove the inner loop for all but the (task-specific) head of the underlying neural network. ANIL matches MAML's performance on benchmark few-shot image classification and RL and offers computational improvements over MAML. We further study the precise contributions of the head and body of the network, showing that performance on the test tasks is entirely determined by the quality of the learned features, and we can remove even the head of the network (the NIL algorithm). We conclude with a discussion of the rapid learning vs feature reuse question for meta-learning algorithms more broadly.",None
https://openreview.net/forum?id=BygFVAEKDH,Understanding Knowledge Distillation in Non-autoregressive Machine Translation,knowledge distillation; non-autoregressive neural machine translation,"We systematically examine why knowledge distillation is crucial to the training of non-autoregressive translation (NAT) models, and propose methods to further improve the distilled data to best match the capacity of an NAT model.","Non-autoregressive machine translation (NAT) systems predict a sequence of output tokens in parallel, achieving substantial improvements in generation speed compared to autoregressive models. Existing NAT models usually rely on the technique of knowledge distillation, which creates the training data from a pretrained autoregressive model for better performance. Knowledge distillation is empirically useful, leading to large gains in accuracy for NAT models, but the reason for this success has, as of yet, been unclear. In this paper, we first design systematic experiments to investigate why knowledge distillation is crucial to NAT training. We find that knowledge distillation can reduce the complexity of data sets and help NAT to model the variations in the output data. Furthermore, a strong correlation is observed between the capacity of an NAT model and the optimal complexity of the distilled data for the best translation quality. Based on these findings, we further propose several approaches that can alter the complexity of data sets to improve the performance of NAT models. We achieve the state-of-the-art performance for the NAT-based models, and close the gap with the autoregressive baseline on WMT14 En-De benchmark.",None
https://openreview.net/forum?id=H1gX8C4YPr,DD-PPO: Learning Near-Perfect PointGoal Navigators from 2.5 Billion Frames,autonomous navigation; habitat; embodied AI; pointgoal navigation; reinforcement learning,None,"We present Decentralized Distributed Proximal Policy Optimization (DD-PPO), a method for distributed reinforcement learning in resource-intensive simulated environments. DD-PPO is distributed (uses multiple machines), decentralized (lacks a centralized server), and synchronous (no computation is ever ""stale""), making it conceptually simple and easy to implement. In our experiments on training virtual robots to navigate in Habitat-Sim, DD-PPO exhibits near-linear scaling -- achieving a speedup of 107x on 128 GPUs over a serial implementation. We leverage this scaling to train an agent for 2.5 Billion steps of experience (the equivalent of 80 years of human experience) -- over 6 months of GPU-time training in under 3 days of wall-clock time with 64 GPUs. 

This massive-scale training not only sets the state of art on Habitat Autonomous Navigation Challenge 2019, but essentially ""solves"" the task -- near-perfect autonomous navigation in an unseen environment without access to a map, directly from an RGB-D camera and a GPS+Compass sensor.  Fortuitously, error vs computation exhibits a power-law-like distribution; thus, 90% of peak performance is obtained relatively early (at 100 million steps) and relatively cheaply (under 1 day with 8 GPUs). Finally, we show that the scene understanding and navigation policies learned can be transferred to other navigation tasks -- the analog of ""ImageNet pre-training + task-specific fine-tuning"" for embodied AI. Our model outperforms ImageNet pre-trained CNNs on these transfer tasks and can serve as a universal resource (all models and code are publicly available).",None
https://openreview.net/forum?id=rJlUt0EYwS,Learning from Explanations with Neural Execution Tree,None,None,"While deep neural networks have achieved impressive performance on a range of NLP tasks, these data-hungry models heavily rely on labeled data, which restricts their applications in scenarios where data annotation is expensive. Natural language (NL) explanations have been demonstrated very useful additional supervision, which can provide sufficient domain knowledge for generating more labeled data over new instances, while the annotation time only doubles. However, directly applying them for augmenting model learning encounters two challenges: (1) NL explanations are unstructured and inherently compositional, which asks for a modularized model to represent their semantics, (2) NL explanations often have large numbers of linguistic variants, resulting in low recall and limited generalization ability. In this paper, we propose a novel Neural Execution Tree (NExT) framework to augment training data for text classification using NL explanations. After transforming NL explanations into executable logical forms by semantic parsing, NExT generalizes different types of actions specified by the logical forms for labeling data instances, which substantially increases the coverage of each NL explanation. Experiments on two NLP tasks (relation extraction and sentiment analysis) demonstrate its superiority over baseline methods. Its extension to multi-hop question answering achieves performance gain with light annotation effort.",None
https://openreview.net/forum?id=ryeFY0EFwS,Coherent Gradients: An Approach to Understanding Generalization in Gradient Descent-based Optimization,generalization; deep learning,We propose a hypothesis for why gradient descent generalizes based on how per-example gradients interact with each other.,"An open question in the Deep Learning community is why neural networks trained with Gradient Descent generalize well on real datasets even though they are capable of fitting random data. We propose an approach to answering this question based on a hypothesis about the dynamics of gradient descent that we call Coherent Gradients: Gradients from similar examples are similar and so the overall gradient is stronger in certain directions where these reinforce each other. Thus changes to the network parameters during training are biased towards those that (locally) simultaneously benefit many examples when such similarity exists. We support this hypothesis with heuristic arguments and perturbative experiments and outline how this can explain several common empirical observations about Deep Learning. Furthermore, our analysis is not just descriptive, but prescriptive. It suggests a natural modification to gradient descent that can greatly reduce overfitting.",None
https://openreview.net/forum?id=rJeQoCNYDS,Single Episode Policy Transfer in Reinforcement Learning,transfer learning; reinforcement learning,"Single episode policy transfer in a family of environments with related dynamics, via optimized probing for rapid inference of latent variables and immediate execution of a universal policy.","Transfer and adaptation to new unknown environmental dynamics is a key challenge for reinforcement learning (RL). An even greater challenge is performing near-optimally in a single attempt at test time, possibly without access to dense rewards, which is not addressed by current methods that require multiple experience rollouts for adaptation. To achieve single episode transfer in a family of environments with related dynamics, we propose a general algorithm that optimizes a probe and an inference model to rapidly estimate underlying latent variables of test dynamics, which are then immediately used as input to a universal control policy. This modular approach enables integration of state-of-the-art algorithms for variational inference or RL. Moreover, our approach does not require access to rewards at test time, allowing it to perform in settings where existing adaptive approaches cannot. In diverse experimental domains with a single episode test constraint, our method significantly outperforms existing adaptive approaches and shows favorable performance against baselines for robust transfer.",None
https://openreview.net/forum?id=rJxtgJBKDr,SNOW: Subscribing to Knowledge via Channel Pooling for Transfer & Lifelong Learning of Convolutional Neural Networks,channel pooling; efficient training and inferencing; lifelong learning; transfer learning; multi task,"We propose SNOW, an efficient way of transfer and lifelong learning by subscribing knowledge of a source model for new tasks through a novel channel pooling block.","SNOW is an efficient learning method to improve training/serving throughput as well as accuracy for transfer and lifelong learning of convolutional neural networks based on knowledge subscription. SNOW selects the top-K useful intermediate
feature maps for a target task from a pre-trained and frozen source model through a novel channel pooling scheme, and utilizes them in the task-specific delta model. The source model is responsible for generating a large number of generic feature maps. Meanwhile, the delta model selectively subscribes to those feature maps and fuses them with its local ones to deliver high accuracy for the target task. Since a source model takes part in both training and serving of all target tasks
in an inference-only mode, one source model can serve multiple delta models, enabling significant computation sharing. The sizes of such delta models are fractional of the source model, thus SNOW also provides model-size efficiency.
Our experimental results show that SNOW offers a superior balance between accuracy and training/inference speed for various image classification tasks to the existing transfer and lifelong learning practices.",None
https://openreview.net/forum?id=rJgzzJHtDB,"Triple Wins: Boosting Accuracy, Robustness and Efficiency Together by Enabling Input-Adaptive Inference",adversarial robustness; efficient inference,"Is it possible to co-design model accuracy, robustness and efficiency to achieve their triple wins? Yes!","Deep networks were recently suggested to face the odds between accuracy (on clean natural images) and robustness (on adversarially perturbed images) (Tsipras et al., 2019). Such a dilemma is shown to be rooted in the inherently higher sample complexity (Schmidt et al., 2018) and/or model capacity (Nakkiran, 2019), for learning a high-accuracy and robust classifier. In view of that, give a classification task, growing the model capacity appears to help draw a win-win between accuracy and robustness, yet at the expense of model size and latency, therefore posing challenges for resource-constrained applications. Is it possible to co-design model accuracy, robustness and efficiency to achieve their triple wins? This paper studies multi-exit networks associated with input-adaptive efficient inference, showing their strong promise in achieving a “sweet point"" in co-optimizing model accuracy, robustness, and efficiency. Our proposed solution, dubbed Robust Dynamic Inference Networks (RDI-Nets), allows for each input (either clean or adversarial) to adaptively choose one of the multiple output layers (early branches or the final one) to output its prediction. That multi-loss adaptivity adds new variations and flexibility to adversarial attacks and defenses, on which we present a systematical investigation. We show experimentally that by equipping existing backbones with such robust adaptive inference, the resulting RDI-Nets can achieve better accuracy and robustness, yet with over 30% computational savings, compared to the defended original models.",None
https://openreview.net/forum?id=BJl07ySKvS,Guiding Program Synthesis by Learning to Generate Examples,program synthesis; programming by examples,None,"A key challenge of existing program synthesizers is ensuring that the synthesized program generalizes well. This can be difficult to achieve as the specification provided by the end user is often limited, containing as few as one or two input-output examples. In this paper we address this challenge via an iterative approach that finds ambiguities in the provided specification and learns to resolve these by generating additional input-output examples. The main insight is to reduce the problem of selecting which program generalizes well to the simpler task of deciding which output is correct. As a result, to train our probabilistic models, we can take advantage of the large amounts of data in the form of program outputs, which are often much easier to obtain than the corresponding ground-truth programs.",None
https://openreview.net/forum?id=rkeIIkHKvS,Measuring and Improving the Use of Graph Information in Graph Neural Networks,None,None,"Graph neural networks (GNNs) have been widely used for representation learning on graph data. However, there is limited understanding on how much performance GNNs actually gain from graph data. This paper introduces a context-surrounding GNN framework and proposes two smoothness metrics to measure the quantity and quality of information obtained from graph data. A new, improved GNN model, called CS-GNN, is then devised to improve the use of graph information based on the smoothness values of a graph. CS-GNN is shown to achieve better performance than existing methods in different types of real graphs.",None
https://openreview.net/forum?id=HJgSwyBKvr,Weakly Supervised Disentanglement with Guarantees,disentanglement; theory of disentanglement; representation learning; generative models,We construct a theoretical framework for weakly supervised disentanglement and conducted lots of experiments to back up the theory.,"Learning disentangled representations that correspond to factors of variation in real-world data is critical to interpretable and human-controllable machine learning. Recently, concerns about the viability of learning disentangled representations in a purely unsupervised manner has spurred a shift toward the incorporation of weak supervision. However, there is currently no formalism that identifies when and how weak supervision will guarantee disentanglement. To address this issue, we provide a theoretical framework to assist in analyzing the disentanglement guarantees (or lack thereof) conferred by weak supervision when coupled with learning algorithms based on distribution matching. We empirically verify the guarantees and limitations of several weak supervision methods (restricted labeling, match-pairing, and rank-pairing), demonstrating the predictive power and usefulness of our theoretical framework.",None
https://openreview.net/forum?id=SJgIPJBFvH,Fantastic Generalization Measures and Where to Find Them,Generalization; correlation; experiments,"We empirically study generalization measures over more than 2000 models, identify common pitfall in existing practice of studying generalization measures and provide some new bounds based on measures in our study.","Generalization of deep networks has been intensely researched in recent years, resulting in a number of theoretical bounds and empirically motivated measures. However, most papers proposing such measures only study a small set of models, leaving open the question of whether these measures are truly useful in practice. We present the first large scale study of generalization bounds and measures in deep networks. We train over two thousand CIFAR-10 networks with systematic changes in important hyper-parameters. We attempt to uncover potential causal relationships between each measure and generalization, by using rank correlation coefficient and its modified forms. We analyze the results and show that some of the studied measures are very promising for further research.",None
https://openreview.net/forum?id=HyxJ1xBYDH,Learning-Augmented Data Stream Algorithms,streaming algorithms; heavy hitters; F_p moment; distinct elements; cascaded norms,None,"The data stream model is a fundamental model for processing massive data sets with limited memory and fast processing time. Recently Hsu et al. (2019) incorporated machine learning techniques into the data stream model in order to learn relevant patterns in the input data. Such techniques were encapsulated by training an oracle to predict item frequencies in the streaming model. In this paper we explore the full power of such an oracle, showing that it can be applied to a wide array of problems in data streams, sometimes resulting in the first optimal bounds for such problems. Namely, we apply the oracle to counting distinct elements on the difference of streams, estimating frequency moments, estimating cascaded aggregates, and estimating moments of geometric data streams. For the distinct elements problem, we obtain the first memory-optimal algorithms. For estimating the $p$-th frequency moment for $0 < p < 2$ we obtain the first algorithms with optimal update time. For estimating the $p$-the frequency moment for $p > 2$ we obtain a quadratic saving in memory. We empirically validate our results, demonstrating also our improvements in practice.",None
https://openreview.net/forum?id=HkejNgBtPB,Variational Template Machine for Data-to-Text Generation,None,None,"How to generate descriptions from structured data organized in tables? Existing approaches using neural encoder-decoder models often suffer from lacking diversity. We claim that an open set of templates is crucial for enriching the phrase constructions and realizing varied generations.Learning such templates is prohibitive since it often requires a large paired <table,description>, which is seldom available. This paper explores the problem of automatically learning reusable ""templates"" from paired and non-paired data. We propose the variational template machine (VTM), a novel method to generate text descriptions from data tables. Our contributions include:  a) we carefully devise a specific model architecture and losses to explicitly disentangle text template and semantic content information, in the latent spaces, and b) we utilize both small parallel data and large raw text without aligned tables to enrich the template learning. Experiments on datasets from a variety of different domains show that VTM is able to generate more diversely while keeping a good fluency and quality.",None
https://openreview.net/forum?id=S1gmrxHFvB,AugMix: A Simple Data Processing Method to Improve Robustness and Uncertainty,robustness; uncertainty,"We obtain state-of-the-art on robustness to data shifts, and we maintain calibration under data shift even though even when accuracy drops","Modern deep neural networks can achieve high accuracy when the training distribution and test distribution are identically distributed, but this assumption is frequently violated in practice. When the train and test distributions are mismatched, accuracy can plummet. Currently there are few techniques that improve robustness to unforeseen data shifts encountered during deployment. In this work, we propose a technique to improve the robustness and uncertainty estimates of image classifiers. We propose AugMix, a data processing technique that is simple to implement, adds limited computational overhead, and helps models withstand unforeseen corruptions. AugMix significantly improves robustness and uncertainty measures on challenging image classification benchmarks, closing the gap between previous methods and the best possible performance in some cases by more than half.",None
https://openreview.net/forum?id=ryxWIgBFPS,A Meta-Transfer Objective for Learning to Disentangle Causal Mechanisms,meta-learning; transfer learning; structure learning; modularity; causality,This paper proposes a meta-learning objective based on speed of adaptation to transfer distributions to discover a modular decomposition and causal variables.,"We propose to use a meta-learning objective that maximizes the speed of transfer on a modified distribution to learn how to modularize acquired knowledge. In particular, we focus on how to factor a joint distribution into appropriate conditionals, consistent with the causal directions. We explain when this can work, using the assumption that the changes in distributions are localized (e.g. to one of the marginals, for example due to an intervention on one of the variables). We prove that under this assumption of localized changes in causal mechanisms, the correct causal graph will tend to have only a few of its parameters with non-zero gradient, i.e. that need to be adapted (those of the modified variables). We argue and observe experimentally that this leads to faster adaptation, and use this property to define a meta-learning surrogate score which, in addition to a continuous parametrization of graphs, would favour correct causal graphs. Finally, motivated by the AI agent point of view (e.g. of a robot discovering its environment autonomously), we consider how the same objective can discover the causal variables themselves, as a transformation of observed low-level variables with no causal meaning. Experiments in the two-variable case validate the proposed ideas and theoretical results.",None
https://openreview.net/forum?id=H1xscnEKDr,Defending Against Physically Realizable Attacks on Image Classification,defense against physical attacks; adversarial machine learning,Defending Against Physically Realizable Attacks on Image Classification,"We study the problem of defending deep neural network approaches for image classification from physically realizable attacks. First, we demonstrate that the two most scalable and effective methods for learning robust models, adversarial training with PGD attacks and randomized smoothing, exhibit very limited effectiveness against three of the highest profile physical attacks. Next, we propose a new abstract adversarial model, rectangular occlusion attacks, in which an adversary places a small adversarially crafted rectangle in an image, and develop two approaches for efficiently computing the resulting adversarial examples. Finally, we demonstrate that adversarial training using our new attack yields image classification models that exhibit high robustness against the physically realizable attacks we study, offering the first effective generic defense against such attacks.",None
https://openreview.net/forum?id=Hyx-jyBFPr,Self-labelling via simultaneous clustering and representation learning,self-supervision; feature representation learning; clustering,"We propose a self-supervised learning formulation that simultaneously learns feature representations and useful dataset labels by optimizing the common cross-entropy loss for features _and_ labels, while maximizing information.","Combining clustering and representation learning is one of the most promising approaches for unsupervised learning of deep neural networks. However, doing so naively leads to ill posed learning problems with degenerate solutions.
In this paper, we propose a novel and principled learning formulation that addresses these issues.
The method is obtained by maximizing the information between labels and input data indices.
We show that this criterion extends standard cross-entropy minimization to an optimal transport problem, which we solve efficiently for millions of input images and thousands of labels using a fast variant of the Sinkhorn-Knopp algorithm.
The resulting method is able to self-label visual data so as to train highly competitive image representations without manual labels. Our method achieves state of the art representation learning performance for AlexNet and ResNet-50 on SVHN, CIFAR-10, CIFAR-100 and ImageNet and yields the first self-supervised AlexNet that outperforms the supervised Pascal VOC detection baseline.",None
