urls,titles,keywords,tldrs,abstracts,one_sentence_summ
https://openreview.net/forum?id=HJe62s09tX,Unsupervised Hyper-alignment for Multilingual Word Embeddings,None,None,"We consider the problem of aligning continuous word representations, learned in multiple languages, to a common space. It was recently shown that, in the case of two languages, it is possible to learn such a mapping without supervision. This paper extends this line of work to the problem of aligning multiple languages to a common space. A solution is to independently map all languages to a pivot language. Unfortunately, this degrades the quality of indirect word translation. We thus propose a novel formulation that ensures composable mappings, leading to better alignments. We evaluate our method by jointly aligning word vectors in eleven languages, showing consistent improvement with indirect mappings while maintaining competitive performance on direct word translation.",None
https://openreview.net/forum?id=SkgVRiC9Km,Fortified Networks: Improving the Robustness of Deep Networks by Modeling the Manifold of Hidden Representations,adversarial examples; adversarial training; autoencoders; hidden state,Better adversarial training by learning to map back to the data manifold with autoencoders in the hidden states.,"Deep networks have achieved impressive results across a variety of important tasks. However, a known weakness is a failure to perform well when evaluated on data which differ from the training distribution, even if these differences are very small, as is the case with adversarial examples.  We propose \emph{Fortified Networks}, a simple transformation of existing networks, which “fortifies” the hidden layers in a deep network by identifying when the hidden states are off of the data manifold, and maps these hidden states back to parts of the data manifold where the network performs well. Our principal contribution is to show that fortifying these hidden states improves the robustness of deep networks and our experiments (i) demonstrate improved robustness to standard adversarial attacks in both black-box and white-box threat models; (ii) suggest that our improvements are not primarily due to the problem of deceptively good results due to degraded quality in the gradient signal (the gradient masking problem) and (iii) show the advantage of doing this fortification in the hidden layers instead of the input space.  We demonstrate improvements in adversarial robustness on three datasets (MNIST, Fashion MNIST, CIFAR10), across several attack parameters, both white-box and black-box settings, and the most widely studied attacks (FGSM, PGD, Carlini-Wagner).  We show that these improvements are achieved across a wide variety of hyperparameters.",None
https://openreview.net/forum?id=ByloJ20qtm,Neural Program Repair by Jointly Learning to Localize and Repair,neural program repair; neural program embeddings; pointer networks,Multi-headed Pointer Networks for jointly learning to localize and repair Variable Misuse bugs,"Due to its potential to improve programmer productivity and software quality, automated program repair has been an active topic of research. Newer techniques harness neural networks to learn directly from examples of buggy programs and their fixes. In this work, we consider a recently identified class of bugs called variable-misuse bugs. The state-of-the-art solution for variable misuse enumerates potential fixes for all possible bug locations in a program, before selecting the best prediction. We show that it is beneficial to train a model that jointly and directly localizes and repairs variable-misuse bugs. We present multi-headed pointer networks for this purpose, with one head each for localization and repair. The experimental results show that the joint model significantly outperforms an enumerative solution that uses a pointer based model for repair alone.",None
https://openreview.net/forum?id=Skl6k209Ym,Alignment Based Mathching Networks for One-Shot Classification and Open-Set Recognition,None,None,"Deep learning for object classification relies heavily on convolutional models. While effective, CNNs are rarely interpretable after the fact. An attention mechanism can be used to highlight the area of the image that the model focuses on thus offering a narrow view into the mechanism of classification. We expand on this idea by forcing the method to explicitly align images to be classified to reference images representing the classes. The mechanism of alignment is learned and therefore does not require that the reference objects are anything like those being classified. Beyond explanation, our exemplar based cross-alignment method enables classification with only a single example per category (one-shot). Our model cuts the 5-way, 1-shot error rate in Omniglot from 2.1\% to 1.4\% and in MiniImageNet from 53.5\% to 46.5\% while simultaneously providing point-wise alignment information providing some understanding on what the network is capturing. This method of alignment also enables the recognition of an unsupported class (open-set) in the one-shot setting while maintaining an F1-score of above 0.5 for Omniglot even with 19 other distracting classes while baselines completely fail to separate the open-set class in the one-shot setting.",None
https://openreview.net/forum?id=BkloRs0qK7,"A comprehensive, application-oriented study of catastrophic forgetting in DNNs",incremental learning; deep neural networks; catatrophic forgetting; sequential learning,"We check DNN models for catastrophic forgetting using a new evaluation scheme that reflects typical application conditions, with surprising results.","We present a large-scale empirical study of catastrophic forgetting (CF) in modern Deep Neural Network (DNN) models that perform sequential (or: incremental) learning.
A new experimental protocol is proposed that takes into account typical constraints encountered in application scenarios.
As the investigation is empirical, we evaluate CF behavior on the hitherto largest number of visual classification datasets, from each of which we construct a representative number of Sequential Learning Tasks (SLTs) in close alignment to previous works on CF.
Our results clearly indicate that there is no model that avoids CF for all investigated datasets and SLTs under application conditions. We conclude with a discussion of potential solutions and workarounds to CF, notably for the EWC and IMM models.",None
https://openreview.net/forum?id=SkeVsiAcYm,Generative predecessor models for sample-efficient imitation learning,Imitation Learning; Generative Models; Deep Learning,None,"We propose Generative Predecessor Models for Imitation Learning (GPRIL), a novel imitation learning algorithm that matches the state-action distribution to the distribution observed in expert demonstrations, using generative models to reason probabilistically about alternative histories of demonstrated states. We show that this approach allows an agent to learn robust policies using only a small number of expert demonstrations and self-supervised interactions with the environment. We derive this approach from first principles and compare it empirically to a state-of-the-art imitation learning method, showing that it outperforms or matches its performance on two simulated robot manipulation tasks and demonstrate significantly higher sample efficiency by applying the algorithm on a real robot.",None
https://openreview.net/forum?id=SyMras0cFQ,An adaptive homeostatic algorithm for the unsupervised learning of visual features,Sparse Coding; Unsupervised Learning; Natural Scene Statistics; Biologically Plausible Deep Networks; Visual Perception; Computer Vision,Unsupervised learning is hard and depends on normalisation heuristics. Can we find a simpler approach?,"The formation of structure in the brain, that is, of the connections between cells within neural populations, is by large an unsupervised learning process: the emergence of this architecture is mostly self-organized. In the primary visual cortex of mammals, for example, one may observe during development the formation of cells selective to localized, oriented features. This leads to the development of a rough representation of contours of the retinal image in area V1. We modeled these mechanisms using sparse Hebbian learning algorithms. These algorithms alternate a coding step to encode the information with a learning step to find the proper encoder. A major difficulty faced by these algorithms is to deduce a good representation while knowing immature encoders, and to learn good encoders with a non-optimal representation. To address this problem, we propose to introduce a new regulation process between learning and coding, called homeostasis. Our homeostasis is compatible with a neuro-mimetic architecture and allows for the fast emergence of localized filters sensitive to orientation. The key to this algorithm lies in a simple adaptation mechanism based on non-linear functions that reconciles the antagonistic processes that occur at the coding and learning time scales. We tested this unsupervised algorithm with this homeostasis rule for a range of existing unsupervised learning algorithms coupled with different neural coding algorithms. In addition, we propose a simplification of this optimal homeostasis rule by implementing a simple heuristic on the probability of activation of neurons. Compared to the optimal homeostasis rule, we show that this heuristic allows to implement a more rapid unsupervised learning algorithm while keeping a large part of its effectiveness. These results demonstrate the potential application of such a strategy in machine learning and we illustrate this with one result in a convolutional neural network.",None
https://openreview.net/forum?id=HkfwpiA9KX,Automata Guided Skill Composition,Skill composition; temporal logic; finite state automata,A formal method's approach to skill composition in reinforcement learning tasks,"Skills learned through (deep) reinforcement learning often generalizes poorly
across tasks and re-training is necessary when presented with a new task. We
present a framework that combines techniques in formal methods with reinforcement
learning (RL) that allows for the convenient specification of complex temporal
dependent tasks with logical expressions and construction of new skills from existing
ones with no additional exploration. We provide theoretical results for our
composition technique and evaluate on a simple grid world simulation as well as
a robotic manipulation task.",None
https://openreview.net/forum?id=Hkg1YiAcK7,Learning Implicit Generative Models by Teaching Explicit Ones,None,None,"Implicit generative models are difficult to train as no explicit probability density functions are defined. Generative adversarial nets (GANs) propose a minimax framework to train such models, which suffer from mode collapse in practice due to the nature of the JS-divergence. In contrast, we propose a learning by teaching (LBT) framework to learn implicit models, which intrinsically avoid the  mode collapse problem because of using the KL-divergence. In LBT, an auxiliary explicit model is introduced to learn the distribution defined by the implicit model while the later one's goal is to teach the explicit model to match the data distribution. LBT is formulated as a bilevel optimization problem, whose optimum implies that we obtain the maximum likelihood estimation of the implicit model. We adopt an unrolling approach to solve the challenging learning problem. Experimental results demonstrate the effectiveness of our method.",None
https://openreview.net/forum?id=BklCusRct7,Optimal Transport Maps For Distribution Preserving Operations on Latent Spaces of Generative Models,generative models; optimal transport; distribution preserving operations,We propose a framework for modifying the latent space operations such that the distribution mismatch between the resulting outputs and the prior distribution the generative model was trained on is fully eliminated.,"Generative models such as Variational Auto Encoders (VAEs) and Generative Adversarial Networks (GANs) are typically trained for a fixed prior distribution in the latent space, such as uniform or Gaussian. After a trained model is obtained, one can sample the Generator in various forms for exploration and understanding, such as interpolating between two samples, sampling in the vicinity of a sample or exploring differences between a pair of samples applied to a third sample. However, the latent space operations commonly used in the literature so far induce a distribution mismatch between the resulting outputs and the prior distribution the model was trained on. Previous works have attempted to reduce this mismatch with heuristic modification to the operations or by changing the latent distribution and re-training models. In this paper, we propose a framework for modifying the latent space operations such that the distribution mismatch is fully eliminated. Our approach is based on optimal transport maps, which adapt the latent space operations such that they fully match the prior distribution, while minimally modifying the original operation. Our matched operations are readily obtained for the commonly used operations and distributions and require no adjustment to the training procedure.",None
https://openreview.net/forum?id=ryljV2A5KX,IB-GAN: Disentangled Representation Learning with Information Bottleneck GAN,Unsupervised disentangled representation learning; GAN; Information Bottleneck; Variational Inference,"Inspired by Information Bottleneck theory,  we propose a new architecture of GAN for a disentangled representation learning","We present a novel architecture of GAN for a disentangled representation learning. The new model architecture is inspired by Information Bottleneck (IB) theory thereby named IB-GAN. IB-GAN objective is similar to that of InfoGAN but has a crucial difference; a capacity regularization for mutual information is adopted, thanks to which the generator of IB-GAN can harness a latent representation in disentangled and interpretable manner. To facilitate the optimization of IB-GAN in practice, a new variational upper-bound is derived. With experiments on CelebA, 3DChairs, and dSprites datasets, we demonstrate that the visual quality of samples generated by IB-GAN is often better than those by β-VAEs. Moreover, IB-GAN achieves much higher disentanglement metrics score than β-VAEs or InfoGAN on the dSprites dataset.",None
https://openreview.net/forum?id=rJl6M2C5Y7,Online Hyperparameter Adaptation via Amortized Proximal Optimization,hyperparameters; optimization; learning rate adaptation,"We introduce amortized proximal optimization (APO), a method to adapt a variety of optimization hyperparameters online during training, including learning rates, damping coefficients, and gradient variance exponents.","Effective performance of neural networks depends critically on effective tuning of optimization hyperparameters, especially learning rates (and schedules thereof). We present Amortized Proximal Optimization (APO), which takes the perspective that each optimization step should approximately minimize a proximal objective (similar to the ones used to motivate natural gradient and trust region policy optimization). Optimization hyperparameters are adapted to best minimize the proximal objective after one weight update. We show that an idealized version of APO (where an oracle minimizes the proximal objective exactly) achieves global convergence to stationary point and locally second-order convergence to global optimum for neural networks. APO incurs minimal computational overhead. We experiment with using APO to adapt a variety of optimization hyperparameters online during training, including (possibly layer-specific) learning rates, damping coefficients, and gradient variance exponents. For a variety of network architectures and optimization algorithms (including SGD, RMSprop, and K-FAC), we show that with minimal tuning, APO performs competitively with carefully tuned optimizers.",None
https://openreview.net/forum?id=SyMhLo0qKQ,Distribution-Interpolation Trade off in Generative Models,generative models; latent distribution; Cauchy distribution; interpolations,We theoretically prove that linear interpolations are unsuitable for analysis of trained implicit generative models.,"We investigate the properties of multidimensional probability distributions in the context of latent space prior distributions of implicit generative models. Our work revolves around the phenomena arising while decoding linear interpolations between two random latent vectors -- regions of latent space in close proximity to the origin of the space are oversampled, which restricts the usability of linear interpolations as a tool to analyse the latent space. We show that the distribution mismatch can be eliminated completely by a proper choice of the latent probability distribution or using non-linear interpolations. We prove that there is a trade off between the interpolation being linear, and the latent distribution having even the most basic properties required for stable training, such as finite mean. We use the multidimensional Cauchy distribution as an example of the prior distribution, and also provide a general method of creating non-linear interpolations, that is easily applicable to a large family of commonly used latent distributions.",None
https://openreview.net/forum?id=BygANhA9tQ,Cost-Sensitive Robustness against Adversarial Examples,Certified robustness; Adversarial examples; Cost-sensitive learning,A general method for training certified cost-sensitive robust classifier against adversarial perturbations,"Several recent works have developed methods for training classifiers that are certifiably robust against norm-bounded adversarial perturbations. These methods assume that all the adversarial transformations are equally important, which is seldom the case in real-world applications. We advocate for cost-sensitive robustness as the criteria for measuring the classifier's performance for tasks where some adversarial transformation are more important than others. We encode the potential harm of each adversarial transformation in a cost matrix, and propose a general objective function to adapt the robust training method of Wong & Kolter (2018) to optimize for cost-sensitive robustness. Our experiments on simple MNIST and CIFAR10 models with a variety of cost matrices show that the proposed approach can produce models with substantially reduced cost-sensitive robust error, while maintaining classification accuracy.",None
https://openreview.net/forum?id=BklpOo09tQ,EFFICIENT TWO-STEP ADVERSARIAL DEFENSE FOR DEEP NEURAL NETWORKS,Adversarial Examples; Adversarial Training; FGSM; IFGSM; Robustness,We proposed a time-efficient defense method against one-step and iterative adversarial attacks.,"In recent years, deep neural networks have demonstrated outstanding performancein many machine learning tasks. However, researchers have discovered that thesestate-of-the-art models are vulnerable to adversarial examples:  legitimate examples added by small perturbations which are unnoticeable to human eyes. Adversarial training, which augments the training data with adversarial examples duringthe training process,  is a well known defense to improve the robustness of themodel against adversarial attacks.  However, this robustness is only effective tothe same attack method used for adversarial training.  Madry et al. (2017) suggest that effectiveness of iterative multi-step adversarial attacks and particularlythat projected gradient descent (PGD) may be considered the universal first order adversary and applying the adversarial training with PGD implies resistanceagainst many other first order attacks.   However,  the computational cost of theadversarial training with PGD and other multi-step adversarial examples is muchhigher than that of the adversarial training with other simpler attack techniques.In this paper, we show how strong adversarial examples can be generated only ata cost similar to that of two runs of the fast gradient sign method (FGSM), allowing defense against adversarial attacks with a robustness level comparable to thatof the adversarial training with multi-step adversarial examples.  We empiricallydemonstrate the effectiveness of the proposed two-step defense approach againstdifferent attack methods and its improvements over existing defense strategies.",None
https://openreview.net/forum?id=S1lIMn05F7,A Direct Approach to Robust Deep Learning Using Adversarial Networks,deep learning; adversarial learning; generative adversarial networks,Jointly train an adversarial noise generating network with a classification network to provide better robustness to adversarial attacks.,"Deep neural networks have been shown to perform well in many classical machine learning problems, especially in image classification tasks. However, researchers have found that neural networks can be easily fooled, and they are surprisingly sensitive to small perturbations imperceptible to humans.  Carefully crafted input images (adversarial examples) can force a well-trained neural network to provide arbitrary outputs.  Including adversarial examples during training is a popular defense mechanism against adversarial attacks. In this paper we propose a new defensive mechanism under the generative adversarial network~(GAN) framework. We model the adversarial noise using a generative network, trained jointly with a classification discriminative network as a minimax game. We show empirically that our adversarial network approach works well against black box attacks, with performance on par with state-of-art methods such as ensemble adversarial training and adversarial training with projected gradient descent.",None
https://openreview.net/forum?id=Syxt5oC5YQ,Aggregated Momentum: Stability Through Passive Damping,momentum; optimization; deep learning; neural networks,"We introduce a simple variant of momentum optimization which is able to outperform classical momentum, Nesterov, and Adam on deep learning tasks with minimal hyperparameter tuning.","Momentum is a simple and widely used trick which allows gradient-based optimizers to pick up speed along low curvature directions. Its performance depends crucially on a damping coefficient. Largecamping  coefficients can potentially deliver much larger speedups, but are prone to oscillations and instability; hence one typically resorts to small values such as 0.5 or 0.9. We propose Aggregated Momentum (AggMo), a variant of momentum which combines multiple velocity vectors with different damping coefficients. AggMo is trivial to implement, but significantly dampens oscillations, enabling it to remain stable even for aggressive damping coefficients such as 0.999. We reinterpret Nesterov's accelerated gradient descent as a special case of AggMo and analyze rates of convergence for quadratic objectives. Empirically, we find that AggMo is a suitable drop-in replacement for other momentum methods, and frequently delivers faster convergence with little to no tuning.",None
https://openreview.net/forum?id=Skz-3j05tm,Graph Convolutional Network with Sequential Attention For Goal-Oriented Dialogue Systems,Goal-oriented Dialogue Systems; Graph Convolutional Networks,We propose a Graph Convolutional Network based encoder-decoder model with sequential attention for goal-oriented dialogue systems.,"Domain specific goal-oriented dialogue systems typically require modeling three types of inputs, viz., (i) the knowledge-base associated with the domain, (ii) the history of the conversation, which is a sequence of utterances and (iii) the current utterance for which the response needs to be generated. While modeling these inputs, current state-of-the-art models such as Mem2Seq typically ignore the rich structure inherent in the knowledge graph and the sentences in the conversation context. Inspired by the recent success of structure-aware Graph Convolutional Networks (GCNs) for various NLP tasks such as machine translation, semantic role labeling and document dating, we propose a memory augmented GCN for goal-oriented dialogues. Our model exploits (i) the entity relation graph in a knowledge-base  and (ii) the dependency graph associated with an utterance to compute richer representations for words and entities. Further, we take cognizance of the fact that in certain situations, such as, when the conversation is in a code-mixed language, dependency parsers may not be available. We show that in such situations we could use the global word co-occurrence graph and use it to enrich the representations of utterances. We experiment with the modified DSTC2 dataset and its recently released code-mixed versions in four languages and show that our method outperforms existing state-of-the-art methods, using a wide range of evaluation metrics.",None
https://openreview.net/forum?id=rkMnHjC5YQ,Improved Learning of One-hidden-layer Convolutional Neural Networks with Overlaps,deep learning; parameter recovery; convolutional neural networks; non-convex optimization,We propose an algorithm for provably recovering parameters (convolutional and output weights) of a convolutional network with overlapping patches.,"We propose a new algorithm to learn a one-hidden-layer convolutional neural network where both the convolutional weights and the outputs weights are parameters to be learned. Our algorithm works for a general class of (potentially overlapping) patches, including commonly used structures for computer vision tasks. Our algorithm draws ideas from (1) isotonic regression for learning neural networks and (2) landscape analysis of non-convex matrix factorization problems. We believe these findings may inspire further development in designing provable algorithms for learning neural networks and other complex models. While our focus is theoretical, we also present experiments that illustrate our theoretical findings.",None
https://openreview.net/forum?id=BJGVX3CqYm,Mixed Precision Quantization of ConvNets via Differentiable Neural Architecture Search,Neural Net Quantization; Neural Architecture Search,A novel differentiable neural architecture search framework for mixed quantization of ConvNets.,"Recent work in network quantization has substantially reduced the time and space complexity of neural network inference, enabling their deployment on embedded and mobile devices with limited computational and memory resources. However, existing quantization methods often represent all weights and activations with the same precision (bit-width). In this paper, we explore a new dimension of the design space: quantizing different layers with different bit-widths. We formulate this problem as a neural architecture search problem and propose a novel differentiable neural architecture search (DNAS) framework to efficiently explore its exponential search space with gradient-based optimization. Experiments show we surpass the state-of-the-art compression of ResNet on CIFAR-10 and ImageNet. Our quantized models with 21.1x smaller model size or 103.9x lower computational cost can still outperform baseline quantized or even full precision models.",None
https://openreview.net/forum?id=HkxOoiAcYX,Estimating Information Flow in DNNs,information theory; representation learning; deep learning; differential entropy estimation,"Deterministic deep neural networks do not discard information, but they do cluster their inputs.","We study the evolution of internal representations during deep neural network (DNN) training, aiming to demystify the compression aspect of the information bottleneck theory. The theory suggests that DNN training comprises a rapid fitting phase followed by a slower compression phase, in which the mutual information I(X;T) between the input X and internal representations T decreases. Several papers observe compression of estimated mutual information on different DNN models, but the true I(X;T) over these networks is provably either constant (discrete X) or infinite (continuous X). This work explains the discrepancy between theory and experiments, and clarifies what was actually measured by these past works. To this end, we introduce an auxiliary (noisy) DNN framework for which I(X;T) is a meaningful quantity that depends on the network's parameters. This noisy framework is shown to be a good proxy for the original (deterministic) DNN both in terms of performance and the learned representations. We then develop a rigorous estimator for I(X;T) in noisy DNNs and observe compression in various models. By relating I(X;T) in the noisy DNN to an information-theoretic communication problem, we show that compression is driven by the progressive clustering of hidden representations of inputs from the same class. Several methods to directly monitor clustering of hidden representations, both in noisy and deterministic DNNs, are used to show that meaningful clusters form in the T space. Finally, we return to the estimator of I(X;T) employed in past works, and demonstrate that while it fails to capture the true (vacuous) mutual information, it does serve as a measure for clustering. This clarifies the past observations of compression and isolates the geometric clustering of hidden representations as the true phenomenon of interest.",None
https://openreview.net/forum?id=Bkg8jjC9KQ,Optimistic mirror descent in saddle-point problems: Going the extra (gradient) mile,Mirror descent; extra-gradient; generative adversarial networks; saddle-point problems,We show how the inclusion of an extra-gradient step in first-order GAN training methods can improve stability and lead to improved convergence results.,"Owing to their connection with generative adversarial networks (GANs), saddle-point problems have recently attracted considerable interest in machine learning and beyond. By necessity, most theoretical guarantees revolve around convex-concave (or even linear) problems; however, making theoretical inroads towards efficient GAN training depends crucially on moving beyond this classic framework. To make piecemeal progress along these lines, we analyze the behavior of mirror descent (MD) in a class of non-monotone problems whose solutions coincide with those of a naturally associated variational inequality – a property which we call coherence. We first show that ordinary, “vanilla” MD converges under a strict version of this condition, but not otherwise; in particular, it may fail to converge even in bilinear models with a unique solution. We then show that this deficiency is mitigated by optimism: by taking an “extra-gradient” step, optimistic mirror descent (OMD) converges in all coherent problems. Our analysis generalizes and extends the results of Daskalakis et al. [2018] for optimistic gradient descent (OGD) in bilinear problems, and makes concrete headway for provable convergence beyond convex-concave games. We also provide stochastic analogues of these results, and we validate our analysis by numerical experiments in a wide array of GAN models (including Gaussian mixture models, and the CelebA and CIFAR-10 datasets).",None
https://openreview.net/forum?id=rkgsvoA9K7,Dirichlet Variational Autoencoder,Variational autoencoder; Unsupervised learning; (Semi-)Supervised learning; Topic modeling,None,"This paper proposes Dirichlet Variational Autoencoder (DirVAE) using a Dirichlet prior for a continuous latent variable that exhibits the characteristic of the categorical probabilities. To infer the parameters of DirVAE, we utilize the stochastic gradient method by approximating the Gamma distribution, which is a component of the Dirichlet distribution, with the inverse Gamma CDF approximation. Additionally, we reshape the component collapsing issue by investigating two problem sources, which are decoder weight collapsing and latent value collapsing, and we show that DirVAE has no component collapsing; while Gaussian VAE exhibits the decoder weight collapsing and Stick-Breaking VAE shows the latent value collapsing. The experimental results show that 1) DirVAE models the latent representation result with the best log-likelihood compared to the baselines; and 2) DirVAE produces more interpretable latent values with no collapsing issues which the baseline models suffer from. Also, we show that the learned latent representation from the DirVAE achieves the best classification accuracy in the semi-supervised and the supervised classification tasks on MNIST, OMNIGLOT, and SVHN compared to the baseline VAEs. Finally, we demonstrated that the DirVAE augmented topic models show better performances in most cases.",None
https://openreview.net/forum?id=BJgbzhC5Ym,NECST: Neural Joint Source-Channel Coding,joint source-channel coding; deep generative models; unsupervised learning,jointly learn compression + error correcting codes with deep learning,"For reliable transmission across a noisy communication channel, classical results from information theory show that it is asymptotically optimal to separate out the source and channel coding processes. However, this decomposition can fall short in the finite bit-length regime, as it requires non-trivial tuning of hand-crafted codes and assumes infinite computational power for decoding. In this work, we propose Neural Error Correcting and Source Trimming (NECST) codes to jointly learn the encoding and decoding processes in an end-to-end fashion. By adding noise into the latent codes to simulate the channel during training, we learn to both compress and error-correct given a fixed bit-length and computational budget. We obtain codes that are not only competitive against several capacity-approaching channel codes, but also learn useful robust representations of the data for downstream tasks such as classification. Finally, we learn an extremely fast neural decoder, yielding almost an order of magnitude in speedup compared to standard decoding methods based on iterative belief propagation.",None
https://openreview.net/forum?id=H1MzKs05F7,Adversarial Vulnerability of Neural Networks Increases with Input Dimension,adversarial vulnerability; neural networks; gradients; FGSM; adversarial data-augmentation; gradient regularization; robust optimization,Neural nets have large gradients by design; that makes them adversarially vulnerable.,"Over the past four years, neural networks have been proven vulnerable to adversarial images: targeted but imperceptible image perturbations lead to drastically different predictions. We show that adversarial vulnerability increases with the gradients of the training objective when viewed as a function of the inputs. For most current network architectures, we prove that the L1-norm of these gradients grows as the square root of the input size. These nets therefore become increasingly vulnerable with growing image size. Our proofs rely on the network’s weight distribution at initialization, but extensive experiments confirm that our conclusions still hold after usual training.",None
https://openreview.net/forum?id=HyxhusA9Fm,Talk The Walk: Navigating Grids in New York City through Grounded Dialogue,Dialogue; Navigation; Grounded Language Learning,First large-scale dialogue dataset grounded in action and perception,"We introduce `""Talk The Walk"", the first large-scale dialogue dataset grounded in action and perception. The task involves two agents (a 'guide' and a 'tourist') that communicate via natural language in order to achieve a common goal: having the tourist navigate to a given target location. The task and dataset, which are described in detail, are challenging and their full solution is an open problem that we pose to the community. We (i) focus on the task of tourist localization and develop the novel Masked Attention for Spatial Convolutions (MASC) mechanism that allows for grounding tourist utterances into the guide's map, (ii) show it yields significant improvements for both emergent and natural language communication, and (iii) using this method, we establish non-trivial baselines on the full task.",None
https://openreview.net/forum?id=HyGcghRct7,Random mesh projectors for inverse problems,imaging; inverse problems; subspace projections; random Delaunay triangulations; CNN; geophysics; regularization,We solve ill-posed inverse problems with scarce ground truth examples by estimating an ensemble of random projections of the model instead of the model itself.,"We propose a new learning-based approach to solve ill-posed inverse problems in imaging. We address the case where ground truth training samples are rare and the problem is severely ill-posed---both because of the underlying physics and because we can only get few measurements. This setting is common in geophysical imaging and remote sensing. We show that in this case the common approach to directly learn the mapping from the measured data to the reconstruction becomes unstable. Instead, we propose to first learn an ensemble of simpler mappings from the data to projections of the unknown image into random piecewise-constant subspaces. We then combine the projections to form a final reconstruction by solving a deconvolution-like problem. We show experimentally that the proposed method is more robust to measurement noise and corruptions not seen during training than a directly learned inverse.",None
https://openreview.net/forum?id=SJeUAj05tQ,DADAM: A consensus-based distributed adaptive gradient method for online optimization,None,None,"Online and stochastic optimization methods such as SGD, ADAGRAD and ADAM are key algorithms in solving large-scale machine learning problems including deep learning. A number of schemes that are based on communications of nodes with a central server have been recently proposed in the literature to parallelize them. A bottleneck of such centralized algorithms lies on the high communication cost incurred by the central node. In this paper, we present a new consensus-based distributed adaptive moment estimation method (DADAM) for online optimization over a decentralized network that enables data parallelization, as well as decentralized computation. Such a framework note only can be extremely useful for learning agents with access to only local data in a communication constrained environment, but as shown in this work also outperform centralized adaptive algorithms such as ADAM for certain realistic classes of loss functions. We analyze the convergence properties of the proposed algorithm and provide a \textit{dynamic regret} bound on the convergence rate of adaptive moment estimation methods in both stochastic and deterministic settings. Empirical results demonstrate that DADAM works well in practice and compares favorably to competing online optimization methods.",None
https://openreview.net/forum?id=rJlHIo09KQ,Gradient-based Training of Slow Feature Analysis by Differentiable Approximate Whitening,Slow Feature Analysis; Deep Learning; Spectral Embedding; Temporal Coherence,We propose a way to train Slow Feature Analysis with stochastic gradient descent eliminating the need for greedy layer-wise training.,"We propose Power Slow Feature Analysis, a gradient-based method to extract temporally slow features from a high-dimensional input stream that varies on a faster time-scale, as a variant of Slow Feature Analysis (SFA). While displaying performance comparable to hierarchical extensions to the SFA algorithm, such as Hierarchical Slow Feature Analysis, for a small number of output-features, our algorithm allows fully differentiable end-to-end training of arbitrary differentiable approximators (e.g., deep neural networks). We provide experimental evidence that PowerSFA is able to extract meaningful and informative low-dimensional features in the case of (a) synthetic low-dimensional data, (b) visual data, and also for (c) a general dataset for which symmetric non-temporal relations between points can be defined.",None
https://openreview.net/forum?id=HJf9ZhC9FX,Stochastic Gradient/Mirror Descent: Minimax Optimality and Implicit Regularization,optimization; stochastic gradient descent; mirror descent; implicit regularization; deep learning theory,None,"Stochastic descent methods (of the gradient and mirror varieties) have become increasingly popular in optimization. In fact, it is now widely recognized that the success of deep learning is not only due to the special deep architecture of the models, but also due to the behavior of the stochastic descent methods used, which play a key role in reaching ""good"" solutions that generalize well to unseen data. In an attempt to shed some light on why this is the case, we revisit some minimax properties of stochastic gradient descent (SGD) for the square loss of linear models---originally developed in the 1990's---and extend them to \emph{general} stochastic mirror descent (SMD) algorithms for \emph{general} loss functions and \emph{nonlinear} models. 
In particular, we show that there is a fundamental identity which holds for SMD (and SGD) under very general conditions, and which implies the minimax optimality of SMD (and SGD) for sufficiently small step size, and for a general class of loss functions and general nonlinear models.
We further show that this identity can be used to naturally establish other properties of SMD (and SGD), namely convergence and \emph{implicit regularization} for over-parameterized linear models (in what is now being called the ""interpolating regime""), some of which have been shown in certain cases in prior literature. We also argue how this identity can be used in the so-called ""highly over-parameterized"" nonlinear setting (where the number of parameters far exceeds the number of data points) to provide insights into why SMD (and SGD) may have similar convergence and implicit regularization properties for deep learning.",None
https://openreview.net/forum?id=rJzLciCqKm,Learning from Positive and Unlabeled Data with a Selection Bias,PU learning; deep learning; machine learning; anomaly detection; sampling bias,None,"We consider the problem of learning a binary classifier only from positive data and unlabeled data (PU learning). Recent methods of PU learning commonly assume that the labeled positive data are identically distributed as the unlabeled positive data. However, this assumption is unrealistic in many instances of PU learning because it fails to capture the existence of a selection bias in the labeling process. When the data has a selection bias, it is difficult to learn the Bayes optimal classifier by conventional methods of PU learning. In this paper, we propose a method to partially identify the classifier. The proposed algorithm learns a scoring function that preserves the order induced by the class posterior under mild assumptions, which can be used as a classifier by setting an appropriate threshold. Through experiments, we show that the method outperforms previous methods for PU learning on various real-world datasets.",None
https://openreview.net/forum?id=rkxjnjA5KQ,Transfer Learning for Related Reinforcement Learning Tasks via Image-to-Image Translation,Transfer Learning; Reinforcement Learning; Generative Adversarial Networks; Video Games,"We propose a method of transferring knowledge between related RL tasks using visual mappings, and demonstrate its effectiveness on visual variants of the Atari Breakout game and different levels of Road Fighter, a Nintendo car driving game.","Deep Reinforcement Learning has managed to achieve state-of-the-art results in learning control policies directly from raw pixels. However, despite its remarkable success, it fails to generalize, a fundamental component required in a stable Artificial Intelligence system. Using the Atari game Breakout, we demonstrate the difficulty of a trained agent in adjusting to simple modifications in the raw image, ones that a human could adapt to trivially. In transfer learning, the goal is to use the knowledge gained from the source task to make the training of the target task faster and better. We show that using various forms of fine-tuning, a common method for transfer learning, is not effective for adapting to such small visual changes. In fact, it is often easier to re-train the agent from scratch than to fine-tune a trained agent. We suggest that in some cases transfer learning can be improved by adding a dedicated component whose goal is to learn to visually map between the known domain and the new one. Concretely, we use Unaligned Generative Adversarial Networks (GANs) to create a mapping function to translate images in the target task to corresponding images in the source task. These mapping functions allow us to transform between various variations of the Breakout game, as well as between different levels of a Nintendo game, Road Fighter. We show that learning this mapping is substantially more efficient than re-training. A visualization of a trained agent playing Breakout and Road Fighter, with and without the GAN transfer, can be seen in \url{https://streamable.com/msgtm} and \url{https://streamable.com/5e2ka}.",None
https://openreview.net/forum?id=SJgw_sRqFQ,The Unusual Effectiveness of Averaging in GAN Training,Generative Adversarial Networks (GANs); Moving Average; Exponential Moving Average; Convergence; Limit Cycles,None,"We examine two different techniques for parameter averaging in GAN training. Moving Average (MA) computes the time-average of parameters, whereas Exponential Moving Average (EMA) computes an exponentially discounted sum. Whilst MA is known to lead to convergence in bilinear settings, we provide the -- to our knowledge -- first theoretical arguments in support of EMA. We show that EMA converges to limit cycles around the equilibrium with vanishing amplitude as the discount parameter approaches one for simple bilinear games and also enhances the stability of general GAN training. We establish experimentally that both techniques are strikingly effective in the non-convex-concave GAN setting as well. Both improve inception and FID scores on different architectures and for different GAN objectives. We provide comprehensive experimental results across a range of datasets -- mixture of Gaussians, CIFAR-10, STL-10, CelebA and ImageNet -- to demonstrate its effectiveness. We achieve state-of-the-art results on CIFAR-10 and produce clean CelebA face images.\footnote{~The code is available at \url{https://github.com/yasinyazici/EMA_GAN}}",None
https://openreview.net/forum?id=BJgolhR9Km,Neural Networks with Structural Resistance to Adversarial Attacks,machine learning; adversarial attacks,"We introduce a type of neural network that is structurally resistant to adversarial attacks, even when trained on unaugmented training sets.  The resistance is due to the stability of network units wrt input perturbations.","In adversarial attacks to machine-learning classifiers, small perturbations are added to input that is correctly classified. The perturbations yield adversarial examples, which are virtually indistinguishable from the unperturbed input, and yet are misclassified. In standard neural networks used for deep learning, attackers can craft adversarial examples from most input to cause a misclassification of their choice. 

We introduce a new type of network units, called RBFI units, whose non-linear structure makes them inherently resistant to adversarial attacks. On permutation-invariant MNIST, in absence of adversarial attacks, networks using RBFI units match the performance of networks using sigmoid units, and are slightly below the accuracy of networks with ReLU units. When subjected to adversarial attacks based on projected gradient descent or fast gradient-sign methods, networks with RBFI units retain accuracies above 75%, while ReLU or Sigmoid see their accuracies reduced to below 1%.
Further, RBFI networks trained on regular input either exceed or closely match the accuracy of sigmoid and ReLU network trained with the help of adversarial examples.

The non-linear structure of RBFI units makes them difficult to train using standard gradient descent. We show that RBFI networks of RBFI units can be efficiently trained to high accuracies using pseudogradients, computed using functions especially crafted to facilitate learning instead of their true derivatives.",None
https://openreview.net/forum?id=r1l3NiCqY7,Lipschitz regularized Deep Neural Networks generalize,Deep Neural Networks; Regularization; Generalization; Convergence; Lipschitz; Stability,We prove generalization of DNNs by adding a Lipschitz regularization term to the training loss. We resolve a question posed in Zhang et al. (2016).,"We show that if the usual training loss is augmented by a Lipschitz regularization term, then the networks generalize.  We prove generalization by first establishing a stronger convergence result, along with a rate of convergence.   A second result resolves a question posed in Zhang et al. (2016): how can a model distinguish between the case of clean labels, and randomized labels?  Our answer is that Lipschitz regularization using the Lipschitz constant of the clean data makes this distinction.  In this case, the model learns a different function which we hypothesize correctly fails to learn the dirty labels.",None
https://openreview.net/forum?id=HklyMhCqYQ,Super-Resolution via Conditional Implicit Maximum Likelihood Estimation,super-resolution,We propose a new method for image super-resolution based on IMLE.,"Single-image super-resolution (SISR) is a canonical problem with diverse applications. Leading methods like SRGAN produce images that contain various artifacts, such as high-frequency noise, hallucinated colours and shape distortions, which adversely affect the realism of the result. In this paper, we propose an alternative approach based on an extension of the method of Implicit Maximum Likelihood Estimation (IMLE). We demonstrate greater effectiveness at noise reduction and preservation of the original colours and shapes, yielding more realistic super-resolved images.",None
https://openreview.net/forum?id=r1MSBjA9Ym,Collapse of deep and narrow neural nets,neural networks; deep and narrow; ReLU; collapse,Deep and narrow neural networks will converge to erroneous mean or median states of the target function depending on the loss with high probability.,"Recent theoretical work has demonstrated that deep neural networks have superior performance over shallow networks, but their training is more difficult, e.g., they suffer from the vanishing gradient problem. This problem can be typically resolved by the rectified linear unit (ReLU) activation. However, here we show that even for such activation, deep and narrow neural networks (NNs) will converge to erroneous mean or median states of the target function depending on the loss with high probability. Deep and narrow NNs are encountered in solving partial differential equations with high-order derivatives. We demonstrate this collapse of such NNs both numerically and theoretically, and provide estimates of the probability of collapse. We also construct a diagram of a safe region for designing NNs that avoid the collapse to erroneous states. Finally, we examine different ways of initialization and normalization that may avoid the collapse problem. Asymmetric initializations may reduce the probability of collapse but do not totally eliminate it.",None
https://openreview.net/forum?id=HklVMnR5tQ,Exploring the interpretability of LSTM neural networks over multi-variable data,Interpretability; recurrent neural network; attention,None,"In learning a predictive model over multivariate time series consisting of target and exogenous variables, the forecasting performance and interpretability of the model are both essential for deployment and uncovering knowledge behind the data.
To this end, we propose the interpretable multi-variable LSTM recurrent neural network (IMV-LSTM) capable of providing accurate forecasting as well as both temporal and variable level importance interpretation.
In particular, IMV-LSTM is equipped with tensorized hidden states and update process, so as to learn variables-wise hidden states. 
On top of it, we develop a mixture attention mechanism and associated summarization methods to quantify the temporal and variable importance in data. 
Extensive experiments using real datasets demonstrate the prediction performance and interpretability of IMV-LSTM in comparison to a variety of baselines. 
It also exhibits the prospect as an end-to-end framework for both forecasting and knowledge extraction over multi-variate data.",None
https://openreview.net/forum?id=HyM8V2A9Km,ACTRCE: Augmenting Experience via Teacher’s Advice,language goals; task generalization; hindsight experience replays; language grounding,Combine language goal representation with hindsight experience replays.,"Sparse reward is one of the most challenging problems in reinforcement learning (RL). Hindsight Experience Replay (HER) attempts to address this issue by converting a failure experience to a successful one by relabeling the goals. Despite its effectiveness, HER has limited applicability because it lacks a compact and universal goal representation. We present Augmenting experienCe via TeacheR's adviCE (ACTRCE), an efficient reinforcement learning technique that extends the HER framework using natural language as the goal representation. We first analyze the differences among goal representation, and show that ACTRCE can efficiently solve difficult reinforcement learning problems in challenging 3D navigation tasks, whereas HER with non-language goal representation failed to learn. We also show that with language goal representations, the agent can generalize to unseen instructions, and even generalize to instructions with unseen lexicons. We further demonstrate it is crucial to use hindsight advice to solve challenging tasks, but we also found that little amount of hindsight advice is sufficient for the learning to take off, showing the practical aspect of the method.",None
https://openreview.net/forum?id=r14EOsCqKX,"A Closer Look at Deep Learning Heuristics: Learning rate restarts, Warmup and Distillation",deep learning heuristics; learning rate restarts; learning rate warmup; knowledge distillation; mode connectivity; SVCCA,"We use empirical tools of mode connectivity and SVCCA to investigate neural network training heuristics of learning rate restarts, warmup and knowledge distillation.","The convergence rate and final performance of common deep learning models have significantly benefited from recently proposed heuristics such as learning rate schedules, knowledge distillation, skip connections and normalization layers. In the absence of theoretical underpinnings, controlled experiments aimed at explaining the efficacy of these strategies can aid our understanding of deep learning landscapes and the training dynamics. Existing approaches for empirical analysis rely on tools of linear interpolation and visualizations with dimensionality reduction, each with their limitations. Instead, we revisit the empirical analysis of heuristics through the lens of recently proposed methods for loss surface and representation analysis, viz. mode connectivity and canonical correlation analysis (CCA), and hypothesize reasons why the heuristics succeed. In particular, we explore knowledge distillation and learning rate heuristics of (cosine) restarts and warmup using mode connectivity and CCA.  Our empirical analysis suggests that: (a) the reasons often quoted for the success of cosine annealing are not evidenced in practice; (b) that the effect of learning rate warmup is to prevent the deeper layers from creating training instability; and (c) that the latent knowledge shared by the teacher is primarily disbursed in the deeper layers.",None
https://openreview.net/forum?id=Bklfsi0cKm,Deep Convolutional Networks as shallow Gaussian Processes,Gaussian process; CNN; ResNet; Bayesian,We show that CNNs and ResNets with appropriate priors on the parameters are Gaussian processes in the limit of infinitely many convolutional filters.,"We show that the output of a (residual) CNN with an appropriate prior over the weights and biases is a GP in the limit of infinitely many convolutional filters, extending similar results for dense networks. For a CNN, the equivalent kernel can be computed exactly and, unlike ""deep kernels"", has very few parameters: only the hyperparameters of the original CNN. Further, we show that this kernel has two properties that allow it to be computed efficiently; the cost of evaluating the kernel for a pair of images is similar to a single forward pass through the original CNN with only one filter per layer. The kernel equivalent to a 32-layer ResNet obtains 0.84% classification error on MNIST, a new record for GP with a comparable number of parameters.",None
https://openreview.net/forum?id=SyxXhsAcFQ,Cohen Welling bases & SO(2)-Equivariant classifiers using Tensor nonlinearity.,group representations; group equivariant networks; tensor product nonlinearity,None,"In this paper we propose autoencoder architectures for learning a Cohen-Welling
(CW)-basis for images and their rotations. We use the learned CW-basis to build
a rotation equivariant classifier to classify images. The autoencoder and classi-
fier architectures use only tensor product nonlinearity. The model proposed by
Cohen & Welling (2014) uses ideas from group representation theory, and extracts
a basis exposing irreducible representations for images and their rotations. We
give several architectures to learn CW-bases including a novel coupling AE archi-
tecture to learn a coupled CW-bases for images in different scales simultaneously.
Our use of tensor product nonlinearity is inspired from recent work of Kondor
(2018a). Our classifier has very good accuracy and we use fewer parameters.
Even when the sample complexity to learn a good CW-basis is low we learn clas-
sifiers which perform impressively. We show that a coupled CW-bases in one scale
can be deployed to classify images in a classifier trained and tested on images in
a different scale with only a marginal dip in performance.",None
https://openreview.net/forum?id=Hyx4knR9Ym,Generalizable Adversarial Training via Spectral Normalization,Adversarial attacks; adversarial training; spectral normalization; generalization guarantee,None,"Deep neural networks (DNNs) have set benchmarks on a wide array of supervised learning tasks. Trained DNNs, however, often lack robustness to minor adversarial perturbations to the input, which undermines their true practicality. Recent works have increased the robustness of DNNs by fitting networks using adversarially-perturbed training samples, but the improved performance can still be far below the performance seen in non-adversarial settings. A significant portion of this gap can be attributed to the decrease in generalization performance due to adversarial training. In this work, we extend the notion of margin loss to adversarial settings and bound the generalization error for DNNs trained under several well-known gradient-based attack schemes, motivating an effective regularization scheme based on spectral normalization of the DNN's weight matrices. We also provide a computationally-efficient method for normalizing the spectral norm of convolutional layers with arbitrary stride and padding schemes in deep convolutional networks. We evaluate the power of spectral normalization extensively on combinations of datasets, network architectures, and adversarial training schemes.",None
https://openreview.net/forum?id=BklHpjCqKm,Deep Lagrangian Networks: Using Physics as Model Prior for Deep Learning,Deep Model Learning; Robot Control,This paper introduces a physics prior for Deep Learning and applies the resulting network topology for model-based control.,"Deep learning has achieved astonishing results on many tasks with large amounts of data and generalization within the proximity of training data. For many important real-world applications, these requirements are unfeasible and additional prior knowledge on the task domain is required to overcome the resulting problems. In particular, learning physics models for model-based control requires robust extrapolation from fewer samples – often collected online in real-time – and model errors may lead to drastic damages of the system.
Directly incorporating physical insight has enabled us to obtain a novel deep model learning approach that extrapolates well while requiring fewer samples. As a first example, we propose Deep Lagrangian Networks (DeLaN) as a deep network structure upon which Lagrangian Mechanics have been imposed. DeLaN can learn the equations of motion of a mechanical system (i.e., system dynamics) with a deep network efficiently while ensuring physical plausibility.
The resulting DeLaN network performs very well at robot tracking control. The proposed method did not only outperform previous model learning approaches at learning speed but exhibits substantially improved and more robust extrapolation to novel trajectories and learns online in real-time.",None
https://openreview.net/forum?id=B1MbDj0ctQ,Switching Linear Dynamics for Variational Bayes Filtering,sequence model; switching linear dynamical systems; variational bayes; filter; variational inference; stochastic recurrent neural network,A recurrent variational autoencoder with a latent transition function modeled by switching linear dynamical systems.,"System identification of complex and nonlinear systems is a central problem for model predictive control and model-based reinforcement learning. Despite their complexity, such systems can often be approximated well by a set of linear dynamical systems if broken into appropriate subsequences. This mechanism not only helps us find good approximations of dynamics, but also gives us deeper insight into the underlying system. Leveraging Bayesian inference and Variational Autoencoders, we show how to learn a richer and more meaningful state space, e.g. encoding joint constraints and collisions with walls in a maze, from partial and high-dimensional observations. This representation translates into a gain of accuracy of the learned dynamics which we showcase on various simulated tasks.",None
https://openreview.net/forum?id=B1eXbn05t7,Open-Ended Content-Style Recombination Via Leakage Filtering,None,None,"We consider visual domains in which a class label specifies the content of an image, and class-irrelevant properties that differentiate instances constitute the style.  We present a domain-independent method that permits the open-ended recombination of style of one image with the content of another. Open ended simply means that the method generalizes to style and content not present in the training data. The method starts by constructing a content embedding using an existing deep metric-learning technique. This trained content encoder is incorporated into a variational autoencoder (VAE), paired with a to-be-trained style encoder. The VAE reconstruction loss alone is inadequate to ensure a decomposition of the latent representation into style and content. Our method thus includes an auxiliary loss, leakage filtering, which ensures that no style information remaining in the content representation is used for reconstruction and vice versa. We synthesize novel images by decoding the style representation obtained from one image with the content representation from another. Using this method for data-set augmentation, we obtain state-of-the-art performance on few-shot learning tasks.",None
https://openreview.net/forum?id=rJxMM2C5K7,Nested Dithered Quantization for Communication Reduction in Distributed Training,machine learning; distributed training; dithered quantization; nested quantization; distributed compression,The paper proposes and analyzes two quantization schemes for communicating Stochastic Gradients in distributed learning which would reduce communication costs compare to the state of the art while maintaining the same accuracy.,"In distributed training, the communication cost due to the transmission of gradients
or the parameters of the deep model is a major bottleneck in scaling up the number
of processing nodes. To address this issue, we propose dithered quantization for
the transmission of the stochastic gradients and show that training with Dithered
Quantized Stochastic Gradients (DQSG) is similar to the training with unquantized
SGs perturbed by an independent bounded uniform noise, in contrast to the other
quantization methods where the perturbation depends on the gradients and hence,
complicating the convergence analysis. We study the convergence of training
algorithms using DQSG and the trade off between the number of quantization
levels and the training time. Next, we observe that there is a correlation among the
SGs computed by workers that can be utilized to further reduce the communication
overhead without any performance loss. Hence, we develop a simple yet effective
quantization scheme, nested dithered quantized SG (NDQSG), that can reduce the
communication significantly without requiring the workers communicating extra
information to each other. We prove that although NDQSG requires significantly
less bits, it can achieve the same quantization variance bound as DQSG. Our
simulation results confirm the effectiveness of training using DQSG and NDQSG
in reducing the communication bits or the convergence time compared to the
existing methods without sacrificing the accuracy of the trained model.",None
https://openreview.net/forum?id=SkGQujR5FX,DANA: Scalable Out-of-the-box Distributed ASGD Without Retuning,distributed; asynchronous; gradient staleness; nesterov; optimization; out-of-the-box; stochastic gradient descent; sgd; imagenet; distributed training; neural networks; deep learning,A new distributed asynchronous SGD algorithm that achieves state-of-the-art accuracy on existing architectures without any additional tuning or overhead.,"Distributed computing can significantly reduce the training time of neural networks. Despite its potential, however, distributed training has not been widely adopted: scaling the training process is difficult, and existing SGD methods require substantial tuning of hyperparameters and learning schedules to achieve sufficient accuracy when increasing the number of workers. In practice, such tuning can be prohibitively expensive given the huge number of potential hyperparameter configurations and the effort required to test each one.
    
We propose DANA, a novel approach that scales out-of-the-box to large clusters using the same hyperparameters and learning schedule optimized for training on a single worker, while maintaining similar final accuracy without additional overhead. DANA estimates the future value of model parameters by adapting Nesterov Accelerated Gradient to a distributed setting, and so mitigates the effect of gradient staleness, one of the main difficulties in scaling SGD to more workers.

Evaluation on three state-of-the-art network architectures and three datasets shows that DANA scales as well as or better than existing work without having to tune any hyperparameters or tweak the learning schedule. For example, DANA achieves 75.73% accuracy on ImageNet when training ResNet-50 with 16 workers, similar to the non-distributed baseline.",None
https://openreview.net/forum?id=rkgs0oAqFQ,Rethinking Knowledge Graph Propagation for Zero-Shot Learning,Dense graph propagation; zero-shot learning,We rethink the way information can be exploited more efficiently in the knowledge graph in order to improve performance on the Zero-Shot Learning task and propose a dense graph propagation (DGP) module for this purpose.,"Graph convolutional neural networks have recently shown great potential for the task of zero-shot learning. These models are highly sample efficient as related concepts in the graph structure share statistical strength allowing generalization to new classes when faced with a lack of data. However, we find that the extensive use of Laplacian smoothing at each layer in current approaches can easily dilute the knowledge from distant nodes and consequently decrease the performance in zero-shot learning. In order to still enjoy the benefit brought by the graph structure while preventing the dilution of knowledge from distant nodes, we propose a Dense Graph Propagation (DGP) module with carefully designed direct links among distant nodes. DGP allows us to exploit the hierarchical graph structure of the knowledge graph through additional connections. These connections are added based on a node's relationship to its ancestors and descendants. A weighting scheme is further used to weigh their contribution depending on the distance to the node. Combined with finetuning of the representations in a two-stage training approach our method outperforms state-of-the-art zero-shot learning approaches.",None
https://openreview.net/forum?id=BygREjC9YQ,A unified theory of adaptive stochastic gradient descent as Bayesian filtering,SGD; Bayesian; RMSprop; Adam,"We formulated SGD as a Bayesian filtering problem, and show that this gives rise to RMSprop, Adam, AdamW, NAG and other features of state-of-the-art adaptive methods","We formulate stochastic gradient descent (SGD) as a novel factorised Bayesian filtering problem, in which each parameter is inferred separately, conditioned on the corresopnding backpropagated gradient.  Inference in this setting naturally gives rise to BRMSprop and BAdam: Bayesian variants of RMSprop and Adam.  Remarkably, the Bayesian approach recovers many features of state-of-the-art adaptive SGD methods, including amongst others root-mean-square normalization, Nesterov acceleration and AdamW.  As such, the Bayesian approach provides one explanation for the empirical effectiveness of state-of-the-art adaptive SGD algorithms.  Empirically comparing BRMSprop and BAdam with naive RMSprop and Adam on MNIST, we find that Bayesian methods have the potential to considerably reduce test loss and classification error.",None
https://openreview.net/forum?id=SJe8DsR9tm,Dynamic Early Terminating of Multiply Accumulate Operations for Saving Computation Cost in Convolutional Neural Networks,Convolutional neural network; Early terminating; Dynamic model optimization,None,"Deep learning has been attracting enormous attention from academia as well as industry due to its great success in many artificial intelligence applications. As more applications are developed, the need for implementing a complex neural network model on an energy-limited edge device becomes more critical. To this end, this paper proposes a new optimization method to reduce the computation efforts of convolutional neural networks. The method takes advantage of the fact that some convolutional operations are actually wasteful since their outputs are pruned by the following activation or pooling layers. Basically, a convolutional filter conducts a series of multiply-accumulate (MAC) operations. We propose to set a checkpoint in the MAC process to determine whether a filter could terminate early based on the intermediate result. Furthermore, a fine-tuning process is conducted to recover the accuracy drop due to the applied checkpoints. The experimental results show that the proposed method can save approximately 50% MAC operations with less than 1% accuracy drop for CIFAR-10 example model and Network in Network on the CIFAR-10 and CIFAR-100 datasets. Additionally, compared with the state-of- the-art method, the proposed method is more effective on the CIFAR-10 dataset and is competitive on the CIFAR-100 dataset.",None
https://openreview.net/forum?id=S1GcHsAqtm,Adaptive Pruning of Neural Language Models for Mobile Devices,Inference-time pruning; Neural Language Models,None,"Neural language models (NLMs) exist in an accuracy-efficiency tradeoff space where better perplexity typically comes at the cost of greater computation complexity. In a software keyboard application on mobile devices, this translates into higher power consumption and shorter battery life. This paper represents the first attempt, to our knowledge, in exploring accuracy-efficiency tradeoffs for NLMs. Building on quasi-recurrent neural networks (QRNNs), we apply pruning techniques to provide a ""knob"" to select different operating points. In addition, we propose a simple technique to recover some perplexity using a negligible amount of memory. Our empirical evaluations consider both perplexity as well as energy consumption on a Raspberry Pi, where we demonstrate which methods provide the best perplexity-power consumption operating point. At one operating point, one of the techniques is able to provide energy savings of 40% over the state of the art with only a 17% relative increase in perplexity.",None
https://openreview.net/forum?id=rkgBHoCqYX,A Kernel Random Matrix-Based Approach for Sparse PCA,Random Matrix Theory; Concentration of Measure; Sparse PCA; Covariance Thresholding,None,"In this paper, we present a random matrix approach to recover sparse principal components from n p-dimensional vectors. Specifically, considering the large dimensional setting where n, p → ∞ with p/n → c ∈ (0, ∞) and under Gaussian vector observations, we study kernel random matrices of the type f (Ĉ), where f is a three-times continuously differentiable function applied entry-wise to the sample covariance matrix Ĉ of the data. Then, assuming that the principal components are sparse, we show that taking f in such a way that f'(0) = f''(0) = 0 allows for powerful recovery of the principal components, thereby generalizing previous ideas involving more specific f functions such as the soft-thresholding function.",None
https://openreview.net/forum?id=S1zlmnA5K7,Where Off-Policy Deep Reinforcement Learning Fails,reinforcement learning; off-policy; imitation; batch reinforcement learning,We describe conditions where off-policy deep reinforcements algorithms fail and present a solution.,"This work examines batch reinforcement learning--the task of maximally exploiting a given batch of off-policy data, without further data collection. We demonstrate that due to errors introduced by extrapolation, standard off-policy deep reinforcement learning algorithms, such as DQN and DDPG, are only capable of learning with data correlated to their current policy, making them ineffective for most off-policy applications. We introduce a novel class of off-policy algorithms, batch-constrained reinforcement learning, which restricts the action space to force the agent towards behaving on-policy with respect to a subset of the given data. We extend this notion to deep reinforcement learning, and to the best of our knowledge, present the first continuous control deep reinforcement learning algorithm which can learn effectively from uncorrelated off-policy data.",None
https://openreview.net/forum?id=ryl5khRcKm,Human-level Protein Localization with Convolutional Neural Networks,Convolutional Neural Networks; High-resolution images; Multiple-Instance Learning; Microscopy Imaging; Protein Localization,None,"Localizing a specific protein in a human cell is essential for understanding cellular functions and biological processes of underlying diseases. A promising, low-cost,and time-efficient biotechnology for localizing proteins is high-throughput fluorescence microscopy imaging (HTI). This imaging technique stains the protein of interest in a cell with fluorescent antibodies and subsequently takes a microscopic image.  Together with images of other stained proteins or cell organelles and the annotation by the Human Protein Atlas project, these images provide a rich source of information on the protein location which can be utilized by computational methods.  It is yet unclear how precise such methods are and whether they can compete with human experts.   We here focus on deep learning image analysis methods and, in particular, on Convolutional Neural Networks (CNNs)since they showed overwhelming success across different imaging tasks. We pro-pose a novel CNN architecture “GapNet-PL” that has been designed to tackle the characteristics of HTI data and uses global averages of filters at different abstraction levels.   We present the largest comparison of CNN architectures including GapNet-PL for protein localization in HTI images of human cells.  GapNet-PL outperforms all other competing methods and reaches close to perfect localization in all 13 tasks with an average AUC of 98% and F1 score of 78%.  On a separate test set the performance of GapNet-PL was compared with three human experts and 25 scholars. GapNet-PL achieved an accuracy of 91%, significantly (p-value 1.1e−6) outperforming the best human expert with an accuracy of 72%.",None
https://openreview.net/forum?id=H1GLm2R9Km,Learning Backpropagation-Free Deep Architectures with Kernels,supervised learning; backpropagation-free deep architecture; kernel method,We combine kernel method with connectionist models and show that the resulting deep architectures can be trained layer-wise and have more transparent learning dynamics.,"One can substitute each neuron in any neural network with a kernel machine and obtain a counterpart powered by kernel machines. The new network inherits the expressive power and architecture of the original but works in a more intuitive way since each node enjoys the simple interpretation as a hyperplane (in a reproducing kernel Hilbert space). Further, using the kernel multilayer perceptron as an example, we prove that in classification, an optimal representation that minimizes the risk of the network can be characterized for each hidden layer. This result removes the need of backpropagation in learning the model and can be generalized to any feedforward kernel network. Moreover, unlike backpropagation, which turns models into black boxes, the optimal hidden representation enjoys an intuitive geometric interpretation, making the dynamics of learning in a deep kernel network simple to understand. Empirical results are provided to validate our theory.",None
https://openreview.net/forum?id=r1l-e3Cqtm,Deep Probabilistic Video Compression,variational inference; video compression; deep generative models,Deep Probabilistic Video Compression Via Sequential Variational Autoencoders,"We propose a variational inference approach to deep probabilistic video compression.  Our model uses advances in variational autoencoders (VAEs) for sequential data and combines it with recent work on neural image compression. The approach jointly learns to transform the original video into a  lower-dimensional representation as well as to entropy code this representation according to a temporally-conditioned probabilistic model. We split the latent space into local (per frame) and global (per segment) variables, and show that training the VAE to utilize both representations leads to an improved rate-distortion performance. Evaluation on small videos from public data sets with varying complexity and diversity show that our model yields competitive results when trained on generic video content. Extreme compression performance is achieved for videos with specialized content if the model is trained on similar videos.",None
https://openreview.net/forum?id=Sklr9i09KQ,Neural Networks for Modeling Source Code Edits,Neural Networks; Program Synthesis; Source Code Modeling,Neural networks for source code that model changes being made to the code-base rather than static snapshots of code.,"Programming languages are emerging as a challenging and interesting domain for machine learning. A core task, which has received significant attention in recent years, is building generative models of source code. However, to our knowledge, previous generative models have always been framed in terms of generating static snapshots of code. In this work, we instead treat source code as a dynamic object and tackle the problem of modeling the edits that software developers make to source code files. This requires extracting intent from previous edits and leveraging it to generate subsequent edits. We develop several neural networks and use synthetic data to test their ability to learn challenging edit patterns that require strong generalization. We then collect and train our models on a large-scale dataset consisting of millions of fine-grained edits from thousands of Python developers.",None
https://openreview.net/forum?id=SJVmjjR9FX,Variational Bayesian Phylogenetic Inference,Bayesian phylogenetic inference; Variational inference; Subsplit Bayesian networks,"The first variational Bayes formulation of phylogenetic inference, a challenging inference problem over structures with intertwined discrete and continuous components","Bayesian phylogenetic inference is currently done via Markov chain Monte Carlo with simple mechanisms for proposing new states, which hinders exploration efficiency and often requires long runs to deliver accurate posterior estimates. In this paper we present an alternative approach: a variational framework for Bayesian phylogenetic analysis. We approximate the true posterior using an expressive graphical model for tree distributions, called a subsplit Bayesian network, together with appropriate branch length distributions. We train the variational approximation via stochastic gradient ascent and adopt multi-sample based gradient estimators for different latent variables separately to handle the composite latent space of phylogenetic models. We show that our structured variational approximations are flexible enough to provide comparable posterior estimation to MCMC, while requiring less computation due to a more efficient tree exploration mechanism enabled by variational inference. Moreover, the variational approximations can be readily used for further statistical analysis such as marginal likelihood estimation for model comparison via importance sampling. Experiments on both synthetic data and real data Bayesian phylogenetic inference problems demonstrate the effectiveness and efficiency of our methods.",None
https://openreview.net/forum?id=ByghKiC5YX,Greedy Attack and Gumbel Attack: Generating Adversarial Examples for Discrete Data,Adversarial Examples,We develop two methods for generating adversarial examples on discrete data under a probabilistic framework.,"We present a probabilistic framework for studying adversarial attacks on discrete data. Based on this framework, we derive a perturbation-based method, Greedy Attack, and a scalable learning-based method, Gumbel Attack, that illustrate various tradeoffs in the design of attacks. We demonstrate the effectiveness of these methods using both quantitative metrics and human evaluation on various state-of-the-art models for text classification, including a word-based CNN, a character-based CNN and an LSTM. As an example of our results, we show that the accuracy of character-based convolutional networks drops to the level of random selection by modifying only five characters through Greedy Attack.",None
https://openreview.net/forum?id=BkE8NjCqYm,(Unconstrained) Beam Search is Sensitive to Large Search Discrepancies,beam search; sequence models; search; sequence to sequence,Analysis of the performance degradation in beam search and how constraining the the search can help avoiding it,"Beam search is the most popular inference algorithm for decoding neural sequence models. Unlike greedy search, beam search allows for a non-greedy local decisions that can potentially lead to a sequence with a higher overall probability. However, previous work found that the performance of beam search tends to degrade with large beam widths. In this work, we perform an empirical study of the behavior of the beam search algorithm across three sequence synthesis tasks. We find that increasing the beam width leads to sequences that are disproportionately based on early and highly non-greedy decisions. These sequences typically include a very low probability token that is followed by a sequence of tokens with higher (conditional) probability leading to an overall higher probability sequence. However, as beam width increases, such sequences are more likely to have a lower evaluation score. Based on our empirical analysis we propose to constrain the beam search from taking highly non-greedy decisions early in the search. We evaluate two methods to constrain the search and show that constrained beam search effectively eliminates the problem of beam search degradation and in some cases even leads to higher evaluation scores. Our results generalize and improve upon previous observations on copies and training set predictions.",None
https://openreview.net/forum?id=B1xFhiC9Y7,Domain Adaptation for Structured Output via Disentangled Patch Representations,Domain Adaptation; Feature Representation Learning; Semantic Segmentation,A domain adaptation method for structured output via learning patch-level discriminative feature representations,"Predicting structured outputs such as semantic segmentation relies on expensive per-pixel annotations to learn strong supervised models like convolutional neural networks. However, these models trained on one data domain may not generalize well to other domains unequipped with annotations for model finetuning. To avoid the labor-intensive process of annotation, we develop a domain adaptation method to adapt the source data to the unlabeled target domain. To this end, we propose to learn discriminative feature representations of patches based on label histograms in the source domain, through the construction of a disentangled space. With such representations as guidance, we then use an adversarial learning scheme to push the feature representations in target patches to the closer distributions in source ones. In addition, we show that our framework can integrate a global alignment process with the proposed patch-level alignment and achieve state-of-the-art performance on semantic segmentation. Extensive ablation studies and experiments are conducted on numerous benchmark datasets with various settings, such as synthetic-to-real and cross-city scenarios.",None
https://openreview.net/forum?id=BJgvg30ctX,Information Regularized Neural Networks,supervised classification; information theory; deep learning; regularization,we propose a regularizer that improves the classification performance of neural networks,"We formulate an information-based optimization problem for supervised classification. For invertible neural networks, the control of these information terms is passed down to the latent features and parameter matrix in the last fully connected layer, given that mutual information is invariant under invertible map.  We propose an objective function and prove that it solves the optimization problem. Our framework allows us to learn latent features in an more interpretable form while improving the classification performance. We perform extensive quantitative and qualitative experiments in comparison with the existing state-of-the-art classification models.",None
https://openreview.net/forum?id=HJlLKjR9FQ,Towards Understanding Regularization in Batch Normalization,batch normalization; regularization; deep learning,None,"Batch Normalization (BN) improves both convergence and generalization in training neural networks. This work understands these phenomena theoretically. We analyze BN by using a basic block of neural networks, consisting of a kernel layer, a BN layer, and a nonlinear activation function. This basic network helps us understand the impacts of BN in three aspects. First, by viewing BN as an implicit regularizer, BN can be decomposed into population normalization (PN) and gamma decay as an explicit regularization. Second, learning dynamics of BN and the regularization show that training converged with large maximum and effective learning rate. Third, generalization of BN is explored by using statistical mechanics. Experiments demonstrate that BN in convolutional neural networks share the same traits of regularization as the above analyses.",None
https://openreview.net/forum?id=B1xY-hRctX,Neural Logic Machines,Neuro-Symbolic Computation; Logic Induction,"We propose the Neural Logic Machine (NLM), a neural-symbolic architecture for both inductive learning and logic reasoning.","We propose the Neural Logic Machine (NLM), a neural-symbolic architecture for both inductive learning and logic reasoning. NLMs exploit the power of both neural networks---as function approximators, and logic programming---as a symbolic processor for objects with properties, relations, logic connectives, and quantifiers.  After being trained on small-scale tasks (such as sorting short arrays), NLMs can recover lifted rules, and generalize to large-scale tasks (such as sorting longer arrays). In our experiments, NLMs achieve perfect generalization in a number of tasks, from relational reasoning tasks on the family tree and general graphs, to decision making tasks including sorting arrays, finding shortest paths, and playing the blocks world. Most of these tasks are hard to accomplish for neural networks or inductive logic programming alone.",None
https://openreview.net/forum?id=SklcFsAcKX,Deep Denoising: Rate-Optimal Recovery of Structured Signals with a Deep Prior,non-convex optimization; denoising; generative neural network,"By analyzing an algorithms minimizing a non-convex loss, we show that all but a small fraction of noise can be removed from an image using a deep neural network based generative prior.","Deep neural networks provide state-of-the-art performance for image denoising, where the goal is to recover a near noise-free image from a noisy image.
The underlying principle is that neural networks trained on large datasets have empirically been shown to be able to generate natural images well from a low-dimensional latent representation of the image.
Given such a generator network, or prior, a noisy image can be denoised by finding the closest image in the range of the prior.
However, there is little theory to justify this success, let alone to predict the denoising performance as a function of the networks parameters.
In this paper we consider the problem of denoising an image from additive Gaussian noise, assuming the image is well described by a deep neural network with ReLu activations functions, mapping a k-dimensional latent space to an n-dimensional image.
We state and analyze a simple gradient-descent-like iterative algorithm that minimizes a non-convex loss function, and provably removes a fraction of (1 - O(k/n)) of the noise energy.
We also demonstrate in numerical experiments that this denoising performance is, indeed, achieved by generative priors learned from data.",None
https://openreview.net/forum?id=BylctiCctX,Guiding Physical Intuition with Neural Stethoscopes,Deep Learning; Intuitive Physics; Stability Prediction; Adversarial Training; Auxiliary Training; Multi-Task Learning,Combining auxiliary and adversarial training to interrogate and help physical understanding.,"Model interpretability and systematic, targeted model adaptation present central challenges in deep learning. In the domain of intuitive physics, we study the task of visually predicting stability of block towers with the goal of understanding and influencing the model's reasoning. Our contributions are two-fold. Firstly, we introduce neural stethoscopes as a framework for quantifying the degree of importance of specific factors of influence in deep networks as well as for actively promoting and suppressing information as appropriate. In doing so, we unify concepts from multitask learning as well as training with auxiliary and adversarial losses. Secondly, we deploy the stethoscope framework to provide an in-depth analysis of a state-of-the-art deep neural network for stability prediction, specifically examining its physical reasoning. We show that the baseline model is susceptible to being misled by incorrect visual cues. This leads to a performance breakdown to the level of random guessing when training on scenarios where visual cues are inversely correlated with stability. Using stethoscopes to promote meaningful feature extraction increases performance from 51% to 90% prediction accuracy. Conversely, training on an easy dataset where visual cues are positively correlated with stability, the baseline model learns a bias leading to poor performance on a harder dataset. Using an adversarial stethoscope, the network is successfully de-biased, leading to a performance increase from 66% to 88%.",None
https://openreview.net/forum?id=BkxAUjRqY7,An Information-Theoretic Metric of Transferability for Task Transfer Learning,transfer learning; task transfer learning; H-score; transferability,We present a provable and easily-computable evaluation function that estimates the performance of transferred representations from one learning task to another in task transfer learning.,"An important question in task transfer learning is to determine task transferability, i.e. given a common input domain, estimating to what extent representations learned from a source task can help in learning a target task. Typically, transferability is either measured experimentally or inferred through task relatedness, which is often defined without a clear operational meaning. In this paper, we present a novel metric, H-score, an easily-computable evaluation function that estimates the performance of transferred representations from one task to another in classification problems. Inspired by a principled information theoretic approach, H-score has a direct connection to the asymptotic error probability of the decision function based on the transferred feature. This formulation of transferability can further be used to select a suitable set of source tasks in task transfer learning problems or to devise efficient transfer learning policies. Experiments using both synthetic and real image data show that not only our formulation of transferability is meaningful in practice, but also it can generalize to inference problems beyond classification, such as recognition tasks for 3D indoor-scene understanding.",None
https://openreview.net/forum?id=BJzuKiC9KX,Revisiting Reweighted Wake-Sleep,variational inference; approximate inference; generative models; gradient estimators,Empirical analysis and explanation of particle-based gradient estimators for approximate inference with deep generative models.,"Discrete latent-variable models, while applicable in a variety of settings, can often be difficult to learn. Sampling discrete latent variables can result in high-variance gradient estimators for two primary reasons: 1) branching on the samples within the model, and 2) the lack of a pathwise derivative for the samples. While current state-of-the-art methods employ control-variate schemes for the former and continuous-relaxation methods for the latter, their utility is limited by the complexities of implementing and training effective control-variate schemes and the necessity of evaluating (potentially exponentially) many branch paths in the model. Here, we revisit the Reweighted Wake Sleep (RWS; Bornschein and Bengio, 2015) algorithm, and through extensive evaluations, show that it circumvents both these issues, outperforming current state-of-the-art methods in learning discrete latent-variable models. Moreover, we observe that, unlike the Importance-weighted Autoencoder, RWS learns better models and inference networks with increasing numbers of particles, and that its benefits extend to continuous latent-variable models as well. Our results suggest that RWS is a competitive, often preferable, alternative for learning deep generative models.",None
https://openreview.net/forum?id=ryekdoCqF7,Incremental training of multi-generative adversarial networks,GAN; Incremental training; Information projection; Mixture distribution,We propose a new method to incrementally train a mixture generative model to approximate the information projection of the real data distribution.,"Generative neural networks map a standard, possibly distribution to a complex high-dimensional distribution, which represents the real world data set. However, a determinate input distribution as well as a specific architecture of neural networks may impose limitations on capturing the diversity in the high dimensional target space. To resolve this difficulty, we propose a training framework that greedily produce a series of generative adversarial networks that incrementally capture the diversity of the target space. We show theoretically and empirically that our training algorithm converges to the theoretically optimal distribution, the projection of the real distribution onto the convex hull of the network's distribution space.",None
https://openreview.net/forum?id=S1MB-3RcF7,Multi-objective training of Generative Adversarial Networks with multiple discriminators,Generative Adversarial Networks; Multi-objective optimization; Generative models,"We introduce hypervolume maximization for training GANs with multiple discriminators, showing performance improvements in terms of sample quality and diversity.","Recent literature has demonstrated promising results on the training of Generative Adversarial Networks by employing a set of discriminators, as opposed to the traditional game involving one generator against a single adversary. Those methods perform single-objective optimization on some simple consolidation of the losses, e.g. an average. In this work, we revisit the multiple-discriminator approach by framing the simultaneous minimization of losses provided by different models as a multi-objective optimization problem. Specifically, we evaluate the performance of multiple gradient descent and the hypervolume maximization algorithm on a number of different datasets. Moreover, we argue that the previously proposed methods and hypervolume maximization can all be seen as variations of multiple gradient descent in which the update direction computation can be done efficiently. Our results indicate that hypervolume maximization presents a better compromise between sample quality and diversity, and computational cost than previous methods.",None
https://openreview.net/forum?id=rkgpy3C5tX,Amortized Bayesian Meta-Learning,variational inference; meta-learning; few-shot learning; uncertainty quantification,We propose a meta-learning method which efficiently amortizes hierarchical variational inference across training episodes.,"Meta-learning, or learning-to-learn, has proven to be a successful strategy in attacking problems in supervised learning and reinforcement learning that involve small amounts of data. State-of-the-art solutions involve learning an initialization and/or learning algorithm using a set of training episodes so that the meta learner can generalize to an evaluation episode quickly. These methods perform well but often lack good quantification of uncertainty, which can be vital to real-world applications when data is lacking. We propose a meta-learning method which efficiently amortizes hierarchical variational inference across tasks, learning a prior distribution over neural network weights so that a few steps of Bayes by Backprop will produce a good task-specific approximate posterior. We show that our method produces good uncertainty estimates on contextual bandit and few-shot learning benchmarks.",None
https://openreview.net/forum?id=ByxkijC5FQ,Neural Persistence: A Complexity Measure for Deep Neural Networks Using Algebraic Topology,Algebraic topology; persistent homology; network complexity; neural network,We develop a new topological complexity measure for deep neural networks and demonstrate that it captures their salient properties.,"While many approaches to make neural networks more fathomable have been proposed, they are restricted to interrogating the network with input data. Measures for characterizing and monitoring structural properties, however, have not been developed. In this work, we propose neural persistence, a complexity measure for neural network architectures based on topological data analysis on weighted stratified graphs. To demonstrate the usefulness of our approach, we show that neural persistence reflects best practices developed in the deep learning community such as dropout and batch normalization. Moreover, we derive a neural persistence-based stopping criterion that shortens the training process while achieving comparable accuracies as early stopping based on validation loss.",None
https://openreview.net/forum?id=SkeUG30cFQ,The Expressive Power of Deep Neural Networks with Circulant Matrices,deep learning; circulant matrices; universal approximation,We provide a theoretical study of the properties of Deep circulant-diagonal ReLU Networks and demonstrate that they are bounded width universal approximators.,"Recent results from linear algebra stating that any matrix can be decomposed into products of diagonal and circulant matrices has lead to the design of compact deep neural network architectures that perform well in practice. In this paper, we bridge the gap between these good empirical results 
and the theoretical approximation capabilities of Deep diagonal-circulant ReLU networks. More precisely, we first demonstrate  that a Deep diagonal-circulant ReLU networks of
bounded width and small depth can approximate a deep ReLU network in which the dense matrices are
of low rank. Based on this result, we provide new bounds on the expressive power and universal approximativeness of this type of networks. We support our experimental results with thorough experiments on a large, real world video classification problem.",None
https://openreview.net/forum?id=SkxJ-309FQ,Hallucinations in Neural Machine Translation,nmt; translate; dynamics; rnn,"We introduce and analyze the phenomenon of ""hallucinations"" in NMT, or spurious translations unrelated to source text, and propose methods to reduce its frequency.","Neural machine translation (NMT) systems have reached state of the art performance in translating text and are in wide deployment.  Yet little is understood about how these systems function or break.  Here we show that NMT systems are susceptible to producing highly pathological translations that are completely untethered from the source material, which we term hallucinations.  Such pathological translations are problematic because they are are deeply disturbing of user trust and easy to find with a simple search.  We describe a method to generate hallucinations and show that many common variations of the NMT architecture are susceptible to them. We study a variety of approaches to reduce the frequency of hallucinations, including data augmentation, dynamical systems and regularization techniques, showing that data augmentation significantly reduces hallucination frequency. Finally, we analyze networks that produce hallucinations and show that there are signatures in the attention matrix as well as in the hidden states of the decoder.",None
https://openreview.net/forum?id=BJgGhiR5KX,Learning Cross-Lingual Sentence Representations via a Multi-task Dual-Encoder Model,sentence; embeddings; zero-shot; multilingual; multi-task; cross-lingual,State-of-the-art zero-shot learning performance by using a translation task to bridge multi-task training across languages.,"A significant roadblock in multilingual neural language modeling is the lack of labeled non-English data. One potential method for overcoming this issue is learning cross-lingual text representations that can be used to transfer the performance from training on English tasks to non-English tasks, despite little to no task-specific non-English data. In this paper, we explore a natural setup for learning crosslingual sentence representations: the dual-encoder. We provide a comprehensive evaluation of our cross-lingual representations on a number of monolingual, crosslingual, and zero-shot/few-shot learning tasks, and also give an analysis of different learned cross-lingual embedding spaces.",None
https://openreview.net/forum?id=rkMD73A5FX,Can I trust you more? Model-Agnostic Hierarchical Explanations,interpretability; interactions; context-dependent; context-free,A new framework for context-dependent and context-free explanations of predictions,"Interactions such as double negation in sentences and scene interactions in images are common forms of complex dependencies captured by state-of-the-art machine learning models. We propose Mahé, a novel approach to provide Model-Agnostic Hierarchical Explanations of how powerful machine learning models, such as deep neural networks, capture these interactions as either dependent on or free of the context of data instances. Specifically, Mahé provides context-dependent explanations by a novel local interpretation algorithm that effectively captures any-order interactions, and obtains context-free explanations through generalizing context-dependent interactions to explain global behaviors. Experimental results show that Mahé obtains improved local interaction interpretations over state-of-the-art methods and successfully provides explanations of interactions that are context-free.",None
https://openreview.net/forum?id=By41BjA9YQ,Laplacian Smoothing Gradient Descent,Laplacian Smoothing; Nonconvex Optimization; Deep Learning,We proposal a simple surrogate for gradient descent to improve training of deep neural nets and other optimization problems.,"We propose a class of very simple modifications of gradient descent and stochastic gradient descent. We show that when applied to a large variety of machine learning problems, ranging from softmax regression to deep neural nets, the proposed surrogates can dramatically reduce the variance and improve the generalization accuracy. The methods only involve multiplying the usual (stochastic) gradient by the inverse of a positive definitive matrix coming from the discrete Laplacian or its high order generalizations. The theory of Hamilton-Jacobi partial differential equations demonstrates that the implicit version of new algorithm is almost the same as doing gradient descent on a new function which (i) has the same global minima as the original function and (ii) is ``more convex"". We show that optimization algorithms with these surrogates converge uniformly in the discrete Sobolev $H_\sigma^p$ sense and reduce the optimality gap for convex optimization problems. We implement our algorithm into both PyTorch and Tensorflow platforms which only involves changing of a few lines of code. The code will be available on Github.",None
https://openreview.net/forum?id=BkgVx3A9Km,A More Globally Accurate Dimensionality Reduction Method Using Triplets,Dimensionality Reduction; Visualization; Triplets; t-SNE; LargeVis,A new dimensionality reduction method using triplets which is significantly faster than t-SNE and provides more accurate results globally,"We first show that the commonly used dimensionality reduction (DR) methods such as t-SNE and LargeVis
poorly capture the global structure of the data in the low dimensional embedding. We show this via a number of tests for the DR methods that can be easily applied by any practitioner to the dataset at hand. Surprisingly enough, t-SNE performs the best w.r.t. the commonly used measures that reward the local neighborhood accuracy such as precision-recall while having the worst performance in our tests for global structure. We then contrast the performance of these two DR method
against our new method called TriMap. The main idea behind TriMap is to capture higher orders of structure with triplet information (instead of pairwise information used by t-SNE and LargeVis), and to minimize a robust loss function for satisfying the chosen triplets. We provide compelling experimental evidence on large natural datasets for the clear advantage of the TriMap DR results. As LargeVis, TriMap is fast and and provides comparable runtime on large datasets.",None
https://openreview.net/forum?id=HyGDdsCcFQ,Better Generalization with On-the-fly Dataset Denoising,dataset denoising; supervised learning; implicit regularization,We introduce a fast and easy-to-implement algorithm that is robust to dataset noise.,"Memorization in over-parameterized neural networks can severely hurt generalization in the presence of mislabeled examples. However, mislabeled examples are to hard avoid in extremely large datasets. We address this problem using the implicit regularization effect of stochastic gradient descent with large learning rates, which we find to be able to separate clean and mislabeled examples with remarkable success using loss statistics. We leverage this to identify and on-the-fly discard mislabeled examples using a threshold on their losses. This leads to On-the-fly Data Denoising (ODD), a simple yet effective algorithm that is robust to mislabeled examples, while introducing almost zero computational overhead. Empirical results demonstrate the effectiveness of ODD on several datasets containing artificial and real-world mislabeled examples.",None
https://openreview.net/forum?id=ByxHb3R5tX,Universal Successor Features for Transfer Reinforcement Learning,Reinforcement Learning; Successor Features; Successor Representations; Transfer Learning; Representation Learning,None,"Transfer in Reinforcement Learning (RL) refers to the idea of applying knowledge gained from previous tasks to solving related tasks. Learning a universal value function (Schaul et al., 2015), which generalizes over goals and states, has previously been shown to be useful for transfer. However, successor features are believed to be more suitable than values for transfer (Dayan, 1993; Barreto et al.,2017), even though they cannot directly generalize to new goals. In this paper, we propose (1) Universal Successor Features (USFs) to capture the underlying dynamics of the environment while allowing generalization to unseen goals and (2) a flexible end-to-end model of USFs that can be trained by interacting with the environment. We show that learning USFs is compatible with any RL algorithm that learns state values using a temporal difference method. Our experiments in a simple gridworld and with two MuJoCo environments show that USFs can greatly accelerate training when learning multiple tasks and can effectively transfer knowledge to new tasks.",None
https://openreview.net/forum?id=HJGtFoC5Fm,On the Margin Theory of Feedforward Neural Networks,generalization theory; implicit regularization; generalization; over-parametrization; theory; deep learning theory; margin,We show that training feedforward relu networks with a weak regularizer results in a maximum margin and analyze the implications of this result.,"Past works have shown that, somewhat surprisingly, over-parametrization can help generalization in neural networks. Towards explaining this phenomenon, we adopt a margin-based perspective. We establish: 1) for multi-layer feedforward relu networks, the global minimizer of a weakly-regularized cross-entropy loss has the maximum normalized margin among all networks, 2) as a result, increasing the over-parametrization improves the normalized margin and generalization error bounds for deep networks. In the case of two-layer networks, an infinite-width neural network enjoys the best generalization guarantees. The typical infinite feature methods are kernel methods; we compare the neural net margin with that of kernel methods and construct natural instances where kernel methods have much weaker generalization guarantees. We validate this gap between the two approaches empirically. Finally, this infinite-neuron viewpoint is also fruitful for analyzing optimization. We show that a perturbed gradient flow on infinite-size networks finds a global optimizer in polynomial time.",None
https://openreview.net/forum?id=Hyxtso0qtX,Adversarial Exploration Strategy for Self-Supervised Imitation Learning,adversarial exploration; self-supervised; imitation learning,A simple yet effective imitation learning scheme that incentivizes exploration of an environment without any extrinsic reward or human demonstration.,"We present an adversarial exploration strategy, a simple yet effective imitation learning scheme that incentivizes exploration of an environment without any extrinsic reward or human demonstration. Our framework consists of a deep reinforcement learning (DRL) agent and an inverse dynamics model contesting with each other. The former collects training samples for the latter, and its objective is to maximize the error of the latter. The latter is trained with samples collected by the former, and generates rewards for the former when it fails to predict the actual action taken by the former. In such a competitive setting, the DRL agent learns to generate samples that the inverse dynamics model fails to predict correctly, and the inverse dynamics model learns to adapt to the challenging samples. We further propose a reward structure that ensures the DRL agent collects only moderately hard samples and not overly hard ones that prevent the inverse model from imitating effectively. We evaluate the effectiveness of our method on several OpenAI gym robotic arm and hand manipulation tasks against a number of baseline models. Experimental results show that our method is comparable to that directly trained with expert demonstrations, and superior to the other baselines even without any human priors.",None
https://openreview.net/forum?id=Hye9lnCct7,Learning Actionable Representations with Goal Conditioned Policies,Representation Learning; Reinforcement Learning,Learning state representations which capture factors necessary for control,"Representation learning is a central challenge across a range of machine learning areas. In reinforcement learning, effective and functional representations have the potential to tremendously accelerate learning progress and solve more challenging problems. Most prior work on representation learning has focused on generative approaches, learning representations that capture all the underlying factors of variation in the observation space in a more disentangled or well-ordered manner. In this paper, we instead aim to learn functionally salient representations: representations that are not necessarily complete in terms of capturing all factors of variation in the observation space, but rather aim to capture those factors of variation that are important for decision making -- that are ""actionable"". These representations are aware of the dynamics of the environment, and capture only the elements of the observation that are necessary for decision making rather than all factors of variation, eliminating the need for explicit reconstruction. We show how these learned representations can be useful to improve exploration for sparse reward problems, to enable long horizon hierarchical reinforcement learning, and as a state representation for learning policies for downstream tasks. We evaluate our method on a number of simulated environments, and compare it to prior methods for representation learning, exploration, and hierarchical reinforcement learning.",None
https://openreview.net/forum?id=SylU3jC5Y7,ADAPTIVE NETWORK SPARSIFICATION VIA DEPENDENT VARIATIONAL BETA-BERNOULLI DROPOUT,Bayesian deep learning; network pruning,We propose a novel Bayesian network sparsification method that adaptively prunes networks according to inputs.,"While variational dropout approaches have been shown to be effective for network sparsification, they are still suboptimal in the sense that they set the dropout rate for each neuron without consideration of the input data. With such input-independent dropout, each neuron is evolved to be generic across inputs, which makes it difficult to sparsify networks without accuracy loss. To overcome this limitation, we propose adaptive variational dropout whose probabilities are drawn from sparsity-inducing beta-Bernoulli prior. It allows each neuron to be evolved either to be generic or specific for certain inputs, or dropped altogether. Such input-adaptive sparsity-inducing dropout allows the resulting network to tolerate larger degree of sparsity without losing its expressive power by removing redundancies among features. We validate our dependent variational beta-Bernoulli dropout on multiple public datasets, on which it obtains significantly more compact networks than baseline methods, with consistent accuracy improvements over the base networks.",None
https://openreview.net/forum?id=ByGq7hRqKX,Cross-Task Knowledge Transfer for Visually-Grounded Navigation,None,None,"Recent efforts on training visual navigation agents conditioned on language using deep reinforcement learning have been successful in learning policies for two different tasks: learning to follow navigational instructions and embodied question answering. In this paper, we aim to learn a multitask model capable of jointly learning both tasks, and transferring knowledge of words and their grounding in visual objects across tasks. The proposed model uses a novel Dual-Attention unit to disentangle the knowledge of words in the textual representations and visual objects in the visual representations, and align them with each other. This disentangled task-invariant alignment of representations facilitates grounding and knowledge transfer across both tasks. We show that the proposed model outperforms a range of baselines on both tasks in simulated 3D environments. We also show that this disentanglement of representations makes our model modular, interpretable, and allows for zero-shot transfer to instructions containing new words by leveraging object detectors.",None
https://openreview.net/forum?id=rygjN3C9F7,The Variational Deficiency Bottleneck,Variational Information Bottleneck; Blackwell Sufficiency; Le Cam Deficiency; Information Channel,We develop a new bottleneck method based on channel deficiency.,"We introduce a bottleneck method for learning data representations based on channel deficiency, rather than the more traditional information sufficiency. A variational upper bound allows us to implement this method efficiently. The bound itself is bounded above by the variational information bottleneck objective, and the two methods coincide in the regime of single-shot Monte Carlo approximations. The notion of deficiency provides a principled way of approximating complicated channels by relatively simpler ones. The deficiency of one channel w.r.t. another has an operational interpretation in terms of the optimal risk gap of decision problems, capturing classification as a special case. Unsupervised generalizations are possible, such as the deficiency autoencoder, which can also be formulated in a variational form. Experiments demonstrate that the deficiency bottleneck can provide advantages in terms of minimal sufficiency as measured by information bottleneck curves, while retaining a good test performance in classification and reconstruction tasks.",None
https://openreview.net/forum?id=r1GkMhAqYm,CoDraw: Collaborative Drawing as a Testbed for Grounded Goal-driven Communication,CoDraw; collaborative drawing; grounded language,"We introduce a dataset, models, and training + evaluation protocols for a collaborative drawing task that allows studying goal-driven and perceptually + actionably grounded language generation and understanding.","In this work, we propose a goal-driven collaborative task that contains language, vision, and action in a virtual environment as its core components. Specifically, we develop a Collaborative image-Drawing game between two agents, called CoDraw. Our game is grounded in a virtual world that contains movable clip art objects. The game involves two players: a Teller and a Drawer. The Teller sees an abstract scene containing multiple clip art pieces in a semantically meaningful configuration, while the Drawer tries to reconstruct the scene on an empty canvas using available clip art pieces. The two players communicate via two-way communication using natural language. We collect the CoDraw dataset of ~10K dialogs consisting of ~138K messages exchanged between human agents. We define protocols and metrics to evaluate the effectiveness of learned agents on this testbed, highlighting the need for a novel ""crosstalk"" condition which pairs agents trained independently on disjoint subsets of the training data for evaluation. We present models for our task, including simple but effective baselines and neural network approaches trained using a combination of imitation learning and goal-driven training. All models are benchmarked using both fully automated evaluation and by playing the game with live human agents.",None
https://openreview.net/forum?id=Hyewf3AqYX,A Frank-Wolfe Framework for Efficient and Effective Adversarial Attacks,None,None,"Depending on how much information an adversary can access to, adversarial attacks can be classified as white-box attack and black-box attack. In both cases, optimization-based attack algorithms can achieve relatively low distortions and high attack success rates. However, they usually suffer from poor time and query complexities, thereby limiting their practical usefulness. In this work, we focus on the problem of developing efficient and effective optimization-based adversarial attack algorithms. In particular, we propose a novel adversarial attack framework for both white-box and black-box settings based on the non-convex Frank-Wolfe algorithm. We show in theory that the proposed attack algorithms are efficient with an $O(1/\sqrt{T})$ convergence rate. The empirical results of attacking Inception V3 model and ResNet V2 model on the ImageNet dataset also verify the efficiency and effectiveness of the proposed algorithms. More specific, our proposed algorithms attain the highest attack success rate in both white-box and black-box attacks among all baselines, and are more time and query efficient than the state-of-the-art.",None
https://openreview.net/forum?id=Hk41X2AqtQ,Hierarchically-Structured Variational Autoencoders for Long Text Generation,Natural Language Processing; Text Generation; Variational Autoencoders,Propose a hierarchically-structured variational autoencoder for generating long and coherent units of text,"Variational autoencoders (VAEs) have received much attention recently as an end-to-end architecture for text generation. Existing methods primarily focus on synthesizing relatively short sentences (with less than twenty words). In this paper, we propose a novel framework, hierarchically-structured variational autoencoder (hier-VAE), for generating long and coherent units of text. To enhance the model’s plan-ahead ability, intermediate sentence representations are introduced into the generative networks to guide the word-level predictions. To alleviate the typical optimization challenges associated with textual VAEs, we further employ a hierarchy of stochastic layers between the encoder and decoder networks. Extensive experiments are conducted to evaluate the proposed method, where hier-VAE is shown to make effective use of the latent codes and achieve lower perplexity relative to language models. Moreover, the generated samples from hier-VAE also exhibit superior quality according to both automatic and human evaluations.",None
https://openreview.net/forum?id=rJl2E3AcF7,Doubly Sparse: Sparse Mixture of Sparse Experts for Efficient Softmax Inference,hierarchical softmax; model compression,"We present doubly sparse softmax, the sparse mixture of sparse of sparse experts, to improve the efficiency for softmax inference through exploiting the two-level overlapping hierarchy.","Computations for the softmax function in neural network models are expensive when the number of output classes is large. This can become a significant issue in both training and inference for such models. In this paper, we present Doubly Sparse Softmax (DS-Softmax), Sparse Mixture of Sparse of Sparse Experts, to improve the efficiency for softmax inference. During training, our method learns a two-level class hierarchy by dividing entire output class space into several partially overlapping experts. Each expert is responsible for a learned subset of the output class space and each output class only belongs to a small number of those experts. During inference, our method quickly locates the most probable expert to compute small-scale softmax. Our method is learning-based and requires no knowledge of the output class partition space a priori. We empirically evaluate our method on several real-world tasks and demonstrate that we can achieve significant computation reductions without loss of performance.",None
https://openreview.net/forum?id=B1VWtsA5tQ,PPO-CMA: Proximal Policy Optimization with Covariance Matrix Adaptation,Continuous Control; Reinforcement Learning; Policy Optimization; Policy Gradient; Evolution Strategies; CMA-ES; PPO,We propose a new continuous control reinforcement learning method with a variance adaptation strategy inspired by the Covariance Matrix Adaptation Evolution Strategy (CMA-ES) optimization method,"Proximal Policy Optimization (PPO) is a highly popular model-free reinforcement learning (RL) approach. However, in continuous state and actions spaces and a Gaussian policy -- common in computer animation and robotics -- PPO is prone to getting stuck in local optima. In this paper, we observe a tendency of PPO to prematurely shrink the exploration variance, which naturally leads to slow progress. Motivated by this, we borrow ideas from CMA-ES, a black-box optimization method designed for intelligent adaptive Gaussian exploration, to derive PPO-CMA, a novel proximal policy optimization approach that expands the exploration variance on objective function slopes and only shrinks the variance when close to the optimum. This is implemented by using separate neural networks for policy mean and variance and training the mean and variance in separate passes. Our experiments demonstrate a clear improvement over vanilla PPO in many difficult OpenAI Gym MuJoCo tasks.",None
https://openreview.net/forum?id=ByGOuo0cYm,Meta-Learning with Domain Adaptation for Few-Shot Learning under Domain Shift,Meta-Learning; Few-Shot Learning; Domain Adaptation,Meta Learning for Few Shot learning assumes that training tasks and test tasks are drawn from the same distribution. What do you do if they are not? Meta Learning with task-level Domain Adaptation!,"Few-Shot Learning (learning with limited labeled data) aims to overcome the limitations of traditional machine learning approaches which require thousands of labeled examples to train an effective model. Considered as a hallmark of human intelligence, the community has recently witnessed several contributions on this topic, in particular through meta-learning, where a model learns how to learn an effective model for few-shot learning. The main idea is to acquire prior knowledge from a set of training tasks, which is then used to perform (few-shot) test tasks. Most existing work assumes that both training and test tasks are drawn from the same distribution, and a large amount of labeled data is available in the training tasks. This is a very strong assumption which restricts the usage of meta-learning strategies in the real world where ample training tasks following the same distribution as test tasks may not be available. In this paper, we propose a novel meta-learning paradigm wherein a few-shot learning model is learnt, which simultaneously overcomes domain shift between the train and test tasks via adversarial domain adaptation. We demonstrate the efficacy the proposed method through extensive experiments.",None
https://openreview.net/forum?id=rkelDoCqFX,Transfer Learning via Unsupervised Task Discovery for Visual Question Answering,None,None,"We study how to leverage off-the-shelf visual and linguistic data to cope with out-of-vocabulary answers in visual question answering. Existing large-scale visual data with annotations such as image class labels, bounding boxes and region descriptions are good sources for learning rich and diverse visual concepts. However, it is not straightforward how the visual concepts should be captured and transferred to visual question answering models due to missing link between question dependent answering models and visual data without question or task specification. We tackle this problem in two steps: 1) learning a task conditional visual classifier based on unsupervised task discovery and 2) transferring and adapting the task conditional visual classifier to visual question answering models. Specifically, we employ linguistic knowledge sources such as structured lexical database (e.g. Wordnet) and visual descriptions for unsupervised task discovery, and adapt a learned task conditional visual classifier to answering unit in a visual question answering model. We empirically show that the proposed algorithm generalizes to unseen answers successfully using the knowledge transferred from the visual data.",None
https://openreview.net/forum?id=BJxOHs0cKm,Identifying Generalization Properties in Neural Networks,generalization; PAC-Bayes; Hessian; perturbation,a theory connecting Hessian of the solution and the generalization power of the model,"While it has not yet been proven, empirical evidence suggests that model generalization is related to local properties of the optima which can be described via the Hessian. We connect model generalization with the local property of a solution under the PAC-Bayes paradigm. In particular, we prove that model generalization ability is related to the Hessian, the higher-order ""smoothness"" terms characterized by the Lipschitz constant of the Hessian, and the scales of the parameters. Guided by the proof, we propose a metric to score the generalization capability of the model, as well as an algorithm that optimizes the perturbed model accordingly.",None
https://openreview.net/forum?id=B1eEKi0qYQ,Interactive Parallel Exploration for Reinforcement Learning in Continuous Action Spaces,reinforcement learning; continuous action space RL,None,"In this paper, a new interactive parallel learning scheme is proposed to enhance the performance of off-policy continuous-action reinforcement learning.  In the proposed interactive parallel learning scheme, multiple identical learners with their own value-functions and policies share a common experience replay buffer, and search a good policy in collaboration with the guidance of the best policy information. The information of the best policy  is fused in a soft manner by constructing an augmented loss function for policy update to enlarge the overall search space by the multiple learners. The guidance by the previous best policy and the enlarged search space by the proposed interactive parallel learning scheme enable faster and better policy search in the policy parameter space. Working algorithms are constructed by  applying the proposed interactive parallel learning scheme to several off-policy reinforcement learning algorithms such as  the twin delayed deep deterministic (TD3) policy gradient algorithm and the soft actor-critic (SAC) algorithm, and numerical results show that the constructed IPE-enhanced algorithms outperform most of the current state-of-the-art reinforcement learning algorithms for continuous action control.",None
https://openreview.net/forum?id=H1xEwsR9FX,Convolutional CRFs for Semantic Segmentation,conditional random fields; semantic segmentation; computer vision; structured learning,"We propose Convolutional CRFs a fast, powerful and trainable alternative to Fully Connected CRFs.","For the challenging semantic image segmentation task the best performing models
have traditionally combined the structured modelling capabilities of Conditional
Random Fields (CRFs) with the feature extraction power of CNNs. In more recent
works however, CRF post-processing has fallen out of favour. We argue that this
is mainly due to the slow training and inference speeds of CRFs, as well as the
difficulty of learning the internal CRF parameters. To overcome both issues we
propose to add the assumption of conditional independence to the framework of
fully-connected CRFs. This allows us to reformulate the inference in terms of
convolutions, which can be implemented highly efficiently on GPUs.Doing so
speeds up inference and training by two orders of magnitude. All parameters of
the convolutional CRFs can easily be optimized using backpropagation. Towards
the goal of facilitating further CRF research we have made our implementations
publicly available.",None
https://openreview.net/forum?id=Syf9Q209YQ,Manifold regularization with GANs for semi-supervised learning,semi-supervised learning; generative adversarial networks; manifold regularization,None,"Generative Adversarial Networks are powerful generative models that can model the manifold of natural images. We leverage this property to perform manifold regularization by approximating a variant of the Laplacian norm using a Monte Carlo approximation that is easily computed with the GAN. When incorporated into the semi-supervised feature-matching GAN we achieve state-of-the-art results for semi-supervised learning on CIFAR-10 benchmarks when few labels are used, with a method that is significantly easier to implement than competing methods. We find that manifold regularization improves the quality of generated images, and is affected by the quality of the GAN used to approximate the regularizer.",None
https://openreview.net/forum?id=B1epooR5FX,Predicted Variables in Programming,predicted variables; machine learning; programming; computing systems; reinforcement learning,"We present Predicted Variables, an approach to making machine learning a first class citizen in programming languages.","We present Predicted Variables, an approach to making machine learning (ML) a first class citizen in programming languages.
There is a growing divide in approaches to building systems: using human experts (e.g. programming) on the one hand, and using behavior learned from data (e.g. ML) on the other hand. PVars aim to make using ML in programming easier by hybridizing the two. We leverage the existing concept of variables and create a new type, a predicted variable. PVars are akin to native variables with one important distinction: PVars determine their value using ML when evaluated. We describe PVars and their interface, how they can be used in programming, and demonstrate the feasibility of our approach on three algorithmic problems: binary search, QuickSort, and caches.
We show experimentally that PVars are able to improve over the commonly used heuristics and lead to a better performance than the original algorithms.
As opposed to previous work applying ML to algorithmic problems, PVars have the advantage that they can be used within the existing frameworks and do not require the existing domain knowledge to be replaced. PVars allow for a seamless integration of ML into existing systems and algorithms.
Our PVars implementation currently relies on standard Reinforcement Learning (RL) methods. To learn faster, PVars use the heuristic function, which they are replacing, as an initial function. We show that PVars quickly pick up the behavior of the initial function and then improve performance beyond that without ever performing substantially worse -- allowing for a safe deployment in critical applications.",None
https://openreview.net/forum?id=H1zeHnA9KX,Representing Formal Languages: A Comparison Between Finite Automata and Recurrent Neural Networks ,Language recognition; Recurrent Neural Networks; Representation Learning; deterministic finite automaton; automaton,Finite Automata Can be Linearly decoded from Language-Recognizing RNNs using low coarseness abstraction functions and high accuracy decoders.,"We investigate the internal representations that a recurrent neural network (RNN) uses while learning to recognize a regular formal language. Specifically, we train a RNN on positive and negative examples from a regular language, and ask if there is a simple decoding function that maps states of this RNN to states of the minimal deterministic finite automaton (MDFA) for the language. Our experiments show that such a decoding function indeed exists, and that it maps states of the RNN not to MDFA states, but to states of an {\em abstraction} obtained by clustering small sets of MDFA states into ``''superstates''. A qualitative analysis reveals that the abstraction often has a simple interpretation. Overall, the results suggest a strong structural relationship between internal representations used by RNNs and finite automata, and explain the well-known ability of RNNs to recognize formal grammatical structure.",None
https://openreview.net/forum?id=BklUAoAcY7,Unsupervised Learning  of Sentence Representations Using Sequence Consistency,sentence representation; unsupervised learning; LSTM,Good sentence encoders can be learned by training them to distinguish between consistent and inconsistent (pairs of) sequences that are generated in an unsupervised manner.,"Computing universal distributed representations of sentences is a fundamental task in natural language processing. We propose ConsSent, a simple yet surprisingly powerful unsupervised method to learn such representations by enforcing consistency constraints on sequences of tokens. We consider two classes of such constraints – sequences that form a sentence and between two sequences that form a sentence when merged. We learn sentence encoders by training them to distinguish between consistent and inconsistent examples, the latter being generated by randomly perturbing consistent examples in six different ways. Extensive evaluation on several transfer learning and linguistic probing tasks shows improved performance over strong unsupervised and supervised baselines, substantially surpassing them in several cases. Our best results are achieved by training sentence encoders in a multitask setting and by an ensemble of encoders trained on the individual tasks.",None
https://openreview.net/forum?id=Hkgnii09Ym,Set Transformer,attention; meta-learning; set-input neural networks; permutation invariant modeling,Attention-based neural network to process set-structured data,"Many machine learning tasks such as multiple instance learning, 3D shape recognition and few-shot image classification are defined on sets of instances. Since solutions to such problems do not depend on the permutation of elements of the set, models used to address them should be permutation invariant. We present an attention-based neural network module, the Set Transformer, specifically designed to model interactions among elements in the input set. The model consists of an encoder and a decoder, both of which rely on attention mechanisms. In an effort to reduce computational complexity, we introduce an attention scheme inspired by inducing point methods from sparse Gaussian process literature. It reduces computation time of self-attention from quadratic to linear in the number of elements in the set. We show that our model is theoretically attractive and we evaluate it on a range of tasks, demonstrating increased performance compared to recent methods for set-structured data.",None
https://openreview.net/forum?id=Hye-LiR5Y7,SOSELETO: A Unified Approach to Transfer Learning and Training with Noisy Labels,transfer learning,"Learning with limited training data by exploiting ""helpful"" instances from a rich data source.","We present SOSELETO (SOurce SELEction for Target Optimization), a new method for exploiting a source dataset to solve a classification problem on a target dataset.  SOSELETO is based on the following simple intuition: some source examples are more informative than others for the target problem.  To capture this intuition, source samples are each given weights; these weights are solved for jointly with the source and target classification problems via a bilevel optimization scheme.  The target therefore gets to choose the source samples which are most informative for its own classification task.  Furthermore, the bilevel nature of the optimization acts as a kind of regularization on the target, mitigating overfitting.  SOSELETO may be applied to both classic transfer learning, as well as the problem of training on datasets with noisy labels; we show state of the art results on both of these problems.",None
https://openreview.net/forum?id=H1fsUiRcKQ,Fast adversarial training for semi-supervised learning,Deep learning; Semi-supervised learning; Adversarial training,We propose a fast and efficient semi-supervised learning method using adversarial training.,"In semi-supervised learning, Bad GAN approach is one of the most attractive method due to the intuitional simplicity and powerful performances. Bad GAN learns a classifier with bad samples distributed on complement of the support of the input data. But Bad GAN needs additional architectures, a generator and a density estimation model, which involves huge computation and memory consumption cost. VAT is another good semi-supervised learning algorithm, which
utilizes unlabeled data to improve the invariance of the classifier with respect to perturbation of inputs.  In this study, we propose a new method by combining the ideas of Bad GAN and VAT. The proposed method generates bad samples of high-quality by use of the adversarial training used in VAT. We give theoretical explanations why the adversarial training is good at both generating bad samples and semi-supervised learning. An advantage of the proposed method is to achieve the competitive performances with much fewer computations. We demonstrate advantages our method by various experiments with well known benchmark image datasets.",None
https://openreview.net/forum?id=SJzqpj09YQ,Spectral Inference Networks: Unifying Deep and Spectral Learning,spectral learning; unsupervised learning; manifold learning; dimensionality reduction,"We show how to learn spectral decompositions of linear operators with deep learning, and use it for unsupervised learning without a generative model.","We present Spectral Inference Networks, a framework for learning eigenfunctions of linear operators by stochastic optimization. Spectral Inference Networks generalize Slow Feature Analysis to generic symmetric operators, and are closely related to Variational Monte Carlo methods from computational physics. As such, they can be a powerful tool for unsupervised representation learning from video or graph-structured data. We cast training Spectral Inference Networks as a bilevel optimization problem, which allows for online learning of multiple eigenfunctions. We show results of training Spectral Inference Networks on problems in quantum mechanics and feature learning for videos on synthetic datasets. Our results demonstrate that Spectral Inference Networks accurately recover eigenfunctions of linear operators and can discover interpretable representations from video in a fully unsupervised manner.",None
https://openreview.net/forum?id=Sylw7nCqFQ,IMAGE DEFORMATION META-NETWORK FOR ONE-SHOT LEARNING,None,None,"Humans can robustly learn novel visual concepts even when images undergo various deformations and loose certain information. Incorporating this ability to synthesize deformed instances of new concepts might help visual recognition systems perform better one-shot learning, i.e., learning concepts from one or few examples. Our key insight is that, while the deformed images might not be visually realistic, they still maintain critical semantic information and contribute significantly in formulating classifier decision boundaries. Inspired by the recent progress on meta-learning, we combine a meta-learner with an image deformation network that produces additional training examples, and optimize both models in an endto- end manner. The deformation network learns to synthesize images by fusing a pair of images—a probe image that keeps the visual content and a gallery image that diversifies the deformations. We demonstrate results on the widely used oneshot learning benchmarks (miniImageNet and ImageNet 1K challenge datasets), which significantly outperform the previous state-of-the-art approaches.",None
https://openreview.net/forum?id=rJgfjjC9Ym,Backprop with Approximate Activations for Memory-efficient Network Training,Back-propagation; Memory Efficient Training; Approximate Gradients; Deep Learning,"An algorithm to reduce the amount of memory required for training deep networks, based on an approximation strategy.","With innovations in architecture design, deeper and wider neural network models deliver improved performance on a diverse variety of tasks. But the increased memory footprint of these models presents a challenge during training, when all intermediate layer activations need to be stored for back-propagation. Limited GPU memory forces practitioners to make sub-optimal choices: either train inefficiently with smaller batches of examples; or limit the architecture to have lower depth and width, and fewer layers at higher spatial resolutions. This work introduces an approximation strategy that significantly reduces a network's memory footprint during training, but has negligible effect on training performance and computational expense. During the forward pass, we replace activations with lower-precision approximations immediately after they have been used by subsequent layers, thus freeing up memory. The approximate activations are then used during the backward pass. This approach limits the accumulation of errors across the forward and backward pass---because the forward computation across the network still happens at full precision, and the approximation has a limited effect when computing gradients to a layer's input. Experiments, on CIFAR and ImageNet, show that using our approach with 8- and even 4-bit fixed-point approximations of 32-bit floating-point activations has only a minor effect on training and validation performance, while affording significant savings in memory usage.",None
https://openreview.net/forum?id=rkgpCoRctm,Detecting Out-Of-Distribution Samples Using Low-Order Deep Features Statistics,computer vision; out-of-distribution detection; image classification,Detecting out-of-distribution samples by using low-order feature statistics without requiring any change in underlying DNN.,"The ability to detect when an input sample was not drawn from the training distribution is an important  desirable property of deep neural networks. In this paper, we show that a simple ensembling of first and second order deep feature statistics can be exploited to effectively differentiate in-distribution and out-of-distribution samples. Specifically, we observe that  the mean and standard deviation within feature maps  differs greatly between in-distribution and out-of-distribution samples. Based on this observation, we propose a simple and  efficient plug-and-play detection procedure that does not require re-training, pre-processing or changes to the model.  The proposed method outperforms the state-of-the-art by a large margin in all standard benchmarking tasks, while being much simpler to implement and execute. Notably, our method improves the true negative rate from 39.6% to 95.3% when 95% of in-distribution (CIFAR-100) are correctly detected using a DenseNet and the out-of-distribution dataset is TinyImageNet resize. The source code of our method will be made publicly available.",None
https://openreview.net/forum?id=HyN-M2Rctm,Mode Normalization,Deep Learning; Expert Models; Normalization; Computer Vision,We present a novel normalization method for deep neural networks that is robust to multi-modalities in intermediate feature distributions.,"Normalization methods are a central building block in the deep learning toolbox. They accelerate and stabilize training, while decreasing the dependence on manually tuned learning rate schedules. When learning from multi-modal distributions, the effectiveness of batch normalization (BN), arguably the most prominent normalization method, is reduced. As a remedy, we propose a more flexible approach: by extending the normalization to more than a single mean and variance, we detect modes of data on-the-fly, jointly normalizing samples that share common features. We demonstrate that our method outperforms BN and other widely used normalization techniques in several experiments, including single and multi-task datasets.",None
https://openreview.net/forum?id=H1gL-2A9Ym,Predict then Propagate: Graph Neural Networks meet Personalized PageRank,Graph; GCN; GNN; Neural network; Graph neural network; Message passing neural network; Semi-supervised classification; Semi-supervised learning; PageRank; Personalized PageRank,Personalized propagation of neural predictions (PPNP) improves graph neural networks by separating them into prediction and propagation via personalized PageRank.,"Neural message passing algorithms for semi-supervised classification on graphs have recently achieved great success. However, for classifying a node these methods only consider nodes that are a few propagation steps away and the size of this utilized neighborhood is hard to extend. In this paper, we use the relationship between graph convolutional networks (GCN) and PageRank to derive an improved propagation scheme based on personalized PageRank. We utilize this propagation procedure to construct a simple model, personalized propagation of neural predictions (PPNP), and its fast approximation, APPNP. Our model's training time is on par or faster and its number of parameters on par or lower than previous models. It leverages a large, adjustable neighborhood for classification and can be easily combined with any neural network. We show that this model outperforms several recently proposed methods for semi-supervised classification in the most thorough study done so far for GCN-like models. Our implementation is available online.",None
https://openreview.net/forum?id=BygIV2CcKm,Learning to Augment Influential Data,data augmentation; influence function; generative adversarial network,None,"Data augmentation is a technique to reduce overfitting and to improve generalization by increasing the number of labeled data samples by performing label preserving transformations; however, it is currently conducted in a trial and error manner. A composition of predefined transformations, such as rotation, scaling and cropping, is performed on training samples, and its effect on performance over test samples can only be empirically evaluated and cannot be predicted. This paper considers an influence function which predicts how generalization is affected by a particular augmented training sample in terms of validation loss. The influence function provides an approximation of the change in validation loss without comparing the performance which includes and excludes the sample in the training process. A differentiable augmentation model that generalizes the conventional composition of predefined transformations is also proposed. The differentiable augmentation model and reformulation of the influence function allow the parameters of the augmented model to be directly updated by backpropagation to minimize the validation loss. The experimental results show that the proposed method provides better generalization over conventional data augmentation methods.",None
https://openreview.net/forum?id=rkxtl3C5YX,Understanding & Generalizing AlphaGo Zero,reinforcement learning; AlphaGo Zero,None,"AlphaGo Zero (AGZ) introduced a new {\em tabula rasa} reinforcement learning algorithm that has achieved superhuman performance in the games of Go, Chess, and Shogi with no prior knowledge other than the rules of the game. This success naturally begs the question whether it is possible to develop similar high-performance reinforcement learning algorithms for generic sequential decision-making problems (beyond two-player games), using only the constraints of the environment as the ``rules.'' To address this challenge, we start by taking steps towards developing a formal understanding of AGZ.  AGZ includes two key innovations: (1) it learns a policy (represented as a neural network) using {\em supervised learning} with cross-entropy loss from samples generated via Monte-Carlo Tree Search (MCTS); (2) it uses {\em self-play} to learn without training data. 

We argue that the self-play in AGZ corresponds to learning a Nash equilibrium for the two-player game; and the supervised learning with MCTS is attempting to learn the policy corresponding to the Nash equilibrium, by establishing a novel bound on the difference between the expected return achieved by two policies in terms of the expected KL divergence (cross-entropy) of their induced distributions. To extend AGZ to generic sequential decision-making problems, we introduce a {\em robust MDP} framework, in which the agent and nature effectively play a zero-sum game: the agent aims to take actions to maximize reward while nature seeks state transitions, subject to the constraints of that environment, that minimize the agent's reward. For a challenging network scheduling domain, we find that AGZ within the robust MDP framework provides near-optimal performance, matching one of the best known scheduling policies that has taken the networking community three decades of intensive research to develop.",None
https://openreview.net/forum?id=SJfPFjA9Fm,ACCELERATING NONCONVEX LEARNING VIA REPLICA EXCHANGE LANGEVIN DIFFUSION,None,None,"Langevin diffusion is a powerful method for nonconvex optimization, which enables the escape from local minima by injecting noise into the gradient. In particular, the temperature parameter controlling the noise level gives rise to a tradeoff between ``global exploration'' and ``local exploitation'', which correspond to high and low temperatures. To attain the advantages of both regimes, we propose to use replica exchange, which swaps between two Langevin diffusions with different temperatures. We theoretically analyze the acceleration effect of replica exchange from two perspectives: (i) the convergence in $\chi^2$-divergence, and (ii) the large deviation principle. Such an acceleration effect allows us to faster approach the global minima. Furthermore, by discretizing the replica exchange Langevin diffusion, we obtain a discrete-time algorithm. For such an algorithm, we quantify its discretization error in theory and demonstrate its acceleration effect in practice.",None
https://openreview.net/forum?id=S1xiOjC9F7,Graph Matching Networks for Learning the Similarity of Graph Structured Objects,Similarity learning; structured objects; graph matching networks,"We tackle the problem of similarity learning for structured objects with applications in particular in computer security, and propose a new model graph matching networks that excels on this task.","This paper addresses the challenging problem of retrieval and matching of graph structured objects, and makes two key contributions. First, we demonstrate how  Graph Neural Networks (GNN), which have emerged as an effective model for various supervised prediction problems defined on structured data, can be trained to produce embedding of graphs in vector spaces that enables efficient similarity reasoning. Second, we propose a novel Graph Matching Network model that, given a pair of graphs as input, computes a similarity score between them by jointly reasoning on the pair through a new cross-graph attention-based matching mechanism. We demonstrate the effectiveness of our models on different domains including the challenging problem of control-flow-graph based function similarity search that plays an important role in the detection of vulnerabilities in software systems. The experimental analysis demonstrates that our models are not only able to exploit structure in the context of similarity learning but they can also outperform domain-specific baseline systems that have been carefully hand-engineered for these problems.",None
https://openreview.net/forum?id=ryEkcsActX,Teacher Guided Architecture Search,hyperparameter search; architecture search; convolutional neural networks,Faster architecture search by maximizing representational similarity with a teacher network,"Strong improvements in neural network performance in vision tasks have resulted from the search of alternative network architectures, and prior work has shown that this search process can be automated and guided by evaluating candidate network performance following limited training (“Performance Guided Architecture Search” or PGAS).  However, because of the large architecture search spaces and the high computational cost associated with evaluating each candidate model, further gains in computational efficiency are needed.  Here we present a method termed Teacher Guided Search for Architectures by Generation and Evaluation (TG-SAGE) that produces up to an order of magnitude in search efficiency over PGAS methods. Specifically, TG-SAGE guides each step of the architecture search by evaluating the similarity of internal representations of the candidate networks with those of the (fixed) teacher network. We show that this procedure leads to significant reduction in required per-sample training and that, this advantage holds for two different search spaces of architectures, and two different search algorithms. We further show that in the space of convolutional cells for visual categorization, TG-SAGE finds a cell structure with similar performance as was previously found using other methods but at a total computational cost that is two orders of magnitude lower than Neural Architecture Search (NAS) and more than four times lower than progressive neural architecture search (PNAS). These results suggest that TG-SAGE can be used to accelerate network architecture search in cases where one has access to some or all of the internal representations of a teacher network of interest, such as the brain.",None
https://openreview.net/forum?id=HJG7m2AcF7,Context Mover's Distance & Barycenters: Optimal transport of contexts for building representations,representation learning; wasserstein distance; wasserstein barycenter; entailment,None,"We propose a unified framework for building unsupervised representations of entities and their compositions, by viewing each entity as a histogram (or distribution) over its contexts. This enables us to take advantage of optimal transport and construct representations that effectively harness the geometry of the underlying space containing the contexts. Our method captures uncertainty via modelling the entities as distributions and simultaneously provides interpretability with the optimal transport map, hence giving a novel perspective for building rich and powerful feature representations. As a guiding example, we formulate unsupervised representations for text, and demonstrate it on tasks such as sentence similarity and word entailment detection. Empirical results show strong advantages gained through the proposed framework. This approach can potentially be used for any unsupervised or supervised problem (on text or other modalities) with a co-occurrence structure, such as any sequence data. The key tools at the core of this framework are Wasserstein distances and Wasserstein barycenters.",None
https://openreview.net/forum?id=r1xwKoR9Y7,GamePad: A Learning Environment for Theorem Proving,Theorem proving; ITP; systems; neural embeddings,We introduce a system called GamePad to explore the application of machine learning methods to theorem proving in the Coq proof assistant.,"In this paper, we introduce a system called GamePad that can be used to explore the application of machine learning methods to theorem proving in the Coq proof assistant. Interactive theorem provers such as Coq enable users to construct machine-checkable proofs in a step-by-step manner. Hence, they provide an opportunity to explore theorem proving with human supervision. We use GamePad to synthesize proofs for a simple algebraic rewrite problem and train baseline models for a formalization of the Feit-Thompson theorem. We address position evaluation (i.e., predict the number of proof steps left) and tactic prediction (i.e., predict the next proof step) tasks, which arise naturally in tactic-based theorem proving.",None
https://openreview.net/forum?id=rJg8yhAqKm,InfoBot: Transfer and Exploration via the Information Bottleneck,Information bottleneck; policy transfer; policy generalization; exploration,Training agents with goal-policy information bottlenecks promotes transfer and yields a powerful exploration bonus,"A central challenge in reinforcement learning is discovering effective policies for tasks where rewards are sparsely distributed. We postulate that in the absence of useful reward signals, an effective exploration strategy should seek out {\it decision states}. These states lie at critical junctions in the state space from where the agent can transition to new, potentially unexplored regions. We propose to learn about decision states from prior experience. By training a goal-conditioned model with an information bottleneck, we can identify decision states by examining where the model accesses the goal state through the bottleneck. We find that this simple mechanism effectively identifies decision states, even in partially observed settings. In effect, the model learns the sensory cues that correlate with potential subgoals. In new environments, this model can then identify novel subgoals for further exploration, guiding the agent through a sequence of potential decision  states and through new regions of the state space.",None
https://openreview.net/forum?id=SkgkJn05YX,RANDOM MASK: Towards Robust Convolutional Neural Networks,adversarial examples; robust machine learning; cnn structure; metric; deep feature representations,"We propose a technique that modifies CNN structures to enhance robustness while keeping high test accuracy, and raise doubt on whether current definition of adversarial examples is appropriate by generating adversarial examples able to fool humans.","Robustness of neural networks has recently been highlighted by the adversarial examples, i.e., inputs added with well-designed  perturbations which are imperceptible to humans but can cause the network to give incorrect outputs. In this paper, we design a new CNN architecture that by itself has good robustness. We introduce a simple but powerful technique, Random Mask, to modify existing CNN structures. We show that CNN with Random Mask achieves state-of-the-art performance against black-box adversarial attacks without applying any adversarial training. We next investigate the adversarial examples which “fool” a CNN with Random Mask. Surprisingly, we find that these adversarial examples often “fool” humans as well. This raises fundamental questions on how to define adversarial examples and robustness properly.",None
https://openreview.net/forum?id=BJl_VnR9Km,A  Model Cortical Network for Spatiotemporal Sequence Learning and Prediction,cortical models; spatiotemporal memory; video prediction; predictive coding,A new hierarchical cortical model for encoding spatiotemporal memory and video prediction,"In this paper we developed a hierarchical network model, called Hierarchical Prediction Network (HPNet) to understand how spatiotemporal memories might be learned and encoded in a representational hierarchy for predicting future video frames. The model is inspired by the feedforward, feedback and lateral recurrent circuits in the mammalian hierarchical visual system. It assumes that spatiotemporal memories are encoded in the recurrent connections within each level and between different levels of the hierarchy. The model contains a feed-forward path that  computes and encodes spatiotemporal features of successive complexity and a feedback path that projects interpretation from a higher level to the level below. Within each level, the feed-forward path and the feedback path intersect in a recurrent gated circuit that integrates their signals as well as the circuit's internal memory states to generate  a prediction of the incoming signals. The network learns by comparing the incoming signals with its prediction, updating its internal model of the world by minimizing the prediction errors at each level of the hierarchy in the style of {\em predictive self-supervised learning}. The network processes data in blocks of video  frames rather than  a frame-to-frame basis.  This allows it to learn relationships among movement patterns, yielding state-of-the-art performance in long range video sequence predictions in benchmark datasets. We observed that hierarchical interaction in the network introduces sensitivity to memories of global movement patterns even in the population representation of the units in the earliest level. Finally, we provided neurophysiological evidence, showing that neurons in the early visual cortex of awake monkeys exhibit very similar sensitivity and behaviors. These findings suggest that  predictive self-supervised learning might be an important principle for representational learning in the visual cortex.",None
https://openreview.net/forum?id=H1xpe2C5Km,Trace-back along capsules and its application on semantic segmentation  		,capsule; capsule network; semantic segmentation; FCN,"A capsule-based semantic segmentation, in which the probabilities of the class labels are traced back through capsule pipeline.","In this paper, we propose a capsule-based neural network model to solve the semantic segmentation problem. By taking advantage of the extractable part-whole dependencies available in capsule layers, we derive the probabilities of the class labels for individual capsules through a recursive, layer-by-layer procedure. We model this procedure as a traceback pipeline and take it as a central piece to build an end-to-end segmentation network. Under the proposed framework, image-level class labels and object boundaries are jointly sought in an explicit manner, which poses a significant advantage over the state-of-the-art fully convolutional network (FCN) solutions. Experiments conducted on modified MNIST and neuroimages demonstrate that our model considerably enhance the segmentation performance compared to the leading FCN variant.",None
https://openreview.net/forum?id=BkeUasA5YQ,LIT: Block-wise Intermediate Representation Training for Model Compression,None,None,"Knowledge distillation (KD) is a popular method for reducing the computational over-
head of deep network inference, in which the output of a teacher model is used to train
a smaller, faster student model. Hint training (i.e., FitNets) extends KD by regressing a
student model’s intermediate representation to a teacher model’s intermediate representa-
tion. In this work, we introduce bLock-wise Intermediate representation Training (LIT),
a novel model compression technique that extends the use of intermediate represen-
tations in deep network compression, outperforming KD and hint training. LIT has two
key ideas: 1) LIT trains a student of the same width (but shallower depth) as the teacher
by directly comparing the intermediate representations, and 2) LIT uses the intermediate
representation from the previous block in the teacher model as an input to the current stu-
dent block during training, avoiding unstable intermediate representations in the student
network. We show that LIT provides substantial reductions in network depth without
loss in accuracy — for example, LIT can compress a ResNeXt-110 to a ResNeXt-20
(5.5×) on CIFAR10 and a VDCNN-29 to a VDCNN-9 (3.2×) on Amazon Reviews
without loss in accuracy, outperforming KD and hint training in network size at a given
accuracy. We also show that applying LIT to identical student/teacher architectures
increases the accuracy of the student model above the teacher model, outperforming the
recently-proposed Born Again Networks procedure on ResNet, ResNeXt, and VDCNN.
Finally, we show that LIT can effectively compress GAN generators.",None
https://openreview.net/forum?id=ByMVTsR5KQ,Adversarial Audio Synthesis,audio; waveform; spectrogram; GAN; adversarial; WaveGAN; SpecGAN,Learning to synthesize raw waveform audio with GANs,"Audio signals are sampled at high temporal resolutions, and learning to synthesize audio requires capturing structure across a range of timescales. Generative adversarial networks (GANs) have seen wide success at generating images that are both locally and globally coherent, but they have seen little application to audio generation. In this paper we introduce WaveGAN, a first attempt at applying GANs to unsupervised synthesis of raw-waveform audio. WaveGAN is capable of synthesizing one second slices of audio waveforms with global coherence, suitable for sound effect generation. Our experiments demonstrate that—without labels—WaveGAN learns to produce intelligible words when trained on a small-vocabulary speech dataset, and can also synthesize audio from other domains such as drums, bird vocalizations, and piano. We compare WaveGAN to a method which applies GANs designed for image generation on image-like audio feature representations, finding both approaches to be promising.",None
https://openreview.net/forum?id=HyNbtiR9YX,Unsupervised Document Representation using Partition Word-Vectors Averaging,Unsupervised Learning; Natural Language Processing; Representation Learning; Document Embedding,A simple unsupervised method for multi-sentence-document embedding using partition based word vectors averaging that achieve results comparable to sophisticated models.,"Learning effective document-level representation is essential in many important NLP tasks such as document classification, summarization, etc. Recent research has shown that simple weighted averaging of word vectors is an effective way to represent sentences, often outperforming complicated seq2seq neural models in many tasks. While it is desirable to use the same method to represent documents as well, unfortunately, the effectiveness is lost when representing long documents involving multiple sentences. One reason for this degradation is due to the fact that a longer document is likely to contain words from many different themes (or topics), and hence creating a single vector while ignoring all the thematic structure is unlikely to yield an effective representation of the document. This problem is less acute in single sentences and other short text fragments where presence of a single theme/topic is most likely. To overcome this problem, in this paper we present PSIF, a partitioned word averaging model to represent long documents. P-SIF retains the simplicity of simple weighted word averaging while taking a document's thematic structure into account. In particular, P-SIF learns topic-specific vectors from a document and finally concatenates them all to represent the overall document. Through our experiments over multiple real-world datasets and tasks, we demonstrate PSIF's effectiveness compared to simple weighted averaging and many other state-of-the-art baselines. We also show that PSIF is particularly effective in representing long multi-sentence documents. We will release PSIF's embedding source code and data-sets for reproducing results.",None
https://openreview.net/forum?id=r1xFE3Rqt7,Adaptive Mixture of Low-Rank Factorizations for Compact Neural Modeling,Low-Rank Factorization; Compact Neural Nets; Efficient Modeling; Mixture models,We propose a simple modification to low-rank factorization that improves performances (in both image and language tasks) while still being compact.,"Modern deep neural networks have a large amount of weights, which make them difficult to deploy on computation constrained devices such as mobile phones. One common approach to reduce the model size and computational cost is to use low-rank factorization to approximate a weight matrix. However, performing standard low-rank factorization with a small rank can hurt the model expressiveness and significantly decrease the performance. In this work, we propose to use a mixture of multiple low-rank factorizations to model a large weight matrix, and the mixture coefficients are computed dynamically depending on its input. We demonstrate the effectiveness of the proposed approach on both language modeling and image classification tasks. Experiments show that our method not only improves the computation efficiency but also maintains (sometimes outperforms) its accuracy compared with the full-rank counterparts.",None
https://openreview.net/forum?id=H1MgjoR9tQ,CBOW Is Not All You Need: Combining CBOW with the Compositional Matrix Space Model,Text representation learning; Sentence embedding; Efficient training scheme; word2vec,We present a novel training scheme for efficiently obtaining order-aware sentence representations.,"Continuous Bag of Words (CBOW) is a powerful text embedding method. Due to its strong capabilities to encode word content, CBOW embeddings perform well on a wide range of downstream tasks while being efficient to compute. However, CBOW is not capable of capturing the word order. The reason is that the computation of CBOW's word embeddings is commutative, i.e., embeddings of XYZ and ZYX are the same. In order to address this shortcoming, we propose a
learning algorithm for the Continuous Matrix Space Model, which we call Continual Multiplication of Words (CMOW). Our algorithm is an adaptation of word2vec, so that it can be trained on large quantities of unlabeled text. We empirically show that CMOW better captures linguistic properties, but it is inferior to CBOW in memorizing word content. Motivated by these findings, we propose a hybrid model that combines the strengths of CBOW and CMOW. Our results show that the hybrid CBOW-CMOW-model retains CBOW's strong ability to memorize word content while at the same time substantially improving its ability to encode other linguistic information by 8%. As a result, the hybrid also performs better on 8 out of 11 supervised downstream tasks with an average improvement of 1.2%.",None
https://openreview.net/forum?id=SJe2so0qF7,Learning data-derived privacy preserving representations from information metrics,Machine learning; privacy; adversarial training; information theory; data-driven privacy,Learning privacy-preserving transformations from data. A collaborative approach,"It is clear that users should own and control their data and privacy. Utility providers are also becoming more interested in guaranteeing data privacy. Therefore, users and providers can and should collaborate in privacy protecting challenges, and this paper addresses this new paradigm. We propose a framework where the user controls what characteristics of the data they want to share (utility) and what they want to keep private (secret), without necessarily asking the utility provider to change its existing machine learning algorithms. We first analyze the space of privacy-preserving representations and derive natural information-theoretic bounds on the utility-privacy trade-off when disclosing a sanitized version of the data X. We present explicit learning architectures to learn privacy-preserving representations that approach this bound in a data-driven fashion. We describe important use-case scenarios where the utility providers are willing to collaborate with the sanitization process. We study space-preserving transformations where the utility provider can use the same algorithm on original and sanitized data, a critical and novel attribute to help service providers accommodate varying privacy requirements with a single set of utility algorithms. We illustrate this framework through  the implementation of three use cases; subject-within-subject, where we tackle the problem of having a face identity detector that works only on a consenting subset of users, an important application, for example, for mobile devices activated by face recognition; gender-and-subject, where we preserve facial verification while hiding the gender attribute for users who choose to do so; and emotion-and-gender, where we hide independent variables, as is the case of hiding gender while preserving emotion detection.",None
https://openreview.net/forum?id=BJfOXnActQ,Learning to Learn with Conditional Class Dependencies,meta-learning; learning to learn; few-shot learning,CAML is an instance of MAML with conditional class dependencies.,"Neural networks can learn to extract statistical properties from data, but they seldom make use of structured information from the label space to help representation learning. Although some label structure can implicitly be obtained when training on huge amounts of data, in a few-shot learning context where little data is available, making explicit use of the label structure can inform the model to reshape the representation space to reflect a global sense of class dependencies.  We propose a meta-learning framework, Conditional class-Aware Meta-Learning (CAML), that conditionally transforms feature representations based on a metric space that is trained to capture inter-class dependencies. This enables a conditional modulation of the feature representations of the base-learner to impose regularities informed by the label space. Experiments show that the conditional transformation in CAML leads to more disentangled representations and achieves competitive results on the miniImageNet benchmark.",None
https://openreview.net/forum?id=HJf7ts0cFm,State-Regularized Recurrent Networks,recurrent network; finite state machines; state-regularized; interpretability and explainability,"We introduce stochastic state transition mechanism to RNNs, simplifies finite state automata (DFA) extraction, forces RNNs to operate more like automata with external memory, better extrapolation behavior and interpretability.","Recurrent networks are a widely used class of neural architectures.  They have, however, two shortcomings. First, it is difficult to understand what exactly they learn. Second, they tend to work poorly on sequences requiring long-term memorization, despite having this capacity in principle. We aim to address both shortcomings with a class of recurrent networks that use a stochastic state transition mechanism between cell applications. This mechanism, which we term state-regularization, makes RNNs transition between a finite set of learnable states. We show that state-regularization (a) simplifies the extraction of finite state automata modeling an RNN's state transition dynamics, and (b) forces RNNs to operate more like automata with external memory and less like finite state machines.",None
https://openreview.net/forum?id=ByldlhAqYQ,Transfer Learning for Sequences via Learning to Collocate,transfer learning; recurrent neural network; attention; natural language processing,Transfer learning for sequence via learning to align cell-level information across domains.,"Transfer learning aims to solve the data sparsity for a specific domain by applying information of another domain. Given a sequence (e.g. a natural language sentence), the transfer learning, usually enabled by recurrent neural network (RNN), represent the sequential information transfer. RNN uses a chain of repeating cells to model the sequence data. However, previous studies of neural network based transfer learning simply transfer the information across the whole layers, which are unfeasible for seq2seq and sequence labeling. Meanwhile, such layer-wise transfer learning mechanisms also lose the fine-grained cell-level information from the source domain.

In this paper, we proposed the aligned recurrent transfer, ART, to achieve cell-level information transfer. ART is in a recurrent manner that different cells share the same parameters. Besides transferring the corresponding information at the same position, ART transfers information from all collocated words in the source domain. This strategy enables ART to capture the word collocation across domains in a more flexible way. We conducted extensive experiments on both sequence labeling tasks (POS tagging, NER) and sentence classification (sentiment analysis). ART outperforms the state-of-the-arts over all experiments.",None
https://openreview.net/forum?id=B1x5KiCcFX,Understanding GANs via Generalization Analysis for Disconnected Support,Generalization analysis; Statistical estimation; Understanding GANs; Disconnected support,We investigate the generalization performance of GANs and show how GANs outperform others with a specific property of data.,"This paper provides theoretical analysis of generative adversarial networks (GANs) to explain its advantages over other standard methods of learning probability measures. GANs learn a probability through observations, using the objective function with a generator and a discriminator. While many empirical results indicate that GANs can generate realistic samples, the reason for such successful performance remains unelucidated. This paper focuses the situation where the target probability measure satisfies the disconnected support property, which means a separate support of a probability, and relates it with the advantage of GANs.  It is theoretically shown that, unlike other popular models, GANs do not suffer from the decrease of generalization performance caused by the disconnected support property.  We rigorously quantify the generalization performance of GANs of a given architecture, and compare it with the performance of the other models. Based on the theory, we also provide a guideline for selecting deep network architecture for GANs.  We demonstrate some numerical examples which support our results.",None
https://openreview.net/forum?id=H1lGHsA9KX,A Resizable Mini-batch Gradient Descent based on a Multi-Armed Bandit,Batch size; Optimization; Mini-batch gradient descent; Multi-armed bandit,An optimization algorithm that explores various batch sizes based on probability and automatically exploits successful batch size which minimizes validation loss.,"Determining the appropriate batch size for mini-batch gradient descent is always time consuming as it often relies on grid search. This paper considers a resizable mini-batch gradient descent (RMGD) algorithm based on a multi-armed bandit that achieves performance equivalent to that of best fixed batch-size. At each epoch, the RMGD samples a batch size according to a certain probability distribution proportional to a batch being successful in reducing the loss function. Sampling from this probability provides a mechanism for exploring different batch size and exploiting batch sizes with history of success.  After obtaining the validation loss at each epoch with the sampled batch size, the probability distribution is updated to incorporate the effectiveness of the sampled batch size. Experimental results show that the RMGD achieves performance better than the best performing single batch size. It is surprising that the RMGD achieves better performance than grid search. Furthermore, it attains this performance in a shorter amount of time than grid search.",None
https://openreview.net/forum?id=SyxHKjAcYX,Zero-Resource Multilingual Model Transfer: Learning What to Share,cross-lingual transfer learning; multilingual transfer learning; zero-resource model transfer; adversarial training; mixture of experts; multilingual natural language understanding,A zero-resource multilingual transfer learning model that requires neither target language training data nor cross-lingual resources.,"Modern natural language processing and understanding applications have enjoyed a great boost utilizing neural networks models. However, this is not the case for most languages especially low-resource ones with insufficient annotated training data. Cross-lingual transfer learning methods improve the performance on a low-resource target language by leveraging labeled data from other (source) languages, typically with the help of cross-lingual resources such as parallel corpora. In this work, we propose a zero-resource multilingual transfer learning model that can utilize training data in multiple source languages, while not requiring target language training data nor cross-lingual supervision. Unlike most existing methods that only rely on language-invariant features for cross-lingual transfer, our approach utilizes both language-invariant and language-specific features in a coherent way. Our model leverages adversarial networks to learn language-invariant features and mixture-of-experts models to dynamically exploit the relation between the target language and each individual source language. This enables our model to learn effectively what to share between various languages in the multilingual setup. It results in significant performance gains over prior art, as shown in an extensive set of experiments over multiple text classification and sequence tagging tasks including a large-scale real-world industry dataset.",None
https://openreview.net/forum?id=rket4i0qtX,"The meaning of ""most"" for visual question answering models",quantifier; evaluation methodology; psycholinguistics; visual question answering,Psychology-inspired evaluation of quantifier understanding for visual question answering models,"The correct interpretation of quantifier statements in the context of a visual scene requires non-trivial inference mechanisms. For the example of ""most"", we discuss two strategies which rely on fundamentally different cognitive concepts. Our aim is to identify what strategy deep learning models for visual question answering learn when trained on such questions. To this end, we carefully design data to replicate experiments from psycholinguistics where the same question was investigated for humans. Focusing on the FiLM visual question answering model, our experiments indicate that a form of approximate number system emerges whose performance declines with more difficult scenes as predicted by Weber's law. Moreover, we identify confounding factors, like spatial arrangement of the scene, which impede the effectiveness of this system.",None
https://openreview.net/forum?id=Syzn9i05Ym,Learning Neural Random Fields with Inclusive Auxiliary Generators,Neural random fields; Deep generative models; Unsupervised learning; Semi-supervised learning,We develop a new approach to learning neural random fields and show that the new approach obtains state-of-the-art sample generation quality and achieves strong semi-supervised learning results on par with state-of-the-art deep generative models.,"Neural random fields (NRFs), which are defined by using neural networks to implement potential functions in undirected models, provide an interesting family of model spaces for machine learning. In this paper we develop a new approach to learning NRFs with inclusive-divergence minimized auxiliary generator - the inclusive-NRF approach, for continuous data (e.g. images), with solid theoretical examination on exploiting gradient information in model sampling. We show that inclusive-NRFs can be flexibly used in unsupervised/supervised image generation and semi-supervised classification, and empirically to the best of our knowledge, represent the best-performed random fields in these tasks. Particularly, inclusive-NRFs achieve state-of-the-art sample generation quality on CIFAR-10 in both unsupervised and supervised settings. Semi-supervised inclusive-NRFs show strong classification results on par with state-of-the-art generative model based semi-supervised learning methods, and simultaneously achieve superior generation, on the widely benchmarked datasets - MNIST, SVHN and CIFAR-10.",None
https://openreview.net/forum?id=BkMXkhA5Fm,Learning State Representations in Complex Systems with Multimodal Data,deep learning; representation learning; state representation; disentangled representation; dataset; autonomous system; temporal multimodal data,"Multimodal synthetic dataset, collected from X-plane flight simulator, used for learning state representation and unified evaluation framework for representation learning","Representation learning becomes especially important for complex systems with multimodal data sources such as cameras or sensors. Recent advances in reinforcement learning and optimal control make it possible to design control algorithms on these latent representations, but the field still lacks a large-scale standard dataset for unified comparison. In this work, we present a large-scale dataset and evaluation framework for representation learning for the complex task of landing an airplane. We implement and compare several approaches to representation learning on this dataset in terms of the quality of simple supervised learning tasks and disentanglement scores. The resulting representations can be used for further tasks such as anomaly detection, optimal control, model-based reinforcement learning, and other applications.",None
https://openreview.net/forum?id=SyxMWh09KX,Attentive Task-Agnostic Meta-Learning for Few-Shot Text Classification,meta-learning; learning to learn; few-shot learning,Meta-learning task-agnostic representations with attention.,"Current deep learning based text classification methods are limited by their ability to achieve fast learning and generalization when the data is scarce. We address this problem by integrating a meta-learning procedure that uses the knowledge learned across many tasks as an inductive bias towards better natural language understanding. Inspired by the Model-Agnostic Meta-Learning framework (MAML), we introduce the Attentive Task-Agnostic Meta-Learning (ATAML) algorithm for text classification. The proposed ATAML is designed to encourage task-agnostic representation learning by way of task-agnostic parameterization and facilitate task-specific adaptation via attention mechanisms. We provide evidence to show that the attention mechanism in ATAML has a synergistic effect on learning performance. Our experimental results reveal that, for few-shot text classification tasks, gradient-based meta-learning approaches ourperform popular transfer learning methods. In comparisons with models trained from random initialization, pretrained models and meta trained MAML, our proposed ATAML method generalizes better on single-label and multi-label classification tasks in miniRCV1 and miniReuters-21578 datasets.",None
https://openreview.net/forum?id=SkelJnRqt7,Neural separation of observed and unobserved distributions,source separation; non-adversarial training; source unmixing; iterative neural training; generative modeling,An iterative neural method for extracting signals that are only observed mixed with other signals,"Separating mixed distributions is a long standing challenge for machine learning and signal processing. Applications include: single-channel multi-speaker separation (cocktail party problem), singing voice separation and separating reflections from images. Most current methods either rely on making strong assumptions on the source distributions (e.g. sparsity, low rank, repetitiveness) or rely on having training samples of each source in the mixture. In this work, we tackle the scenario of extracting an unobserved distribution additively mixed with a signal from an observed (arbitrary) distribution. We introduce a new method: Neural Egg Separation - an iterative method that learns to separate the known distribution from progressively finer estimates of the unknown distribution. In some settings, Neural Egg Separation is initialization sensitive, we therefore introduce GLO Masking which ensures a good initialization. Extensive experiments show that our method outperforms current methods that use the same level of supervision and often achieves similar performance to full supervision.",None
https://openreview.net/forum?id=SkGT6sRcFX,Infinitely Deep Infinite-Width Networks,Infinite-width networks; initialisation; kernel methods; reproducing kernel Hilbert spaces; Gaussian processes,"We propose a method for the construction of arbitrarily deep infinite-width networks, based on which we derive a novel weight initialisation scheme for finite-width networks and demonstrate its competitive performance.","Infinite-width neural networks have been extensively used to study the theoretical properties underlying the extraordinary empirical success of standard, finite-width neural networks. Nevertheless, until now, infinite-width networks have been limited to at most two hidden layers. To address this shortcoming, we study the initialisation requirements of these networks and show that the main challenge for constructing them is defining the appropriate sampling distributions for the weights. Based on these observations, we propose a principled approach to weight initialisation that correctly accounts for the functional nature of the hidden layer activations and facilitates the construction of arbitrarily many infinite-width layers, thus enabling the construction of arbitrarily deep infinite-width networks. The main idea of our approach is to iteratively reparametrise the hidden-layer activations into appropriately defined reproducing kernel Hilbert spaces and use the canonical way of constructing probability distributions over these spaces for specifying the required weight distributions in a principled way. Furthermore, we examine the practical implications of this construction for standard, finite-width networks. In particular, we derive a novel weight initialisation scheme for standard, finite-width networks that takes into account the structure of the data and information about the task at hand. We demonstrate the effectiveness of this weight initialisation approach on the MNIST, CIFAR-10 and Year Prediction MSD datasets.",None
https://openreview.net/forum?id=HJl0jiRqtX,EDDI: Efficient Dynamic Discovery of High-Value Information with Partial VAE,active variable selection; missing data; amortized inference,None,"Making decisions requires information relevant to the task at hand. Many real-life decision-making situations allow acquiring further relevant information at a specific cost. For example, in assessing the health status of a patient we may decide to take additional measurements such as diagnostic tests or imaging scans before making a final assessment. More information that is relevant allows for better decisions but it may be costly to acquire all of this information.  How can we trade off the desire to make good decisions with the option to acquire further information at a cost? To this end, we propose a principled framework, named EDDI (Efficient Dynamic Discovery of high-value Information), based on the theory of Bayesian experimental design. In EDDI we propose a novel partial variational autoencoder (Partial VAE), to efficiently handle missing data over varying subsets of known information. EDDI combines this Partial VAE with an acquisition function that maximizes expected information gain on a set of target variables. EDDI is efficient and demonstrates that dynamic discovery of high-value information is possible; we show cost reduction at the same decision quality and improved decision quality at the same cost in benchmarks and in two health-care applications.. We believe there is great potential for realizing these gains in real-world decision support systems.",None
https://openreview.net/forum?id=rJlRKjActQ,Manifold Mixup: Learning Better Representations by Interpolating Hidden States,Regularizer; Supervised Learning; Semi-supervised Learning; Better representation learning; Deep Neural Networks.,"A method for learning better representations, that acts as a regularizer and despite its no significant additional computation cost , achieves improvements over strong baselines on Supervised and Semi-supervised Learning tasks.","Deep networks often perform well on the data distribution on which they are trained, yet give incorrect (and often very confident) answers when evaluated on points from off of the training distribution. This is exemplified by the adversarial examples phenomenon but can also be seen in terms of model generalization and domain shift.  Ideally, a model would assign lower confidence to points unlike those from the training distribution.  We propose a regularizer which addresses this issue by training with interpolated hidden states and encouraging the classifier to be less confident at these points.  Because the hidden states are learned, this has an important effect of encouraging the hidden states for a class to be concentrated in such a way so that interpolations within the same class or between two different classes do not intersect with the real data points from other classes.  This has a major advantage in that it avoids the underfitting which can result from interpolating in the input space.  We prove that the exact condition for this problem of underfitting to be avoided by Manifold Mixup is that the dimensionality of the hidden states exceeds the number of classes, which is often the case in practice.  Additionally, this concentration can be seen as making the features in earlier layers more discriminative.  We show that despite requiring no significant additional computation, Manifold Mixup achieves large improvements over strong baselines in supervised learning, robustness to single-step adversarial attacks, semi-supervised learning, and Negative Log-Likelihood on held out samples.",None
https://openreview.net/forum?id=SygONjRqKm,Amortized Context Vector Inference for Sequence-to-Sequence Networks,neural attention; sequence-to-sequence; variational inference,A generalisation of context representation in neural attention under the variational inference rationale.,"Neural attention (NA) has become a key component of sequence-to-sequence models that yield state-of-the-art performance in as hard tasks as abstractive document summarization (ADS), machine translation (MT), and video captioning (VC). NA mechanisms perform inference of context vectors; these constitute weighted sums of deterministic input sequence encodings, adaptively sourced over long temporal horizons. Inspired from recent work in the field of amortized variational inference (AVI), in this work we consider treating the context vectors generated by soft-attention (SA) models as latent variables, with approximate finite mixture model posteriors inferred via AVI. We posit that this formulation may yield stronger generalization capacity, in line with the outcomes of existing applications of AVI to deep networks. To illustrate our method, we implement it and experimentally evaluate it considering challenging ADS, VC, and MT benchmarks. This way, we exhibit its improved effectiveness over state-of-the-art alternatives.",None
https://openreview.net/forum?id=Sye7qoC5FQ,Adversarial Attacks on Node Embeddings,node embeddings; adversarial attacks,Adversarial attacks on unsupervised node embeddings based on eigenvalue perturbation theory.,"The goal of network representation learning is to learn low-dimensional node embeddings that capture the graph structure and are useful for solving downstream tasks. However, despite the proliferation of such methods there is currently no study of their robustness to adversarial attacks. We provide the first adversarial vulnerability analysis on the widely used family of methods based on random walks. We derive efficient adversarial perturbations that poison the network structure and have a negative effect on both the quality of the embeddings and the downstream tasks. We further show that our attacks are transferable since they generalize to many models, and are successful even when the attacker is restricted.",None
https://openreview.net/forum?id=H1ziPjC5Fm,Visual Explanation by Interpretation: Improving Visual Feedback Capabilities of Deep Neural Networks,model explanation; model interpretation; explainable ai; evaluation,Interpretation by Identifying model-learned features that serve as indicators for the task of interest. Explain model decisions by highlighting the response of these features in test data. Evaluate explanations objectively with a controlled dataset.,"Visual Interpretation and explanation of deep models is critical towards wide adoption of systems that rely on them. In this paper, we propose a novel scheme for both interpretation as well as explanation in which, given a pretrained model, we automatically identify internal features relevant for the set of classes considered by the model, without relying on additional annotations. We interpret the model through average visualizations of this reduced set of features. Then, at test time, we explain the network prediction by accompanying the predicted class label with supporting visualizations derived from the identified features. In addition, we propose a method to address the artifacts introduced by strided operations in deconvNet-based visualizations. Moreover, we introduce an8Flower , a dataset specifically designed for objective quantitative evaluation of methods for visual explanation. Experiments on the MNIST , ILSVRC 12, Fashion 144k and an8Flower datasets show that our method produces detailed explanations with good coverage of relevant features of the classes of interest.",None
https://openreview.net/forum?id=HyEl3o05Fm,Stochastic Adversarial Video Prediction,video prediction; GANs; variational autoencoder,None,"Being able to predict what may happen in the future requires an in-depth understanding of the physical and causal rules that govern the world. A model that is able to do so has a number of appealing applications, from robotic planning to representation learning. However, learning to predict raw future observations, such as frames in a video, is exceedingly challenging—the ambiguous nature of the problem can cause a naively designed model to average together possible futures into a single, blurry prediction. Recently, this has been addressed by two distinct approaches: (a) latent variational variable models that explicitly model underlying stochasticity and (b) adversarially-trained models that aim to produce naturalistic images. However, a standard latent variable model can struggle to produce realistic results, and a standard adversarially-trained model underutilizes latent variables and fails to produce diverse predictions. We show that these distinct methods are in fact complementary. Combining the two produces predictions that look more realistic to human raters and better cover the range of possible futures. Our method outperforms prior works in these aspects.",None
https://openreview.net/forum?id=HJeKCi0qYX,MILE: A Multi-Level Framework for Scalable Graph Embedding,Network Embedding; Graph Convolutional Networks; Deep Learning,A generic framework to scale existing graph embedding techniques to large graphs.,"Recently there has been a surge of interest in designing graph embedding methods. Few, if any, can scale to a large-sized graph with millions of nodes due to both computational complexity and memory requirements. In this paper, we relax this limitation by introducing the MultI-Level Embedding (MILE) framework – a generic methodology allowing contemporary graph embedding methods to scale to large graphs. MILE repeatedly coarsens the graph into smaller ones using a hybrid matching technique to maintain the backbone structure of the graph. It then applies existing embedding methods on the coarsest graph and refines the embeddings to the original graph through a novel graph convolution neural network that it learns. The proposed MILE framework is agnostic to the underlying graph embedding techniques and can be applied to many existing graph embedding methods without modifying them. We employ our framework on several popular graph embedding techniques and conduct embedding for real-world graphs. Experimental results on five large-scale datasets demonstrate that MILE significantly boosts the speed (order of magnitude) of graph embedding while also often generating embeddings of better quality for the task of node classification. MILE can comfortably scale to a graph with 9 million nodes and 40 million edges, on which existing methods run out of memory or take too long to compute on a modern workstation.",None
https://openreview.net/forum?id=Hyg74h05tX,Flow++: Improving Flow-Based Generative Models  with  Variational Dequantization and Architecture Design  ,Deep Generative Models; Normalizing Flows; RealNVP; Density Estimation,Improved training of current flow-based generative models (Glow and RealNVP) on density estimation benchmarks,"Flow-based generative models are powerful exact likelihood models with efficient sampling and inference. 
Despite their computational efficiency, flow-based models generally have much worse density modeling performance compared to state-of-the-art autoregressive models. In this paper, we investigate and improve upon three limiting design choices employed by flow-based models in prior work: the use of uniform noise for dequantization, the use of inexpressive affine flows, and the use of purely convolutional conditioning networks in coupling layers. Based on our findings, we propose Flow++, a new flow-based model that is now the state-of-the-art non-autoregressive model for unconditional density estimation on standard image benchmarks. Our work has begun to close the significant performance gap that has so far existed between autoregressive models and flow-based models.",None
https://openreview.net/forum?id=ByxmXnA9FQ,A Variational Dirichlet Framework for Out-of-Distribution Detection,out-of-distribution detection; variational inference; Dirichlet distribution; deep learning; uncertainty measure,A new framework based variational inference for out-of-distribution detection,"With the recently rapid development in deep learning, deep neural networks have been widely adopted in many real-life applications. However, deep neural networks are also known to have very little control over its uncertainty for test examples, which potentially causes very harmful and annoying consequences in practical scenarios. In this paper, we are particularly interested in designing a higher-order uncertainty metric for deep neural networks and investigate its performance on the out-of-distribution detection task proposed by~\cite{hendrycks2016baseline}. Our method first assumes there exists a underlying higher-order distribution $\mathcal{P}(z)$, which generated label-wise distribution $\mathcal{P}(y)$ over classes on the K-dimension simplex, and then approximate such higher-order distribution via parameterized posterior function $p_{\theta}(z|x)$ under variational inference framework, finally we use the entropy of learned posterior distribution $p_{\theta}(z|x)$ as uncertainty measure to detect out-of-distribution examples. However, we identify the overwhelming over-concentration issue in such a framework, which greatly hinders the detection performance. Therefore, we further design a log-smoothing function to alleviate such issue to greatly increase the robustness of the proposed entropy-based uncertainty measure. Through comprehensive experiments on various datasets and architectures, our proposed variational Dirichlet framework with entropy-based uncertainty measure is consistently observed to yield significant improvements over many baseline systems.",None
https://openreview.net/forum?id=SyMWn05F7,Learning Exploration Policies for Navigation,Exploration; navigation; reinforcement learning,None,"Numerous past works have tackled the problem of task-driven navigation. But, how to effectively explore a new environment to enable a variety of down-stream tasks has received much less attention. In this work, we study how agents can autonomously explore realistic and complex 3D environments without the context of task-rewards. We propose a learning-based approach and investigate different policy architectures, reward functions, and training paradigms. We find that use of policies with spatial memory that are bootstrapped with imitation learning and finally finetuned with coverage rewards derived purely from on-board sensors can be effective at exploring novel environments. We show that our learned exploration policies can explore better than classical approaches based on geometry alone and generic learning-based exploration techniques. Finally, we also show how such task-agnostic exploration can be used for down-stream tasks. Videos are available at https://sites.google.com/view/exploration-for-nav/.",None
https://openreview.net/forum?id=Sygx4305KQ,Small steps and giant leaps: Minimal Newton solvers for Deep Learning,deep learning,A fast second-order solver for deep learning that works on ImageNet-scale problems with no hyper-parameter tuning,"We propose a fast second-order method that can be used as a drop-in replacement for current deep learning solvers. Compared to stochastic gradient descent (SGD), it only requires two additional forward-mode automatic differentiation operations per iteration, which has a computational cost comparable to two standard forward passes and is easy to implement. Our method addresses long-standing issues with current second-order solvers, which invert an approximate Hessian matrix every iteration exactly or by conjugate-gradient methods, procedures that are much slower than a SGD step. Instead, we propose to keep a single estimate of the gradient projected by the inverse Hessian matrix, and update it once per iteration with just two passes over the network. This estimate has the same size and is similar to the momentum variable that is commonly used in SGD. No estimate of the Hessian is maintained.
We first validate our method, called CurveBall, on small problems with known solutions (noisy Rosenbrock function and degenerate 2-layer linear networks), where current deep learning solvers struggle. We then train several large models on CIFAR and ImageNet, including ResNet and VGG-f networks, where we demonstrate faster convergence with no hyperparameter tuning. We also show our optimiser's generality by testing on a large set of randomly-generated architectures.",None
https://openreview.net/forum?id=BJeem3C9F7,Pix2Scene: Learning Implicit 3D Representations from Images,Representation learning; generative model; adversarial learning; implicit 3D generation; scene generation,pix2scene: a deep generative based approach for implicitly modelling the geometrical properties of a 3D scene from images,"Modelling 3D scenes from 2D images is a long-standing problem in computer vision with implications in, e.g., simulation and robotics. We propose pix2scene, a deep generative-based approach that implicitly models the geometric properties of a scene from images. Our method learns the depth and orientation of scene points visible in images. Our model can then predict the structure of a scene from various, previously unseen view points. It relies on a bi-directional adversarial learning mechanism to generate scene representations from a latent code, inferring the 3D representation of the underlying scene geometry. We showcase a novel differentiable renderer to train the 3D model in an end-to-end fashion, using only images. We demonstrate the generative ability of our model qualitatively on both a custom dataset and on ShapeNet. Finally, we evaluate the effectiveness of the learned 3D scene representation in supporting a 3D spatial reasoning.",None
https://openreview.net/forum?id=ryGDEjCcK7,CONTROLLING COVARIATE SHIFT USING EQUILIBRIUM NORMALIZATION OF WEIGHTS,normalization; optimization,An alternative normalization technique to batch normalization,"We introduce a new normalization technique that exhibits the fast convergence properties of batch normalization using a transformation of layer weights instead of layer outputs. The proposed technique keeps the contribution of positive and negative weights to the layer output in equilibrium. We validate our method on a set of standard benchmarks including CIFAR-10/100, SVHN and ILSVRC 2012 ImageNet.",None
https://openreview.net/forum?id=r1fE3sAcYQ,Overcoming Multi-model Forgetting,multi-model forgetting; deep learning; machine learning; multi-model training; neural architecture search,"We identify a phenomenon, neural brainwashing, and introduce a statistically-justified weight plasticity loss to overcome this.","We identify a phenomenon, which we refer to as *multi-model forgetting*, that occurs when sequentially training multiple deep networks with partially-shared parameters; the performance of previously-trained models degrades as one optimizes a subsequent one, due to the overwriting of shared parameters. To overcome this, we introduce a statistically-justified weight plasticity loss that regularizes the learning of a model's shared parameters according to their importance for the previous models, and demonstrate its effectiveness when training two models sequentially and for neural architecture search. Adding weight plasticity in neural architecture search preserves the best models to the end of the search and yields improved results in both natural language processing and computer vision tasks.",None
https://openreview.net/forum?id=HkgxasA5Ym,Reliable Uncertainty Estimates in Deep Neural Networks using Noise Contrastive Priors,uncertainty estimates; out of distribution; bayesian neural network; neural network priors; regression; active learning,We train neural networks to be uncertain on noisy inputs to avoid overconfident predictions outside of the training distribution.,"Obtaining reliable uncertainty estimates of neural network predictions is a long standing challenge. Bayesian neural networks have been proposed as a solution, but it remains open how to specify their prior. In particular, the common practice of a standard normal prior in weight space imposes only weak regularities, causing the function posterior to possibly generalize in unforeseen ways on inputs outside of the training distribution. We propose noise contrastive priors (NCPs) to obtain reliable uncertainty estimates. The key idea is to train the model to output high uncertainty for data points outside of the training distribution. NCPs do so using an input prior, which adds noise to the inputs of the current mini batch, and an output prior, which is a wide distribution given these inputs. NCPs are compatible with any model that can output uncertainty estimates, are easy to scale, and yield reliable uncertainty estimates throughout training. Empirically, we show that NCPs prevent overfitting outside of the training distribution and result in uncertainty estimates that are useful for active learning. We demonstrate the scalability of our method on the flight delays data set, where we significantly improve upon previously published results.",None
https://openreview.net/forum?id=SyezvsC5tX,The loss landscape of overparameterized neural networks,None,None,"We explore some mathematical features of the loss landscape of overparameterized neural networks.  A priori one might imagine that the loss function looks like a typical function from $\mathbb{R}^n$ to $\mathbb{R}$ - in particular, nonconvex, with discrete global minima.  In this paper, we prove that in at least one important way, the loss function of an overparameterized neural network does not look like a typical function.  If a neural net has $n$ parameters and is trained on $d$ data points, with $n>d$, we show that the locus $M$ of global minima of $L$ is usually not discrete, but rather an $n-d$ dimensional submanifold of $\mathbb{R}^n$.  In practice, neural nets commonly have orders of magnitude more parameters than data points, so this observation implies that $M$ is typically a very high-dimensional subset of $\mathbb{R}^n$.",None
https://openreview.net/forum?id=rJg4J3CqFm,Learning Embeddings into Entropic Wasserstein Spaces,Embedding; Wasserstein; Sinkhorn; Optimal Transport,We show that Wasserstein spaces are good targets for embedding data with complex semantic structure.,"Despite their prevalence, Euclidean embeddings of data are fundamentally limited in their ability to capture latent semantic structures, which need not conform to Euclidean spatial assumptions. Here we consider an alternative, which embeds data as discrete probability distributions in a Wasserstein space, endowed with an optimal transport metric. Wasserstein spaces are much larger and more flexible than Euclidean spaces, in that they can successfully embed a wider variety of metric structures. We propose to exploit this flexibility by learning an embedding that captures the semantic information in the Wasserstein distance between embedded distributions. We examine empirically the representational capacity of such learned Wasserstein embeddings, showing that they can embed a wide variety of complex metric structures with smaller distortion than an equivalent Euclidean embedding. We also investigate an application to word embedding, demonstrating a unique advantage of Wasserstein embeddings: we can directly visualize the high-dimensional embedding, as it is a probability distribution on a low-dimensional space. This obviates the need for dimensionality reduction techniques such as t-SNE for visualization.",None
https://openreview.net/forum?id=HkzNXhC9KQ,Adaptive Sample-space & Adaptive Probability coding: a neural-network based approach for compression,Data compression; Image compression; Deep Learning; Convolutional neural networks,None,"We propose Adaptive Sample-space & Adaptive Probability (ASAP) coding, an efficient neural-network based method for lossy data compression.
Our ASAP coding distinguishes itself from the conventional method based on adaptive arithmetic coding in that it models the probability distribution for the quantization process in such a way that one can conduct back-propagation for the quantization width that determines the support of the distribution. 
Our ASAP also trains the model with a novel, hyper-parameter free multiplicative loss for the rate-distortion tradeoff.  
With our ASAP encoder, we are able to compress the image files in the Kodak dataset to as low as one fifth the size of the JPEG-compressed image without compromising their visual quality, and achieved the state-of-the-art result in terms of MS-SSIM based rate-distortion tradeoff.",None
https://openreview.net/forum?id=Bkg3g2R9FX,Adaptive Gradient Methods with Dynamic Bound of Learning Rate,Optimization; SGD; Adam; Generalization,Novel variants of optimization methods that combine the benefits of both adaptive and non-adaptive methods.,"Adaptive optimization methods such as AdaGrad, RMSprop and Adam have been proposed to achieve a rapid training process with an element-wise scaling term on learning rates. Though prevailing, they are observed to generalize poorly compared with SGD or even fail to converge due to unstable and extreme learning rates. Recent work has put forward some algorithms such as AMSGrad to tackle this issue but they failed to achieve considerable improvement over existing methods. In our paper, we demonstrate that extreme learning rates can lead to poor performance. We provide new variants of Adam and AMSGrad, called AdaBound and AMSBound respectively, which employ dynamic bounds on learning rates to achieve a gradual and smooth transition from adaptive methods to SGD and give a theoretical proof of convergence. We further conduct experiments on various popular tasks and models, which is often insufficient in previous work. Experimental results show that new variants can eliminate the generalization gap between adaptive methods and SGD and maintain higher learning speed early in training at the same time. Moreover, they can bring significant improvement over their prototypes, especially on complex deep networks. The implementation of the algorithm can be found at https://github.com/Luolc/AdaBound .",None
https://openreview.net/forum?id=rJx_b3RqY7,AIM: Adversarial Inference by Matching Priors and Conditionals,Generative adversarial network; inference; generative model,None,"Effective inference for a generative adversarial model remains an important and challenging problem. We propose a novel approach, Adversarial Inference by Matching priors and conditionals (AIM), which explicitly matches prior and conditional distributions in both data and code spaces, and puts a direct constraint on the dependency structure of the generative model. We derive an equivalent form of the prior and conditional matching objective that can be optimized efficiently without any parametric assumption on the data. We validate the effectiveness of AIM on the MNIST, CIFAR-10, and CelebA datasets by conducting quantitative and qualitative evaluations. Results demonstrate that AIM significantly improves both reconstruction and generation as compared to other adversarial inference models.",None
https://openreview.net/forum?id=BkN5UoAqF7,Sample Efficient Imitation Learning for Continuous Control,Imitation Learning; Continuous Control; Reinforcement Learning; Inverse Reinforcement Learning; Conditional Generative Adversarial Network,"In this paper, we proposed a model-free, off-policy IL algorithm for continuous control. Experimental results showed that our algorithm achieves competitive results with GAIL while significantly reducing the environment interactions.","The goal of imitation learning (IL) is to enable a learner to imitate expert behavior given expert demonstrations. Recently, generative adversarial imitation learning (GAIL) has shown significant progress on IL for complex continuous tasks. However, GAIL and its extensions require a large number of environment interactions during training. In real-world environments, the more an IL method requires the learner to interact with the environment for better imitation, the more training time it requires, and the more damage it causes to the environments and the learner itself. We believe that IL algorithms could be more applicable to real-world problems if the number of interactions could be reduced. 
In this paper, we propose a model-free IL algorithm for continuous control. Our algorithm is made up mainly three changes to the existing adversarial imitation learning (AIL) methods – (a) adopting off-policy actor-critic (Off-PAC) algorithm to optimize the learner policy, (b) estimating the state-action value using off-policy samples without learning reward functions, and (c) representing the stochastic policy function so that its outputs are bounded. Experimental results show that our algorithm achieves competitive results with GAIL while significantly reducing the environment interactions.",None
https://openreview.net/forum?id=ryfcCo0ctQ,Convergent Reinforcement Learning with Function Approximation: A Bilevel Optimization Perspective,reinforcement learning; Deep Q-networks; actor-critic algorithm; ODE approximation,None,"We study reinforcement learning algorithms with nonlinear function approximation in the online setting. By formulating both the problems of value function estimation and policy learning as bilevel optimization problems, we propose online Q-learning and actor-critic algorithms for these two problems respectively.   Our algorithms are gradient-based methods and thus are computationally efficient. Moreover, by approximating the iterates using differential equations,   we establish convergence guarantees for the proposed algorithms. Thorough numerical experiments are conducted to back up our theory.",None
https://openreview.net/forum?id=B1MXz20cYQ,Explaining Image Classifiers by Counterfactual Generation,Explainability; Interpretability; Generative Models; Saliency Map; Machine Learning; Deep Learning,"We compute saliency by using a strong generative model to efficiently marginalize over plausible alternative inputs, revealing concentrated pixel areas that preserve label information.","When an image classifier makes a prediction, which parts of the image are relevant and why? We can rephrase this question to ask: which parts of the image, if they were not seen by the classifier, would most change its decision? Producing an answer requires marginalizing over images that could have been seen but weren't. We can sample plausible image in-fills by conditioning a generative model on the rest of the image. We then optimize to find the image regions that most change the classifier's decision after in-fill. Our approach contrasts with ad-hoc in-filling approaches, such as blurring or injecting noise, which generate inputs far from the data distribution, and ignore informative relationships between different parts of the image. Our method produces more compact and relevant saliency maps, with fewer artifacts compared to previous methods.",None
https://openreview.net/forum?id=B1G5ViAqFm,Convolutional Neural Networks on Non-uniform Geometrical Signals Using Euclidean Spectral Transformation,Non-uniform Fourier Transform; 3D Learning; CNN; surface reconstruction,"We use non-Euclidean Fourier Transformation of shapes defined by a simplicial complex for deep learning, achieving significantly better results than point-based sampling techiques used in current 3D learning literature.","Convolutional Neural Networks (CNN) have been successful in processing data signals that are uniformly sampled in the spatial domain (e.g., images). However, most data signals do not natively exist on a grid, and in the process of being sampled onto a uniform physical grid suffer significant aliasing error and information loss. Moreover, signals can exist in different topological structures as, for example, points, lines, surfaces and volumes. It has been challenging to analyze signals with mixed topologies (for example, point cloud with surface mesh). To this end, we develop mathematical formulations for Non-Uniform Fourier Transforms (NUFT) to directly, and optimally, sample nonuniform data signals of different topologies defined on a simplex mesh into the spectral domain with no spatial sampling error. The spectral transform is performed in the Euclidean space, which removes the translation ambiguity from works on the graph spectrum. Our representation has four distinct advantages: (1) the process causes no spatial sampling error during initial sampling, (2) the generality of this approach provides a unified framework for using CNNs to analyze signals of mixed topologies, (3) it allows us to leverage state-of-the-art backbone CNN architectures for effective learning without having to design a particular architecture for a particular data structure in an ad-hoc fashion, and (4) the representation allows weighted meshes where each element has a different weight (i.e., texture) indicating local properties. We achieve good results on-par with state-of-the-art for 3D shape retrieval task, and new state-of-the-art for point cloud to surface reconstruction task.",None
https://openreview.net/forum?id=rygvZ2RcYm,Knowledge Representation for Reinforcement Learning using General Value Functions,Reinforcement Learning; General Value Functions; Policy Gradient; Hierarchical Reinforcement Learning; Successor Features,None,"Reinforcement learning (RL) is a very powerful approach for learning good control strategies from data. Value functions are a key concept for reinforcement learning, as they guide the search for good policies. A lot of effort has been devoted to designing and improving algorithms for learning value functions. In this paper, we argue that value functions are also a very natural way of providing a framework for knowledge representation for reinforcement learning agents. We show that generalized value functions provide a unifying lens for many algorithms, including policy gradient, successor features, option models and policies, and other forms of hierarchical reinforcement learning. We also demonstrate the potential of this representation to provide new, useful algorithms.",None
https://openreview.net/forum?id=HkGTwjCctm,Pyramid Recurrent Neural Networks for Multi-Scale Change-Point Detection,changepoint detection; multivariate time series data; multiscale RNN,We introduce a scale-invariant neural network architecture for changepoint detection in multivariate time series.,"Many real-world time series, such as in activity recognition, finance, or climate science, have changepoints where the system's structure or parameters change. Detecting changes is important as they may indicate critical events. However, existing methods for changepoint detection face challenges when (1) the patterns of change cannot be modeled using simple and predefined metrics, and (2) changes can occur gradually, at multiple time-scales. To address this, we show how changepoint detection can be treated as a supervised learning problem, and propose a new deep neural network architecture that can efficiently identify both abrupt and gradual changes at multiple scales. Our proposed method, pyramid recurrent neural network (PRNN), is designed to be scale-invariant, by incorporating wavelets and pyramid analysis techniques from multi-scale signal processing. Through experiments on synthetic and real-world datasets, we show that PRNN can detect abrupt and gradual changes with higher accuracy than the state of the art and can extrapolate to detect changepoints at novel timescales that have not been seen in training.",None
https://openreview.net/forum?id=BJgYl205tQ,Quality Evaluation of GANs Using Cross Local Intrinsic Dimensionality,Generative Adversarial Networks; Evaluation Metric; Local Intrinsic Dimensionality,We propose a new metric for evaluating GAN models.,"Generative Adversarial Networks (GANs) are an elegant mechanism for data generation.  However, a key challenge when using GANs is how to best measure their ability to generate realistic data. In this paper, we demonstrate that an intrinsic dimensional characterization of the data space learned by a GAN model leads to an effective evaluation metric for GAN quality.  In particular, we propose a new evaluation measure, CrossLID, that assesses the local intrinsic dimensionality (LID) of input data with respect to neighborhoods within GAN-generated samples.  In experiments on 3 benchmark image datasets, we compare our proposed measure to several state-of-the-art evaluation metrics. Our experiments show that CrossLID is strongly correlated with sample quality, is sensitive to mode collapse, is robust to small-scale noise and image transformations, and can be applied in a model-free  manner.  Furthermore, we show how CrossLID can be used within the GAN training process to improve generation quality.",None
https://openreview.net/forum?id=HylTXn0qYX,Efficiently testing local optimality and escaping saddles for ReLU networks,local optimality; second-order stationary point; escaping saddle points; nondifferentiability; ReLU; empirical risk,A theoretical algorithm for testing local optimality and extracting descent directions at nondifferentiable points of empirical risks of one-hidden-layer ReLU networks.,"We provide a theoretical algorithm for checking local optimality and escaping saddles at nondifferentiable points of empirical risks of two-layer ReLU networks. Our algorithm receives any parameter value and returns: local minimum, second-order stationary point, or a strict descent direction. The presence of M data points on the nondifferentiability of the ReLU divides the parameter space into at most 2^M regions, which makes analysis difficult. By exploiting polyhedral geometry, we reduce the total computation down to one convex quadratic program (QP) for each hidden node, O(M) (in)equality tests, and one (or a few) nonconvex QP. For the last QP, we show that our specific problem can be solved efficiently, in spite of nonconvexity. In the benign case, we solve one equality constrained QP, and we prove that projected gradient descent solves it exponentially fast. In the bad case, we have to solve a few more inequality constrained QPs, but we prove that the time complexity is exponential only in the number of inequality constraints. Our experiments show that either benign case or bad case with very few inequality constraints occurs, implying that our algorithm is efficient in most cases.",None
https://openreview.net/forum?id=ryfz73C9KQ,Neural Predictive Belief Representations,belief states; representation learning; contrastive predictive coding; reinforcement learning; predictive state representations; deep reinforcement learning,We investigate the quality of belief state representations of partially observable dynamic environments learned with modern neural architectures.,"Unsupervised representation learning has succeeded with excellent results in many applications. It is an especially powerful tool  to learn a good representation of environments with partial or noisy observations. In partially observable domains it is important for the representation to encode a belief state---a sufficient statistic of the observations seen so far. In this paper, we investigate whether it is possible to learn such a belief representation using modern neural architectures. Specifically, we focus on one-step frame prediction and two variants of contrastive predictive coding (CPC)  as the objective functions to learn the representations. To evaluate these learned representations, we test how well they can predict various pieces of information about the underlying state of the environment, e.g., position of the agent in a 3D maze. We show that all three methods are able to learn belief representations of the environment---they encode not only the state information, but also its uncertainty, a crucial aspect of belief states. We also find that for CPC multi-step predictions and action-conditioning are critical for accurate belief representations in visually complex environments. The ability of neural representations to capture the belief information has the potential to spur new advances for learning and planning in partially observable domains, where leveraging uncertainty is essential for optimal decision making.",None
https://openreview.net/forum?id=H1lC8o0cKX,Unsupervised Emergence of Spatial Structure from Sensorimotor Prediction,spatial perception; grounding; sensorimotor prediction; unsupervised learning; representation learning,A practical evaluation of hypotheses previously laid out about the unsupervised emergence of spatial representations from sensorimotor prediction.,"Despite its omnipresence in robotics application, the nature of spatial knowledge and the mechanisms that underlie its emergence in autonomous agents are still poorly understood. Recent theoretical work suggests that the concept of space can be grounded by capturing invariants induced by the structure of space in an agent's raw sensorimotor experience. Moreover, it is hypothesized that capturing these invariants is beneficial for a naive agent trying to predict its sensorimotor experience. Under certain exploratory conditions, spatial representations should thus emerge as a byproduct of learning to predict.
We propose a simple sensorimotor predictive scheme, apply it to different agents and types of exploration, and evaluate the pertinence of this hypothesis. We show that a naive agent can capture the topology and metric regularity of its spatial configuration without any a priori knowledge, nor extraneous supervision.",None
https://openreview.net/forum?id=HkElFj0qYQ,PPD: Permutation Phase Defense Against Adversarial Examples in Deep Learning,permutation phase defense; adversarial attacks; deep learning,Permutation phase defense is proposed as a novel method to guard against adversarial attacks in deep learning.,"Deep neural networks have demonstrated cutting edge performance on various tasks including classification. However, it is well known that adversarially designed imperceptible perturbation of the input can mislead advanced classifiers. In this paper, Permutation Phase Defense (PPD), is proposed as a novel method to resist adversarial attacks. PPD combines random permutation of the image with phase component of its Fourier transform. The basic idea behind this approach is to turn adversarial defense problems analogously into symmetric cryptography, which relies solely on safekeeping of the keys for security. In PPD, safe keeping of the selected permutation ensures effectiveness against adversarial attacks. Testing PPD on MNIST and CIFAR-10 datasets yielded state-of-the-art robustness against the most powerful adversarial attacks currently available.",None
https://openreview.net/forum?id=HJx7l309Fm,Actor-Attention-Critic for Multi-Agent Reinforcement Learning,multi-agent; reinforcement learning; attention; actor-critic,We propose an approach to learn decentralized policies in multi-agent settings using attention-based critics and demonstrate promising results in environments with complex interactions.,"Reinforcement learning in multi-agent scenarios is important for real-world applications but presents challenges beyond those seen in single-agent settings. We present an actor-critic algorithm that trains decentralized policies in multi-agent settings, using centrally computed critics that share an attention mechanism which selects relevant information for each agent at every timestep. This attention mechanism enables more effective and scalable learning in complex multi-agent environments, when compared to recent approaches. Our approach is applicable not only to cooperative settings with shared rewards, but also individualized reward settings, including adversarial settings, and it makes no assumptions about the action spaces of the agents. As such, it is flexible enough to be applied to most multi-agent learning problems",None
https://openreview.net/forum?id=HyMRUiC9YX,Exploring and Enhancing the Transferability of Adversarial Examples,Deep learning; Adversarial example; Transferability; Smoothed gradient,None,"State-of-the-art deep neural networks are vulnerable to adversarial examples, formed by applying small but malicious perturbations to the original inputs. Moreover, the perturbations can \textit{transfer across models}: adversarial examples generated for a specific model will often mislead other unseen models. Consequently the adversary can leverage it to attack deployed systems without any query, which severely hinders the application of deep learning, especially in the safety-critical areas. In this work, we empirically study how two classes of factors those might influence the transferability of adversarial examples.  One is about model-specific factors, including network architecture, model capacity and test accuracy. The other is the local smoothness of loss surface for constructing adversarial examples.  Inspired by  these understandings on the transferability of adversarial examples,  we then propose a simple but effective strategy  to enhance the transferability, whose effectiveness is confirmed by a variety of experiments on both  CIFAR-10 and ImageNet datasets.",None
https://openreview.net/forum?id=H1e0-30qKm,Unlabeled Disentangling of GANs with Guided Siamese Networks,GAN; disentange; siamese networks; semantic,We use Siamese Networks to guide and disentangle the generation process in GANs without labeled data.,"Disentangling underlying generative factors of a data distribution is important for interpretability and generalizable representations. In this paper,  we introduce two novel disentangling methods. Our first method, Unlabeled Disentangling GAN (UD-GAN, unsupervised), decomposes the latent noise by generating similar/dissimilar image pairs and it learns a distance metric on these pairs with siamese networks and a contrastive loss. This pairwise approach provides consistent representations for similar data points. Our second method (UD-GAN-G, weakly supervised) modifies the UD-GAN with user-defined guidance functions, which restrict the information that goes into the siamese networks. This constraint helps UD-GAN-G to focus on the desired semantic variations in the data. We  show  that  both  our  methods  outperform  existing  unsupervised approaches in quantitative metrics that measure semantic accuracy of the learned representations. In addition, we illustrate that simple guidance functions we use in UD-GAN-G allow us to directly capture the desired variations in the data.",None
https://openreview.net/forum?id=H1f7S3C9YQ,SynonymNet: Multi-context Bilateral Matching for Entity Synonyms,deep learning; entity synonym,"We introduce SynonymNet, a deep model for entity synonym discovery by a bilateral matching among multiple pieces of contexts in which an entity is mentioned.","Being able to automatically discover synonymous entities from a large free-text corpus has transformative effects on structured knowledge discovery. Existing works either require structured annotations, or fail to incorporate context information effectively, which lower the efficiency of information usage. In this paper, we propose a framework for synonym discovery from free-text corpus without structured annotation. As one of the key components in synonym discovery, we introduce a novel neural network model SynonymNet to determine whether or not two given entities are synonym with each other. Instead of using entities features, SynonymNet makes use of multiple pieces of contexts in which the entity is mentioned, and compares the context-level similarity via a bilateral matching schema to determine synonymity. Experimental results demonstrate that the proposed model achieves state-of-the-art results on both generic and domain-specific synonym datasets: Wiki+Freebase, PubMed+UMLS and MedBook+MKG, with up to 4.16% improvement in terms of Area Under the Curve (AUC) and 3.19% in terms of Mean Average Precision (MAP) compare to the best baseline method.",None
https://openreview.net/forum?id=BJgsN3R9Km,AntMan: Sparse Low-Rank Compression To Accelerate RNN Inference,model compression; RNN; perforamnce optimization; langugage model; machine reading comprehension; knowledge distillation; teacher-student,"Reducing computation and memory complexity of RNN models by up to 100x using sparse low-rank compression modules, trained via knowledge distillation.","Wide adoption of complex RNN based models is hindered by their inference performance, cost and memory requirements. To address this issue, we develop AntMan, combining structured sparsity with low-rank decomposition synergistically, to reduce model computation, size and execution time of RNNs while attaining desired accuracy. AntMan extends knowledge distillation based training to learn the compressed models efficiently. Our evaluation shows that AntMan offers up to 100x computation reduction with less than 1pt accuracy drop for language and machine reading comprehension models. Our evaluation also shows that for a given accuracy target, AntMan produces 5x smaller models than the state-of-art. Lastly, we show that AntMan offers super-linear speed gains compared to theoretical speedup, demonstrating its practical value on commodity hardware.",None
https://openreview.net/forum?id=BkeK-nRcFX,The Nonlinearity Coefficient - Predicting Generalization in Deep Neural Networks,deep learning; neural networks; nonlinearity; activation functions; exploding gradients; vanishing gradients; neural architecture search,"We introduce the NLC, a metric that is cheap to compute in the networks randomly initialized state and is highly predictive of generalization, at least in fully-connected networks.","For a long time, designing neural architectures that exhibit high performance was considered a dark art that required expert hand-tuning. One of the few well-known guidelines for architecture design is the avoidance of exploding or vanishing gradients. However, even this guideline has remained relatively vague and circumstantial, because there exists no well-defined, gradient-based metric that can be computed {\it before} training begins and can robustly predict the performance of the network {\it after} training is complete.

We introduce what is, to the best of our knowledge, the first such metric: the nonlinearity coefficient (NLC). Via an extensive empirical study, we show that the NLC, computed in the network's randomly initialized state, is a powerful predictor of test error and that attaining a right-sized NLC is essential for attaining an optimal test error, at least in fully-connected feedforward networks. The NLC is also conceptually simple, cheap to compute, and is robust to a range of confounders and architectural design choices that comparable metrics are not necessarily robust to. Hence, we argue the NLC is an important tool for architecture search and design, as it can robustly predict poor training outcomes before training even begins.",None
https://openreview.net/forum?id=rkMhusC5Y7,Learning to Coordinate Multiple Reinforcement Learning Agents for Diverse Query Reformulation,Reinforcement Learning; Multi-agent; Information Retrieval; Question-Answering; Query Reformulation; Query Expansion,Multiple diverse query reformulation agents trained with reinforcement learning to improve search engines.,"We propose a method to efficiently learn diverse strategies in reinforcement learning for query reformulation in the tasks of document retrieval and question answering. In the proposed framework an agent consists of multiple specialized sub-agents and a meta-agent that learns to aggregate the answers from sub-agents to produce a final answer. Sub-agents are trained on disjoint partitions of the training data, while the meta-agent is trained on the full training set. Our method makes learning faster, because it is highly parallelizable, and has better generalization performance than strong baselines, such as an ensemble of agents trained on the full data. We show that the improved performance is due to the increased diversity of reformulation strategies.",None
https://openreview.net/forum?id=SygHGnRqK7,Probabilistic Federated Neural Matching,Bayesian nonparametrics; Indian Buffet Process; Federated Learning,We propose a Bayesian nonparametric model for federated learning with neural networks.,"In federated learning problems, data is scattered across different servers and exchanging or pooling it is often impractical or prohibited. We develop a Bayesian nonparametric framework for federated learning with neural networks. Each data server is assumed to train local neural network weights, which are modeled through our framework. We then develop an inference approach that allows us to synthesize a more expressive global network without additional supervision or data pooling. We then demonstrate the efficacy of our approach on federated learning problems simulated from two popular image classification datasets.",None
https://openreview.net/forum?id=rJG8asRqKX,A Deep Learning Approach for Dynamic Survival Analysis with Competing Risks,dynamic survival analysis; survival analysis; longitudinal measurements; competing risks,None,"Currently available survival analysis methods are limited in their ability to deal with complex, heterogeneous, and longitudinal data such as that available in primary care records, or in their ability to deal with multiple competing risks. This paper develops a novel deep learning architecture that flexibly incorporates the available longitudinal data comprising various repeated measurements (rather than only the last available measurements) in order to issue dynamically updated survival predictions for one or multiple competing risk(s). Unlike existing works in the survival analysis on the basis of longitudinal data, the proposed method learns the time-to-event distributions without specifying underlying stochastic assumptions of the longitudinal or the time-to-event processes. Thus, our method is able to learn associations between the longitudinal data and the various associated risks in a fully data-driven fashion. We demonstrate the power of our method by applying it to real-world longitudinal datasets and show a drastic improvement over state-of-the-art methods in discriminative performance. Furthermore, our analysis of the variable importance and dynamic survival predictions will yield a better understanding of the predicted risks which will result in more effective health care.",None
https://openreview.net/forum?id=HJfxbhR9KQ,Mimicking actions is a good strategy for beginners: Fast Reinforcement Learning with Expert Action Sequences,Reinforcement Learning; Imitation Learning; Atari; A3C; GA3C,Appending most frequent action pairs from an expert player to a novice RL agent's action space improves the scores by huge margin.,"Imitation Learning is the task of mimicking the behavior of an expert player in a Reinforcement Learning(RL) Environment to enhance the training of a fresh agent (called novice) beginning from scratch. Most of the Reinforcement Learning environments are stochastic in nature, i.e., the state sequences that an agent may encounter usually follow a Markov Decision Process (MDP). This makes the task of mimicking difficult as it is very unlikely that a new agent may encounter same or similar state sequences as an expert. Prior research in Imitation Learning proposes various ways to learn a mapping between the states encountered and the respective actions taken by the expert while mostly being agnostic to the order in which these were performed. Most of these methods need considerable number of states-action pairs to achieve good results. We propose a simple alternative to Imitation Learning by appending the novice’s action space with the frequent short action sequences that the expert has taken. This simple modification, surprisingly improves the exploration and significantly outperforms alternative approaches like Dataset Aggregation. We experiment with several popular Atari games and show significant and consistent growth in the score that the new agents achieve using just a few expert action sequences.",None
https://openreview.net/forum?id=SyehMhC9Y7,"Deep Imitative Models for Flexible Inference, Planning, and Control",imitation learning; forecasting; computer vision,"Hybrid Vision-Driven Imitation Learning and Model-Based Reinforcement Learning for Planning, Forecasting, and Control","Imitation learning provides an appealing framework for autonomous control: in many tasks, demonstrations of preferred behavior can be readily obtained from human experts, removing the need for costly and potentially dangerous online data collection in the real world. However, policies learned with imitation learning have limited flexibility to accommodate varied goals at test time. Model-based reinforcement learning (MBRL) offers considerably more flexibility, since a predictive model learned from data can be used to achieve various goals at test time. However, MBRL suffers from two shortcomings. First, the model does not help to choose desired or safe outcomes -- its dynamics estimate only what is possible, not what is preferred. Second, MBRL typically requires additional online data collection to ensure that the model is accurate in those situations that are actually encountered when attempting to achieve test time goals. Collecting this data with a partially trained model can be dangerous and time-consuming. In this paper, we aim to combine the benefits of imitation learning and MBRL, and propose imitative models: probabilistic predictive models able to plan expert-like trajectories to achieve arbitrary goals. We find this method substantially outperforms both direct imitation and MBRL in a simulated autonomous driving task, and can be learned efficiently from a fixed set of expert demonstrations without additional online data collection. We also show our model can flexibly incorporate user-supplied costs at test-time, can plan to sequences of goals, and can even perform well with imprecise goals, including goals on the wrong side of the road.",None
https://openreview.net/forum?id=HyMnYiR9Y7,DOMAIN ADAPTATION VIA DISTRIBUTION AND REPRESENTATION MATCHING: A CASE STUDY ON TRAINING DATA SELECTION VIA REINFORCEMENT LEARNING,domain adaptation; training data selection; reinforcement learning; natural language processing,Training data selection via reinforcement learning,"Supervised models suffer from domain shifting where distribution mismatch across domains greatly affect model performance. Particularly, noise scattered in each domain has played a crucial role in representing such distribution, especially in various natural language processing (NLP) tasks. In addressing this issue, training data selection (TDS) has been proven to be a prospective way to train supervised models with higher performance and efficiency. Following the TDS methodology, in this paper, we propose a general data selection framework with representation learning and distribution matching simultaneously for domain adaptation on neural models. In doing so, we formulate TDS as a novel selection process based on a learned distribution from the input data, which is produced by a trainable selection distribution generator (SDG) that is optimized by reinforcement learning (RL). Then, the model trained by the selected data not only predicts the target domain data in a specific task, but also provides input for the value function of the RL. Experiments are conducted on three typical NLP tasks, namely, part-of-speech tagging, dependency parsing, and sentiment analysis. Results demonstrate the validity and effectiveness of our approach.",None
https://openreview.net/forum?id=SJLhxnRqFQ,Adversarially Learned Mixture Model,Unsupervised; Semi-supervised; Generative; Adversarial; Clustering,The AMM is the first fully adversarially optimized method to model the conditional dependence between categorical and continuous latent variables.,"The Adversarially Learned Mixture Model (AMM) is a generative model for unsupervised or semi-supervised data clustering. The AMM is the first adversarially optimized method to model the conditional dependence between inferred continuous and categorical latent variables. Experiments on the MNIST and SVHN datasets show that the AMM allows for semantic separation of complex data when little or no labeled data is available. The AMM achieves unsupervised clustering error rates of 3.32% and 20.4% on the MNIST and SVHN datasets, respectively.  A semi-supervised extension of the AMM achieves a classification error rate of 5.60% on the SVHN dataset.",None
https://openreview.net/forum?id=rJe4ShAcF7,Music Transformer: Generating Music with Long-Term Structure,music generation,We show the first successful use of Transformer in generating music that exhibits long-term structure.,"Music relies heavily on repetition to build structure and meaning.  Self-reference occurs on multiple timescales, from motifs to phrases to reusing of entire sections of music, such as in pieces with ABA structure.  The Transformer (Vaswani et al., 2017), a sequence model based on self-attention, has achieved compelling results in many generation tasks that require maintaining long-range coherence. This suggests that self-attention might also be well-suited to modeling music. In musical composition and performance, however, relative timing is critically important.  Existing approaches for representing relative positional information in the Transformer modulate attention based on pairwise distance (Shaw et al., 2018).  This is impractical for long sequences such as musical compositions since their memory complexity is quadratic in the sequence length.  We propose an algorithm that reduces the intermediate memory requirements to linear in the sequence length. This enables us to demonstrate that a Transformer with our modified relative attention mechanism can generate minute-long (thousands of steps) compositions with compelling structure, generate continuations that coherently elaborate on a given motif, and in a seq2seq setup generate accompaniments conditioned on melodies.   We evaluate the Transformer with our relative attention mechanism on two datasets, JSB Chorales and Piano-e-competition, and obtain state-of-the-art results on the latter.",None
https://openreview.net/forum?id=B1gHjoRqYQ,An Efficient and Margin-Approaching Zero-Confidence Adversarial Attack,adversarial attack; zero-confidence attack,"This paper introduces MarginAttack, a stronger and faster zero-confidence adversarial attack.","There are two major paradigms of white-box adversarial attacks that attempt to impose input perturbations.  The first paradigm, called the fix-perturbation attack, crafts adversarial samples within a given perturbation level.  The second paradigm, called the zero-confidence attack, finds the smallest perturbation needed to cause misclassification, also known as the margin of an input feature.  While the former paradigm is well-resolved, the latter is not.  Existing zero-confidence attacks either introduce significant approximation errors, or are too time-consuming.  We therefore propose MarginAttack, a zero-confidence attack framework that is able to compute the margin with improved accuracy and efficiency.  Our experiments show that MarginAttack is able to compute a smaller margin than the state-of-the-art zero-confidence attacks, and matches the state-of-the-art fix-perturbation attacks.  In addition, it runs significantly faster than the Carlini-Wagner attack, currently the most accurate zero-confidence attack algorithm.",None
https://openreview.net/forum?id=BygMAiRqK7,Entropic GANs meet VAEs: A Statistical Approach to Compute Sample Likelihoods in GANs,GAN; VAE; likelihood estimation; statistical inference,A statistical approach to compute sample likelihoods in Generative Adversarial Networks,"Building on the success of deep learning, two modern approaches to learn a probability model of the observed data are Generative Adversarial Networks (GANs) and Variational AutoEncoders (VAEs). VAEs consider an explicit probability model for the data and compute a generative distribution by maximizing a variational lower-bound on the log-likelihood function. GANs, however, compute a generative model by minimizing a distance between observed and generated probability distributions without considering an explicit model for the observed data. The lack of having explicit probability models in GANs prohibits computation of sample likelihoods in their frameworks and limits their use in statistical inference problems. In this work, we show that an optimal transport GAN with the entropy regularization can be viewed as a generative model that maximizes a lower-bound on average sample likelihoods, an approach that VAEs are based on. In particular, our proof constructs an explicit probability model for GANs that can be used to compute likelihood statistics within GAN's framework. Our numerical results on several datasets demonstrate consistent trends with the proposed theory.",None
https://openreview.net/forum?id=SJl2ps0qKQ,Learning to Decompose Compound Questions with Reinforcement Learning,Compound Question Decomposition; Reinforcement Learning; Knowledge-Based Question Answering; Learning-to-decompose,We propose a learning-to-decompose agent that helps simple-question answerers to answer compound question over knowledge graph.,"As for knowledge-based question answering, a fundamental problem is to relax the assumption of answerable questions from simple questions to compound questions. Traditional approaches firstly detect topic entity mentioned in questions, then traverse the knowledge graph to find relations as a multi-hop path to answers, while we propose a novel approach to leverage simple-question answerers to answer compound questions. Our model consists of two parts: (i) a novel learning-to-decompose agent that learns a policy to decompose a compound question into simple questions and (ii) three independent simple-question answerers that classify the corresponding relations for each simple question. Experiments demonstrate that our model learns complex rules of compositionality as stochastic policy, which benefits simple neural networks to achieve state-of-the-art results on WebQuestions and MetaQA. We analyze the interpretable decomposition process as well as generated partitions.",None
https://openreview.net/forum?id=S1gBz2C9tX,Importance Resampling for Off-policy Policy Evaluation,Reinforcement Learning; Off-policy policy evaluation; importance resampling; importance sampling,A resampling approach for off-policy policy evaluation in reinforcement learning.,"Importance sampling is a common approach to off-policy learning in reinforcement learning.  While it is consistent and unbiased, it can result in high variance updates to the parameters for the value function. Weighted importance sampling (WIS) has been explored to reduce variance for off-policy policy evaluation, but only for linear value function approximation. In this work, we explore a resampling strategy to reduce variance, rather than a reweighting strategy. We propose Importance Resampling (IR) for off-policy learning, that resamples experience from the replay buffer and applies a standard on-policy update. The approach avoids using importance sampling ratios directly in the update, instead correcting the distribution over transitions before the update. We characterize the bias and consistency of the our estimator, particularly compared to WIS. We then demonstrate in several toy domains that IR has improved sample efficiency and parameter sensitivity, as compared to several baseline WIS estimators and to IS. We conclude with a demonstration showing IR improves over IS for learning a value function from images in a racing car simulator.",None
https://openreview.net/forum?id=SJz6MnC5YQ,DEEP GRAPH TRANSLATION,None,None,"The tremendous success of deep generative models on generating continuous data
like image and audio has been achieved; however, few deep graph generative models
have been proposed to generate discrete data such as graphs. The recently proposed
approaches are typically unconditioned generative models which have no
control over modes of the graphs being generated. Differently, in this paper, we
are interested in a new problem named Deep Graph Translation: given an input
graph, the goal is to infer a target graph by learning their underlying translation
mapping. Graph translation could be highly desirable in many applications such
as disaster management and rare event forecasting, where the rare and abnormal
graph patterns (e.g., traffic congestions and terrorism events) will be inferred prior
to their occurrence even without historical data on the abnormal patterns for this
specific graph (e.g., a road network or human contact network). To this end, we
propose a novel Graph-Translation-Generative Adversarial Networks (GT-GAN)
which translates one mode of the input graphs to its target mode. GT-GAN consists
of a graph translator where we propose new graph convolution and deconvolution
layers to learn the global and local translation mapping. A new conditional
graph discriminator has also been proposed to classify target graphs by conditioning
on input graphs. Extensive experiments on multiple synthetic and real-world
datasets demonstrate the effectiveness and scalability of the proposed GT-GAN.",None
https://openreview.net/forum?id=HJMCcjAcYX,Learning Representations of Sets through Optimized Permutations,sets; representation learning; permutation invariance,"Learn how to permute a set, then encode permuted set with RNN to obtain a set representation.","Representations of sets are challenging to learn because operations on sets should be permutation-invariant. To this end, we propose a Permutation-Optimisation module that learns how to permute a set end-to-end. The permuted set can be further processed to learn a permutation-invariant representation of that set, avoiding a bottleneck in traditional set models. We demonstrate our model's ability to learn permutations and set representations with either explicit or implicit supervision on four datasets, on which we achieve state-of-the-art results: number sorting, image mosaics, classification from image mosaics, and visual question answering.",None
https://openreview.net/forum?id=HyeU1hRcFX,Unsupervised Conditional Generation using noise engineered mode matching GAN,Noise engineered GAN; Latent space engineering; Mode matching; Unsupervised learning,A GAN model where an inversion mapping from the generated data space to an engineered latent space is learned such that properties of the data generating distribution are matched to those of the latent distribution.,"Conditional generation refers to the process of sampling from an unknown distribution conditioned on semantics of the data. This can be achieved by augmenting the generative model with the desired semantic labels, albeit it is not straightforward in an unsupervised setting where the semantic label of every data sample is unknown. In this paper, we address this issue by proposing a method that can generate samples conditioned on the properties of a latent distribution engineered in accordance with a certain data prior. In particular, a latent space inversion network is trained in tandem with a generative adversarial network such that the modal properties of the latent space distribution are induced in the data generating distribution. We demonstrate that our model, despite being fully unsupervised, is effective in learning meaningful representations through its mode matching property. We validate our method on multiple unsupervised tasks such as conditional generation, dataset attribute discovery and inference using three real world image datasets namely MNIST, CIFAR-10 and CELEB-A and show that the results are comparable to the state-of-the-art methods.",None
https://openreview.net/forum?id=r1g7y2RqYX,Label Propagation Networks,semi supervised learning; graph networks; deep learning architectures,Neural net for graph-based semi-supervised learning; revisits the classics and propagates *labels* rather than feature representations,"Graph networks have recently attracted considerable interest, and in particular in the context of semi-supervised learning. These methods typically work by generating node representations that are propagated throughout a given weighted graph.

Here we argue that for semi-supervised learning, it is more natural to consider propagating labels in the graph instead. Towards this end, we propose a differentiable neural version of the classic Label Propagation (LP) algorithm. This formulation can be used for learning edge weights, unlike other methods where weights are set heuristically. Starting from a layer implementing a single iteration of LP, we proceed by adding several important non-linear steps that significantly enhance the label-propagating mechanism.

Experiments in two distinct settings demonstrate the utility of our approach.",None
https://openreview.net/forum?id=rygZJ2RcF7,Out-of-Sample Extrapolation with Neuron Editing,generative adversarial networks; computational biology; generating; generation; extrapolation; out-of-sample; neural network inference,"We reframe the generation problem as one of editing existing points, and as a result extrapolate better than traditional GANs.","While neural networks can be trained to map from one specific dataset to another, they usually do not learn a generalized transformation that can extrapolate accurately outside the space of training. For instance, a generative adversarial network (GAN) exclusively trained to transform images of cars from light to dark might not have the same effect on images of horses. This is because neural networks are good at generation within the manifold of the data that they are trained on. However, generating new samples outside of the manifold or extrapolating ""out-of-sample"" is a much harder problem that has been less well studied. To address this, we introduce a technique called neuron editing that learns how neurons encode an edit for a particular transformation in a latent space. We use an autoencoder to decompose the variation within the dataset into activations of different neurons and generate transformed data by defining an editing transformation on those neurons. By performing the transformation in a latent trained space, we encode fairly complex and non-linear transformations to the data with much simpler distribution shifts to the neuron's activations. We showcase our technique on image domain/style transfer and two biological applications: removal of batch artifacts representing unwanted noise and modeling the effect of drug treatments to predict synergy between drugs.",None
https://openreview.net/forum?id=S1e_H3AqYQ,Exploiting Cross-Lingual Subword Similarities in Low-Resource Document Classification,cross-lingual transfer; character-based method; low-resource language,We propose a cross-lingual document classification framework for related language pairs.,"Text classification must sometimes be applied in situations with no training data in a target language.  However, training data may be available in a related language.  We introduce a cross-lingual document classification framework CACO between related language pairs.  To best use limited training data, our transfer learning scheme exploits cross-lingual subword similarity by jointly training a character-based embedder and a word-based classifier.  The embedder derives vector representations for input words from their written forms, and the classifier makes predictions based on the word vectors.  We use a joint character representation for both the source language and the target language, which allows the embedder to generalize knowledge about source language words to target language words with similar forms.  We propose a multi-task objective that can further improve the model if additional cross-lingual or monolingual resources are available.  CACO models trained under low-resource settings rival cross-lingual word embedding models trained under high-resource settings on related language pairs.",None
https://openreview.net/forum?id=S1lTg3RcFm,Perception-Aware Point-Based Value Iteration for Partially Observable Markov Decision Processes,partially observable Markov decision processes; active perception; submodular optimization; point-based value iteration; reinforcement learning,We develop a point-based value iteration solver for POMDPs with active perception and planning tasks.,"Partially observable Markov decision processes (POMDPs) are a widely-used framework to model decision-making with uncertainty about the environment and under stochastic outcome. In conventional POMDP models, the observations that the agent receives originate from fixed known distribution. However, in a variety of real-world scenarios the agent has an active role in its perception by selecting which observations to receive. Due to combinatorial nature of such selection process, it is computationally intractable to integrate the perception decision with the planning decision. To prevent such expansion of the action space, we propose a greedy strategy for observation selection that aims to minimize the uncertainty in state. 
We develop a novel point-based value iteration algorithm that incorporates the greedy strategy to achieve near-optimal uncertainty reduction for sampled belief points. This in turn enables the solver to efficiently approximate the reachable subspace of belief simplex by essentially separating computations related to perception from planning.
Lastly, we implement the proposed solver and demonstrate its performance and computational advantage in a range of robotic scenarios where the robot simultaneously performs active perception and planning.",None
https://openreview.net/forum?id=BkgosiRcKm,Deep Recurrent Gaussian Process with Variational Sparse Spectrum Approximation,Deep Gaussian Process Model; Recurrent Model; State-Space Model; Nonlinear system identification; Dynamical modeling,Modeling time-series with several Gaussian Processes in a row via a specific Variational Sparse Spectrum Approximation,"Modeling sequential data has become more and more important in practice. Some applications are autonomous driving, virtual sensors and weather forecasting. To model such systems, so called recurrent models are frequently used. In this paper we introduce several new Deep Recurrent Gaussian Process (DRGP) models based on the Sparse Spectrum Gaussian Process (SSGP) and the improved version, called Variational Sparse Spectrum Gaussian Process (VSSGP). We follow the recurrent structure given by an existing DRGP based on a specific variational sparse Nyström approximation, the recurrent Gaussian Process (RGP). Similar to previous work, we also variationally integrate out the input-space and hence can propagate uncertainty through the Gaussian Process (GP) layers. Our approach can deal with a larger class of covariance functions than the RGP, because its spectral nature allows variational integration in all stationary cases. Furthermore, we combine the (Variational) Sparse Spectrum ((V)SS) approximations with a well known inducing-input regularization framework. For the DRGP extension of these combined approximations and the simple (V)SS approximations an optimal variational distribution exists. We improve over current state of the art methods in prediction accuracy for experimental data-sets used for their evaluation and introduce a new data-set for engine control, named Emission.",None
https://openreview.net/forum?id=SkxZFoAqtQ,Improving Composition of Sentence Embeddings through the Lens of Statistical Relational Learning,Statistical Relational Learning; Sentence Embedding; Composition functions; Natural Language Inference; InferSent; SentEval; ComplEx,We apply ideas from Statistical Relational Learning to compose sentence embeddings with more expressivity,"Various NLP problems -- such as the prediction of sentence similarity, entailment, and discourse relations -- are all instances of the same general task: the modeling of semantic relations between a pair of textual elements. We call them textual relational problems. A popular model for textual relational problems is to embed sentences into fixed size vectors and use composition functions (e.g. difference or concatenation) of those vectors as features for the prediction. Meanwhile, composition of embeddings has been a main focus within the field of Statistical Relational Learning (SRL) whose goal is to predict relations between entities (typically from knowledge base triples). In this work, we show that textual relational models implicitly use compositions from baseline SRL models. We show that such compositions are not expressive enough for several tasks (e.g. natural language inference).  We build on recent SRL models to address textual relational problems, showing that they are more expressive, and can alleviate issues from simpler compositions. The resulting models significantly improve the state of the art in both transferable sentence representation learning and relation prediction.",None
https://openreview.net/forum?id=SyNPk2R9K7,Learning to Describe Scenes with Programs,Structured scene representations; program synthesis,"We present scene programs, a structured scene representation that captures both low-level object appearance and high-level regularity in the scene.","Human scene perception goes beyond recognizing a collection of objects and their pairwise relations. We understand higher-level, abstract regularities within the scene such as symmetry and repetition. Current vision recognition modules and scene representations fall short in this dimension. In this paper, we present scene programs, representing a scene via a symbolic program for its objects, attributes, and their relations. We also propose a model that infers such scene programs by exploiting a hierarchical, object-based scene representation. Experiments demonstrate that our model works well on synthetic data and transfers to real images with such compositional structure. The use of scene programs has enabled a number of applications, such as complex visual analogy-making and scene extrapolation.",None
https://openreview.net/forum?id=BylBns0qtX,On Learning Heteroscedastic Noise Models within Differentiable Bayes Filters,bayesian filtering; heteroscedastic noise; deep learning,We evaluate learning heteroscedastic noise models within different Differentiable Bayes Filters,"In many robotic applications, it is crucial to maintain a belief about the state of 
a system, like the location of a robot or the pose of an object.
These state estimates serve as input for planning and decision making and 
provide feedback during task execution. 
Recursive Bayesian Filtering algorithms address the state estimation problem,
but they require a model of the process dynamics and the sensory observations as well as 
noise estimates that quantify the accuracy of these models. 
Recently, multiple works have demonstrated that the process and sensor models can be 
learned by end-to-end training through differentiable versions of Recursive Filtering methods.
However, even if the predictive models are known, finding suitable noise models 
remains challenging. Therefore, many practical applications rely on very simplistic noise 
models. 
Our hypothesis is that end-to-end training through differentiable Bayesian 
Filters enables us to learn more complex heteroscedastic noise models for
the system dynamics. We evaluate learning such models with different types of 
filtering algorithms and on two different robotic tasks. Our experiments show that especially 
for sampling-based filters like the Particle Filter, learning heteroscedastic noise 
models can drastically improve the tracking performance in comparison to using 
constant noise models.",None
https://openreview.net/forum?id=BJG__i0qF7,Learning to encode spatial relations from natural language,generative model; grounded language; scene understanding; natural language,We introduce a system capable of capturing the semantics of spatial relations by grounding representation learning in vision.,"Natural language processing has made significant inroads into learning the semantics of words through distributional approaches, however representations learnt via these methods fail to capture certain kinds of information implicit in the real world. In particular, spatial relations are encoded in a way that is inconsistent with human spatial reasoning and lacking invariance to viewpoint changes. We present a system capable of capturing the semantics of spatial relations such as behind, left of, etc from natural language. Our key contributions are a novel multi-modal objective based on generating images of scenes from their textual descriptions, and a new dataset on which to train it. We demonstrate that internal representations are robust to meaning preserving transformations of descriptions (paraphrase invariance), while viewpoint invariance is an emergent property of the system.",None
