urls,titles,keywords,tldrs,abstracts,one_sentence_summ
https://openreview.net/forum?id=ryjw_eAaZ,Unsupervised Deep Structure Learning by Recursive Dependency Analysis,unsupervised learning; structure learning; deep belief networks; probabilistic graphical models; Bayesian networks,A principled approach for structure learning of deep neural networks with a new interpretation for depth and inter-layer connectivity.,"We introduce an unsupervised structure learning algorithm for deep, feed-forward, neural networks. We propose a new interpretation for depth and inter-layer connectivity where a hierarchy of independencies in the input distribution is encoded in the network structure. This results in structures allowing neurons to connect to neurons in any deeper layer skipping intermediate layers. Moreover, neurons in deeper layers encode low-order (small condition sets) independencies and have a wide scope of the input, whereas neurons in the first layers encode higher-order (larger condition sets) independencies and have a narrower scope. Thus, the depth of the network is automatically determined---equal to the maximal order of independence in the input distribution, which is the recursion-depth of the algorithm. The proposed algorithm constructs two main graphical models: 1) a generative latent graph (a deep belief network) learned from data and 2) a deep discriminative graph constructed from the generative latent graph. We prove that conditional dependencies between the nodes in the learned generative latent graph are preserved in the class-conditional discriminative graph. Finally, a deep neural network structure is constructed based on the discriminative graph. We demonstrate on image classification benchmarks that the algorithm replaces the deepest layers (convolutional and dense layers) of common convolutional networks, achieving high classification accuracy, while constructing significantly smaller structures. The proposed structure learning algorithm requires a small computational cost and runs efficiently on a standard desktop CPU.",None
https://openreview.net/forum?id=S1EwLkW0W,"Dissecting Adam: The Sign, Magnitude and Variance of Stochastic Gradients",Stochastic Optimization; Deep Learning,Analyzing the popular Adam optimizer,"The ADAM optimizer is exceedingly popular in the deep learning community. Often it works very well, sometimes it doesn’t. Why? We interpret ADAM as a combination of two aspects: for each weight, the update direction is determined by the sign of the stochastic gradient, whereas the update magnitude is solely determined by an estimate of its relative variance. We  disentangle these two aspects and analyze them in isolation, shedding light on ADAM ’s inner workings. Transferring the ""variance adaptation” to momentum- SGD gives rise to a novel method, completing the practitioner’s toolbox for problems where ADAM fails.",None
https://openreview.net/forum?id=SJ1fQYlCZ,Training with Growing Sets: A Simple Alternative to Curriculum Learning and Self Paced Learning,Neural networks; Curriculum learning; Self paced learning,We propose that training with growing sets stage-by-stage provides an optimization for neural networks.,"Curriculum learning and Self paced learning are popular topics in the machine learning that suggest to put the training samples in order by considering their difficulty levels. Studies in these topics show that starting with a small training set and adding new samples according to difficulty levels improves the learning performance. In this paper we experimented that we can also obtain good results by adding the samples randomly without a meaningful order. We compared our method with classical training, Curriculum learning, Self paced learning and their reverse ordered versions. Results of the statistical tests show that the proposed method is better than classical method and similar with the others. These results point a new training regime that removes the process of difficulty level determination in Curriculum and Self paced learning and as successful as these methods.",None
https://openreview.net/forum?id=rJHcpW-CW,NOVEL AND EFFECTIVE PARALLEL MIX-GENERATOR GENERATIVE ADVERSARIAL NETWORKS,neural networks; generative adversarial networks; parallel,"multi generator to capture Pdata, solve the competition and one-beat-all problem","In this paper, we propose a mix-generator generative adversarial networks (PGAN) model that works in parallel by mixing multiple disjoint generators to approximate a complex real distribution. In our model, we propose an adjustment component that collects all the generated data points from the generators, learns the boundary between each pair of generators, and provides error to separate the support of each of the generated distributions. To overcome the instability in a multiplayer game, a shrinkage adjustment component method is introduced to gradually reduce the boundary between generators during the training procedure. To address the linearly growing training time problem in a multiple generators model, we propose a method to train the generators in parallel. This means that our work can be scaled up to large parallel computation frameworks. We present an efficient loss function for the discriminator, an effective adjustment component, and a suitable generator. We also show how to introduce the decay factor to stabilize the training procedure. We have performed extensive experiments on synthetic datasets, MNIST, and CIFAR-10. These experiments reveal that the error provided by the adjustment component could successfully separate the generated distributions and each of the generators can stably learn a part of the real distribution even if only a few modes are contained in the real distribution.",None
https://openreview.net/forum?id=SJICXeWAb,Depth separation and weight-width trade-offs for sigmoidal neural networks,depth separation; neural networks; weights-width trade-off,depth-2-vs-3 separation for sigmoidal neural networks over general distributions,"Some recent work has shown separation between the expressive power of depth-2 and depth-3 neural networks. These separation results are shown by constructing functions and input distributions, so that the function is well-approximable by a depth-3 neural network of polynomial size but it cannot be well-approximated under the chosen input distribution by any depth-2 neural network of polynomial size. These results are not robust and require carefully chosen functions as well as input distributions.

We show a similar separation between the expressive power of depth-2 and depth-3 sigmoidal neural networks over a large class of input distributions, as long as the weights are polynomially bounded. While doing so, we also show that depth-2 sigmoidal neural networks with small width and small weights can be well-approximated by low-degree multivariate polynomials.",None
https://openreview.net/forum?id=ryF-cQ6T-,Machine Learning by Two-Dimensional Hierarchical Tensor Networks: A Quantum Information Theoretic Perspective on Deep Architectures,quantum machine learning; tensor network; quantum information,"This approach overcomes scalability issues and implies novel mathematical connections among quantum many-body physics, quantum information theory, and machine learning.","The resemblance between the methods used in studying quantum-many body physics and in machine learning has drawn considerable attention. In particular, tensor networks (TNs) and deep learning architectures bear striking similarities to the extent that TNs can be used for machine learning. Previous results used one-dimensional TNs in image recognition, showing limited scalability and a request of high bond dimension. In this work, we train two-dimensional hierarchical TNs to solve image recognition problems, using a training algorithm derived from the multipartite entanglement renormalization ansatz (MERA). This approach overcomes scalability issues and implies novel mathematical connections among quantum many-body physics, quantum information theory, and machine learning. While keeping the TN unitary in the training phase, TN states can be defined, which optimally encodes each class of the images into a quantum many-body state. We study the quantum features of the TN states, including quantum entanglement and fidelity. We suggest these quantities could be novel properties that characterize the image classes, as well as the machine learning tasks. Our work could be further applied to identifying possible quantum properties of certain artificial intelligence methods.",None
https://openreview.net/forum?id=r1QZ3zbAZ,Adversarial Examples for Natural Language Classification Problems,None,None,"Modern machine learning algorithms are often susceptible to adversarial examples — maliciously crafted inputs that are undetectable by humans but that fool the algorithm into producing undesirable behavior. In this work, we show that adversarial examples exist in natural language classification: we formalize the notion of an adversarial example in this setting and describe algorithms that construct such examples. Adversarial perturbations can be crafted for a wide range of tasks — including spam filtering, fake news detection, and sentiment analysis — and affect different models — convolutional and recurrent neural networks as well as linear classifiers to a lesser degree. Constructing an adversarial example involves replacing 10-30% of words in a sentence with synonyms that don’t change its meaning. Up to 90% of input examples admit adversarial perturbations; furthermore, these perturbations retain a degree of transferability across models. Our findings demonstrate the existence of vulnerabilities in machine learning systems and hint at limitations in our understanding of classification algorithms.",None
https://openreview.net/forum?id=By5SY2gA-,Towards Building Affect sensitive Word Distributions,Affect lexicon; word embeddings; Word2Vec; GloVe; WordNet; joint learning; sentiment analysis; word similarity; outlier detection; affect prediction,Enriching word embeddings with affect information improves their performance on sentiment prediction tasks.,"Learning word representations from large available corpora relies on the distributional hypothesis that words present in similar contexts tend to have similar meanings. Recent work has shown that word representations learnt in this manner lack sentiment information which, fortunately, can be leveraged using external knowledge. Our work addresses the question: can affect lexica improve the word representations learnt from a corpus? In this work, we propose techniques to incorporate affect lexica, which capture fine-grained information about a word's psycholinguistic and emotional orientation, into the training process of Word2Vec SkipGram, Word2Vec CBOW and GloVe methods using a joint learning approach. We use affect scores from Warriner's affect lexicon to regularize the vector representations learnt from an unlabelled corpus. Our proposed method outperforms previously proposed methods on standard tasks for word similarity detection, outlier detection and sentiment detection. We also demonstrate the usefulness of our approach for a new task related to the prediction of formality, frustration and politeness in corporate communication.",None
https://openreview.net/forum?id=SyXNErg0W,Softmax Supervision with Isotropic Normalization,softmax; center loss; triplet loss; convolution neural network; supervised learning,The discriminative capability of softmax for learning feature vectors of objects is effectively enhanced by virture of isotropic normalization on global distribution of data points.,"The softmax function is widely used to train deep neural networks for multi-class classification. Despite its outstanding performance in classification tasks, the features derived from the supervision of softmax are usually sub-optimal in some scenarios where Euclidean distances apply in feature spaces. To address this issue, we propose a new loss, dubbed the isotropic loss, in the sense that the overall distribution of data points is regularized to approach the isotropic normal one. Combined with the vanilla softmax, we formalize a novel criterion called the isotropic softmax, or isomax for short, for supervised learning of deep neural networks. By virtue of the isomax, the intra-class features are penalized by the isotropic loss while inter-class distances are well kept by the original softmax loss. Moreover, the isomax loss does not require any additional modifications to the network, mini-batches or the training process. Extensive experiments on classification and clustering are performed to demonstrate the superiority and robustness of the isomax loss.",None
https://openreview.net/forum?id=ryykVe-0W,Learning Independent Features with Adversarial Nets for Non-linear ICA,adversarial networks; ica; unsupervised; independence,None,"Reliable measures of statistical dependence could potentially be useful tools for learning independent features and performing tasks like source separation using Independent Component Analysis (ICA).  Unfortunately, many of such measures, like the mutual information, are hard to estimate and optimize directly.  We propose to learn independent features with adversarial objectives (Goodfellow et al. 2014, Arjovsky et al. 2017) which optimize such measures implicitly.  These objectives compare samples from the joint distribution and the product of the marginals without the need to compute any probability densities. We also propose two methods for obtaining samples from the product of the marginals using either a simple resampling trick or a separate parametric distribution.  Our experiments show that this strategy can easily be applied to different types of model architectures and solve both linear and non-linear ICA problems.",None
https://openreview.net/forum?id=rylejExC-,Stochastic Training of Graph Convolutional Networks,Graph convolutional networks; stochastic gradient descent; variance reduction; control variate,A control variate based stochastic training algorithm for graph convolutional networks that the receptive field can be only two neighbors per node.,"Graph convolutional networks (GCNs) are powerful deep neural networks for graph-structured data. However, GCN computes nodes' representation recursively from their neighbors, making the receptive field size grow exponentially with the number of layers.  Previous attempts on reducing the receptive field size by subsampling neighbors do not have any convergence guarantee, and their receptive field size per node is still in the order of hundreds. In this paper, we develop a preprocessing strategy and two control variate based algorithms to further reduce the receptive field size. Our algorithms are guaranteed to converge to GCN's local optimum regardless of the neighbor sampling size. Empirical results show that our algorithms have a similar convergence speed per epoch with the exact algorithm even using only two neighbors per node. The time consumption of our algorithm on the Reddit dataset is only one fifth of previous neighbor sampling algorithms.",None
https://openreview.net/forum?id=SJgf6Z-0W,Predicting Multiple Actions for Stochastic Continuous Control,Reinforcement Learning; DDPG; Multiple Action Prediction,"We introduce a novel reinforcement learning algorithm, that predicts multiple actions and samples from them.","We introduce a new approach to estimate continuous actions using actor-critic algorithms for reinforcement learning problems. Policy gradient methods usually predict one continuous action estimate or parameters of a presumed distribution (most commonly Gaussian) for any given state which might not be optimal as it may not capture the complete description of the target distribution. Our approach instead predicts M actions with the policy network (actor) and then uniformly sample one action during training as well as testing at each state. This allows the agent to learn a simple stochastic policy that has an easy to compute expected return. In all experiments, this facilitates better exploration of the state space during training and converges to a better policy.",None
https://openreview.net/forum?id=ryZElGZ0Z,Discovery of Predictive Representations With a Network of General Value Functions,Reinforcement Learning; General Value Functions; Predictive Representations,"We investigate a framework for discovery: curating a large collection of predictions, which are used to construct the agent’s representation in partially observable domains.","The ability of an agent to {\em discover} its own learning objectives has long been considered a key ingredient for artificial general intelligence. Breakthroughs in autonomous decision making and reinforcement learning have primarily been in domains where the agent's goal is outlined and clear: such as playing a game to win, or driving safely. Several studies have demonstrated that learning extramural sub-tasks and auxiliary predictions can improve (1) single human-specified task learning, (2) transfer of learning, (3) and the agent's learned representation of the world. In all these examples, the agent was instructed what to learn about. We investigate a framework for discovery: curating a large collection of predictions, which are used to construct the agent's representation of the world. Specifically, our system maintains a large collection of predictions, continually pruning and replacing predictions. We highlight the importance of considering stability rather than convergence for such a system, and develop an adaptive, regularized algorithm towards that aim. We provide several experiments in computational micro-worlds demonstrating that this simple approach can be effective for discovering useful predictions autonomously.",None
https://openreview.net/forum?id=BykJlIAbM,A cluster-to-cluster framework for neural machine translation,Natural Language Processing; Machine Translation; Deep Learning; Data Augmentation,"We invent a novel cluster-to-cluster framework for NMT training, which can better understand the both source and target language diversity.","The quality of a machine translation system depends largely on the availability of sizable parallel corpora. For the recently popular Neural Machine Translation (NMT) framework, data sparsity problem can become even more severe. With large amount of tunable parameters, the NMT model may overfit to the existing language pairs while failing to understand the general diversity in language. In this paper, we advocate to broadcast every sentence pair as two groups of similar sentences to incorporate more diversity in language expressions, which we name as parallel cluster. Then we define a more general cluster-to-cluster correspondence score and train our model to maximize this score. Since direct maximization is difficult, we derive its lower-bound as our surrogate objective, which is found to generalize point-point Maximum Likelihood Estimation (MLE) and point-to-cluster Reward Augmented Maximum Likelihood (RAML) algorithms as special cases. Based on this novel objective function, we delineate four potential systems to realize our cluster-to-cluster framework and test their performances in three recognized translation tasks, each task with forward and reverse translation directions. In each of the six experiments, our proposed four parallel systems have consistently proved to outperform the MLE baseline, RL (Reinforcement Learning) and RAML systems significantly. Finally, we have performed case study to empirically analyze the strength of the cluster-to-cluster NMT framework.",None
https://openreview.net/forum?id=rybDdHe0Z,Sequence Transfer Learning for Neural Decoding,Transfer Learning; Applications; Neural decoding,None,"A fundamental challenge in designing brain-computer interfaces (BCIs) is decoding behavior from time-varying neural oscillations. In typical applications, decoders are constructed for individual subjects and with limited data leading to restrictions on the types of models that can be utilized. Currently, the best performing decoders are typically linear models capable of utilizing rigid timing constraints with limited training data. Here we demonstrate the use of Long Short-Term Memory (LSTM) networks to take advantage of the temporal information present in sequential neural data collected from subjects implanted with electrocorticographic (ECoG) electrode arrays performing a finger flexion task. Our constructed models are capable of achieving accuracies that are comparable to existing techniques while also being robust to variation in sample data size. Moreover, we utilize the LSTM networks and an affine transformation layer to construct a novel architecture for transfer learning. We demonstrate that in scenarios where only the affine transform is learned for a new subject, it is possible to achieve results comparable to existing state-of-the-art techniques. The notable advantage is the increased stability of the model during training on novel subjects. Relaxing the constraint of only training the affine transformation, we establish our model as capable of exceeding performance of current models across all training data sizes. Overall, this work demonstrates that LSTMs are a versatile model that can accurately capture temporal patterns in neural data and can provide a foundation for transfer learning in neural decoding.",None
https://openreview.net/forum?id=rJ7yZ2P6-,Enhance Word Representation for Out-of-Vocabulary on Ubuntu Dialogue Corpus,next utterance selection; ubuntu dialogue corpus; out-of-vocabulary; word representation,Combine information between pre-built word embedding and task-specific word representation to address out-of-vocabulary issue,"Ubuntu dialogue corpus is the largest public available dialogue corpus to make it feasible to build end-to-end
deep neural network models directly from the conversation data. One challenge of Ubuntu dialogue corpus is 
the large number of out-of-vocabulary words. In this paper we proposed an algorithm which combines the general pre-trained word embedding vectors with those  generated on the task-specific training set to address this issue.  We integrated character embedding into Chen et al's Enhanced LSTM method (ESIM) and used it to evaluate the effectiveness of our proposed method. For the task of next utterance selection, the proposed method has demonstrated a significant performance improvement against original ESIM and the new model has achieved state-of-the-art results on both Ubuntu dialogue corpus and Douban conversation corpus. In addition, we investigated the performance impact of end-of-utterance and end-of-turn token tags.",None
https://openreview.net/forum?id=BkPrDFgR-,Piecewise Linear Neural Networks verification: A comparative study,Verification; SMT solver; Mixed Integer Programming; Neural Networks,None,"The success of Deep Learning and its potential use in many important safety-
critical applications has motivated research on formal verification of Neural Net-
work (NN) models. Despite the reputation of learned NN models to behave as
black boxes and theoretical hardness results of the problem of proving their prop-
erties, researchers have been successful in verifying some classes of models by
exploiting their piecewise linear structure. Unfortunately, most of these works
test their algorithms on their own models and do not offer any comparison with
other approaches. As a result, the advantages and downsides of the different al-
gorithms are not well understood. Motivated by the need of accelerating progress
in this very important area, we investigate the trade-offs of a number of different
approaches based on Mixed Integer Programming, Satisfiability Modulo Theory,
as well as a novel method based on the Branch-and-Bound framework. We also
propose a new data set of benchmarks, in addition to a collection of previously
released testcases that can be used to compare existing methods. Our analysis not
only allowed a comparison to be made between different strategies, the compar-
ision of results from different solvers also revealed implementation bugs in pub-
lished methods. We expect that the availability of our benchmark and the analysis
of the different approaches will allow researchers to invent and evaluate promising
approaches for making progress on this important topic.",None
https://openreview.net/forum?id=H1bM1fZCW,GradNorm: Gradient Normalization for Adaptive Loss Balancing in Deep Multitask Networks,Multitask learning; computer vision; multitask loss function,We show how you can boost performance in a multitask network by tuning an adaptive multitask loss function that is learned through directly balancing network gradients.,"Deep multitask networks, in which one neural network produces multiple predictive outputs, are more scalable and often better regularized than their single-task counterparts. Such advantages can potentially lead to gains in both speed and performance, but multitask networks are also difficult to train without finding the right balance between tasks. We present a novel gradient normalization (GradNorm) technique which automatically balances the multitask loss function by directly tuning the gradients to equalize task training rates. We show that for various network architectures, for both regression and classification tasks, and on both synthetic and real datasets, GradNorm improves accuracy and reduces overfitting over single networks, static baselines, and other adaptive multitask loss balancing techniques. GradNorm also matches or surpasses the performance of exhaustive grid search methods, despite only involving a single asymmetry hyperparameter $\alpha$. Thus, what was once a tedious search process which incurred exponentially more compute for each task added can now be accomplished within a few training runs, irrespective of the number of tasks. Ultimately, we hope to demonstrate that gradient manipulation affords us great control over the training dynamics of multitask networks and may be one of the keys to unlocking the potential of multitask learning.",None
https://openreview.net/forum?id=SkJd_y-Cb,Word2net: Deep Representations of Language,neural language models; word embeddings; neural networks,Word2net is a novel method for learning neural network representations of words that can use syntactic information to learn better semantic features.,"Word embeddings extract semantic features of words from large datasets of text.
Most embedding methods rely on a log-bilinear model to predict the occurrence
of a word in a context of other words. Here we propose word2net, a method that
replaces their linear parametrization with neural networks. For each term in the
vocabulary, word2net posits a neural network that takes the context as input and
outputs a probability of occurrence. Further, word2net can use the hierarchical
organization of its word networks to incorporate additional meta-data, such as
syntactic features, into the embedding model. For example, we show how to share
parameters across word networks to develop an embedding model that includes
part-of-speech information. We study word2net with two datasets, a collection
of Wikipedia articles and a corpus of U.S. Senate speeches. Quantitatively, we
found that word2net outperforms popular embedding methods on predicting held-
out words and that sharing parameters based on part of speech further boosts
performance. Qualitatively, word2net learns interpretable semantic representations
and, compared to vector-based methods, better incorporates syntactic information.",None
https://openreview.net/forum?id=HklpCzC6-,Image Segmentation by Iterative Inference from Conditional Score Estimation,semantic segmentation; conditional denoising autoencoders; iterative inference,Refining segmentation proposals by performing iterative inference with conditional denoising autoencoders.,"Inspired by the combination of feedforward and iterative computations in the visual cortex, and taking advantage of the ability of denoising autoencoders to estimate the score of a joint distribution, we propose a novel approach to iterative inference for capturing and exploiting the complex joint distribution of output variables conditioned on some input variables. This approach is applied to image pixel-wise segmentation, with the estimated conditional score used to perform gradient ascent towards a mode of the estimated conditional distribution. This extends previous work on score estimation by denoising autoencoders to the case of a conditional distribution, with a novel use of a corrupted feedforward predictor replacing Gaussian corruption. An advantage of this approach over more classical ways to perform iterative inference for structured outputs, like conditional random fields (CRFs), is that it is not any more necessary to define an explicit energy function linking the output variables. To keep computations tractable, such energy function parametrizations are typically fairly constrained, involving only a few neighbors of each of the output variables in each clique. We experimentally find that the proposed iterative inference from conditional score estimation by conditional denoising autoencoders performs better than comparable models based on CRFs or those not using any explicit modeling of the conditional joint distribution of outputs.",None
https://openreview.net/forum?id=rJR2ylbRb,Spectral Graph Wavelets for Structural Role Similarity in Networks,Graphs; Structural Similarities; Spectral Graph Wavelets; Graph Signal Processing; Unsupervised Learning,We develop a method for learning structural signatures in networks based on the diffusion of spectral graph wavelets.,"Nodes residing in different parts of a graph can have similar structural roles within their local network topology. The identification of such roles provides key insight into the organization of networks and can also be used to inform machine learning on graphs. However, learning structural representations of nodes is a challenging unsupervised-learning task, which typically involves manually specifying and tailoring topological features for each node. Here we develop GraphWave, a method that represents each node’s local network neighborhood via a low-dimensional embedding by leveraging spectral graph wavelet diffusion patterns. We prove that nodes with similar local network neighborhoods will have similar GraphWave embeddings even though these nodes may reside in very different parts of the network. Our method scales linearly with the number of edges and does not require any hand-tailoring of topological features. We evaluate performance on both synthetic and real-world datasets, obtaining improvements of up to 71% over state-of-the-art baselines.",None
https://openreview.net/forum?id=HyxjwgbRZ,Convergence rate of sign stochastic gradient descent for non-convex functions,sign; stochastic; gradient; non-convex; optimization; gradient; quantization; convergence; rate,"We prove a non-convex convergence rate for the sign stochastic gradient method. The algorithm has links to algorithms like Adam and Rprop, as well as gradient quantisation schemes used in distributed machine learning.","The sign stochastic gradient descent method (signSGD) utilizes only the sign of the stochastic gradient in its updates. Since signSGD carries out one-bit quantization of the gradients, it is extremely practical for distributed optimization where gradients need to be aggregated from different processors. For the first time, we establish convergence rates for signSGD on general non-convex functions under transparent conditions. We show that the rate of signSGD to reach first-order critical points matches that of SGD in terms of number of stochastic gradient calls, up to roughly a linear factor in the dimension. We carry out simple experiments to explore the behaviour of sign gradient descent (without the stochasticity) close to saddle points and show that it often helps completely avoid them without using either stochasticity or curvature information.",None
https://openreview.net/forum?id=HkCvZXbC-,3C-GAN: AN CONDITION-CONTEXT-COMPOSITE GENERATIVE ADVERSARIAL NETWORKS FOR GENERATING IMAGES SEPARATELY,None,None,"We present 3C-GAN: a novel multiple generators structures, that contains one conditional generator that generates a semantic part of an image conditional on its input label, and one context generator generates the rest of an image. Compared to original GAN model, this model has multiple generators and gives control over what its generators should generate. Unlike previous multi-generator models use a subsequent generation process, that one layer is generated given the previous layer, our model uses a process of generating different part of the images together. This way the model contains fewer parameters and the generation speed is faster. Speciﬁcally, the model leverages the label information to separate the object from the image correctly. Since the model conditional on the label information does not restrict to generate other parts of an image, we proposed a cost function that encourages the model to generate only the succinct part of an image in terms of label discrimination. We also found an exclusive prior on the mask of the model help separate the object. The experiments on MNIST, SVHN, and CelebA datasets show 3C-GAN can generate different objects with different generators simultaneously, according to the labels given to each generator.",None
https://openreview.net/forum?id=Hyig0zb0Z,Gated ConvNets for Letter-Based ASR,automatic speech recognition; letter-based acoustic model; gated convnets,A letter-based ConvNet acoustic model leads to a simple and competitive speech recognition pipeline.,"In this paper we introduce a new speech recognition system, leveraging a simple letter-based ConvNet acoustic model. The acoustic model requires only audio transcription for training -- no alignment annotations, nor any forced alignment step is needed. At inference, our decoder takes only a word list and a language model, and is fed with letter scores from the acoustic model -- no phonetic word lexicon is needed. Key ingredients for the acoustic model are Gated Linear Units and high dropout. We show near state-of-the-art results in word error rate on the LibriSpeech corpus with MFSC features, both on the clean and other configurations.",None
https://openreview.net/forum?id=HkgNdt26Z,Distributed Fine-tuning of Language Models on Private Data,distributed training; federated learning; language modeling; differential privacy,We propose a method of distributed fine-tuning of language models on user devices without collection of private data,"One of the big challenges in machine learning applications is that training data can be different from the real-world data faced by the algorithm. In language modeling, users’ language (e.g. in private messaging) could change in a year and be completely different from what we observe in publicly available data. At the same time, public data can be used for obtaining general knowledge (i.e. general model of English). We study approaches to distributed fine-tuning of a general model on user private data with the additional requirements of maintaining the quality on the general data and minimization of communication costs. We propose a novel technique that significantly improves prediction quality on users’ language compared to a general model and outperforms gradient compression methods in terms of communication efficiency. The proposed procedure is fast and leads to an almost 70% perplexity reduction and 8.7 percentage point improvement in keystroke saving rate on informal English texts. Finally, we propose an experimental framework for evaluating differential privacy of distributed training of language models and show that our approach has good privacy guarantees.",None
https://openreview.net/forum?id=SkHkeixAW,Regularization for Deep Learning: A Taxonomy,neural networks; deep learning; regularization; data augmentation; network architecture; loss function; dropout; residual learning; optimization,"Systematic categorization of regularization methods for deep learning, revealing their similarities.","Regularization is one of the crucial ingredients of deep learning, yet the term regularization has various definitions, and regularization methods are often studied separately from each other. In our work we present a novel, systematic, unifying taxonomy to categorize existing methods. We distinguish methods that affect data, network architectures, error terms, regularization terms, and optimization procedures. We identify the atomic building blocks of existing methods, and decouple the assumptions they enforce from the mathematical tools they rely on. We do not provide all details about the listed methods; instead, we present an overview of how the methods can be sorted into meaningful categories and sub-categories. This helps revealing links and fundamental similarities between them. Finally, we include practical recommendations both for users and for developers of new regularization methods.",None
https://openreview.net/forum?id=HkOhuyA6-,Graph Classification with 2D Convolutional Neural Networks,graph classification; convolutional neural networks; 2D CNN; representation,We introduce a novel way to represent graphs as multi-channel image-like structures that allows them to be handled by vanilla 2D CNNs.,"Graph classification is currently dominated by graph kernels, which, while powerful, suffer some significant limitations. Convolutional Neural Networks (CNNs) offer a very appealing alternative. However, processing graphs with CNNs is not trivial. To address this challenge, many sophisticated extensions of CNNs have recently been proposed. In this paper, we reverse the problem: rather than proposing yet another graph CNN model, we introduce a novel way to represent graphs as multi-channel image-like structures that allows them to be handled by vanilla 2D CNNs. Despite its simplicity, our method proves very competitive to state-of-the-art graph kernels and graph CNNs, and outperforms them by a wide margin on some datasets. It is also preferable to graph kernels in terms of time complexity. Code and data are publicly available.",None
https://openreview.net/forum?id=By3v9k-RZ,LEARNING TO ORGANIZE KNOWLEDGE WITH N-GRAM MACHINES,neuro-symbolic reasoning; information extraction; learn to search,We propose a framework that learns to encode knowledge symbolically and generate programs to reason about the encoded knowledge.,"Deep neural networks (DNNs) had great success on NLP tasks such as language modeling, machine translation and certain question answering (QA) tasks. However, the success is limited at more knowledge intensive tasks such as QA from a big corpus. Existing end-to-end deep QA models (Miller et al., 2016; Weston et al., 2014) need to read the entire text after observing the question, and therefore their complexity in responding a question is linear in the text size. This is prohibitive for practical tasks such as QA from Wikipedia, a novel, or the Web. We propose to solve this scalability issue by using symbolic meaning representations, which can be indexed and retrieved efficiently with complexity that is independent of the text size. More specifically, we use sequence-to-sequence models to encode knowledge symbolically and generate programs to answer questions from the encoded knowledge. We apply our approach, called the N-Gram Machine (NGM), to the bAbI tasks (Weston et al., 2015) and a special version of them (“life-long bAbI”) which has stories of up to 10 million sentences. Our experiments show that NGM can successfully solve both of these tasks accurately and efficiently. Unlike fully differentiable memory models, NGM’s time complexity and answering quality are not affected by the story length. The whole system of NGM is trained end-to-end with REINFORCE (Williams, 1992). To avoid high variance in gradient estimation, which is typical in discrete latent variable models, we use beam search instead of sampling. To tackle the exponentially large search space, we use a stabilized auto-encoding objective and a structure tweak procedure to iteratively reduce and refine the search space.",None
https://openreview.net/forum?id=rkc_hGb0Z,A dynamic game approach to training robust deep policies,game-theory; reinforcement-learning; guided-policy-search; dynamic-programming,This paper demonstrates how H-infinity control theory can help better design robust deep policies for robot motor taks,"We present a method for evaluating the sensitivity of deep reinforcement learning (RL) policies. We also formulate a zero-sum dynamic game for designing robust deep reinforcement learning policies. Our approach mitigates the brittleness of policies when agents are trained in a simulated environment and are later exposed to the real world where it is hazardous to employ RL policies. This framework for training deep RL policies involve a zero-sum  dynamic game against an adversarial agent, where the goal is to drive the system dynamics to a saddle region. Using a variant of the guided policy search algorithm, our agent learns to adopt robust policies that require less samples for learning the dynamics and performs better than the GPS algorithm. Without loss of generality, we demonstrate that deep RL policies trained in this fashion will be maximally robust to a ``worst"" possible adversarial disturbances.",None
https://openreview.net/forum?id=HkanP0lRW,Data-driven Feature Sampling for Deep Hyperspectral Classification and Segmentation,Applied deep learning; Image segmentation; Hyperspectral Imaging; Feature sampling,We applied deep learning techniques to hyperspectral image segmentation and iterative feature sampling.,"The high dimensionality of hyperspectral imaging forces unique challenges in scope, size and processing requirements.  Motivated by the potential for an in-the-field cell sorting detector, we examine a Synechocystis sp. PCC 6803 dataset wherein cells are grown alternatively in nitrogen rich or deplete cultures.  We use deep learning techniques to both successfully classify cells and generate a mask segmenting the cells/condition from the background. Further, we use the classification accuracy to guide a data-driven, iterative feature selection method, allowing the design neural networks requiring 90% fewer input features with little accuracy degradation.",None
https://openreview.net/forum?id=SkymMAxAb,AirNet: a machine learning dataset for air quality forecasting,None,None,"In the past decade, many urban areas in China have suffered from serious air pollution problems, making air quality forecast a hot spot. Conventional approaches rely on numerical methods to estimate the pollutant concentration and require lots of computing power. To solve this problem, we applied the widely used deep learning methods. Deep learning requires large-scale datasets to train an effective model. In this paper, we introduced a new dataset, entitled as AirNet, containing the 0.25 degree resolution grid map of mainland China, with more than two years of continued air quality measurement and meteorological data. We published this dataset as an open resource for machine learning researches and set up a baseline of a 5-day air pollution forecast. The results of experiments demonstrated that this dataset could facilitate the development of new algorithms on the air quality forecast.",None
https://openreview.net/forum?id=SJd0EAy0b,Generalized Graph Embedding Models,representation learning; knowledge graphs; relational inference; link prediction; multi-label classification; knowledge base completion,Generalized Graph Embedding Models,"Many types of relations in physical, biological, social and information systems can be modeled as homogeneous or heterogeneous concept graphs. Hence, learning from and with graph embeddings has drawn a great deal of research interest recently, but only ad hoc solutions have been obtained this far. In this paper, we conjecture that the one-shot supervised learning mechanism is a bottleneck in improving the performance of the graph embedding learning algorithms, and propose to extend this by introducing a multi-shot unsupervised learning framework. Empirical results on several real-world data set show that the proposed model consistently and significantly outperforms existing state-of-the-art approaches on knowledge base completion and graph based multi-label classification tasks.",None
https://openreview.net/forum?id=H1LAqMbRW,Latent forward model for Real-time Strategy game planning with incomplete information,Real time strategy; latent space; forward model; monte carlo tree search; reinforcement learning; planning,"The paper analyzes the latent space learned by model-free approaches in a miniature incomplete information game, trains a forward model in the latent space and apply it to Monte-Carlo Tree Search, yielding positive performance.","Model-free deep reinforcement learning approaches have shown superhuman performance in simulated environments (e.g., Atari games, Go, etc). During training, these approaches often implicitly construct a latent space that contains key information for decision making. In this paper, we learn a forward model on this latent space and apply it to model-based planning in miniature Real-time Strategy game with incomplete information (MiniRTS). We first show that the latent space constructed from existing actor-critic models contains relevant information of the game, and design training procedure to learn forward models. We also show that our learned forward model can predict meaningful future state and is usable for latent space Monte-Carlo Tree Search (MCTS), in terms of win rates against rule-based agents.",None
https://openreview.net/forum?id=H1OQukZ0-,Online Hyper-Parameter Optimization,hyper-parameters; optimization,An algorithm for optimizing regularization hyper-parameters during training,"We propose an efficient online hyperparameter optimization method which uses a joint dynamical system to evaluate the gradient with respect to the hyperparameters. While similar methods are usually limited to hyperparameters with a smooth impact on the model, we show how to apply it to the probability of dropout in neural networks. Finally, we show its effectiveness on two distinct tasks.",None
https://openreview.net/forum?id=HksxTdiWz,withdrawn,None,None,Paper was withdrawn.,None
https://openreview.net/forum?id=HklZOfW0W,UPS: optimizing Undirected Positive Sparse graph for neural graph filtering,None,Graph Optimization with signal filtering in the vertex domain.,"In this work we propose a novel approach for learning graph representation of the data using gradients obtained via backpropagation. Next we build a neural network architecture compatible with our optimization approach and motivated by graph filtering in the vertex domain. We demonstrate that the learned graph has richer structure than often used nearest neighbors graphs constructed based on features similarity. Our experiments demonstrate that we can improve prediction quality for several convolution on graphs architectures, while others appeared to be insensitive to the input graph.",None
https://openreview.net/forum?id=BJgPCveAW,Characterizing Sparse Connectivity Patterns in Neural Networks,Machine learning; Neural networks; Sparse neural networks; Pre-defined sparsity; Scatter; Connectivity patterns; Adjacency matrix; Parameter Reduction; Morse code,Neural networks can be pre-defined to have sparse connectivity without performance degradation.,"We propose a novel way of reducing the number of parameters in the storage-hungry fully connected layers of a neural network by using pre-defined sparsity, where the majority of connections are absent prior to starting training. Our results indicate that convolutional neural networks can operate without any loss of accuracy at less than 0.5% classification layer connection density, or less than 5% overall network connection density. We also investigate the effects of pre-defining the sparsity of networks with only fully connected layers. Based on our sparsifying technique, we introduce the `scatter' metric to characterize the quality of a particular connection pattern. As proof of concept, we show results on CIFAR, MNIST and a new dataset on classifying Morse code symbols, which highlights some interesting trends and limits of sparse connection patterns.",None
https://openreview.net/forum?id=SkZ-BnyCW,Learning Deep Generative Models With Discrete Latent Variables,deep generative models; deep learning,None,"There have been numerous recent advancements on learning deep generative models with latent variables thanks to the reparameterization trick that allows to train deep directed models effectively.  However, since reparameterization trick only works on continuous variables, deep generative models with discrete latent variables still remain hard to train and perform considerably worse than their continuous counterparts. In this paper, we attempt to shrink this gap by introducing a new architecture and its learning procedure.  We develop a hybrid generative model with binary latent variables that consists of an undirected graphical model and a deep neural network. We propose an efficient two-stage pretraining and training procedure that is crucial for learning these models. Experiments on binarized digits and images of natural scenes demonstrate that our model achieves close to the state-of-the-art performance in terms of density estimation and is capable of generating coherent images of natural scenes.",None
https://openreview.net/forum?id=r1PaPUsXM,Deep Epitome for Unravelling Generalized Hamming Network: A Fuzzy Logic Interpretation of Deep Learning,deep learning; CNN; fuzzy logic; generalized hamming distance,bridge the gap in soft computing,"This paper gives a rigorous analysis of trained Generalized Hamming Networks (GHN) proposed by Fan (2017) and discloses an interesting finding about GHNs, i.e. stacked convolution layers in a GHN is equivalent to a single yet wide convolution layer. The revealed equivalence, on the theoretical side, can be regarded as a constructive manifestation of the universal approximation theorem Cybenko (1989); Hornik (1991). In practice, it has profound and multi-fold implications. For network visualization, the constructed deep epitomes at each layer provide a visualization of network internal representation that does not rely on the input data. Moreover, deep epitomes allows the direct extraction of features in just one step, without resorting to regularized optimizations used in existing visualization tools.",None
https://openreview.net/forum?id=S1GDXzb0b,Model-based imitation learning from state trajectories,Model based reinforcement learning; Imitation learning; dynamics model,Learning to imitate an expert in the absence of optimal actions learning a dynamics model while exploring the environment.,"Imitation learning from demonstrations usually relies on learning a policy from trajectories of optimal states and actions. However, in real life expert demonstrations, often the action information is missing and only state trajectories are available. We present a model-based imitation learning method that can learn environment-specific optimal actions only from expert state trajectories. Our proposed method starts with a model-free reinforcement learning algorithm with a heuristic reward signal to sample environment dynamics, which is then used to train the state-transition probability. Subsequently, we learn the optimal actions from expert state trajectories by supervised learning, while back-propagating the error gradients through the modeled environment dynamics. Experimental evaluations show that our proposed method successfully achieves performance similar to (state, action) trajectory-based traditional imitation learning methods even in the absence of action information, with much fewer iterations compared to conventional model-free reinforcement learning methods. We also demonstrate that our method can learn to act from only video demonstrations of expert agent for simple games and can learn to achieve desired performance in less number of iterations.",None
https://openreview.net/forum?id=SJDYgPgCZ,Understanding Local Minima in Neural Networks by Loss Surface Decomposition,neural network; local minima; global minima; saddle point; optimization; loss surface; rectified linear unit; loss surface decomposition; gradient descent,The loss surface of neural networks is a disjoint union of regions where every local minimum is a global minimum of the corresponding region.,"To provide principled ways of designing proper Deep Neural Network (DNN) models, it is essential to understand the loss surface of DNNs under realistic assumptions. We introduce interesting aspects for understanding the local minima and overall structure of the loss surface. The parameter domain of the loss surface can be decomposed into regions in which activation values (zero or one for rectified linear units) are consistent. We found that, in each region, the loss surface have properties similar to that of linear neural networks where every local minimum is a global minimum. This means that every differentiable local minimum is the global minimum of the corresponding region. We prove that for a neural network with one hidden layer using rectified linear units under realistic assumptions. There are poor regions that lead to poor local minima, and we explain why such regions exist even in the overparameterized DNNs.",None
https://openreview.net/forum?id=Byj54-bAW,A Tensor Analysis on Dense Connectivity via Convolutional Arithmetic Circuits,DenseNets; Tensor Analysis; Convolutional Arithmetic Circuits,We analyze the expressive power of the connections used in DenseNets via tensor decompositions.,"Several state of the art convolutional networks rely on inter-connecting different layers to ease the flow of information and gradient between their input and output layers. These techniques have enabled practitioners to successfully train deep convolutional networks with hundreds of layers. Particularly, a novel way of interconnecting layers was introduced as the Dense Convolutional Network (DenseNet) and has achieved state of the art performance on relevant image recognition tasks. Despite their notable empirical success, their theoretical understanding is still limited. In this work, we address this problem by analyzing the effect of layer interconnection on the overall expressive power of a convolutional network. In particular, the  connections used in DenseNet are compared with other types of inter-layer connectivity. We carry out a tensor analysis on the expressive power inter-connections on convolutional arithmetic circuits (ConvACs) and relate our results to standard convolutional networks. The analysis leads to performance bounds and practical guidelines for design of ConvACs. The generalization of these results are discussed for other kinds of convolutional networks via generalized tensor decompositions.",None
https://openreview.net/forum?id=S1q_Cz-Cb,Training Neural Machines with Partial Traces,Neural Abstract Machines; Neural Turing Machines; Neural Random Access Machines; Program Synthesis; Program Induction,We increase the amount of trace supervision possible to utilize when training fully differentiable neural machine architectures.,"We present a novel approach for training neural abstract architectures which in- corporates (partial) supervision over the machine’s interpretable components. To cleanly capture the set of neural architectures to which our method applies, we introduce the concept of a differential neural computational machine (∂NCM) and show that several existing architectures (e.g., NTMs, NRAMs) can be instantiated as a ∂NCM and can thus benefit from any amount of additional supervision over their interpretable components. Based on our method, we performed a detailed experimental evaluation with both, the NTM and NRAM architectures, and showed that the approach leads to significantly better convergence and generalization capabilities of the learning phase than when training using only input-output examples.",None
https://openreview.net/forum?id=HJtPtdqQG,Dynamically Learning the Learning Rates:  Online Hyperparameter Optimization,hyperparameters; optimization; SGD; Adam; Bayesian,Bayesian optimization based online hyperparameter optimization.,"Hyperparameter tuning is arguably the most important ingredient for obtaining state of art performance in deep networks.  We focus on hyperparameters  that are related to the optimization algorithm, e.g.  learning rates, which have a large impact on the training speed and the resulting accuracy. Typically, fixed learning rate schedules are employed during training. We propose Hyperdyn a dynamic hyperparameter optimization method that selects new learning rates on the fly at the end of each epoch. Our explore-exploit   framework  combines Bayesian optimization (BO) with a rejection strategy, based on a simple probabilistic wait and watch test.   We obtain state of  art accuracy results on CIFAR and Imagenet datasets, but with significantly faster training, when compared with the best manually tuned networks.",None
https://openreview.net/forum?id=S1FFLWWCZ,"LSD-Net: Look, Step and Detect for Joint Navigation and Multi-View Recognition with Deep Reinforcement Learning",None,None,"Multi-view recognition is the task of classifying an object from multi-view image sequences. Instead of using a single-view for classification, humans generally navigate around a target object to learn its multi-view representation. Motivated by this human behavior, the next best view can be learned by combining object recognition with navigation in complex environments. Since deep reinforcement learning has proven successful in navigation tasks, we propose a novel multi-task reinforcement learning framework for joint multi-view recognition and navigation. Our method uses a hierarchical action space for multi-task reinforcement learning. The framework was evaluated with an environment created from the ModelNet40 dataset. Our results show improvements on object recognition and demonstrate human-like behavior on navigation.",None
https://openreview.net/forum?id=SyYYPdg0-,Counterfactual Image Networks,computer vision; image segmentation; generative models; adversarial networks; unsupervised learning,Weakly-supervised image segmentation using compositional structure of images and generative models.,"We capitalize on the natural compositional structure of images in order to learn object segmentation with weakly labeled images. The intuition behind our approach is that removing objects from images will yield natural images, however removing random patches will yield unnatural images. We leverage this signal to develop a generative model that decomposes an image into layers, and when all layers are combined, it reconstructs the input image. However, when a layer is removed, the model learns to produce a different image that still looks natural to an adversary, which is possible by removing objects. Experiments and visualizations suggest that this model automatically learns object segmentation on images labeled only by scene better than baselines.",None
https://openreview.net/forum?id=Hymt27b0Z,MINE: Mutual Information Neural Estimation,Deep Learning; Neural Networks; Information Theory; Generative models; GAN; Adversarial,A scalable in sample size and dimensions mutual information estimator.,"This paper presents a Mutual Information Neural Estimator (MINE) that is linearly scalable in dimensionality as well as in sample size. MINE is  back-propable and we prove that it is strongly consistent. We illustrate a handful of applications in which MINE is succesfully applied  to enhance the property of generative models in both unsupervised and supervised settings. We apply our framework to estimate the information bottleneck, and apply it in tasks related to supervised classification problems. Our results  demonstrate substantial added flexibility and improvement in these settings.",None
https://openreview.net/forum?id=rJL6pz-CZ,Transfer Learning on Manifolds via Learned Transport Operators,manifold learning; transfer learning,Learning transport operators on manifolds forms a valuable representation for doing tasks like transfer learning.,"Within-class variation in a high-dimensional dataset can be modeled as being on a low-dimensional manifold due to the constraints of the physical processes producing that variation (e.g., translation, illumination, etc.). We desire a method for learning a representation of the manifolds induced by identity-preserving transformations that can be used to increase robustness, reduce the training burden, and encourage interpretability in machine learning tasks. In particular, what is needed is a representation of the transformation manifold that can robustly capture the shape of the manifold from the input data, generate new points on the manifold, and extend transformations outside of the training domain without significantly increasing the error. Previous work has proposed algorithms to efficiently learn analytic operators (called transport operators) that define the process of transporting one data point on a manifold to another.  The main contribution of this paper is to define two transfer learning methods that use this generative manifold representation to learn natural transformations and incorporate them into new data. The first method uses this representation in a novel randomized approach to transfer learning that employs the learned generative model to map out unseen regions of the data space. These results are shown through demonstrations of transfer learning in a data augmentation task for few-shot image classification. The second method use of transport operators for injecting specific transformations into new data examples which allows for realistic image animation and informed data augmentation.  These results are shown on stylized constructions using the classic swiss roll data structure and in demonstrations of transfer learning in a data augmentation task for few-shot image classification. We also propose the use of transport operators for injecting transformations into new data examples which allows for realistic image animation.",None
https://openreview.net/forum?id=ByhthReRb,A Neural Method for Goal-Oriented Dialog Systems to interact with Named Entities,Named Entities; Neural methods; Goal oriented dialog,None,"Many goal-oriented dialog tasks, especially ones in which the dialog system has to interact with external knowledge sources such as databases, have to handle a large number of Named Entities (NEs). There are at least two challenges in handling NEs using neural methods in such settings: individual NEs may occur only rarely making it hard to learn good representations of them, and many of the Out Of Vocabulary words that occur during test time may be NEs. Thus, the need to interact well with these NEs has emerged as a serious challenge to building neural methods for goal-oriented dialog tasks. In this paper, we propose a new neural method for this problem, and present empirical evaluations on a structured Question answering task and three related goal-oriented dialog tasks that show that our proposed method can be effective in interacting with NEs in these settings.",None
https://openreview.net/forum?id=rJssAZ-0-,TRL: Discriminative Hints for Scalable Reverse Curriculum Learning,deep learning; deep reinforcement learning; robotics; perception,"We propose Tendency RL to efficiently solve goal-oriented tasks with large state space using automated curriculum learning and discriminative shaping reward, which has the potential to tackle robot manipulation tasks with perception.","Deep reinforcement learning algorithms have proven successful in a variety of domains. However, tasks with sparse rewards remain challenging when the state space is large. Goal-oriented tasks are among the most typical problems in this domain, where a reward can only be received when the final goal is accomplished. In this work, we propose a potential solution to such problems with the introduction of an experience-based tendency reward mechanism, which provides the agent with additional hints based on a discriminative learning on past experiences during an automated reverse curriculum. This mechanism not only provides dense additional learning signals on what states lead to success, but also allows the agent to retain only this tendency reward instead of the whole histories of experience during multi-phase curriculum learning. We extensively study the advantages of our method on the standard sparse reward domains like Maze and Super Mario Bros and show that our method performs more efficiently and robustly than prior approaches in tasks with long time horizons and large state space. In addition, we demonstrate that using an optional keyframe scheme with very small quantity of key states, our approach can solve difficult robot manipulation challenges directly from perception and sparse rewards.",None
https://openreview.net/forum?id=BJ78bJZCZ,Efficiently applying attention to sequential data with the Recurrent Discounted Attention unit,RNNs,We introduce the Recurrent Discounted Unit which applies attention to any length sequence in linear time,"Recurrent Neural Networks architectures excel at processing sequences by
modelling dependencies over different timescales. The recently introduced
Recurrent Weighted Average (RWA) unit captures long term dependencies
far better than an LSTM on several challenging tasks. The RWA achieves
this by applying attention to each input and computing a weighted average
over the full history of its computations. Unfortunately, the RWA cannot
change the attention it has assigned to previous timesteps, and so struggles
with carrying out consecutive tasks or tasks with changing requirements.
We present the Recurrent Discounted Attention (RDA) unit that builds on
the RWA by additionally allowing the discounting of the past.
We empirically compare our model to RWA, LSTM and GRU units on
several challenging tasks. On tasks with a single output the RWA, RDA and
GRU units learn much quicker than the LSTM and with better performance.
On the multiple sequence copy task our RDA unit learns the task three
times as quickly as the LSTM or GRU units while the RWA fails to learn at
all. On the Wikipedia character prediction task the LSTM performs best
but it followed closely by our RDA unit. Overall our RDA unit performs
well and is sample efficient on a large variety of sequence tasks.",None
https://openreview.net/forum?id=Hyp3i2xRb,Overcoming the vanishing gradient problem in plain recurrent networks,vanishing gradient descent; recurrent neural networks; identity mapping,We propose a novel network called the Recurrent Identity Network (RIN) which allows a plain recurrent network to overcome the vanishing gradient problem while training very deep models without the use of gates.,"Plain recurrent networks greatly suffer from the vanishing gradient problem while Gated Neural Networks (GNNs) such as Long-short Term Memory (LSTM) and Gated Recurrent Unit (GRU) deliver promising results in many sequence learning tasks through sophisticated network designs. This paper shows how we can address this problem in a plain recurrent network by analyzing the gating mechanisms in GNNs. We propose a novel network called the Recurrent Identity Network (RIN) which allows a plain recurrent network to overcome the vanishing gradient problem while training very deep models without the use of gates. We compare this model with IRNNs and LSTMs on multiple sequence modeling benchmarks. The RINs demonstrate competitive performance and converge faster in all tasks. Notably, small RIN models produce 12%–67% higher accuracy on the Sequential and Permuted MNIST datasets and reach state-of-the-art performance on the bAbI question answering dataset.",None
https://openreview.net/forum?id=HJ4YGZ-AW,A Neural-Symbolic Approach to Natural Language Tasks,Deep learning; tensor product representation; LSTM; image captioning,This paper is intended to develop a tensor product representation approach for deep-learning-based natural language processinig applications.,"Deep learning (DL) has in recent years been widely used in natural
language processing (NLP) applications due to its superior
performance. However, while natural languages are rich in
grammatical structure, DL has not been able to explicitly
represent and enforce such structures. This paper proposes a new
architecture to bridge this gap by exploiting tensor product
representations (TPR), a structured neural-symbolic framework
developed in cognitive science over the past 20 years, with the
aim of integrating DL with explicit language structures and rules.
We call it the Tensor Product Generation Network
(TPGN), and apply it to image captioning. The key
ideas of TPGN are: 1) unsupervised learning of
role-unbinding vectors of words via a TPR-based deep neural
network, and 2) integration of TPR with typical DL architectures
including Long Short-Term Memory (LSTM) models. The novelty of our
approach lies in its ability to generate a sentence and extract
partial grammatical structure of the sentence by using
role-unbinding vectors, which are obtained in an unsupervised
manner. Experimental results demonstrate the effectiveness of the
proposed approach.",None
https://openreview.net/forum?id=HkbmWqxCZ,The Mutual Autoencoder: Controlling Information in Latent Code Representations,None,None,"Variational autoencoders (VAE) learn probabilistic latent variable models by optimizing a bound on the marginal likelihood of the observed data. Beyond providing a good density model a VAE model assigns to each data instance a latent code. In many applications, this latent code provides a useful high-level summary of the observation. However, the VAE may fail to learn a useful representation when the decoder family is very expressive. This is because maximum likelihood does not explicitly encourage useful representations and the latent variable is used only if it helps model the marginal distribution. This makes representation learning with VAEs unreliable. To address this issue, we propose a method for explicitly controlling the amount of information stored in the latent code. Our method can learn codes ranging from independent to nearly deterministic while benefiting from decoder capacity. Thus, we decouple the choice of decoder capacity and the latent code dimensionality from the amount of information stored in the code.",None
https://openreview.net/forum?id=rJa90ceAb,Learning to Generate Filters for Convolutional Neural Networks,filter generation; meta-learning; filter repository; image classification; dynamic generation,dynamically generate filters conditioned on the input image for CNNs in each forward pass,"Conventionally, convolutional neural networks (CNNs) process different images with the same set of filters. However, the variations in images pose a challenge to this fashion. In this paper, we propose to generate sample-specific filters for convolutional layers in the forward pass. Since the filters are generated on-the-fly, the model becomes more flexible and can better fit the training data compared to traditional CNNs. In order to obtain sample-specific features, we extract the intermediate feature maps from an autoencoder. As filters are usually high dimensional, we propose to learn a set of coefficients instead of a set of filters. These coefficients are used to linearly combine the base filters from a filter repository to generate the final filters for a CNN. The proposed method is evaluated on MNIST, MTFL and CIFAR10 datasets. Experiment results demonstrate that the classification accuracy of the baseline model can be improved by using the proposed filter generation method.",None
https://openreview.net/forum?id=ryEJWe2HM,Melody Generation for Pop Music via Word Representation of Musical Properties,music; lstm; gan; generation; rnn; hmm,"We propose a novel model to represent notes and their properties, which can enhance the automatic melody generation.","Automatic melody generation for pop music has been a long-time aspiration for
both AI researchers and musicians. However, learning to generate euphonious
melody has turned out to be highly challenging due to a number of factors. Representation
of multivariate property of notes has been one of the primary challenges.
It is also difficult to remain in the permissible spectrum of musical variety, outside
of which would be perceived as a plain random play without auditory pleasantness.
Observing the conventional structure of pop music poses further challenges.
In this paper, we propose to represent each note and its properties as a unique
‘word,’ thus lessening the prospect of misalignments between the properties, as
well as reducing the complexity of learning. We also enforce regularization policies
on the range of notes, thus encouraging the generated melody to stay close
to what humans would find easy to follow. Furthermore, we generate melody
conditioned on song part information, thus replicating the overall structure of a
full song. Experimental results demonstrate that our model can generate auditorily
pleasant songs that are more indistinguishable from human-written ones than
previous models.",None
https://openreview.net/forum?id=HyDAQl-AW,Time Limits in Reinforcement Learning,reinforcement learning; Markov decision processes; deep learning,We consider the problem of learning optimal policies in time-limited and time-unlimited domains using time-limited interactions.,"In reinforcement learning, it is common to let an agent interact with its environment for a fixed amount of time before resetting the environment and repeating the process in a series of episodes. The task that the agent has to learn can either be to maximize its performance over (i) that fixed amount of time, or (ii) an indefinite period where the time limit is only used during training. In this paper, we investigate theoretically how time limits could effectively be handled in each of the two cases. In the first one, we argue that the terminations due to time limits are in fact part of the environment, and propose to include a notion of the remaining time as part of the agent's input. In the second case, the time limits are not part of the environment and are only used to facilitate learning. We argue that such terminations should not be treated as environmental ones and propose a method, specific to value-based algorithms, that incorporates this insight by continuing to bootstrap at the end of each partial episode. To illustrate the significance of our proposals, we perform several experiments on a range of environments from simple few-state transition graphs to complex control tasks, including novel and standard benchmark domains. Our results show that the proposed methods improve the performance and stability of existing reinforcement learning algorithms.",None
https://openreview.net/forum?id=r1CE9GWR-,Understanding GANs: the LQG Setting,Generative Adversarial Networks; Wasserstein; Generalization; PCA,None,"Generative Adversarial Networks (GANs) have become a popular method to learn a probability model from data. Many GAN architectures with different optimization metrics have been introduced recently. Instead of proposing yet another architecture, this  paper aims to provide an understanding of some of the basic issues surrounding GANs. First, we propose a natural way of specifying the loss function for GANs by drawing a connection with supervised learning. Second, we shed light on the statistical performance of GANs through the analysis of a simple LQG setting: the generator is linear, the loss function is quadratic and the data is drawn from a Gaussian distribution. We show that  in this setting: 1) the optimal GAN solution converges to population Principal Component Analysis (PCA) as the number of training samples increases; 2) the number of samples required scales exponentially with the dimension of the data; 3) the number of samples scales almost linearly if the discriminator is constrained to be quadratic. Moreover, under this quadratic constraint on the discriminator, the optimal finite-sample GAN performs simply empirical PCA.",None
https://openreview.net/forum?id=SkNQeiRpb,Training Deep AutoEncoders for Recommender Systems,autoencoder; recommendations; collaborative filtering; selu,This paper demonstrates how to train deep autoencoders end-to-end to achieve SoA results on time-split Netflix data set.,"This paper proposes a new model for the rating prediction task in recommender systems which significantly outperforms previous state-of-the art models on a time-split Netflix data set. Our model is based on deep autoencoder with 6 layers and is trained end-to-end without any layer-wise pre-training. We empirically demonstrate that: a) deep autoencoder models generalize much better than the shallow ones, b) non-linear activation functions with negative parts are crucial for training deep models, and c) heavy use of regularization techniques such as dropout is necessary to prevent over-fitting. We also propose a new training algorithm based on iterative output re-feeding to overcome natural sparseness of collaborate filtering. The new algorithm significantly speeds up training and improves model performance. Our code is publicly available.",None
https://openreview.net/forum?id=rk3mjYRp-,Diffusing Policies : Towards Wasserstein Policy Gradient Flows,Optimal transport; policy gradients; entropy regularization; reinforcement learning; heat equation; Wasserstein; JKO; gradient flows,"Linking Wasserstein-trust region entropic policy gradients, and the heat equation.","Policy gradients methods often achieve better performance when the change in policy is limited to a small Kullback-Leibler divergence. We derive policy gradients where the change in policy is limited to a small Wasserstein distance (or trust region). This is done in the discrete and continuous multi-armed bandit settings with entropy regularisation. We show that in the small steps limit with respect to the Wasserstein distance $W_2$, policy dynamics are governed by the heat equation, following the Jordan-Kinderlehrer-Otto result. This means that policies undergo diffusion and advection, concentrating near actions with high reward. This helps elucidate the nature of convergence in the probability matching setup, and provides justification for empirical practices such as Gaussian policy priors and additive gradient noise.",None
https://openreview.net/forum?id=HJdXGy1RW,CrescendoNet: A Simple Deep Convolutional Neural Network with Ensemble Behavior,CNN; ensemble; image recognition,"We introduce CrescendoNet, a deep CNN architecture by stacking simple building blocks without residual connections.","We introduce a new deep convolutional neural network, CrescendoNet, by stacking simple building blocks without residual connections. Each Crescendo block contains independent convolution paths with increased depths. The numbers of convolution layers and parameters are only increased linearly in Crescendo blocks. In experiments, CrescendoNet with only 15 layers outperforms almost all networks without residual connections on benchmark datasets, CIFAR10, CIFAR100, and SVHN. Given sufficient amount of data as in SVHN dataset, CrescendoNet with 15 layers and 4.1M parameters can match the performance of DenseNet-BC with 250 layers and 15.3M parameters. CrescendoNet provides a new way to construct high performance deep convolutional neural networks without residual connections. Moreover, through investigating the behavior and performance of subnetworks in CrescendoNet, we note that the high performance of CrescendoNet may come from its implicit ensemble behavior, which differs from the FractalNet that is also a deep convolutional neural network without residual connections. Furthermore, the independence between paths in CrescendoNet allows us to introduce a new path-wise training procedure, which can reduce the memory needed for training.",None
https://openreview.net/forum?id=rJWrK9lAb,Autoregressive Generative Adversarial Networks,Generative Adversarial Networks; Latent Space Modeling,None,"Generative Adversarial Networks (GANs) learn a generative model by playing an adversarial game between a generator and an auxiliary discriminator, which classifies data samples vs. generated ones. However, it does not explicitly model feature co-occurrences in samples. In this paper, we propose a novel Autoregressive Generative Adversarial Network (ARGAN), that models the latent distribution of data using an autoregressive model, rather than relying on binary classification of samples into data/generated categories. In this way, feature co-occurrences in samples can be more efficiently captured. Our model was evaluated on two widely used datasets: CIFAR-10 and STL-10. Its performance is competitive with respect to other GAN models both quantitatively and qualitatively.",None
https://openreview.net/forum?id=HyTrSegCb,Achieving morphological agreement with Concorde,NLP; morphology; seq2seq,Proposed architecture to solve morphological agreement task,"Neural conversational models are widely used in applications like personal assistants and chat bots. These models seem to give better performance when operating on word level. However, for fusion languages like French, Russian and Polish vocabulary size sometimes become infeasible since most of the words have lots of word forms. We propose a neural network architecture for transforming normalized text into a grammatically correct one. Our model efficiently employs correspondence between normalized and target words and significantly outperforms character-level models while being 2x faster in training and 20\% faster at evaluation. We also propose a new pipeline for building conversational models: first generate a normalized answer and then transform it into a grammatically correct one using our network. The proposed pipeline gives better performance than character-level conversational models according to assessor testing.",None
https://openreview.net/forum?id=rJ8X2VT7M,Information Theoretic Co-Training,co-training; phonetics; unsupervised learning; mutual information,Presents an information theoretic training objective for co-training and demonstrates its power in unsupervised learning of phonetics.,"This paper introduces an information theoretic co-training objective for unsupervised learning.  We consider the problem of predicting the future. Rather than predict future sensations (image pixels or sound waves) we predict ``hypotheses'' to be confirmed by future sensations. More formally, we assume a population distribution on pairs $(x,y)$ where we can think of $x$ as a past sensation and $y$ as a future sensation. We train both a predictor model $P_\Phi(z|x)$ and a confirmation model $P_\Psi(z|y)$ where we view $z$ as hypotheses (when predicted) or facts (when confirmed). For a population distribution on pairs $(x,y)$ we focus on the problem of measuring the mutual information between $x$ and $y$. By the data processing inequality this mutual information is at least as large as the mutual information between $x$ and $z$ under the distribution on triples $(x,z,y)$ defined by the confirmation model $P_\Psi(z|y)$. The information theoretic training objective for $P_\Phi(z|x)$ and $P_\Psi(z|y)$ can be viewed as a form of co-training where we want the prediction from $x$ to match the confirmation from $y$. We give experiments on applications to learning phonetics on the TIMIT dataset.",None
https://openreview.net/forum?id=SkfNU2e0Z,Statestream: A toolbox to explore layerwise-parallel deep neural networks,model-parallel; parallelization; software platform,"We define a concept of layerwise model-parallel deep neural networks, for which layers operate in parallel, and provide a toolbox to design, train, evaluate, and on-line interact with these networks.","Building deep neural networks to control autonomous agents which have to interact in real-time with the physical world, such as robots or automotive vehicles, requires a seamless integration of time into a network’s architecture. The central question of this work is, how the temporal nature of reality should be reflected in the execution of a deep neural network and its components. Most artificial deep neural networks are partitioned into a directed graph of connected modules or layers and the layers themselves consist of elemental building blocks, such as single units. For most deep neural networks, all units of a layer are processed synchronously and in parallel, but layers themselves are processed in a sequential manner. In contrast, all elements of a biological neural network are processed in parallel. In this paper, we define a class of networks between these two extreme cases. These networks are executed in a streaming or synchronous layerwise-parallel manner, unlocking the layers of such networks for parallel processing. Compared to the standard layerwise-sequential deep networks, these new layerwise-parallel networks show a fundamentally different temporal behavior and flow of information, especially for networks with skip or recurrent connections. We argue that layerwise-parallel deep networks are better suited for future challenges of deep neural network design, such as large functional modularized and/or recurrent architectures as well as networks allocating different network capacities dependent on current stimulus and/or task complexity. We layout basic properties and discuss major challenges for layerwise-parallel networks. Additionally, we provide a toolbox to design, train, evaluate, and online-interact with layerwise-parallel networks.",None
https://openreview.net/forum?id=ryOegkTXf,Deep Active Learning over the Long Tail,Active Learning; Deep Learning; Coreset; Deep Representation; Compression,None,"This paper is concerned with pool-based active learning for deep neural networks. Motivated by coreset dataset compression ideas, we present a novel active learning algorithm that queries consecutive points from the pool using farthest-first traversals in the space of neural activation over a representation layer. We show consistent and overwhelming improvement in sample complexity over passive learning (random sampling) for three datasets: MNIST, Cifar-10, and Cifar-100. In addition, our algorithm outperforms the traditional uncertainty sampling technique (obtained using softmax activations), and we identify cases where uncertainty sampling is only slightly better than random sampling.",None
https://openreview.net/forum?id=SJPpHzW0-,Influence-Directed Explanations for Deep Convolutional Networks,Deep neural networks; convolutional networks; influence measures; explanations,"We present an influence-directed approach to constructing explanations for the behavior of deep convolutional networks, and show how it can be used to answer a broad set of questions that could not be addressed by prior work.","We study the problem of explaining a rich class of behavioral properties of deep neural networks. Our influence-directed explanations approach this problem by peering inside the network to identify neurons with high influence on the property of interest using an axiomatically justified influence measure, and then providing an interpretation for the concepts these neurons represent. We evaluate our approach by training convolutional neural networks on Pubfig, ImageNet, and Diabetic Retinopathy datasets.  Our evaluation demonstrates that influence-directed explanations (1) localize features used by the network, (2) isolate features distinguishing related instances, (3) help extract the essence of what the network learned about the class, and (4) assist in debugging misclassifications.",None
https://openreview.net/forum?id=r1Oen--RW,The (Un)reliability of saliency methods,Deep learning interpretability; understanding,Attribution can sometimes be misleading,"Saliency methods aim to explain the predictions of deep neural networks. These methods lack reliability when the explanation is sensitive to factors that do not contribute to the model prediction. We use a simple and common pre-processing step ---adding a mean shift to the input data--- to show that a transformation with no effect on the model can cause numerous methods to incorrectly attribute. We define input invariance as the requirement that a saliency method mirror the sensitivity of the model with respect to transformations of the input. We show, through several examples, that saliency methods that do not satisfy a input invariance property are unreliable and can lead to misleading and inaccurate attribution.",None
https://openreview.net/forum?id=H1K6Tb-AZ,TESLA: Task-wise Early Stopping and Loss Aggregation for Dynamic Neural Network Inference,None,None,"For inference operations in deep neural networks on end devices, it is desirable to deploy a single pre-trained neural network model, which can dynamically scale across a computation range without comprising accuracy. To achieve this goal, Incomplete Dot Product (IDP) has been proposed to use only a subset of terms in dot products during forward propagation. However, there are some limitations, including noticeable performance degradation in operating regions with low computational costs, and essential performance limitations since IDP uses hand-crafted profile coefficients. In this paper, we extend IDP by proposing new training algorithms involving a single profile, which may be trainable or pre-determined, to significantly improve the overall performance, especially in operating regions with low computational costs. Specifically, we propose the Task-wise Early Stopping and Loss Aggregation (TESLA) algorithm, which is showed in our 3-layer multilayer perceptron on MNIST that outperforms the original IDP by 32\% when only 10\% of dot products terms are used and achieves 94.7\% accuracy on average. By introducing trainable profile coefficients, TESLA further improves the accuracy to 95.5\% without specifying coefficients in advance. Besides, TESLA is applied to the VGG-16 model, which achieves 80\% accuracy using only 20\% of dot product terms on CIFAR-10 and also keeps 60\% accuracy using only 30\% of dot product terms on CIFAR-100, but the original IDP performs like a random guess in these two datasets at such low computation costs. Finally, we visualize the learned representations at different dot product percentages by class activation map and show that, by applying TESLA, the learned representations can adapt over a wide range of operation regions.",None
https://openreview.net/forum?id=HJr4QJ26W,Improving image generative models with human interactions,human in the loop; GANs; generative adversarial networks; image generative models; computer vision,"We describe how to improve an image generative model according to a slow- or difficult-to-evaluate objective, such as human feedback, which could have many applications, like making more aesthetic images.","GANs provide a framework for training generative models which mimic a data distribution. However, in many cases we wish to train a generative model to optimize some auxiliary objective function within the data it generates, such as making more aesthetically pleasing images. In some cases, these objective functions are difficult to evaluate, e.g. they may require human interaction. Here, we develop a system for efficiently training a GAN to increase a generic rate of positive user interactions, for example aesthetic ratings. To do this, we build a model of human behavior in the targeted domain from a relatively small set of interactions, and then use this behavioral model as an auxiliary loss function to improve the generative model. As a proof of concept, we demonstrate that this system is successful at improving positive interaction rates simulated from a variety of objectives, and characterize s",None
https://openreview.net/forum?id=HJPSN3gRW,Learning to navigate by distilling visual information and natural language instructions,Deep reinforcement learning; Computer Vision; Multi-modal fusion; Language Grounding,Attention based architecture for language grounding via reinforcement learning in a new customizable 2D grid environment,"In this work, we focus on the problem of grounding language by training an agent
to follow a set of natural language instructions and navigate to a target object
in a 2D grid environment. The agent receives visual information through raw
pixels and a natural language instruction telling what task needs to be achieved.
Other than these two sources of information, our model does not have any prior
information of both the visual and textual modalities and is end-to-end trainable.
We develop an attention mechanism for multi-modal fusion of visual and textual
modalities that allows the agent to learn to complete the navigation tasks and also
achieve language grounding. Our experimental results show that our attention
mechanism outperforms the existing multi-modal fusion mechanisms proposed in
order to solve the above mentioned navigation task. We demonstrate through the
visualization of attention weights that our model learns to correlate attributes of
the object referred in the instruction with visual representations and also show
that the learnt textual representations are semantically meaningful as they follow
vector arithmetic and are also consistent enough to induce translation between instructions
in different natural languages. We also show that our model generalizes
effectively to unseen scenarios and exhibit zero-shot generalization capabilities.
In order to simulate the above described challenges, we introduce a new 2D environment
for an agent to jointly learn visual and textual modalities",None
https://openreview.net/forum?id=S1fHmlbCW,Neural Networks for irregularly observed continuous-time Stochastic Processes,Deep Learning; Stochastic Processes; Time Series Analysis,Neural architectures providing representations of irregularly observed signals that provably enable signal reconstruction.,"Designing neural networks for continuous-time stochastic processes is challenging, especially when observations are made irregularly. In this article, we analyze neural networks from a frame theoretic perspective to identify the sufficient conditions that enable smoothly recoverable representations of signals in L^2(R). Moreover, we show that, under certain assumptions, these properties hold even when signals are irregularly observed. As we converge to the family of (convolutional) neural networks that satisfy these conditions, we show that we can optimize our convolution filters while constraining them so that they effectively compute a Discrete Wavelet Transform. Such a neural network can efficiently divide the time-axis of a signal into orthogonal sub-spaces of different temporal scale and localization. We evaluate the resulting neural network on an assortment of synthetic and real-world tasks: parsimonious auto-encoding, video classification, and financial forecasting.",None
https://openreview.net/forum?id=SJDJNzWAZ,Time-Dependent Representation for Neural Event Sequence Prediction,Neural sequence prediction; Embedding; LSTM; Regularization,Proposed methods for time-dependent event representation and regularization for sequence prediction; Evaluated these methods on five datasets that involve a range of sequence prediction tasks.,"Existing sequence prediction methods are mostly concerned with time-independent sequences, in which the actual time span between events is irrelevant and the distance between events is simply the difference between their order positions in the sequence. While this time-independent view of sequences is applicable for data such as natural languages, e.g., dealing with words in a sentence, it is inappropriate and inefficient for many real world events that are observed and collected at unequally spaced points of time as they naturally arise, e.g., when a person goes to a grocery store or makes a phone call. The time span between events can carry important information about the sequence dependence of human behaviors. In this work, we propose a set of methods for using time in sequence prediction. Because neural sequence models such as RNN are more amenable for handling token-like input, we propose two methods for time-dependent event representation, based on the intuition on how time is tokenized in everyday life and previous work on embedding contextualization. We also introduce two methods for using next event duration as regularization for training a sequence prediction model. We discuss these methods based on recurrent neural nets. We evaluate these methods as well as baseline models on five datasets that resemble a variety of sequence prediction tasks. The experiments revealed that the proposed methods offer accuracy gain over baseline models in a range of settings.",None
https://openreview.net/forum?id=BkiIkBJ0b,Do Deep Reinforcement Learning Algorithms really Learn to Navigate?,deep reinforcement learning; navigation; path-planning; mapping,We quantitatively and qualitatively evaluate deep reinforcement learning based navigation methods under a variety of conditions to answer the question of how close they are to replacing classical path planners and mapping algorithms.,"Deep reinforcement learning (DRL) algorithms have demonstrated progress in learning to find a goal in challenging environments. As the title of the paper by Mirowski et al. (2016) suggests, one might assume that DRL-based algorithms are able to “learn to navigate” and are thus ready to replace classical mapping and path-planning algorithms, at least in simulated environments. Yet, from experiments and analysis in this earlier work, it is not clear what strategies are used by these algorithms in navigating the mazes and finding the goal. In this paper, we pose and study this underlying question: are DRL algorithms doing some form of mapping and/or path-planning? Our experiments show that the algorithms are not memorizing the maps of mazes at the testing stage but, rather, at the training stage. Hence, the DRL algorithms fall short of qualifying as mapping or path-planning algorithms with any reasonable definition of mapping. We extend the experiments in Mirowski et al. (2016) by separating the set of training and testing maps and by a more ablative coverage of the space of experiments. Our systematic experiments show that the NavA3C-D1-D2-L algorithm, when trained and tested on the same maps, is able to choose the shorter paths to the goal. However, when tested on unseen maps the algorithm utilizes a wall-following strategy to find the goal without doing any mapping or path planning.",None
https://openreview.net/forum?id=rkTBjG-AZ,DeepArchitect: Automatically Designing and Training Deep Architectures,architecture search; deep learning; hyperparameter tuning,We describe a modular and composable language for describing expressive search spaces over architectures and simple model search algorithms applied to these search spaces.,"In deep learning, performance is strongly affected by the choice of architecture
and hyperparameters. While there has been extensive work on automatic hyperpa-
rameter optimization for simple spaces, complex spaces such as the space of deep
architectures remain largely unexplored. As a result, the choice of architecture is
done manually by the human expert through a slow trial and error process guided
mainly by intuition. In this paper we describe a framework for automatically
designing and training deep models. We propose an extensible and modular lan-
guage that allows the human expert to compactly represent complex search spaces
over architectures and their hyperparameters. The resulting search spaces are tree-
structured and therefore easy to traverse. Models can be automatically compiled to
computational graphs once values for all hyperparameters have been chosen. We
can leverage the structure of the search space to introduce different model search
algorithms, such as random search, Monte Carlo tree search (MCTS), and sequen-
tial model-based optimization (SMBO). We present experiments comparing the
different algorithms on CIFAR-10 and show that MCTS and SMBO outperform
random search. We also present experiments on MNIST, showing that the same
search space achieves near state-of-the-art performance with a few samples. These
experiments show that our framework can be used effectively for model discov-
ery, as it is possible to describe expressive search spaces and discover competitive
models without much effort from the human expert. Code for our framework and
experiments has been made publicly available",None
https://openreview.net/forum?id=SyrGJYlRZ,YellowFin and the Art of Momentum Tuning,adaptive optimizer; momentum; hyperparameter tuning,YellowFin is an SGD based optimizer with both momentum and learning rate adaptivity.,"Hyperparameter tuning is one of the most time-consuming workloads in deep learning. State-of-the-art optimizers, such as AdaGrad, RMSProp and Adam, reduce this labor by adaptively tuning an individual learning rate for each variable. Recently researchers have shown renewed interest in simpler methods like momentum SGD as they may yield better results. Motivated by this trend, we ask: can simple adaptive methods, based on SGD perform as well or better? We revisit the momentum SGD algorithm and show that hand-tuning a single learning rate and momentum makes it competitive with Adam. We then analyze its robustness to learning rate misspecification and objective curvature variation. Based on these insights, we design YellowFin, an automatic tuner for momentum and learning rate in SGD. YellowFin optionally uses a negative-feedback loop to compensate for the momentum dynamics in asynchronous settings on the fly. We empirically show YellowFin can converge in fewer iterations than Adam on ResNets and LSTMs for image recognition, language modeling and constituency parsing, with a speedup of up to $3.28$x in synchronous and up to $2.69$x in asynchronous settings.",None
https://openreview.net/forum?id=S1NHaMW0b,ShakeDrop regularization,None,None,"This paper proposes a powerful regularization method named \textit{ShakeDrop regularization}.
ShakeDrop is inspired by Shake-Shake regularization that decreases error rates by disturbing learning.
While Shake-Shake can be applied to only ResNeXt which has multiple branches, ShakeDrop can be applied to not only ResNeXt but also ResNet, Wide ResNet and PyramidNet in a memory efficient way.
Important and interesting feature of ShakeDrop is that it strongly disturbs learning by multiplying even a negative factor to the output of a convolutional layer in the forward training pass.
The effectiveness of ShakeDrop is confirmed by experiments on CIFAR-10/100 and Tiny ImageNet datasets.",None
https://openreview.net/forum?id=Sk7cHb-C-,Representing dynamically: An active process for describing sequential data,Generative Models; Latent representations; Predictive coding; Recurrent networks; Sequential data,A method that build representations of sequential data and its dynamics through generative models with an active process,"We propose an unsupervised method for building dynamic representations of sequential data, particularly of observed interactions. The method simultaneously acquires representations of input data and its dynamics. It is based on a hierarchical generative model composed of two levels. In the first level, a model learns representations to generate observed data. In the second level, representational states encode the dynamics of the lower one. The model is designed as a Bayesian network with switching variables represented in the higher level, and which generates transition models. The method actively explores the latent space guided by its knowledge and the uncertainty about it. That is achieved by updating the latent variables from prediction error signals backpropagated to the latent space. So, no encoder or inference models are used since the generators also serve as their inverse transformations.
The method is evaluated in two scenarios, with static images and with videos. The results show that the adaptation over time leads to better performance than with similar architectures without temporal dependencies, e.g., variational autoencoders. With videos, it is shown that the system extracts the dynamics of the data in states that highly correlate with the ground truth of the actions observed.",None
https://openreview.net/forum?id=HJXyS7bRb,A Goal-oriented Neural Conversation Model by Self-Play,conversation model; seq2seq; self-play; reinforcement learning,A Goal-oriented Neural Conversation Model by Self-Play,"Building chatbots that can accomplish goals such as booking a flight ticket is an unsolved problem in natural language understanding. Much progress has been made to build conversation models using techniques such as sequence2sequence modeling. One challenge in applying such techniques to building goal-oriented conversation models is that maximum likelihood-based models are not optimized toward accomplishing goals. Recently, many methods have been proposed to address this issue by optimizing a reward that contains task status or outcome. However, adding the reward optimization on the fly usually provides little guidance for language construction and the conversation model soon becomes decoupled from the language model. In this paper, we propose a new setting in goal-oriented dialogue system to tighten the gap between these two aspects by enforcing model level information isolation on individual models between two agents. Language construction now becomes an important part in reward optimization since it is the only way information can be exchanged. We experimented our models using self-play and results showed that our method not only beat the baseline sequence2sequence model in rewards but can also generate human-readable meaningful conversations of comparable quality.",None
https://openreview.net/forum?id=HyIFzx-0b,BinaryFlex: On-the-Fly Kernel Generation in Binary Convolutional Networks,None,None,"In this work we present BinaryFlex, a neural network architecture that learns weighting coefficients of predefined orthogonal binary basis instead of the conventional approach of learning directly the convolutional filters. We have demonstrated the feasibility of our approach for complex computer vision datasets such as ImageNet. Our architecture trained on ImageNet is able to achieve top-5 accuracy of 65.7% while being around 2x smaller than binary networks capable of achieving similar accuracy levels. By using deterministic basis, that can be generated on-the-fly very efficiently, our architecture offers a great deal of flexibility in memory footprint when deploying in constrained microcontroller devices.",None
https://openreview.net/forum?id=rk9kKMZ0-,LEAP: Learning Embeddings for Adaptive Pace,deep metric learning; self-paced learning; representation learning; cnn,LEAP combines the strength of adaptive sampling with that of mini-batch online learning and adaptive representation learning to formulate a representative self-paced strategy in an end-to-end DNN training protocol.,"Determining the optimal order in which data examples are presented to Deep Neural Networks during training is a non-trivial problem. However, choosing a non-trivial scheduling method may drastically improve convergence. In this paper, we propose a Self-Paced Learning (SPL)-fused Deep Metric Learning (DML) framework, which we call Learning Embeddings for Adaptive Pace (LEAP). Our method parameterizes mini-batches dynamically based on the \textit{easiness} and \textit{true diverseness} of the sample within a salient feature representation space. In LEAP, we train an \textit{embedding} Convolutional Neural Network (CNN) to learn an expressive representation space by adaptive density discrimination using the Magnet Loss. The \textit{student} CNN classifier dynamically selects samples to form a mini-batch based on the \textit{easiness} from cross-entropy losses and \textit{true diverseness} of examples from the representation space sculpted by the \textit{embedding} CNN. We evaluate LEAP using deep CNN architectures for the task of supervised image classification on MNIST, FashionMNIST, CIFAR-10, CIFAR-100, and SVHN. We show that the LEAP framework converges faster with respect to the number of mini-batch updates required to achieve a comparable or better test performance on each of the datasets.",None
https://openreview.net/forum?id=rJTGkKxAZ,Learning Generative Models with Locally Disentangled Latent Factors,Generative Models; Hierarchical Models; Latent Variable Models,Decompose the task of learning a generative model into learning disentangled latent factors for subsets of the data and then learning the joint over those latent factors.,"One of the most successful techniques in generative models has been decomposing a complicated generation task into a series of simpler generation tasks.  For example, generating an image at a low resolution and then learning to refine that into a high resolution image often improves results substantially.  Here we explore a novel strategy for decomposing generation for complicated objects in which we first generate latent variables which describe a subset of the observed variables, and then map from these latent variables to the observed space.  We show that this allows us to achieve decoupled training of complicated generative models and present both theoretical and experimental results supporting the benefit of such an approach.",None
https://openreview.net/forum?id=r1BRfhiab,The Principle of Logit Separation,None,None,"We consider neural network training, in applications in which there are many possible classes, but at test-time, the task is to identify only whether the given example belongs to a specific class, which can be different in different applications of the classifier. For instance, this is the case in an image search engine. We consider the Single Logit Classification (SLC) task: training the network so that at test-time, it would be possible to accurately identify if the example belongs to a given class, based only on the output logit for this class. 
We propose a natural principle, the Principle of Logit Separation, as a guideline for choosing and designing losses suitable for the SLC. 
We show that the cross-entropy loss function is not aligned with the Principle of Logit Separation. In contrast, there are known loss functions, as well as novel batch loss functions that we propose, which are aligned with this principle. In total, we study seven loss functions. 
Our experiments show that indeed in almost all cases, losses that are aligned with Principle of Logit Separation obtain a 20%-35% relative performance improvement in the SLC task, compared to losses that are not aligned with it. We therefore conclude that the Principle of Logit Separation sheds light on an important property of the most common loss functions used by neural network classifiers.",None
https://openreview.net/forum?id=SyxCqGbRZ,Learning to Treat Sepsis with Multi-Output Gaussian Process Deep Recurrent Q-Networks,Healthcare; Gaussian Process; Deep Reinforcement Learning,"We combine Multi-output Gaussian processes with deep recurrent Q-networks to learn optimal treatments for sepsis and show improved performance over standard deep reinforcement learning methods,","Sepsis is a life-threatening complication from infection and a leading cause of mortality in hospitals.  While early detection of sepsis improves patient outcomes, there is little consensus on exact treatment guidelines, and treating septic patients remains an open  problem.  In this work we present a new deep reinforcement learning method that we use to learn optimal personalized treatment policies for septic patients. We model patient continuous-valued physiological time series using multi-output Gaussian processes, a probabilistic model that easily handles missing values and irregularly spaced observation times while maintaining estimates of uncertainty. The Gaussian process is directly tied to a deep recurrent Q-network that learns clinically interpretable treatment policies, and both models are learned together end-to-end.  We evaluate our approach on a heterogeneous dataset of septic spanning 15 months from our university health system, and find that our learned policy could reduce patient mortality by as much as 8.2\% from an overall baseline mortality rate of 13.3\%.  Our algorithm could be used to make treatment recommendations to physicians as part of a decision support tool, and the framework readily applies to other reinforcement learning problems that rely on sparsely sampled and frequently missing multivariate time series data.",None
https://openreview.net/forum?id=ryOG3fWCW,"Model Specialization for Inference Via End-to-End Distillation, Pruning, and Cascades",None,None,"The availability of general-purpose reference and benchmark datasets such as
ImageNet have spurred the development of general-purpose popular reference
model architectures and pre-trained weights. However, in practice, neural net-
works are often employed to perform specific, more restrictive tasks, that are
narrower in scope and complexity. Thus, simply fine-tuning or transfer learn-
ing from a general-purpose network inherits a large computational cost that may
not be necessary for a given task. In this work, we investigate the potential for
model specialization, or reducing a model’s computational footprint by leverag-
ing task-specific knowledge, such as a restricted inference distribution. We study
three methods for model specialization—1) task-aware distillation, 2) task-aware
pruning, and 3) specialized model cascades—and evaluate their performance on
a range of classification tasks. Moreover, for the first time, we investigate how
these techniques complement one another, enabling up to 5× speedups with no
loss in accuracy and 9.8× speedups while remaining within 2.5% of a highly ac-
curate ResNet on specialized image classification tasks. These results suggest that
simple and easy-to-implement specialization procedures may benefit a large num-
ber practical applications in which the representational power of general-purpose
networks need not be inherited.",None
https://openreview.net/forum?id=r1-4BLaQz,Cluster-based Warm-Start Nets,hierarchical labels; weak labels; pairwise constraints; clustering; classification,Cluster before you classify; using weak labels to improve classification,"Theories in cognitive psychology postulate that humans use similarity as a basis
for object categorization. However, work in image classification generally as-
sumes disjoint and equally dissimilar classes to achieve super-human levels of
performance on certain datasets. In our work, we adapt notions of similarity using
weak labels over multiple hierarchical levels to boost classification performance.
Instead of pitting clustering directly against classification, we use a warm-start
based evaluation to explicitly provide value to a clustering representation by its
ability to aid classification. We evaluate on CIFAR10 and a fine-grained classifi-
cation dataset to show improvements in performance with the procedural addition
of intermediate losses and weak labels based on multiple hierarchy levels. Further-
more, we show that pretraining AlexNet on hierarchical weak labels in conjunc-
tion with intermediate losses outperforms a classification baseline by over 17% on
a subset of Birdsnap dataset. Finally, we show improvement over AlexNet trained
using ImageNet pre-trained weights as initializations which further supports our 
claim of the importance of similarity.",None
https://openreview.net/forum?id=SkJKHMW0Z,Recurrent Relational Networks for complex relational reasoning,relational reasoning; graph neural networks,"We introduce Recurrent Relational Networks, a powerful and general neural network module for relational reasoning, and use it to solve 96.6% of the hardest Sudokus and 19/20 BaBi tasks.","Humans possess an ability to abstractly reason about objects and their interactions, an ability not shared with state-of-the-art deep learning models. Relational networks, introduced by Santoro et al. (2017), add the capacity for relational reasoning to deep neural networks, but are limited in the complexity of the reasoning tasks they can address. We introduce recurrent relational networks which increase the suite of solvable tasks to those that require an order of magnitude more steps of relational reasoning. We use recurrent relational networks to solve Sudoku puzzles and achieve state-of-the-art results by solving 96.6% of the hardest Sudoku puzzles, where relational networks fail to solve any. We also apply our model to the BaBi textual QA dataset solving 19/20 tasks which is competitive with state-of-the-art sparse differentiable neural computers. The recurrent relational network is a general purpose module that can augment any neural network model with the capacity to do many-step relational reasoning.",None
https://openreview.net/forum?id=B1uvH_gC-,Parametric Manifold Learning Via Sparse Multidimensional Scaling,Manifold Learning; Non-linear Dimensionality Reduction; Neural Networks; Unsupervised Learning,Parametric Manifold Learning with Neural Networks in a Geometric Framework,"We propose a metric-learning framework for computing distance-preserving maps that generate low-dimensional embeddings for a certain class of manifolds. We employ Siamese networks to solve the problem of least squares multidimensional scaling for generating mappings that preserve geodesic distances on the manifold. In contrast to previous parametric manifold learning methods we show a substantial reduction in training effort enabled by the computation of geodesic distances in a farthest point sampling strategy. Additionally, the use of a network to model the distance-preserving map reduces the complexity of the multidimensional scaling problem and leads to an improved non-local generalization of the manifold compared to analogous non-parametric counterparts. We demonstrate our claims on point-cloud data and on image manifolds and show a numerical analysis of our technique to facilitate a greater understanding of the representational power of neural networks in modeling manifold data.",None
https://openreview.net/forum?id=HJrJpzZRZ,Self-Supervised Learning of Object Motion Through Adversarial Video Prediction,adversarial; video prediction; flow,None,"Can we build models that automatically learn about object motion from raw, unlabeled videos? In this paper, we study the problem of multi-step video prediction, where the goal is to predict a sequence of future frames conditioned on a short context. We focus specifically on two aspects of video prediction: accurately modeling object motion, and producing naturalistic image predictions. Our model is based on a flow-based generator network with a discriminator used to improve prediction quality. The implicit flow in the generator can be examined to determine its accuracy, and the predicted images can be evaluated for image quality. We argue that these two metrics are critical for understanding whether the model has effectively learned object motion, and propose a novel evaluation benchmark based on ground truth object flow. Our network achieves state-of-the-art results in terms of both the realism of the predicted images, as determined by human judges, and the accuracy of the predicted flow. Videos and full results can be viewed on the supplementary website: \url{https://sites.google.com/site/omvideoprediction}.",None
https://openreview.net/forum?id=rJ8rHkWRb,A Simple Fully Connected Network for Composing Word Embeddings from Characters,natural language processing; word embeddings; language models; neural network; deep learning; sparsity; dropout,"A fully connected architecture is used to produce word embeddings from character representations, outperforms traditional embeddings and provides insight into sparsity and dropout.","This work introduces a simple network for producing character aware word embeddings. Position agnostic and position aware character embeddings are combined to produce an embedding vector for each word. The learned word representations are shown to be very sparse and facilitate improved results on language modeling tasks, despite using markedly fewer parameters, and without the need to apply dropout. A final experiment suggests that weight sharing contributes to sparsity, increases performance, and prevents overfitting.",None
https://openreview.net/forum?id=rkmtTJZCb,Unsupervised Hierarchical Video Prediction,video prediction; visual analogy network; unsupervised; hierarchical,We show ways to train a hierarchical video prediction model without needing pose labels.,"Much recent research has been devoted to video prediction and generation,  but mostly for short-scale time horizons. The hierarchical video prediction method by Villegas et al. (2017) is an example of a state of the art method for long term video prediction.  However, their method has limited applicability in practical settings as it requires a ground truth pose (e.g.,  poses of joints of a human) at training time.   This paper presents a long term hierarchical video prediction model that does not have such a restriction. We show that the network learns its own higher-level structure (e.g., pose equivalent hidden variables) that works better in cases where the ground truth pose does not fully capture all of the information needed to  predict  the  next  frame.   This  method  gives  sharper  results  than  other  video prediction methods which do not require a ground truth pose, and its efficiency is shown on the Humans 3.6M and Robot Pushing datasets.",None
https://openreview.net/forum?id=SyuWNMZ0W,Directing Generative Networks with Weighted Maximum Mean Discrepancy,generative networks; two sample tests; bias correction; maximum mean discrepancy,"We propose an estimator for the maximum mean discrepancy, appropriate when a target distribution is only accessible via a biased sample selection procedure, and show that it can be used in a generative network to correct for this bias.","The maximum mean discrepancy (MMD) between two probability measures P
and Q is a metric that is zero if and only if all moments of the two measures
are equal, making it an appealing statistic for two-sample tests. Given i.i.d. samples
from P and Q, Gretton et al. (2012) show that we can construct an unbiased
estimator for the square of the MMD between the two distributions. If P is a
distribution of interest and Q is the distribution implied by a generative neural
network with stochastic inputs, we can use this estimator to train our neural network.
However, in practice we do not always have i.i.d. samples from our target
of interest. Data sets often exhibit biases—for example, under-representation of
certain demographics—and if we ignore this fact our machine learning algorithms
will propagate these biases. Alternatively, it may be useful to assume our data has
been gathered via a biased sample selection mechanism in order to manipulate
properties of the estimating distribution Q.
In this paper, we construct an estimator for the MMD between P and Q when we
only have access to P via some biased sample selection mechanism, and suggest
methods for estimating this sample selection mechanism when it is not already
known. We show that this estimator can be used to train generative neural networks
on a biased data sample, to give a simulator that reverses the effect of that
bias.",None
https://openreview.net/forum?id=SJtfOEn6-,ResBinNet: Residual Binary Neural Network,Binary Neural Networks; Residual Binarization; Deep Learning,Residual Binary Neural Networks significantly improve the convergence rate and inference accuracy of the binary neural networks.,"Recent efforts on training light-weight binary neural networks offer promising execution/memory efficiency. This paper introduces ResBinNet, which is a composition of two interlinked methodologies aiming to address the slow convergence speed and limited accuracy of binary convolutional neural networks. The first method, called residual binarization, learns a multi-level binary representation for the features within a certain neural network layer. The second method, called temperature adjustment, gradually binarizes the weights of a particular layer. The two methods jointly learn a set of soft-binarized parameters that improve the convergence rate and accuracy of binary neural networks. We corroborate the applicability and scalability of ResBinNet by implementing a prototype hardware accelerator. The accelerator is reconfigurable in terms of the numerical precision of the binarized features, offering a trade-off between runtime and inference accuracy.",None
https://openreview.net/forum?id=H1Nyf7W0Z,Alpha-divergence bridges maximum likelihood and reinforcement learning in neural sequence generation,neural network; reinforcement learning; natural language processing; machine translation; alpha-divergence,Propose new objective function for neural sequence generation which integrates ML-based and RL-based objective functions.,"Neural sequence generation is commonly approached by using maximum- likelihood (ML) estimation or reinforcement learning (RL). However, it is known that they have their own shortcomings; ML presents training/testing discrepancy, whereas RL suffers from sample inefficiency. We point out that it is difficult to resolve all of the shortcomings simultaneously because of a tradeoff between ML and RL. In order to counteract these problems, we propose an objective function for sequence generation using α-divergence, which leads to an ML-RL integrated method that exploits better parts of ML and RL. We demonstrate that the proposed objective function generalizes ML and RL objective functions because it includes both as its special cases (ML corresponds to α → 0 and RL to α → 1). We provide a proposition stating that the difference between the RL objective function and the proposed one monotonically decreases with increasing α. Experimental results on machine translation tasks show that minimizing the proposed objective function achieves better sequence generation performance than ML-based methods.",None
https://openreview.net/forum?id=rJ695PxRW,Discovering Order in Unordered Datasets: Generative Markov Networks,Markov chain; discovering orders; generative model; one-shot,Propose to observe implicit orders in datasets in a generative model viewpoint.,"The assumption that data samples are independently identically distributed is the backbone of many learning algorithms. Nevertheless, datasets often exhibit rich structures in practice, and we argue that there exist some unknown orders within the data instances. Aiming to find such orders, we introduce a novel Generative Markov Network (GMN) which we use to extract the order of data instances automatically. Specifically, we assume that the instances are sampled from a Markov chain. Our goal is to learn the transitional operator of the chain as well as the generation order by maximizing the generation probability under all possible data permutations. One of our key ideas is to use neural networks as a soft lookup table for approximating the possibly huge, but discrete transition matrix. This strategy allows us to amortize the space complexity with a single model and make the transitional operator generalizable to unseen instances. To ensure the learned Markov chain is ergodic, we propose a greedy batch-wise permutation scheme that allows fast training.  Empirically, we evaluate the learned Markov chain by showing that GMNs are able to discover orders among data instances and also perform comparably well to state-of-the-art methods on the one-shot recognition benchmark task.",None
https://openreview.net/forum?id=ByJbJwxCW,Relational Multi-Instance Learning for Concept Annotation from Medical Time Series,Multi-instance learning; Medical Time Series; Concept Annotation,We propose a deep Multi Instance Learning framework based on recurrent neural networks which uses pooling functions and attention mechanisms for the concept annotation tasks.,"Recent advances in computing technology and sensor design have made it easier to collect longitudinal or time series data from patients, resulting in a gigantic amount of available medical data. Most of the medical time series lack annotations or even when the annotations are available they could be subjective and prone to human errors. Earlier works have developed natural language processing techniques to extract concept annotations and/or clinical narratives from doctor notes. However, these approaches are slow and do not use the accompanying medical time series data. To address this issue, we introduce the problem of concept annotation for the medical time series data, i.e., the task of predicting and localizing medical concepts by using the time series data as input. We propose Relational Multi-Instance Learning (RMIL) - a deep Multi Instance Learning framework based on recurrent neural networks, which uses pooling functions and attention mechanisms for the concept annotation tasks. Empirical results on medical datasets show that our proposed models outperform various multi-instance learning models.",None
https://openreview.net/forum?id=r111KtCp-,Taking Apart Autoencoders: How do They Encode Geometric Shapes ?,autoencoders; CNN; image synthesis; latent space,We study the functioning of autoencoders in a simple setting and advise new strategies for their regularisation in order to obtain bettre generalisation with latent interpolation in mind for image sythesis.,"We study the precise mechanisms which allow autoencoders to encode and decode a simple geometric shape, the disk. In this carefully controlled setting, we are able to describe the specific form of the optimal solution to the minimisation problem of the training step. We show that the autoencoder indeed approximates this solution during training. Secondly, we identify a clear failure in the generalisation capacity of the autoencoder, namely its inability to interpolate data. Finally, we explore several regularisation schemes to resolve the generalisation problem. Given the great attention that has been recently given to the generative capacity of neural networks, we believe that studying in depth simple geometric cases sheds some light on the generation process and can provide a minimal requirement experimental setup for more complex architectures.",None
https://openreview.net/forum?id=H1DGha1CZ,Enhancing Batch Normalized Convolutional Networks using Displaced Rectifier Linear Units: A Systematic Comparative Study,Batch Normalized; Convolutional Neural Networks; Displaced Rectifier Linear Unit; Comparative Study,A new activation function called Displaced Rectifier Linear Unit is proposed. It is showed to enhance the training and inference performance of batch normalized convolutional neural networks.,"In this paper, we turn our attention to the interworking between the activation functions and the batch normalization, which is a virtually mandatory technique to train deep networks currently. We propose the activation function Displaced Rectifier Linear Unit (DReLU) by conjecturing that extending the identity function of ReLU to the third quadrant enhances compatibility with batch normalization. Moreover, we used statistical tests to compare the impact of using distinct activation functions (ReLU, LReLU, PReLU, ELU, and DReLU) on the learning speed and test accuracy performance of standardized VGG and Residual Networks state-of-the-art models. These convolutional neural networks were trained on CIFAR-100 and CIFAR-10, the most commonly used deep learning computer vision datasets. The results showed DReLU speeded up learning in all models and datasets. Besides, statistical significant performance assessments (p<0.05) showed DReLU enhanced the test accuracy presented by ReLU in all scenarios. Furthermore, DReLU showed better test accuracy than any other tested activation function in all experiments with one exception, in which case it presented the second best performance. Therefore, this work demonstrates that it is possible to increase performance replacing ReLU by an enhanced activation function.",None
https://openreview.net/forum?id=SJTB5GZCb,Extending the Framework of Equilibrium Propagation to General Dynamics,Deep Learning; Backpropagation; Fixed Point Recurrent Neural Network; Biologically Plausible Learning; Feedback Alignment; Dynamical System; Gradient-Free Optimization,We describe a biologically plausible learning algorithm for fixed point recurrent networks without tied weights,"The biological plausibility of the backpropagation algorithm has long been doubted by neuroscientists. Two major reasons are that neurons would need to send two different types of signal in the forward and backward phases, and that pairs of neurons would need to communicate through symmetric bidirectional connections.
We present a simple two-phase learning procedure for fixed point recurrent networks that addresses both these issues.
In our model, neurons perform leaky integration and synaptic weights are updated through a local mechanism.
Our learning method extends the framework of Equilibrium Propagation to general dynamics, relaxing the requirement of an energy function.
As a consequence of this generalization, the algorithm does not compute the true gradient of the objective function,
but rather approximates it at a precision which is proven to be directly related to the degree of symmetry of the feedforward and feedback weights.
We show experimentally that the intrinsic properties of the system lead to alignment of the feedforward and feedback weights, and that our algorithm optimizes the objective function.",None
https://openreview.net/forum?id=B16_iGWCW,Deep Boosting of Diverse Experts,boosting learning; deep learning; neural network,A deep boosting algorithm is developed to learn more discriminative ensemble classifier by seamlessly combining a set of base deep CNNs.,"In this paper, a deep boosting algorithm is developed to
learn more discriminative ensemble classifier by seamlessly combining a set of base deep CNNs (base experts)
with diverse capabilities, e.g., these base deep CNNs are
sequentially trained to recognize a set of 
object classes in an easy-to-hard way according to their
learning complexities. Our experimental results have demonstrated
that our deep boosting algorithm can significantly improve the
accuracy rates on large-scale visual recognition.",None
https://openreview.net/forum?id=ByquB-WC-,Finding ReMO (Related Memory Object): A Simple neural architecture for Text based Reasoning,Natural Language Processing; Deep Learning; Reasoning,"A simple reasoning architecture based on the memory network (MemNN) and relation network (RN), reducing the time complexity compared to the RN and achieving state-of-the-are result on bAbI story based QA and bAbI dialog.","Memory Network based models have shown a remarkable progress on the task of relational reasoning.
Recently, a simpler yet powerful neural network module called Relation Network (RN) has been introduced. 
Despite its architectural simplicity, the time complexity of relation network grows quadratically with data, hence limiting its application to tasks with a large-scaled memory.
We introduce Related Memory Network, an end-to-end neural network architecture exploiting both memory network and relation network structures. 
We follow memory network's four components while each component operates similar to the relation network without taking a pair of objects. 
As a result, our model is as simple as RN but the computational complexity is reduced to linear time.
It achieves the state-of-the-art results in jointly trained bAbI-10k story-based question answering and  bAbI dialog dataset.",None
https://openreview.net/forum?id=BJgVaG-Ab,AUTOMATA GUIDED HIERARCHICAL REINFORCEMENT LEARNING FOR ZERO-SHOT SKILL COMPOSITION,Hierarchical reinforcement learning; temporal logic; skill composition,Combine temporal logic with hierarchical reinforcement learning for skill composition,"An obstacle that prevents the wide adoption of (deep) reinforcement learning (RL) in control systems is its need for a large number of interactions with the environment in order to master a skill. The learned skill usually generalizes poorly across domains and re-training is often necessary when presented with a new task. We present a framework that combines techniques in \textit{formal methods} with \textit{hierarchical reinforcement learning} (HRL). The set of techniques we provide allows for the convenient specification of tasks with logical expressions, learns hierarchical policies (meta-controller and low-level controllers) with well-defined intrinsic rewards using any RL methods and is able to construct new skills from existing ones without additional learning. We evaluate the proposed methods in a simple grid world simulation as well as simulation on a Baxter robot.",None
https://openreview.net/forum?id=ByJDAIe0b,Integrating Episodic Memory into a Reinforcement Learning Agent Using Reservoir Sampling,reinforcement learning; external memory; deep learning; policy gradient; online learning,External memory for online reinforcement learning based on estimating gradients over a novel reservoir sampling technique.,"Episodic memory is a psychology term which refers to the ability to recall specific events from the past. We suggest one advantage of this particular type of memory is the ability to easily assign credit to a specific state when remembered information is found to be useful. Inspired by this idea, and the increasing popularity of external memory mechanisms to handle long-term dependencies in deep learning systems, we propose a novel algorithm which uses a reservoir sampling procedure to maintain an external memory consisting of a fixed number of past states. The algorithm allows a deep reinforcement learning agent to learn online to preferentially remember those states which are found to be useful to recall later on. Critically this method allows for efficient online computation of gradient estimates with respect to the write process of the external memory. Thus unlike most prior mechanisms for external memory it is feasible to use in an online reinforcement learning setting.",None
https://openreview.net/forum?id=SyUkxxZ0b,Adversarial Spheres,Adversarial Examples; Deep Learning,We hypothesize that the vulnerability of image models to small adversarial perturbation is a naturally occurring result of the high dimensional geometry of the data manifold. We explore and theoretically prove this hypothesis for a simple synthetic dataset.,"State of the art computer vision models have been shown to be vulnerable to small adversarial perturbations of the input. In other words, most images in the data distribution are both correctly classified by the model and are very close to a visually similar misclassified image. Despite substantial research interest, the cause of the phenomenon is still poorly understood and remains unsolved. We hypothesize that this counter intuitive behavior is a naturally occurring result of the high dimensional geometry of the data manifold. As a first step towards exploring this hypothesis, we study a simple synthetic dataset of classifying between two concentric high dimensional spheres. For this dataset we show a fundamental tradeoff between the amount of test error and the average distance to nearest error. In particular, we prove that any model which misclassifies a small constant fraction of a sphere will be vulnerable to adversarial perturbations of size $O(1/\sqrt{d})$. Surprisingly, when we train several different architectures on this dataset, all of their error sets naturally approach this theoretical bound. As a result of the theory, the vulnerability of neural networks to small adversarial perturbations is a logical consequence of the amount of test error observed. We hope that our theoretical analysis of this very simple case will point the way forward to explore how the geometry of complex real-world data sets leads to adversarial examples.",None
https://openreview.net/forum?id=SkmM6M_pW,Egocentric Spatial Memory Network,spatial memory; egocentric vision; deep neural network; navigation,first deep neural network for modeling Egocentric Spatial Memory inspired by neurophysiological discoveries of navigation cells in mammalian brain,"Inspired by neurophysiological discoveries of navigation cells in the mammalian
brain, we introduce the first deep neural network architecture for modeling Egocentric
Spatial Memory (ESM). It learns to estimate the pose of the agent and
progressively construct top-down 2D global maps from egocentric views in a spatially
extended environment. During the exploration, our proposed ESM network
model updates belief of the global map based on local observations using a recurrent
neural network. It also augments the local mapping with a novel external
memory to encode and store latent representations of the visited places based on
their corresponding locations in the egocentric coordinate. This enables the agents
to perform loop closure and mapping correction. This work contributes in the
following aspects: first, our proposed ESM network provides an accurate mapping
ability which is vitally important for embodied agents to navigate to goal locations.
In the experiments, we demonstrate the functionalities of the ESM network in
random walks in complicated 3D mazes by comparing with several competitive
baselines and state-of-the-art Simultaneous Localization and Mapping (SLAM)
algorithms. Secondly, we faithfully hypothesize the functionality and the working
mechanism of navigation cells in the brain. Comprehensive analysis of our model
suggests the essential role of individual modules in our proposed architecture and
demonstrates efficiency of communications among these modules. We hope this
work would advance research in the collaboration and communications over both
fields of computer science and computational neuroscience.",None
https://openreview.net/forum?id=Hk-FlMbAZ,The Manifold Assumption and Defenses Against Adversarial Perturbations,the manifold assumption; adversarial perturbation; neural networks,Defending against adversarial perturbations of neural networks from manifold assumption,"In the adversarial-perturbation problem of neural networks, an adversary starts with a neural network model $F$ and a point $\bfx$ that $F$ classifies correctly, and applies a \emph{small perturbation} to  $\bfx$ to produce another point $\bfx'$ that $F$ classifies \emph{incorrectly}.  In this paper, we propose taking into account \emph{the inherent confidence information} produced by models when studying adversarial perturbations, where a natural measure of ``confidence'' is \|F(\bfx)\|_\infty$ (i.e. how confident $F$ is about its prediction?). Motivated by a thought experiment based on the manifold assumption, we propose a ``goodness property'' of models which states that \emph{confident regions of a good model should be well separated}. We give formalizations of this property and examine existing robust training objectives in view of them. Interestingly, we find that a recent objective by Madry et al. encourages training a model that satisfies well our formal version of the goodness property, but has a weak control of points that are wrong but with low confidence. However, if Madry et al.'s model is indeed a good solution to their objective, then good and bad points are now distinguishable and we can try to embed uncertain points back to the closest confident region to get (hopefully) correct predictions. We thus propose embedding objectives and algorithms, and perform an empirical study using this method. Our experimental results are encouraging: Madry et al.'s model wrapped with our embedding procedure achieves almost perfect success rate in defending against attacks that the base model fails on, while retaining good generalization behavior.",None
https://openreview.net/forum?id=rkQsMCJCb,Generative Adversarial Networks using Adaptive Convolution,Generative Adversarial Networks; Unsupervised Learning; GANs,We replace normal convolutions with adaptive convolutions to improve GANs generator.,"Most existing GANs architectures that generate images use transposed convolution or resize-convolution as their upsampling algorithm from lower to higher resolution feature maps in the generator. We argue that this kind of fixed operation is problematic for GANs to model objects that have very different visual appearances. We propose a novel adaptive convolution method that learns the upsampling algorithm based on the local context at each location to address this problem. We modify a baseline GANs architecture by replacing normal convolutions with adaptive convolutions in the generator. Experiments on CIFAR-10 dataset show that our modified models improve the baseline model by a large margin. Furthermore, our models achieve state-of-the-art performance on CIFAR-10 and STL-10 datasets in the unsupervised setting.",None
https://openreview.net/forum?id=SJvrXqvaZ,Adversary A3C for Robust Reinforcement Learning,Adversary; Robust; Reinforcement Learning; A3C,None,"Asynchronous Advantage Actor Critic (A3C) is an effective Reinforcement Learning (RL) algorithm for a wide range of tasks, such as Atari games and robot control. The agent learns policies and value function through trial-and-error interactions with the environment until converging to an optimal policy. Robustness and stability are critical in RL; however, neural network can be vulnerable to noise from unexpected sources and is not likely to withstand very slight disturbances. We note that agents generated from mild environment using A3C are not able to handle challenging environments. Learning from adversarial examples, we proposed an algorithm called Adversary Robust A3C (AR-A3C) to improve the agent’s performance under noisy environments. In this algorithm, an adversarial agent is introduced to the learning process to make it more robust against adversarial disturbances, thereby making it more adaptive to noisy environments. Both simulations and real-world experiments are carried out to illustrate the stability of the proposed algorithm. The AR-A3C algorithm outperforms A3C in both clean and noisy environments.",None
https://openreview.net/forum?id=SyjjD1WRb,Evolutionary Expectation Maximization for Generative Models with Binary Latents,unsupervised; learning; evolutionary; sparse; coding; noisyOR; BSC; EM; expectation-maximization; variational EM; optimization,We present Evolutionary EM as a novel algorithm for unsupervised training of generative models with binary latent variables that intimately connects variational EM with evolutionary optimization,"We establish a theoretical link between evolutionary algorithms and variational parameter optimization of probabilistic generative models with binary hidden variables.
While the novel approach is independent of the actual generative model, here we use two such models to investigate its applicability and scalability: a noisy-OR Bayes Net (as a standard example of binary data) and Binary Sparse Coding (as a model for continuous data).

Learning of probabilistic generative models is first formulated as approximate maximum likelihood optimization using variational expectation maximization (EM).
We choose truncated posteriors as variational distributions in which discrete latent states serve as variational parameters. In the variational E-step,
the latent states are then  
optimized according to a tractable free-energy objective. Given a data point, we can show that evolutionary algorithms can be used for the variational optimization loop by (A)~considering the bit-vectors of the latent states as genomes of individuals, and by (B)~defining the fitness of the
individuals as the (log) joint probabilities given by the used generative model.

As a proof of concept, we apply the novel evolutionary EM approach to the optimization of the parameters of noisy-OR Bayes nets and binary sparse coding on artificial and real data (natural image patches). Using point mutations and single-point cross-over for the evolutionary algorithm, we find that scalable variational EM algorithms are obtained which efficiently improve the data likelihood. In general we believe that, with the link established here, standard as well as recent results in the field of evolutionary optimization can be leveraged to address the difficult problem of parameter optimization in generative models.",None
https://openreview.net/forum?id=SJvu-GW0b,Graph2Seq: Scalable Learning Dynamics for Graphs,None,None,"Neural networks are increasingly used as a general purpose approach to learning algorithms over graph structured data. However, techniques for representing graphs as real-valued vectors are still in their infancy. Recent works have proposed several approaches (e.g., graph convolutional networks), but as we show in this paper, these methods have difficulty generalizing to large graphs. In this paper we propose Graph2Seq, an embedding framework that represents graphs as an infinite time-series. By not limiting the representation to a fixed dimension, Graph2Seq naturally scales to graphs of arbitrary size. Moreover, through analysis of a formal computational model we show that an unbounded sequence is necessary for scalability. Graph2Seq is also reversible, allowing full recovery of the graph structure from the sequence. Experimental evaluations of Graph2Seq on a variety of combinatorial optimization problems show strong generalization and strict improvement over state of the art.",None
https://openreview.net/forum?id=B1EVwkqTW,Make SVM great again with Siamese kernel for  few-shot learning,SVM; siamese network; one-shot learning; few-shot learning,"The proposed method is an end-to-end neural SVM, which is optimized for few-shot learning.","While deep neural networks have shown outstanding results in a wide range of applications,
learning from a very limited number of examples is still a challenging
task. Despite the difficulties of the few-shot learning, metric-learning techniques
showed the potential of the neural networks for this task. While these methods
perform well, they don’t provide satisfactory results. In this work, the idea of
metric-learning is extended with Support Vector Machines (SVM) working mechanism,
which is well known for generalization capabilities on a small dataset.
Furthermore, this paper presents an end-to-end learning framework for training
adaptive kernel SVMs, which eliminates the problem of choosing a correct kernel
and good features for SVMs. Next, the one-shot learning problem is redefined
for audio signals. Then the model was tested on vision task (using Omniglot
dataset) and speech task (using TIMIT dataset) as well. Actually, the algorithm
using Omniglot dataset improved accuracy from 98.1% to 98.5% on the one-shot
classification task and from 98.9% to 99.3% on the few-shot classification task.",None
https://openreview.net/forum?id=ByCPHrgCW,Deep Learning Inferences with Hybrid Homomorphic Encryption,deep learning; homomorphic encryption; hybrid homomorphic encryption; privacy preserving; representation learning; neural networks,"We made a feature-rich system for deep learning with encrypted inputs, producing encrypted outputs, preserving privacy.","When deep learning is applied to sensitive data sets, many privacy-related implementation issues arise. These issues are especially evident in the healthcare, finance, law and government industries. Homomorphic encryption could allow a server to make inferences on inputs encrypted by a client, but to our best knowledge, there has been no complete implementation of common deep learning operations, for arbitrary model depths, using homomorphic encryption. This paper demonstrates a novel approach, efficiently implementing many deep learning functions with bootstrapped homomorphic encryption. As part of our implementation, we demonstrate Single and Multi-Layer Neural Networks, for the Wisconsin Breast Cancer dataset, as well as a Convolutional Neural Network for MNIST. Our results give promising directions for privacy-preserving representation learning, and the return of data control to users.",None
https://openreview.net/forum?id=H1A5ztj3b,Super-Convergence: Very Fast Training of Residual Networks Using Large Learning Rates,Deep Learning; machine learning,Empirical proof of a new phenomenon requires new theoretical insights and is relevent to the active discussions in the literature on SGD and understanding generalization.,"In this paper, we show a phenomenon, which we named ``super-convergence'', where residual networks can be trained using an order of magnitude fewer iterations than is used with standard training methods.   The existence of super-convergence is relevant to understanding why deep networks generalize well.  One of the key elements of super-convergence is training with cyclical learning rates and a large maximum learning rate.  Furthermore, we present evidence that training with large learning rates improves performance by regularizing the network. In addition, we show that super-convergence provides a  greater boost in performance relative to standard training when the amount of labeled training data is limited.  We also derive a simplification of the Hessian Free optimization method to compute an estimate of the optimal learning rate.  The architectures to replicate this work will be made available upon publication.",None
https://openreview.net/forum?id=H1BO9M-0Z,Lifelong Word Embedding via Meta-Learning,Lifelong learning; meta learning; word embedding,learning better domain embeddings via lifelong learning and meta-learning,"Learning high-quality word embeddings is of significant importance in achieving better performance in many down-stream learning tasks. On one hand, traditional word embeddings are trained on a large scale corpus for general-purpose tasks, which are often sub-optimal for many domain-specific tasks. On the other hand, many domain-specific tasks do not have a large enough domain corpus to obtain high-quality embeddings. We observe that domains are not isolated and a small domain corpus can leverage the learned knowledge from many past domains to augment that corpus in order to generate high-quality embeddings. In this paper, we formulate the learning of word embeddings as a lifelong learning process. Given knowledge learned from many previous domains and a small new domain corpus, the proposed method can effectively generate new domain embeddings by leveraging a simple but effective algorithm and a meta-learner, where the meta-learner is able to provide word context similarity information at the domain-level. Experimental results demonstrate that the proposed method can effectively learn new domain embeddings from a small corpus and past domain knowledges\footnote{We will release the code after final revisions.}. We also demonstrate that general-purpose embeddings trained from a large scale corpus are sub-optimal in domain-specific tasks.",None
https://openreview.net/forum?id=SkFEGHx0Z,Nearest Neighbour Radial Basis Function Solvers for Deep Neural Networks,None,None,"We present a radial basis function solver for convolutional neural networks that can be directly applied to both distance metric learning and classification problems. Our method treats all training features from a deep neural network as radial basis function centres and computes loss by summing the influence of a feature's nearby centres in the embedding space. Having a radial basis function centred on each training feature is made scalable by treating it as an approximate nearest neighbour search problem. End-to-end learning of the network and solver is carried out, mapping high dimensional features into clusters of the same class. This results in a well formed embedding space, where semantically related instances are likely to be located near one another, regardless of whether or not the network was trained on those classes. The same loss function is used for both the metric learning and classification problems. We show that our radial basis function solver outperforms state-of-the-art embedding approaches on the Stanford Cars196 and CUB-200-2011 datasets. Additionally, we show that when used as a classifier, our method outperforms a conventional softmax classifier on the CUB-200-2011, Stanford Cars196, Oxford 102 Flowers and Leafsnap fine-grained classification datasets.",None
https://openreview.net/forum?id=HyBbjW-RW,Open Loop Hyperparameter Optimization and Determinantal Point Processes,hyperparameter optimization; random search; determinantal point processes; low discrepancy sequences,"Driven by the need for parallelizable, open-loop hyperparameter optimization methods, we propose the use of $k$-determinantal point processes in  hyperparameter optimization via random search.","Driven by the need for parallelizable hyperparameter optimization methods, this paper studies \emph{open loop} search methods: sequences that are predetermined and can be generated before a single configuration is evaluated. Examples include grid search, uniform random search, low discrepancy sequences, and other sampling distributions.
In particular, we propose the use of $k$-determinantal point processes in  hyperparameter optimization via random search. Compared to conventional uniform random search where hyperparameter settings are sampled independently, a $k$-DPP promotes diversity.  We describe an approach that transforms hyperparameter search spaces for efficient use with a $k$-DPP. In addition, we introduce a novel Metropolis-Hastings algorithm which can sample from $k$-DPPs defined over spaces with a mixture of discrete and continuous dimensions. Our experiments show significant benefits over uniform random search  in realistic scenarios with a limited budget for training supervised learners, whether in serial or parallel.",None
https://openreview.net/forum?id=SkrHeXbCW,Learning Representations for Faster Similarity Search,None,We show how to get good representations from the point of view of Simiarity Search.,"In high dimensions, the performance of nearest neighbor algorithms depends crucially on structure in the data.
While traditional nearest neighbor datasets consisted mostly of hand-crafted feature vectors, an increasing number of datasets comes from representations learned with neural networks.
We study the interaction between nearest neighbor algorithms and neural networks in more detail.
We find that the network architecture can significantly influence the efficacy of nearest neighbor algorithms even when the classification accuracy is unchanged.
Based on our experiments, we propose a number of training modifications that lead to significantly better datasets for nearest neighbor algorithms.
Our modifications lead to learned representations that can accelerate nearest neighbor queries by 5x.",None
https://openreview.net/forum?id=HkjL6MiTb,Siamese Survival Analysis with Competing Risks,survival analysis; competing risks; siamese neural networks,In this work we introduce a novel Siamese Deep Neural Network architecture that is able to effectively learn from data in the presence of multiple adverse events.,"Survival Analysis (time-to-event analysis) in the presence of multiple possible adverse events, i.e., competing risks, is a challenging, yet very important problem in medicine, finance, manufacturing, etc. Extending classical survival analysis to competing risks is not trivial since only one event (e.g. one cause of death) is observed and hence, the incidence of an event of interest is often obscured by other related competing events. This leads to the nonidentifiability of the event times’ distribution parameters, which makes the problem significantly more challenging. In this work we introduce Siamese Survival Prognosis Network, a novel Siamese Deep Neural Network architecture that is able to effectively learn from data in the presence of multiple adverse events. The Siamese Survival Network is especially crafted to issue pairwise concordant time-dependent risks, in which longer event times are assigned lower risks. Furthermore, our architecture is able to directly optimize an approximation to the C-discrimination index, rather than relying on well-known metrics of cross-entropy etc., and which are not able to capture the unique requirements of survival analysis with competing risks. Our results show consistent performance improvements on a number of publicly available medical datasets over both statistical and deep learning state-of-the-art methods.",None
https://openreview.net/forum?id=BkTQ8UckG,VSE++: Improving Visual-Semantic Embeddings with Hard Negatives,Joint embeddings; Hard Negatives; Visual-semantic embeddings; Cross-modal retrieval; Ranking,A new loss based on relatively hard negatives that achieves state-of-the-art performance in image-caption retrieval.,"We present a new technique for learning visual-semantic embeddings for cross-modal retrieval.  Inspired by the use of hard negatives in structured prediction, and ranking loss functions used in retrieval, we introduce a simple change to common loss functions used to learn multi-modal embeddings.  That, combined with fine-tuning and the use of augmented data, yields significant gains in retrieval performance.  We showcase our approach, dubbed VSE++, on the MS-COCO and Flickr30K datasets, using ablation studies and comparisons with existing methods.  On MS-COCO our approach outperforms state-of-the-art methods by 8.8% in caption retrieval, and 11.3% in image retrieval (based on R@1).",None
https://openreview.net/forum?id=SJVHY9lCb,"Learning to Select: Problem, Solution, and Applications",Selection Problem; Job Dispatching; Convolution Neural Network,None,"We propose a ""Learning to Select"" problem that selects the best among the flexible size candidates. This makes decisions based not only on the properties of the candidate, but also on the environment in which they belong to. For example, job dispatching in the manufacturing factory is a typical ""Learning to Select"" problem. We propose Variable-Length CNN which combines the classification power using hidden features from CNN and the idea of flexible input from Learning to Rank algorithms. This not only can handles flexible candidates using Dynamic Computation Graph, but also is computationally efficient because it only builds a network with the necessary sizes to fit the situation. We applied the algorithm to the job dispatching problem which uses the dispatching log data obtained from the virtual fine-tuned factory. Our proposed algorithm shows considerably better performance than other comparable algorithms.",None
https://openreview.net/forum?id=rJ6iJmWCW,POLICY DRIVEN GENERATIVE ADVERSARIAL NETWORKS FOR ACCENTED SPEECH GENERATION,speech; generation; accent; gan; adversarial; reinforcement; memory; lstm; policy; gradients; human,None,"In this paper, we propose the generation of accented speech using generative adversarial
networks. Through this work we make two main contributions a) The
ability to condition latent representations while generating realistic speech samples
b) The ability to efficiently generate long speech samples by using a novel
latent variable transformation module that is trained using policy gradients. Previous
methods are limited in being able to generate only relatively short samples
or are not very efficient at generating long samples. The generated speech samples
are validated through a number of various evaluation measures viz, a WGAN
critic loss and through subjective scores on user evaluations against competitive
speech synthesis baselines and detailed ablation analysis of the proposed model.
The evaluations demonstrate that the model generates realistic long speech samples
conditioned on accent efficiently.",None
https://openreview.net/forum?id=HJNGGmZ0Z,What is image captioning made of?,image captioning; representation learning; interpretability; rnn; multimodal; vision to language,This paper presents an empirical analysis on the role of different types of image representations and probes the properties of these representations for the task of image captioning.,"We hypothesize that end-to-end neural image captioning systems work seemingly well because they exploit and learn ‘distributional similarity’ in a multimodal feature space, by mapping a test image to similar training images in this space and generating a caption from the same space. To validate our hypothesis, we focus on the ‘image’ side of image captioning, and vary the input image representation but keep the RNN text generation model of a CNN-RNN constant. We propose a sparse bag-of-objects vector as an interpretable representation to investigate our distributional similarity hypothesis. We found that image captioning models (i) are capable of separating structure from noisy input representations; (ii) experience virtually no significant performance loss when a high dimensional representation is compressed to a lower dimensional space; (iii) cluster images with similar visual and linguistic information together; (iv) are heavily reliant on test sets with a similar distribution as the training set; (v) repeatedly generate the same captions by matching images and ‘retrieving’ a caption in the joint visual-textual space. Our experiments all point to one fact: that our distributional similarity hypothesis holds. We conclude that, regardless of the image representation, image captioning systems seem to match images and generate captions in a learned joint image-text semantic subspace.",None
https://openreview.net/forum?id=rkvDssyRb,Multi-Advisor Reinforcement Learning,Reinforcement Learning,We consider tackling a single-agent RL problem by distributing it to $n$ learners.,"We consider tackling a single-agent RL problem by distributing it to $n$ learners. These learners, called advisors, endeavour to solve the problem from a different focus. Their advice, taking the form of action values, is then communicated to an aggregator, which is in control of the system. We show that the local planning method for the advisors is critical and that none of the ones found in the literature is flawless: the \textit{egocentric} planning overestimates values of states where the other advisors disagree, and the \textit{agnostic} planning is inefficient around danger zones. We introduce a novel approach called \textit{empathic} and discuss its theoretical aspects. We empirically examine and validate our theoretical findings on a fruit collection task.",None
https://openreview.net/forum?id=HkMCybx0-,Improving Deep Learning by Inverse Square Root Linear Units (ISRLUs),Deep learning; Theory,We introduce the ISRLU activation function which is continuously differentiable and faster than ELU. The related ISRU replaces tanh & sigmoid.,"We introduce the “inverse square root linear unit” (ISRLU) to speed up learning in deep neural networks. ISRLU has better performance than ELU but has many of the same benefits. ISRLU and ELU have similar curves and characteristics. Both have negative values, allowing them to push mean unit activation closer to zero, and bring the normal gradient closer to the unit natural gradient, ensuring a noise- robust deactivation state, lessening the over fitting risk. The significant performance advantage of ISRLU on traditional CPUs also carry over to more efficient HW implementations on HW/SW codesign for CNNs/RNNs. In experiments with TensorFlow, ISRLU leads to faster learning and better generalization than ReLU on CNNs. This work also suggests a computationally efficient variant called the “inverse square root unit” (ISRU) which can be used for RNNs. Many RNNs use either long short-term memory (LSTM) and gated recurrent units (GRU) which are implemented with tanh and sigmoid activation functions. ISRU has less computational complexity but still has a similar curve to tanh and sigmoid.",None
https://openreview.net/forum?id=BJgd7m0xRZ,Unsupervised Adversarial Anomaly  Detection using One-Class Support Vector Machines,anomaly detection; one class support vector machine; adversarial learning,"A novel method to increase the resistance of OCSVMs against targeted, integrity attacks by selective nonlinear transformations of data to lower dimensions.","Anomaly detection discovers regular patterns in unlabeled data and identifies the non-conforming data points, which in some cases are the result of malicious attacks by adversaries. Learners such as One-Class Support Vector Machines (OCSVMs) have been successfully in anomaly detection, yet their performance may degrade significantly in the presence of sophisticated adversaries, who target the algorithm itself by compromising the integrity of the training data. With the rise in the use of machine learning in mission critical day-to-day activities where errors may have significant consequences, it is imperative that machine learning systems are made secure. To address this, we propose a defense mechanism that is based on a contraction of the data, and we test its effectiveness using OCSVMs. The proposed approach introduces a layer of uncertainty on top of the OCSVM learner, making it infeasible for the adversary to guess the specific configuration of the learner. We theoretically analyze the effects of adversarial perturbations on the separating margin of OCSVMs and provide empirical evidence on several benchmark datasets, which show that by carefully contracting the data in low dimensional spaces, we can successfully identify adversarial samples that would not have been identifiable in the original dimensional space. The numerical results show that the proposed method improves OCSVMs performance significantly (2-7%)",None
https://openreview.net/forum?id=SJxE3jlA-,Now I Remember! Episodic Memory For Reinforcement Learning,Reinforcement learning; Deep learning; Episodic memory,Implementing and evaluating episodic memory for RL.,"Humans rely on episodic memory constantly, in remembering the name of someone they met 10 minutes ago, the plot of a movie as it unfolds, or where they parked the car. Endowing reinforcement learning agents with episodic memory is a key step on the path toward replicating human-like general intelligence. We analyze why standard RL agents lack episodic memory today, and why existing RL tasks don't require it. We design a new form of external memory called Masked Experience Memory, or MEM, modeled after key features of human episodic memory. To evaluate episodic memory we define an RL task based on the common children's game of Concentration. We find that a MEM RL agent leverages episodic memory effectively to master Concentration, unlike the baseline agents we tested.",None
https://openreview.net/forum?id=HyFaiGbCW,Generalization of Learning using Reservoir Computing,Generalization; Reservoir Computing; dynamical system; Siamese Neural Network; image classification; similarity; dimensionality reduction,"Generalization of the relationships learnt between pairs of images using a small training data to previously unseen types of images using an explainable dynamical systems model, Reservoir Computing, and a biologically plausible learning technique based on analogies.","We investigate the methods by which a Reservoir Computing Network (RCN) learns concepts such as 'similar' and 'different' between pairs of images using a small training dataset and generalizes these concepts to previously unseen types of data. Specifically, we show that an RCN trained to identify relationships between image-pairs drawn from a subset of digits from the MNIST database or the depth maps of subset of visual scenes from a moving camera generalizes the learned transformations to images of digits unseen during training or depth maps of different visual scenes. We infer, using Principal Component Analysis, that the high dimensional reservoir states generated from an input image pair with a specific transformation converge over time to a unique relationship. Thus, as opposed to training the entire high dimensional reservoir state, the reservoir only needs to train on these unique relationships, allowing the reservoir to perform well with very few training examples. Thus, generalization of learning to unseen images is interpretable in terms of clustering of the reservoir state onto the attractor corresponding to the transformation in reservoir space. We find that RCNs can identify and generalize linear and non-linear transformations, and combinations of transformations, naturally and be a robust and effective image classifier. Additionally, RCNs perform significantly better than state of the art neural network classification techniques such as deep Siamese Neural Networks (SNNs) in generalization tasks both on the MNIST dataset and more complex depth maps of visual scenes from a moving camera. This work helps bridge the gap between explainable machine learning and biological learning through analogies using small datasets, and points to new directions in the investigation of learning processes.",None
https://openreview.net/forum?id=ryb83alCZ,Towards Unsupervised Classification with Deep Generative Models,variational inference; vae; variational autoencoders; generative modeling; representation learning; classification,Unsupervised classification via deep generative modeling with controllable feature learning evaluated in a difficult real world task,"Deep generative models have advanced the state-of-the-art in semi-supervised classification, however their capacity for deriving useful discriminative features in a completely unsupervised fashion for classification in difficult real-world data sets, where adequate manifold separation is required has not been adequately explored. Most methods rely on defining a pipeline of deriving features via generative modeling and then applying clustering algorithms, separating the modeling and discriminative processes. We propose a deep hierarchical generative model which uses a mixture of discrete and continuous distributions to learn to effectively separate the different data manifolds and is trainable end-to-end. We show that by specifying the form of the discrete variable distribution we are imposing a specific structure on the model's latent representations. We test our model's discriminative performance on the task of CLL diagnosis against baselines from the field of computational FC, as well as the Variational Autoencoder literature.",None
https://openreview.net/forum?id=BJyy3a0Ez,Continuous Propagation: Layer-Parallel Training,Deep Learning; Model parallelism; Learning theory,None,"Continuous propagation is a parallel technique for training deep neural networks with batch size one at full utilization of a multiprocessor system. It enables spatially distributed computations on emerging deep learning hardware accelerators that do not impose programming limitations of contemporary GPUs. The algorithm achieves model parallelism along the depth of a deep network. The method is based on the continuous representation of the optimization process and enables sustained gradient generation during all phases of computation. We demonstrate that in addition to its increased concurrency, continuous propagation improves the convergence rate of state of the art methods while matching their accuracy.",None
https://openreview.net/forum?id=SJD8YjCpW,Balanced and Deterministic Weight-sharing Helps Network Performance,Weight-sharing; Weight sharing; Weight tying; neural networks; entropy; hash function; hash table; balance; sparse; sparsity; hashednets,"Studied the role of weight sharing in neural networks using hash functions, found that a balanced and deterministic hash function helps network performance.","Weight-sharing plays a significant role in the success of many deep neural networks, by increasing memory efficiency and incorporating useful inductive priors about the problem into the network. But understanding how weight-sharing can be used effectively in general is a topic that has not been studied extensively. Chen et al. (2015) proposed HashedNets, which augments a multi-layer perceptron with a hash table, as a method for neural network compression. We generalize this method into a framework (ArbNets) that allows for efficient arbitrary weight-sharing, and use it to study the role of weight-sharing in neural networks. We show that common neural networks can be expressed as ArbNets with different hash functions. We also present two novel hash functions, the Dirichlet hash and the Neighborhood hash, and use them to demonstrate experimentally that balanced and deterministic weight-sharing helps with the performance of a neural network.",None
https://openreview.net/forum?id=HyY0Ff-AZ,Representing Entropy : A short proof of the equivalence between soft Q-learning and policy gradients,soft Q-learning; policy gradients; entropy; Legendre transformation; duality; convex analysis; Donsker-Varadhan,A short proof of the equivalence of soft Q-learning and policy gradients.,"Two main families of reinforcement learning algorithms, Q-learning and policy gradients, have recently been proven to be equivalent when using a softmax relaxation on one part, and an entropic regularization on the other. We relate this result to the well-known convex duality of Shannon entropy and the softmax function. Such a result is also known as the Donsker-Varadhan formula. This provides a short proof of the equivalence. We then interpret this duality further, and use ideas of convex analysis to prove a new policy inequality relative to soft Q-learning.",None
https://openreview.net/forum?id=BkeC_J-R-,Combination of Supervised and Reinforcement Learning For Vision-Based Autonomous Control,Reinforcement learning; deep learning; autonomous control,"The new combination of reinforcement and supervised learning, dramatically decreasing the number of required samples for training on video","Reinforcement learning methods have recently achieved impressive results on a wide range of control problems. However, especially with complex inputs, they still require an extensive amount of training data in order to converge to a meaningful solution. This limitation largely prohibits  their usage for complex input spaces such as video signals, and it is still impossible to use it for a number of complex problems in a real world environments, including many of those for video based control. Supervised learning, on the contrary, is capable of learning on a relatively small number of samples, however it does not take into account reward-based control policies and is not capable to provide independent control policies.  In this article we propose a model-free control method, which uses a combination of reinforcement and supervised learning for autonomous control and paves the way towards policy based control in real world environments. We use SpeedDreams/TORCS video game to demonstrate that our approach requires much less samples (hundreds of thousands against millions or tens of millions) comparing to the state-of-the-art reinforcement learning techniques on similar data, and at the same time overcomes both supervised and reinforcement learning approaches in terms of quality. Additionally, we demonstrate the applicability of the method to MuJoCo control problems.",None
https://openreview.net/forum?id=H1NV4agCb,Tracking Loss: Converting Object Detector to Robust Visual Tracker,Object detection; Visual Tracking; Loss function; Region Proposal Network; Network compression,We successfully convert a popular detector RPN to a well-performed tracker from the viewpoint of loss function.,"In this paper, we find that by designing a novel loss function entitled, ''tracking loss'', Convolutional Neural Network (CNN) based object detectors can be successfully converted to well-performed visual trackers without any extra computational cost. This property is preferable to visual tracking where annotated video sequences for training are always absent, because rich features learned by detectors from still images could be utilized by dynamic trackers. It also avoids extra machinery such as feature engineering and feature aggregation proposed in previous studies. Tracking loss achieves this property by exploiting the internal structure of feature maps within the detection network and treating different feature points discriminatively. Such structure allows us to simultaneously consider discrimination quality and bounding box accuracy which is found to be crucial to the success. We also propose a network compression method to accelerate tracking speed without performance reduction. That also verifies tracking loss will remain highly effective even if the network is drastically compressed. Furthermore, if we employ a carefully designed tracking loss ensemble, the tracker would be much more robust and accurate. Evaluation results show that our trackers (including the ensemble tracker and two baseline trackers), outperform all state-of-the-art methods on VOT 2016 Challenge in terms of Expected Average Overlap (EAO) and robustness. We will make the code publicly available.",None
https://openreview.net/forum?id=H1O0KGC6b,Post-training for Deep Learning,None,"We propose an additional training step, called post-training, which computes optimal weights for the last layer of the network.","One of the main challenges of deep learning methods is the choice of an appropriate training strategy. In particular, additional steps, such as unsupervised pre-training, have been shown to greatly improve the performances of deep structures. In this article, we propose an extra training step, called post-training, which only optimizes the last layer of the network. We show that this procedure can be analyzed in the context of kernel theory, with the first layers computing an embedding of the data and the last layer a statistical model to solve the task based on this embedding. This step makes sure that the embedding, or representation, of the data is used in the best possible way for the considered task. This idea is then tested on multiple architectures with various data sets, showing that it consistently provides a boost in performance.",None
https://openreview.net/forum?id=rJhR_pxCZ,Interpretable Classification via Supervised Variational Autoencoders and Differentiable Decision Trees,interpretable classification; decision trees; deep learning; variational autoencoder,We combine differentiable decision trees with supervised variational autoencoders to enhance interpretability of classification.,"As deep learning-based classifiers are increasingly adopted in real-world applications, the importance of understanding how a particular label is chosen grows. Single decision trees are an example of a simple, interpretable classifier, but are unsuitable for use with complex, high-dimensional data. On the other hand, the variational autoencoder (VAE) is designed to learn a factored, low-dimensional representation of data, but typically encodes high-likelihood data in an intrinsically non-separable way.  We introduce the differentiable decision tree (DDT) as a modular component of deep networks and a simple, differentiable loss function that allows for end-to-end optimization of a deep network to compress high-dimensional data for classification by a single decision tree.  We also explore the power of labeled data in a  supervised VAE (SVAE) with a Gaussian mixture prior, which leverages label information to produce a high-quality generative model with improved bounds on log-likelihood.  We combine the SVAE with the DDT to get our classifier+VAE (C+VAE), which is competitive in both classification error and log-likelihood, despite optimizing both simultaneously and using a very simple encoder/decoder architecture.",None
https://openreview.net/forum?id=r1kjEuHpZ,Learning Less-Overlapping Representations,Less-overlapness; regularization; near-orthogonality; sparsity,"We propose a new type of regularization approach that encourages non-overlapness in representation learning, for the sake of improving interpretability and reducing overfitting.","In representation learning (RL), how to make the learned representations easy to interpret and less overfitted to training data are two important but challenging issues. To address these problems, we study a new type of regularization approach that encourages the supports of weight vectors in RL models to have small overlap, by simultaneously promoting near-orthogonality among vectors and sparsity of each vector. We apply the proposed regularizer to two models: neural networks (NNs) and sparse coding (SC), and develop an efficient ADMM-based algorithm for regularized SC. Experiments on various datasets demonstrate that weight vectors learned under our regularizer are more interpretable and have better generalization performance.",None
https://openreview.net/forum?id=SJFM0ZWCb,Deep Temporal Clustering: Fully unsupervised learning of time-domain features,Unsupervised deep learning; Temporal clustering; Event Visualization,"A fully unsupervised method, to naturally integrate dimensionality reduction and temporal clustering into a single end to end learning framework.","Unsupervised learning of timeseries data is a challenging problem in machine learning. Here, 
we propose a novel algorithm, Deep Temporal Clustering (DTC), a fully unsupervised method, to naturally integrate dimensionality reduction and temporal clustering into a single end to end learning framework. The algorithm starts with an initial cluster estimates using an autoencoder for dimensionality reduction and a novel temporal clustering layer for cluster assignment. Then it jointly optimizes the clustering objective and the dimensionality reduction objective. Based on requirement and application, the temporal clustering layer can be customized with any temporal similarity metric. Several similarity metrics are considered and compared.  To gain insight into features that the network has learned for its clustering, we apply a visualization method that generates a heat map of regions of interest in the timeseries. The viability of the algorithm is demonstrated using timeseries data from diverse domains, ranging from earthquakes to sensor data from spacecraft. In each case, we show that our algorithm outperforms traditional methods. This performance is attributed to fully integrated temporal dimensionality reduction and clustering criterion.",None
https://openreview.net/forum?id=S1Q79heRW,Unsupervised Learning of Entailment-Vector Word Embeddings,word embeddings; natural language semantics; entailment; unsupervised learning; distributional semantics,"We train word embeddings based on entailment instead of similarity, successfully predicting lexical entailment.","Entailment vectors are a principled way to encode in a vector what information is known and what is unknown.  They are designed to model relations where one vector should include all the information in another vector, called entailment.  This paper investigates the unsupervised learning of entailment vectors for the semantics of words.  Using simple entailment-based models of the semantics of words in text (distributional semantics), we induce entailment-vector word embeddings which outperform the best previous results for predicting entailment between words, in unsupervised and semi-supervised experiments on hyponymy.",None
https://openreview.net/forum?id=S1LXVnxRb,Cross-Corpus Training with TreeLSTM for the Extraction of Biomedical Relationships from Text,Relationships Extraction; Deep Learning; TreeLSTM; NLP,None,"A bottleneck problem in machine learning-based relationship extraction (RE) algorithms, and particularly of deep learning-based ones, is the availability of training data in the form of annotated corpora. For specific domains, such as biomedicine, the long time and high expertise required for the development of manually annotated corpora explain that most of the existing one are relatively small (i.e., hundreds of sentences). Beside, larger corpora focusing on general or domain-specific relationships (such as citizenship or drug-drug interactions) have been developed. In this paper, we study how large annotated corpora developed for alternative tasks may improve the performances on biomedicine related tasks, for which few annotated resources are available. We experiment two deep learning-based models to extract relationships from biomedical texts with high performance. The first one combine locally extracted features using a Convolutional Neural Network (CNN) model, while the second exploit the syntactic structure of sentences using a Recursive Neural Network (RNN) architecture. Our experiments show that, contrary to the former, the latter benefits from a cross-corpus learning strategy to improve the performance of relationship extraction tasks. Indeed our approach leads to the best published performances for two biomedical RE tasks, and to state-of-the-art results for two other biomedical RE tasks, for which few annotated resources are available (less than 400 manually annotated sentences). This may be particularly impactful in specialized domains in which training resources are scarce, because they would benefit from the training data of other domains for which large annotated corpora does exist.",None
https://openreview.net/forum?id=BkBCjzp7G,Accelerating Convolutional Neural Networks using Iterative Two-Pass Decomposition,Convolutional Neural Networks; CNN; CP Decomposition; Low Rank Approximation,We present the iterative two-pass CP decomposition flow to effectively accelerate existing convolutional neural networks (CNNs).,We present the iterative two-pass decomposition flow to accelerate existing convolutional neural networks (CNNs).  The proposed rank selection algorithm can effectively determine the proper ranks of the target convolutional layers for the low rank approximation. Our two-pass CP-decomposition helps prevent from the instability problem. The iterative flow makes the decomposition of the deeper networks systematic. The experiment results shows that VGG16 can be accelerated with a 6.2x measured speedup while the accuracy drop remains only 1.2%.,None
https://openreview.net/forum?id=HJ8W1Q-0Z,GATED FAST WEIGHTS FOR ASSOCIATIVE RETRIEVAL,fast weights; RNN; associative retrieval; time-varying variables,An improved Fast Weight network which shows better results on a general toy task.,"We improve previous end-to-end differentiable neural networks (NNs) with fast
weight memories. A gate mechanism updates fast weights at every time step of
a sequence through two separate outer-product-based matrices generated by slow
parts of the net. The system is trained on a complex sequence to sequence variation
of the Associative Retrieval Problem with roughly 70 times more temporal
memory (i.e. time-varying variables) than similar-sized standard recurrent NNs
(RNNs). In terms of accuracy and number of parameters, our architecture outperforms
a variety of RNNs, including Long Short-Term Memory, Hypernetworks,
and related fast weight architectures.",None
https://openreview.net/forum?id=B1tExikAW,LatentPoison -- Adversarial Attacks On The Latent Space,adversarial attacks; security; auto-encoder,Adversarial attacks on the latent space of variational autoencoders to change the semantic meaning of inputs,"Robustness and security of machine learning (ML) systems are intertwined, wherein a non-robust ML system (classifiers, regressors, etc.) can be subject to attacks using a wide variety of exploits. With the advent of scalable deep learning methodologies, a lot of emphasis has been put on the robustness of supervised, unsupervised and reinforcement learning algorithms. Here, we study the robustness of the latent space of a deep variational autoencoder (dVAE), an unsupervised generative framework, to show that it is indeed possible to perturb the latent space, flip the class predictions and keep the classification probability approximately equal before and after an attack. This means that an agent that looks at the outputs of a decoder would remain oblivious to an attack.",None
https://openreview.net/forum?id=SyqAPeWAZ,CNNs as Inverse Problem Solvers and Double Network Superresolution,superresolution; convolutional neural network; sparse representation; inverse problem,"After proving that a neuron acts as an inverse problem solver for superresolution and a network of neurons is guarantied to provide a solution, we proposed a double network architecture that performs faster than state-of-the-art.","In recent years Convolutional Neural Networks (CNN) have been used extensively for Superresolution (SR). In this paper, we use inverse problem and sparse representation solutions to form a mathematical basis for CNN operations. We show how a single neuron is able to provide the optimum solution for inverse problem, given a low resolution image dictionary as an operator. Introducing a new concept called Representation Dictionary Duality, we show that CNN elements (filters) are trained to be representation vectors and then, during reconstruction, used as dictionaries. In the light of theoretical work, we propose a new algorithm which uses two networks with different structures that are separately trained with low and high coherency image patches and show that it performs faster compared to the state-of-the-art algorithms while not sacrificing from performance.",None
https://openreview.net/forum?id=HktXuGb0-,Reward Estimation via State Prediction,reinforcement learning; inverse reinforcement learning; imitation learning,Reward Estimation from Game Videos,"Reinforcement learning typically requires carefully designed reward functions in order to learn the desired behavior. We present a novel reward estimation method that is based on a finite sample of optimal state trajectories from expert demon- strations and can be used for guiding an agent to mimic the expert behavior. The optimal state trajectories are used to learn a generative or predictive model of the “good” states distribution. The reward signal is computed by a function of the difference between the actual next state acquired by the agent and the predicted next state given by the learned generative or predictive model. With this inferred reward function, we perform standard reinforcement learning in the inner loop to guide the agent to learn the given task. Experimental evaluations across a range of tasks demonstrate that the proposed method produces superior performance compared to standard reinforcement learning with both complete or sparse hand engineered rewards. Furthermore, we show that our method successfully enables an agent to learn good actions directly from expert player video of games such as the Super Mario Bros and Flappy Bird.",None
https://openreview.net/forum?id=ryepFJbA-,On Convergence and Stability of GANs,GAN; Generative Adversarial Networks; Mode Collapse; Stability; Game Theory; Regret Minimization; Convergence; Gradient Penalty,Analysis of convergence and mode collapse by studying GAN training process as regret minimization,"We propose studying GAN training dynamics as regret minimization, which is in contrast to the popular view that there is consistent minimization of a divergence between real and generated distributions. We analyze the convergence of GAN training from this new point of view to understand why mode collapse happens. We hypothesize the existence of undesirable local equilibria in this non-convex game to be responsible for mode collapse. We observe that these local equilibria often exhibit sharp gradients of the discriminator function around some real data points. We demonstrate that these degenerate local equilibria can be avoided with a gradient penalty scheme called DRAGAN. We show that DRAGAN enables faster training, achieves improved stability with fewer mode collapses, and leads to generator networks with better modeling performance across a variety of architectures and objective functions.",None
https://openreview.net/forum?id=rJ1os4eHf,Adaptive Weight Sparsity for Training Deep Neural Networks,deep learning; sparsity; adaptive methods,None,"We introduce adaptive weight sparsity, an algorithm that allows a neural network to learn a sparse connection pattern during training. We demonstrate that the proposed algorithm shows performance benefits across a wide variety of tasks and network structures, improving state-of-the-art results for recurrent networks of comparable size. We show that adaptive weight sparsity outperforms traditional pruning-based approaches to learning sparse configurations on convolutional and recurrent networks.  We offer insights into the algorithm's behavior, demonstrating that training-time adaptivity is crucial to the success of the method and uncovering an interpretable evolution toward small-world network structures.",None
https://openreview.net/forum?id=H1pri9vTZ,Deep Function Machines: Generalized Neural Networks for Topological Layer Expression,deep learning theory; infinite neural networks; topology,None,"In this paper we propose a generalization of deep neural networks called deep function machines (DFMs). DFMs act on vector spaces of arbitrary (possibly infinite) dimension and we show that a family of DFMs are invariant to the dimension of input data; that is, the parameterization of the model does not directly hinge on the quality of the input  (eg. high resolution images). Using this generalization we provide a new theory of universal approximation of bounded non-linear operators between function spaces. We then suggest that DFMs provide an expressive framework for designing new neural network layer types with topological considerations in mind. Finally, we introduce a novel architecture, RippLeNet, for resolution invariant computer vision, which empirically achieves state of the art invariance.",None
https://openreview.net/forum?id=rJqfKPJ0Z,Clipping Free Attacks Against Neural Networks,Adversarial examples; Neural Networks; Clipping,"In this paper, a new method we call Centered Initial Attack (CIA) is provided. It insures by construction the maximum perturbation to be smaller than a threshold fixed beforehand, without the clipping process.","During the last years, a remarkable breakthrough has been made in AI domain
thanks to artificial deep neural networks that achieved a great success in many
machine learning tasks in computer vision, natural language processing, speech
recognition, malware detection and so on. However, they are highly vulnerable
to easily crafted adversarial examples. Many investigations have pointed out this
fact and different approaches have been proposed to generate attacks while adding
a limited perturbation to the original data. The most robust known method so far
is the so called C&W attack [1]. Nonetheless, a countermeasure known as fea-
ture squeezing coupled with ensemble defense showed that most of these attacks
can be destroyed [6]. In this paper, we present a new method we call Centered
Initial Attack (CIA) whose advantage is twofold : first, it insures by construc-
tion the maximum perturbation to be smaller than a threshold fixed beforehand,
without the clipping process that degrades the quality of attacks. Second, it is
robust against recently introduced defenses such as feature squeezing, JPEG en-
coding and even against a voting ensemble of defenses. While its application is
not limited to images, we illustrate this using five of the current best classifiers
on ImageNet dataset among which two are adversarialy retrained on purpose to
be robust against attacks. With a fixed maximum perturbation of only 1.5% on
any pixel, around 80% of attacks (targeted) fool the voting ensemble defense and
nearly 100% when the perturbation is only 6%. While this shows how it is difficult
to defend against CIA attacks, the last section of the paper gives some guidelines
to limit their impact.",None
https://openreview.net/forum?id=rkrqgCWMG,Withdraw,None,None,withdrawn paper,None
https://openreview.net/forum?id=rJBwoM-Cb,Neural Tree Transducers for Tree to Tree Learning,deep learning; tree transduction,None,"We introduce a novel approach to tree-to-tree learning, the neural tree transducer (NTT), a top-down depth first context-sensitive tree decoder, which is paired with recursive neural encoders. Our method works purely on tree-to-tree manipulations rather than sequence-to-tree or tree-to-sequence and is able to encode and decode multiple depth trees. We compare our method to sequence-to-sequence models applied to serializations of the trees and show that our method outperforms previous methods for tree-to-tree transduction.",None
https://openreview.net/forum?id=H1zRea1Mf,pix2code: Generating Code from a Graphical User Interface Screenshot,computer vision; scene understanding; text processing,CNN and LSTM to generate markup-like code describing graphical user interface images.,"Transforming a graphical user interface screenshot created by a designer into computer code is a typical task conducted by a developer in order to build customized software, websites, and mobile applications. In this paper, we show that deep learning methods can be leveraged to train a model end-to-end to automatically generate code from a single input image with over 77% of accuracy for three different platforms (i.e. iOS, Android and web-based technologies).",None
https://openreview.net/forum?id=ryHM_fbA-,Learning Document Embeddings With CNNs,unsupervised embedding; convolutional neural network,Convolutional neural network model for unsupervised document embedding.,This paper proposes a new model for document embedding. Existing approaches either require complex inference or use recurrent neural networks that are difficult to parallelize. We take a different route and use recent advances in language modeling to develop a convolutional neural network embedding model. This allows us to train deeper architectures that are fully parallelizable. Stacking layers together increases the receptive filed allowing each successive layer to model increasingly longer range semantic dependences within the document. Empirically we demonstrate superior results on two publicly available benchmarks. Full code will be released with the final version of this paper.,None
https://openreview.net/forum?id=HyyHX4gZM,Towards Quantum Inspired Convolution Networks,quantum technique; convolution networks; shape detection,"A quantum inspired kernel for convolution network, exhibiting interference phenomena,  can be very useful (and compared it with real value  counterpart).","Deep Convolution Neural Networks (CNNs), rooted by the pioneer work of  \cite{Hinton1986,LeCun1985,Alex2012}, and summarized in \cite{LeCunBengioHinton2015},   have been shown to be very useful in a variety of fields.  The  state-of-the art CNN machines such as image rest net \cite{He_2016_CVPR} are described by real value inputs and kernel convolutions followed by the local and  non-linear rectified linear outputs.  Understanding the role of these layers, the accuracy and limitations of them,  as well as making them more efficient (fewer parameters)  are all ongoing research questions. 
 
 Inspired in quantum theory, we propose the use of complex value kernel functions, followed by the local non-linear  absolute (modulus) operator square. We argue that an advantage of quantum inspired complex kernels is robustness to realistic unpredictable scenarios (such as clutter noise,  data deformations). We study a concrete problem of shape detection and show that when multiple overlapping shapes are deformed and/or clutter noise is added, a convolution layer with quantum inspired complex kernels outperforms the statistical/classical kernel counterpart and a ""Bayesian shape estimator"" . The superior performance is due to the quantum phenomena of interference, not present in classical CNNs.",None
https://openreview.net/forum?id=Syl3_2JCZ,A Self-Organizing Memory Network,Working Memory; Learning Rules; Stimulus Representations,We derived biologically plausible synaptic plasticity learning rules for a recurrent neural network to store stimulus representations.,"Working memory requires information about external stimuli to be represented in the brain even after those stimuli go away. This information is encoded in the activities of neurons, and neural activities change over timescales of tens of milliseconds. Information in working memory, however, is retained for tens of seconds, suggesting the question of how time-varying neural activities maintain stable representations. Prior work shows that, if the neural dynamics are in the `  null space' of the representation - so that changes to neural activity do not affect the downstream read-out of stimulus information - then information can be retained for periods much longer than the time-scale of individual-neuronal activities. The prior work, however, requires precisely constructed synaptic connectivity matrices, without explaining how this would arise in a biological neural network. To identify mechanisms through which biological networks can self-organize to learn  memory function, we derived biologically plausible synaptic plasticity rules that dynamically modify the connectivity matrix to enable information storing. Networks implementing this plasticity rule can successfully learn to form memory representations even if only 10% of the synapses are plastic, they are robust to synaptic noise, and they can represent information about multiple stimuli.",None
https://openreview.net/forum?id=Sk1NTfZAb,Key Protected Classification for GAN Attack Resilient Collaborative Learning,privacy preserving deep learning; collaborative learning; adversarial attack,None,"Large-scale publicly available datasets play a fundamental role in training deep learning models. However, large-scale
datasets are difficult to collect in problems that involve processing of sensitive information.
Collaborative learning techniques provide a privacy-preserving solution in such cases, by enabling
training over a number of private datasets that are not shared by their owners.
Existing collaborative learning
techniques, combined with differential privacy, are shown to be resilient against a passive
adversary which tries to infer the training data only from the model parameters. However, recently, it has
been shown that the existing collaborative learning techniques are vulnerable to an active adversary that runs a GAN
attack during the learning phase. In this work, we propose a novel key-based collaborative learning technique that is
resilient against such GAN attacks. For this purpose, we present a collaborative learning formulation in which class scores 
are protected by class-specific keys, and therefore, prevents a GAN attack. We also show that
very high dimensional class-specific keys can be utilized to improve robustness against attacks, without increasing the model complexity. 
Our experimental results on two popular datasets, MNIST and AT&T Olivetti Faces, demonstrate the effectiveness of the proposed technique
against the GAN attack. To the best of our knowledge, the proposed approach is the first collaborative learning
formulation that effectively tackles an active adversary, and, unlike model corruption or differential privacy formulations,
our approach does not inherently feature a trade-off between model accuracy and data privacy.",None
https://openreview.net/forum?id=S1viikbCW,TCAV: Relative concept importance testing with Linear Concept Activation Vectors,None,"This work aims to provide quantitative answers to the relative importance of concepts of interest via concept activation vectors (CAV). In particular, this framework enables non-machine learning experts to express concepts of interest and test hypotheses using examples (e.g., a set of pictures that illustrate  the concept). We show that CAV can be learned given a relatively small set of examples. Hypothesis testing with CAV can answer whether a particular concept (e.g., gender) is more important in predicting a given class (e.g., doctor) than other sets of concepts. Interpreting networks with CAV does not require any retraining or modification of the network.","Despite neural network’s high performance, the lack of interpretability has been the main bottleneck for its safe usage in practice. In domains with high stakes (e.g., medical diagnosis), gaining insights into the network is critical for gaining trust and being adopted. One of the ways to improve interpretability of a NN is to explain the importance of a particular concept (e.g., gender) in prediction. This is useful for explaining reasoning behind the networks’ predictions, and for revealing any biases the network may have. This work aims to provide quantitative answers to \textit{the relative importance of concepts of interest} via concept activation vectors (CAV). In particular, this framework enables non-machine learning experts to express concepts of interests and  test hypotheses using examples (e.g., a set of pictures that illustrate  the concept). We show that CAV can be learned given a relatively small set of examples. Testing with CAV, for example, can answer whether a particular concept (e.g., gender) is more important in predicting a given class (e.g., doctor) than other set of concepts. Interpreting with CAV does not require any retraining or modification of the network. We show that many levels of meaningful concepts are learned (e.g., color, texture, objects, a person’s occupation), and we present CAV’s \textit{empirical deepdream} — where we maximize an activation using a set of example pictures. We show how various insights can be gained from the relative importance testing with CAV.",None
https://openreview.net/forum?id=rJFOptp6Z,Model Distillation with Knowledge Transfer from Face Classification to Alignment and Verification,distill; transfer; classification; alignment; verification,We take face recognition as a breaking point and propose model distillation with knowledge transfer from face classification to alignment and verification,"Knowledge distillation is a potential solution for model compression. The idea is to make a small student network imitate the target of a large teacher network, then the student network can be competitive to the teacher one. Most previous studies focus on model distillation in the classification task, where they propose different architectures and initializations for the student network. However, only the classification task is not enough, and other related tasks such as regression and retrieval are barely considered. To solve the problem, in this paper, we take face recognition as a breaking point and propose model distillation with knowledge transfer from face classification to alignment and verification. By selecting appropriate initializations and targets in the knowledge transfer, the distillation can be easier in non-classification tasks. Experiments on the CelebA and CASIA-WebFace datasets demonstrate that the student network can be competitive to the teacher one in alignment and verification, and even surpasses the teacher network under specific compression rates. In addition, to achieve stronger knowledge transfer, we also use a common initialization trick to improve the distillation performance of classification. Evaluations on the CASIA-Webface and large-scale MS-Celeb-1M datasets show the effectiveness of this simple trick.",None
https://openreview.net/forum?id=rkhxwltab,AANN: Absolute Artificial Neural Network,Neural Network architecture; Learned representation space; absolute valued function; bidirectional neuron,"Tied weights auto-encoder with abs function as activation function, learns to do classification in the forward direction and regression in the backward direction due to specially defined cost function.","This research paper describes a simplistic architecture named as AANN: Absolute Artificial Neural Network, which can be used to create highly interpretable representations of the input data. These representations are generated by penalizing the learning of the network in such a way that those learned representations correspond to the respective labels present in the labelled dataset used for supervised training; thereby, simultaneously giving the network the ability to classify the input data. The network can be used in the reverse direction to generate data that closely resembles the input by feeding in representation vectors as required. This research paper also explores the use of mathematical abs (absolute valued) functions as activation functions which constitutes the core part of this neural network architecture. Finally the results obtained on the MNIST dataset by using this technique are presented and discussed in brief.",None
https://openreview.net/forum?id=Sy3nGCYXz,THE LOCAL DIMENSION OF DEEP MANIFOLD,activation manifold; dimension; deep neural network; singular value decomposition,We propose a SVD based method to explore the local dimension of activation manifold in deep neural networks.,"Based on our observation that there exists a dramatic drop for the singular values of the fully connected layers or a single feature map of the convolutional layer, and that the dimension of the concatenated feature vector almost equals the summation of the dimension on each feature map, we propose a singular value decomposition (SVD) based approach to estimate the dimension of the deep manifolds for a typical convolutional neural network VGG19. We choose three categories from the ImageNet, namely Persian Cat, Container Ship and Volcano, and determine the local dimension of the deep manifolds of the deep layers through the tangent space of a target image. Through several augmentation methods, we found that the Gaussian noise method is closer to the intrinsic dimension, as by adding random noise to an image we are moving in an arbitrary dimension, and when the rank of the feature matrix of the augmented images does not increase we are very close
to the local dimension of the manifold. We also estimate the dimension of the deep manifold based on the tangent space for each of the maxpooling layers. Our results show that the dimensions of different categories are close to each other and decline quickly along the convolutional layers and fully connected layers. Furthermore, we show that the dimensions decline quickly inside the Conv5 layer. Our work provides new insights for the intrinsic structure of deep neural networks and helps unveiling the inner organization of the black box of deep neural networks.",None
https://openreview.net/forum?id=ryOBB6g-M,Spatial Variational Auto-Encoding via Matrix-Variate Normal Distributions,Variational auto-encoder; unsupervised learning; image generation; spatial information; matrix-variate normal distribution,None,"The key idea of variational auto-encoders (VAEs) resembles that of traditional auto-encoder models in which spatial information is supposed to be explicitly encoded in the latent space. However, the latent variables in VAEs are vectors, which can be interpreted as multiple feature maps of size 1x1. Such representations can only convey spatial information implicitly when coupled with powerful decoders. In this work, we propose spatial VAEs that use feature maps of larger size as latent variables to explicitly capture spatial information. This is achieved by allowing the latent variables to be sampled from matrix-variate normal (MVN) distributions whose parameters are computed from the encoder network. To increase dependencies among locations on latent feature maps and reduce the number of parameters, we further propose spatial VAEs via low-rank MVN distributions. Experimental results show that the proposed spatial VAEs outperform original VAEs in capturing rich structural and spatial information.",None
https://openreview.net/forum?id=SyvCD-b0W,Autostacker: an Automatic Evolutionary Hierarchical  Machine Learning System,Machine Learning; AutoML,Automate machine learning system with efficient search algorithm and innovative structure to provide better model baselines.,"This work provides an automatic machine learning (AutoML) modelling architecture called Autostacker. Autostacker improves the prediction accuracy of machine learning baselines by utilizing an innovative hierarchical stacking architecture and an efficient parameter search algorithm. Neither prior domain knowledge about the data nor feature preprocessing is needed. We significantly reduce the time of AutoML with a naturally inspired algorithm - Parallel Hill Climbing (PHC). By parallelizing PHC, Autostacker can provide candidate pipelines with sufficient prediction accuracy within a short amount of time. These pipelines can be used as is or as a starting point for human experts to build on. By focusing on the modelling process, Autostacker breaks the tradition of following fixed order pipelines by exploring not only single model pipeline but also innovative combinations and structures. As we will show in the experiment section, Autostacker achieves significantly better performance both in terms of test accuracy and time cost comparing with human initial trials and recent popular AutoML system.",None
https://openreview.net/forum?id=H13WofbAb,Faster Distributed Synchronous SGD with Weak Synchronization,distributed; deep learning; straggler,None,"Distributed training of deep learning is widely conducted with large neural networks and large datasets. Besides asynchronous stochastic gradient descent~(SGD), synchronous SGD is a reasonable alternative with better convergence guarantees. However, synchronous SGD suffers from stragglers. To make things worse, although there are some strategies dealing with slow workers, the issue of slow servers is commonly ignored. In this paper, we propose a new parameter server~(PS) framework dealing with not only slow workers, but also slow servers by weakening the synchronization criterion. The empirical results show good performance when there are stragglers.",None
https://openreview.net/forum?id=HJFcmshbM,DETECTING ADVERSARIAL PERTURBATIONS WITH SALIENCY,Adversarial Examples; Detection; Saliency; Model Interpretation,None,"In this paper we propose novel method for detecting adversarial examples by train-ing a binary classifier with both origin data and saliency data. In the case of image classification model, saliency simply explain how the model make decisions by identifying significant pixels for prediction. Perturbing origin image is essentially perturbing saliency of right output w.r.t. origin image. Our approach shows good performance on detecting adversarial perturbations. We quantitatively evaluate generalization ability of the detector where detector trained with strong adver-saries and its’ saliency perform well on weak adversaries. In addition, we further discuss relationship between solving adversary problem and model interpretation, which helps us understand how convolutional neural networks making wrong de-cisions.",None
https://openreview.net/forum?id=rknJHfXBz,Empirical Investigation on Model Capacity and Generalization of Neural Networks for Text,Text; Empirical Investigation; Model Capacity; Generalization Ability; Neural Networks; Deep Learning,None,"Recently, deep neural network models have shown promising opportunities for many natural language processing (NLP) tasks. In practice, the number of parameters of deep neural models is often significantly larger than the size of the training set, and its generalization behavior cannot be explained by the classic generalization theory. In this paper, with extensive experiments, we empirically investigate the model capacity and generalization of neural models for text. The experiments show that deep neural models can find patterns better than brute-force memorization. Therefore, a large-capacity model with early-stopping stochastic gradient descent (SGD) as implicit regularizer seems to be the best choice, as it has better generalization ability and higher convergence speed.",None
https://openreview.net/forum?id=SkAK2jg0b,An Out-of-the-box Full-network Embedding for Convolutional Neural Networks,Embedding spaces; feature extraction; transfer learning.,We present a full-network embedding of CNN which outperforms single layer embeddings for transfer learning tasks.,"Transfer learning for feature extraction can be used to exploit deep representations in contexts where there is very few training data, where there are limited computational resources, or when tuning the hyper-parameters needed for training is not an option. While previous contributions to feature extraction propose embeddings based on a single layer of the network, in this paper we propose a full-network embedding which successfully integrates convolutional and fully connected features, coming from all layers of a deep convolutional neural network. To do so, the embedding normalizes features in the context of the problem, and discretizes their values to reduce noise and regularize the embedding space. Significantly, this also reduces the computational cost of processing the resultant representations. The proposed method is shown to outperform single layer embeddings on several image classification tasks, while also being more robust to the choice of the pre-trained model used for obtaining the initial features. The performance gap in classification accuracy between thoroughly tuned solutions and the full-network embedding is also reduced, which makes of the proposed approach a competitive solution for a large set of applications.",None
https://openreview.net/forum?id=HJ_X8GupW,Multi-label Learning for Large Text Corpora using Latent Variable Model with Provable Gurantees,Spectral Method; Multi-label Learning; Tensor Factorisation,None,"Here we study the problem of learning labels for large text corpora where each document can be assigned a variable number of labels. The problem is trivial when the label dimensionality is small and can be easily solved by a series of one-vs-all classifiers. However, as the label dimensionality increases, the parameter space of such one-vs-all classifiers becomes extremely large and outstrips the memory. Here we propose a latent variable model to reduce the size of the parameter space, but still efficiently learn the labels. We learn the model using spectral learning and show how to extract the parameters using only three passes through the training dataset. Further, we analyse the sample complexity of our model using PAC learning theory and then demonstrate the performance of our algorithm on several benchmark datasets in comparison with existing algorithms.",None
https://openreview.net/forum?id=BkbOsNeSM,FastNorm: Improving Numerical Stability of Deep Network Training with Efficient Normalization,Neural networks; Training; Convergence,None,"We propose a modification to weight normalization techniques that provides the same convergence benefits but requires fewer computational operations. The proposed method, FastNorm, exploits the low-rank properties of weight updates and infers the norms without explicitly calculating them, replacing an $O(n^2)$ computation with an $O(n)$ one for a fully-connected layer.  It improves numerical stability and reduces accuracy variance enabling higher learning rate and offering better convergence.  We report experimental results that illustrate the advantage of the proposed method.",None
https://openreview.net/forum?id=HJg1NTGZRZ,Bit-Regularized Optimization of Neural Nets,None,None,"We present a novel regularization strategy for training neural networks which we call ``BitNet''. The parameters of neural networks are usually unconstrained and have a dynamic range dispersed over a real valued range. Our key idea is to control the expressive power of the network by dynamically quantizing the range and set of values that the parameters can take. We formulate this idea using a novel end-to-end approach  that regularizes a typical classification loss function. Our regularizer is inspired by the Minimum Description Length (MDL) principle. For each layer of the network, our approach optimizes a translation and scaling factor along with integer-valued parameters. We empirically compare BitNet to an equivalent unregularized model on the MNIST and CIFAR-10 datasets. We show that BitNet converges faster to a superior quality solution. Additionally, the resulting model is significantly smaller in size due to the use of integer instead of floating-point parameters.",None
https://openreview.net/forum?id=BJcAWaeCW,Graph Topological Features via GAN,graph topology; GAN; network science; hierarchical learning,A GAN based method to learn important topological features of an arbitrary input graph.,"Inspired by the success of generative adversarial networks (GANs) in image domains, we introduce a novel hierarchical architecture for learning characteristic topological features from a single arbitrary input graph via GANs. The hierarchical architecture consisting of multiple GANs preserves both local and global topological features, and automatically partitions the input graph into representative stages for feature learning. The stages facilitate reconstruction and can be used as indicators of the importance of the associated topological structures. Experiments show that our method produces subgraphs retaining a wide range of topological features, even in early reconstruction stages. This paper contains original research on combining the use of GANs and graph topological analysis.",None
https://openreview.net/forum?id=BkVf1AeAZ,Label Embedding Network: Learning Label Representation for Soft Training of Deep Networks,label embedding; deep learning; label representation; computer vision; natural language processing,Learning Label Representation for Deep Networks,"We propose a method, called Label Embedding Network, which can learn label representation (label embedding) during the training process of deep networks. With the proposed method, the label embedding is adaptively and automatically learned through back propagation. The original one-hot represented loss function is converted into a new loss function with soft distributions, such that the originally unrelated labels have continuous interactions with each other during the training process. As a result, the trained model can achieve substantially higher accuracy and with faster convergence speed. Experimental results based on competitive tasks demonstrate the effectiveness of the proposed method, and the learned label embedding is reasonable and interpretable. The proposed method achieves comparable or even better results than the state-of-the-art systems.",None
https://openreview.net/forum?id=Syt0r4bRZ,Tree2Tree Learning with Memory Unit,None,None,"Traditional recurrent neural network (RNN) or convolutional neural net- work (CNN) based sequence-to-sequence model can not handle tree structural data well. To alleviate this problem, in this paper, we propose a tree-to-tree model with specially designed encoder unit and decoder unit, which recursively encodes tree inputs into highly folded tree embeddings and decodes the embeddings into tree outputs. Our model could represent the complex information of a tree while also restore a tree from embeddings.
We evaluate our model in random tree recovery task and neural machine translation task. Experiments show that our model outperforms the baseline model.",None
https://openreview.net/forum?id=rkYgAJWCZ,One-shot and few-shot learning of word embeddings,One-shot learning; embeddings; word embeddings; natural language processing; NLP,"We highlight a technique by which natural language processing systems can learn a new word from context, allowing them to be much more flexible.","Standard deep learning systems require thousands or millions of examples to learn a concept, and cannot integrate new concepts easily. By contrast, humans have an incredible ability to do one-shot or few-shot learning. For instance, from just hearing a word used in a sentence, humans can infer a great deal about it, by leveraging what the syntax and semantics of the surrounding words tells us. Here, we draw inspiration from this to highlight a simple technique by which deep recurrent networks can similarly exploit their prior knowledge to learn a useful representation for a new word from little data. This could make natural language processing systems much more flexible, by allowing them to learn continually from the new words they encounter.",None
https://openreview.net/forum?id=rk1J969Xz,MULTI-MODAL GEOLOCATION ESTIMATION USING DEEP NEURAL NETWORKS,deep neural networks; geolocation; inception; long-short term memory networks; social media applications,A global geolocation inferencing strategy with novel meshing strategy and demonstrating incorporating additional information can be used to improve the overall performance of a geolocation inference model.,"Estimating the location where an image was taken based solely on the contents of the image is a challenging task, even for humans, as properly labeling an image in such a fashion relies heavily on contextual information, and is not as simple as identifying  a single object in the image. Thus any methods which attempt to do so must somehow account for these complexities, and no single model to date is completely capable of addressing all challenges. This work contributes to the state of research in image geolocation inferencing by introducing a novel global meshing strategy, outlining a variety of training procedures to overcome the considerable data limitations when training these models, and demonstrating how incorporating additional information can be used to improve the overall performance of a geolocation inference model. In this work, it is shown that Delaunay triangles are an effective type of mesh for geolocation in relatively low volume scenarios when compared to results from state of the art models which use quad trees and an order of magnitude more training data.  In addition, the time of posting, learned user albuming, and other meta data are easily incorporated to improve geolocation by up to 11% for country-level (750 km) locality accuracy to 3% for city-level (25 km) localities.",None
https://openreview.net/forum?id=r15kjpHa-,Reward Design in Cooperative Multi-agent Reinforcement Learning for Packet Routing,Reward Design; Cooperative Multi-agent Reinforcement Learning; Packet Routing,"We study reward design problem in cooperative MARL based on packet routing environments. The experimental results remind us to be careful to design the rewards, as they are really important to guide the agent behavior.","In cooperative multi-agent reinforcement learning (MARL), how to design a suitable reward signal to accelerate learning and stabilize convergence is a critical problem. The global reward signal assigns the same global reward to all agents without distinguishing their contributions, while the local reward signal provides different local rewards to each agent based solely on individual behavior. Both of the two reward assignment approaches have some shortcomings: the former might encourage lazy agents, while the latter might produce selfish agents.

In this paper, we study reward design problem in cooperative MARL based on packet routing environments. Firstly, we show that the above two reward signals are prone to produce suboptimal policies. Then, inspired by some observations and considerations, we design some mixed reward signals, which are off-the-shelf to learn better policies. Finally, we turn the mixed reward signals into the adaptive counterparts, which achieve best results in our experiments. Other reward signals are also discussed in this paper. As reward design is a very fundamental problem in RL and especially in MARL, we hope that MARL researchers can rethink the rewards used in their systems.",None
https://openreview.net/forum?id=r1AMITFaW,Dependent Bidirectional RNN with Extended-long Short-term Memory,RNN; memory; LSTM; GRU; BRNN; encoder-decoder; Natural language processing,A recurrent neural network cell with extended-long short-term memory and a multi-task RNN model for sequence-in-sequence-out problems,"In this work, we first conduct mathematical analysis on the memory, which is
defined as a function that maps an element in a sequence to the current output,
of three RNN cells; namely, the simple recurrent neural network (SRN), the long
short-term memory (LSTM) and the gated recurrent unit (GRU). Based on the
analysis, we propose a new design, called the extended-long short-term memory
(ELSTM), to extend the memory length of a cell. Next, we present a multi-task
RNN model that is robust to previous erroneous predictions, called the dependent
bidirectional recurrent neural network (DBRNN), for the sequence-in-sequenceout
(SISO) problem. Finally, the performance of the DBRNN model with the
ELSTM cell is demonstrated by experimental results.",None
https://openreview.net/forum?id=HJXOfZ-AZ,When and where do feed-forward neural networks learn localist representations?,localist; pdp; neural network; representation; psychology; cognition,Local codes have been found in feed-forward neural networks,"According to parallel distributed processing (PDP) theory in psychology, neural networks (NN) learn distributed rather than interpretable localist representations. This view has been held so strongly that few researchers have analysed single units to determine if this assumption is correct. However, recent results from psychology, neuroscience and computer science have shown the occasional existence of local codes emerging in artificial and biological neural networks. In this paper, we undertake the first systematic survey of when local codes emerge in a feed-forward neural network, using generated input and output data with known qualities. We find that the number of local codes that emerge from a NN follows a well-defined distribution across the number of hidden layer neurons, with a peak determined by the size of input data, number of examples presented and the sparsity of input data. Using a 1-hot output code drastically decreases the number of local codes on the hidden layer. The number of emergent local codes increases with the percentage of dropout applied to the hidden layer, suggesting that the localist encoding may offer a resilience to noisy networks. This data suggests that localist coding can emerge from feed-forward PDP networks and suggests some of the conditions that may lead to interpretable localist representations in the cortex. The findings highlight how local codes should not be dismissed out of hand.",None
https://openreview.net/forum?id=ByJ7obb0b,Understanding and Exploiting the Low-Rank Structure of Deep Networks,Deep Learning; Derivative Calculations; Optimization Algorithms,"We show that deep learning network derivatives have a low-rank structure, and this structure allows us to use second-order derivative information to calculate learning rates adaptively and in a computationally feasible manner.","Training methods for deep networks are primarily variants on stochastic gradient descent.  Techniques that use (approximate) second-order information are rarely used because of the computational cost and noise associated with those approaches in deep learning contexts.  However, in this paper, we show how feedforward deep networks exhibit a low-rank derivative structure.  This low-rank structure makes it possible to use second-order information without needing approximations and without incurring a significantly greater computational cost than gradient descent.  To demonstrate this capability, we implement Cubic Regularization (CR) on a feedforward deep network with stochastic gradient descent and two of its variants.  There, we use CR to calculate learning rates on a per-iteration basis while training on the MNIST and CIFAR-10 datasets.  CR proved particularly successful in escaping plateau regions of the objective function.  We also found that this approach requires less problem-specific information (e.g. an optimal initial learning rate) than other first-order methods in order to perform well.",None
https://openreview.net/forum?id=ryY4RhkCZ,DEEP DENSITY NETWORKS AND UNCERTAINTY IN RECOMMENDER SYSTEMS,deep learning; recommendation system; uncertainty; context-based and collaborative filtering,"We have introduced Deep Density Network, a unified DNN model to estimate uncertainty for exploration/exploitation in recommendation systems.","Building robust online content recommendation systems requires learning com- plex interactions between user preferences and content features. The field has evolved rapidly in recent years from traditional multi-arm bandit and collabora- tive filtering techniques, with new methods integrating Deep Learning models that enable to capture non-linear feature interactions. Despite progress, the dynamic nature of online recommendations still poses great challenges, such as finding the delicate balance between exploration and exploitation. In this paper we provide a novel method, Deep Density Networks (DDN) which deconvolves measurement and data uncertainty and predicts probability densities of CTR, enabling us to perform more efficient exploration of the feature space. We show the usefulness of using DDN online in a real world content recommendation system that serves billions of recommendations per day, and present online and offline results to eval- uate the benefit of using DDN.",None
https://openreview.net/forum?id=H11lAfbCW,On Characterizing the Capacity of Neural Networks Using Algebraic Topology,deep learning theory; architecture selection; algebraic topology,We show that the learnability of different neural architectures can be characterized directly by computable measures of data complexity.,"The learnability of different neural architectures can be characterized directly by computable measures of data complexity. In this paper, we reframe the problem of architecture selection as understanding how data determines the most expressive and generalizable architectures suited to that data, beyond inductive bias. After suggesting algebraic topology as a measure for data complexity, we show that the power of a network to express the topological complexity of a dataset in its decision boundary is a strictly limiting factor in its ability to generalize. We then provide the first empirical characterization of the topological capacity of neural networks. Our empirical analysis shows that at every level of dataset complexity, neural networks exhibit topological phase transitions and stratification. This observation allowed us to connect existing theory to empirically driven conjectures on the choice of architectures for a single hidden layer neural networks.",None
https://openreview.net/forum?id=HJGcNz-0W,Convolutional Mesh Autoencoders for 3D Face Representation,meshes; convolutions; faces; autoencoder,Convolutional autoencoders generalized to mesh surfaces for encoding and reconstructing extreme 3D facial expressions.,"Convolutional neural networks (CNNs) have achieved state of the art performance on recognizing and representing audio, images, videos and 3D volumes; that is, domains where the input can be characterized by a regular graph structure. 
However, generalizing CNNs to irregular domains like 3D meshes is challenging. Additionally, training data for 3D meshes is often limited. In this work, we generalize convolutional autoencoders to mesh surfaces. We perform spectral decomposition of meshes and apply convolutions directly in frequency space. In addition, we use max pooling and introduce upsampling within the network to represent meshes in a low dimensional space. We construct a complex dataset of 20,466 high resolution meshes with extreme facial expressions and encode it using our Convolutional Mesh Autoencoder. Despite limited training data, our method outperforms state-of-the-art PCA models of faces with 50% lower error,  while using 75% fewer parameters.",None
https://openreview.net/forum?id=ryQz_ZfHz,Neural Variational Sparse Topic Model,Variational Autoencoder; Sparse Topical Coding; Neural Variational Inference,a neural sparsity-enhanced topic model based on VAE,"Effectively inferring discriminative and coherent latent topics of short texts is a critical task for many real world applications. Nevertheless, the task has been proven to be a great challenge for traditional topic models due to the data sparsity problem induced by the characteristics of short texts. Moreover, the complex inference algorithm also become a bottleneck for these traditional models to rapidly explore variations. In this paper, we propose a novel model called Neural Variational Sparse Topic Model (NVSTM) based on a sparsity-enhanced topic model named Sparse Topical Coding (STC). In the model, the auxiliary word embeddings are utilized to improve the generation of representations. The Variational Autoencoder (VAE) approach is applied to inference the model efficiently, which makes the model easy to explore extensions for its black-box inference process. Experimental results onWeb Snippets, 20Newsgroups, BBC and Biomedical datasets show the effectiveness and efficiency of the model.",None
https://openreview.net/forum?id=rJ7RBNe0-,Generative Models for Alignment and Data Efficiency in Language,None,None,"We examine how learning from unaligned data can improve both the data efficiency of supervised tasks as well as enable alignments without any supervision. For example, consider unsupervised machine translation: the input is two corpora of English and French, and the task is to translate from one language to the other but without any pairs of English and French sentences. To address this, we develop feature-matching autoencoders (FMAEs). FMAEs ensure that the marginal distribution of feature layers are preserved across forward and inverse mappings between domains. We show that FMAEs achieve state of the art for data efficiency and alignment across three tasks: text decipherment, sentiment transfer, and neural machine translation for English-to-German and English-to-French. Most compellingly, FMAEs achieve state of the art for neural translation with limited supervision, with significant BLEU score differences of up to 5.7 and 6.3 over traditional supervised models. Furthermore, on English-to-German, they outperform last year's best fully supervised models such as ByteNet (Kalchbrenner et al., 2016) while using only half as many supervised examples.",None
https://openreview.net/forum?id=S1sRrN-CW,Revisiting Knowledge Base Embedding as Tensor Decomposition,Knowledge base embedding,None,"We study the problem of knowledge base (KB) embedding, which is usually addressed through two frameworks---neural KB embedding and tensor decomposition. In this work, we theoretically analyze the neural embedding framework and subsequently connect it with tensor based embedding. Specifically, we show that in neural KB embedding the two commonly adopted optimization solutions---margin-based and negative sampling losses---are closely related to each other. We also reach the closed-form tensor that is implicitly approximated by popular neural KB approaches, revealing the underlying connection between neural and tensor based KB embedding models. Grounded in the theoretical results, we further present a tensor decomposition based framework KBTD to directly approximate the derived closed form tensor. Under this framework, the neural KB embedding models, such as NTN, TransE, Bilinear, and DISTMULT, are unified into a general tensor optimization architecture. Finally, we conduct experiments on the link prediction task in WordNet and Freebase, empirically demonstrating the effectiveness of the KBTD framework.",None
https://openreview.net/forum?id=HJDUjKeA-,Learning objects from pixels,objects; unsupervised; reinforcement learning; atari,"We show how discrete objects can be learnt in an unsupervised fashion from pixels, and how to perform reinforcement learning using this object representation.","We show how discrete objects can be learnt in an unsupervised fashion from pixels, and how to perform reinforcement learning using this object representation.

More precisely, we construct a differentiable mapping from an image to a discrete tabular list of objects, where each object consists of a differentiable position, feature vector, and scalar presence value that allows the representation to be learnt using an attention mechanism.

Applying this mapping to Atari games, together with an interaction net-style architecture for calculating quantities from objects, we construct agents that can play Atari games using objects learnt in an unsupervised fashion. During training, many natural objects emerge, such as the ball and paddles in Pong, and the submarine and fish in Seaquest.

This gives the first reinforcement learning agent for Atari with an interpretable object representation, and opens the avenue for agents that can conduct object-based exploration and generalization.",None
https://openreview.net/forum?id=ByL48G-AW,Simple Nearest Neighbor Policy Method for Continuous Control Tasks,nearest neighbor; reinforcement learning; policy; continuous control,None,"We design a new policy, called a nearest neighbor policy, that does not require any optimization for simple, low-dimensional continuous control tasks. As this policy does not require any optimization, it allows us to investigate the underlying difficulty of a task without being distracted by optimization difficulty of a learning algorithm. We propose two variants, one that retrieves an entire trajectory based on a pair of initial and goal states, and the other retrieving a partial trajectory based on a pair of current and goal states. We test the proposed policies on five widely-used benchmark continuous control tasks with a sparse reward: Reacher, Half Cheetah, Double Pendulum, Cart Pole and Mountain Car. We observe that the majority (the first four) of these tasks, which have been considered difficult, are easily solved by the proposed policies with high success rates, indicating that reported difficulties of them may have likely been due to the optimization difficulty. Our work suggests that it is necessary to evaluate any sophisticated policy learning algorithm on more challenging problems in order to truly assess the advances from them.",None
https://openreview.net/forum?id=rJIN_4lA-,Maintaining cooperation in complex social dilemmas using deep reinforcement learning,reinforcement learning; cooperation; social dilemmas; game theory,How can we build artificial agents that solve social dilemmas (situations where individuals face a temptation to increase their payoffs at a cost to total welfare)?,"Social dilemmas are situations where individuals face a temptation to increase their payoffs at a cost to total welfare. Building artificially intelligent agents that achieve good outcomes in these situations is important because many real world interactions include a tension between selfish interests and the welfare of others. We show how to modify modern reinforcement learning methods to construct agents that act in ways that are simple to understand, nice (begin by cooperating), provokable (try to avoid being exploited), and forgiving (try to return to mutual cooperation). We show both theoretically and experimentally that such agents can maintain cooperation in Markov social dilemmas. Our construction does not require training methods beyond a modification of self-play, thus if an environment is such that good strategies can be constructed in the zero-sum case (eg. Atari) then we can construct agents that solve social dilemmas in this environment.",None
https://openreview.net/forum?id=HJsk5-Z0W,Structured Deep Factorization Machine: Towards General-Purpose Architectures,factorization; general-purpose methods,Scalable general-purpose factorization algorithm-- also helps to circumvent cold start problem.,"In spite of their great success, traditional factorization algorithms typically do not support features (e.g., Matrix Factorization), or their complexity scales quadratically with the number of features (e.g, Factorization Machine). On the other hand, neural methods allow large feature sets, but are often designed for a specific application. We propose novel deep factorization methods that allow efficient and flexible feature representation. For example, we enable describing items with natural language with complexity linear to the vocabulary size—this enables prediction for unseen items and avoids the cold start problem. We show that our architecture can generalize some previously published single-purpose neural architectures. Our experiments suggest improved training times and accuracy compared to shallow methods.",None
https://openreview.net/forum?id=r1D4bs1Wz,Dense Transformer Networks,None,None,"The key idea of current deep learning methods for dense prediction
is to apply a model on a regular patch centered on each pixel to
make pixel-wise predictions. These methods are limited in the sense
that the patches are determined by network architecture instead of
learned from data. In this work, we propose the dense transformer
networks, which can learn the shapes and sizes of patches from data.
The dense transformer networks employ an encoder-decoder
architecture, and a pair of dense transformer modules are inserted
into each of the encoder and decoder paths. The novelty of this work
is that we provide technical solutions for learning the shapes and
sizes of patches from data and efficiently restoring the spatial
correspondence required for dense prediction. The proposed dense
transformer modules are differentiable, thus the entire network can
be trained. We apply the proposed networks on natural and biological
image segmentation tasks and show superior performance is achieved
in comparison to baseline methods.",None
https://openreview.net/forum?id=HkbJTYyAb,Convolutional Normalizing Flows,None,None,"Bayesian posterior inference is prevalent in various machine learning problems. Variational inference provides one way to approximate the posterior distribution, however its expressive power is limited and so is the accuracy of resulting approximation. Recently, there has a trend of using neural networks to approximate the variational posterior distribution due to the flexibility of neural network architecture. One way to construct flexible variational distribution is to warp a simple density into a complex by normalizing flows, where the resulting density can be analytically evaluated. However, there is a trade-off between the flexibility of normalizing flow and computation cost for efficient transformation. In this paper, we propose a simple yet effective architecture of normalizing flows, ConvFlow, based on convolution over the dimensions of random input vector. Experiments on synthetic and real world posterior inference problems demonstrate the effectiveness and efficiency of the proposed method.",None
https://openreview.net/forum?id=H1vCXOe0b,Interpreting Deep Classification Models With Bayesian Inference,None,None,"In this paper, we propose a novel approach to interpret a well-trained classification model through systematically investigating effects of its hidden units on prediction making. We search for the core hidden units responsible for predicting inputs as the class of interest under the generative Bayesian inference framework. We model such a process of unit selection as an Indian Buffet Process, and derive a simplified objective function via the MAP asymptotic technique. The induced binary optimization problem is efficiently solved with a continuous relaxation method by attaching a Switch Gate layer to the hidden layers of interest. The resulted interpreter model is thus end-to-end optimized via standard gradient back-propagation. Experiments are conducted with two popular deep convolutional classifiers, respectively well-trained on the MNIST dataset and the CI- FAR10 dataset. The results demonstrate that the proposed interpreter successfully finds the core hidden units most responsible for prediction making. The modified model, only with the selected units activated, can hold correct predictions at a high rate. Besides, this interpreter model is also able to extract the most informative pixels in the images by connecting a Switch Gate layer to the input layer.",None
https://openreview.net/forum?id=ByUEelW0-,Modifying memories in a Recurrent Neural Network Unit,LSTM; RNN; rotation matrix; long-term memory; natural language processing,Adding a new set of weights to the LSTM that rotate the cell memory improves performance on some bAbI tasks.,Long Short-Term Memory (LSTM) units have the ability to memorise and use long-term dependencies between inputs to generate predictions on time series data. We introduce the concept of modifying the cell state (memory) of LSTMs using rotation matrices parametrised by a new set of trainable weights. This addition shows significant increases of performance on some of the tasks from the bAbI dataset.,None
https://openreview.net/forum?id=rkWN3g-AZ,XGAN: Unsupervised Image-to-Image Translation for many-to-many Mappings,unsupervised; gan; domain adaptation; style transfer; semantic; image translation; dataset,"XGAN is an unsupervised model for feature-level image-to-image translation applied to semantic style transfer problems such as the face-to-cartoon task, for which we introduce a new dataset.","Style transfer usually refers to the task of applying color and texture information from a specific style image to a given content image while preserving the structure of the latter. Here we tackle the more generic problem of semantic style transfer: given two unpaired collections of images, we aim to learn a mapping between the corpus-level style of each collection, while preserving semantic content shared across the two domains. We introduce XGAN (""Cross-GAN""), a dual adversarial autoencoder, which captures a shared representation of the common domain semantic content in an unsupervised way, while jointly learning the domain-to-domain image translations in both directions.  We exploit ideas from the domain adaptation literature and define a semantic consistency loss which encourages the model to preserve semantics in the learned embedding space. We report promising qualitative results for the task of face-to-cartoon translation. The cartoon dataset we collected for this purpose will also be released as a new benchmark for semantic style transfer.",None
https://openreview.net/forum?id=BkS3fnl0W,Semi-supervised Outlier Detection using Generative And Adversary Framework,Semi-supervised Learning; Generative And Adversary Framework; One-class classification; Outlier detection,None,"In a conventional binary/multi-class classification task, the decision boundary is supported by data from two or more classes. However, in one-class classification task, only data from one class are available. To build an robust outlier detector using only data from a positive class, we propose a corrupted GAN(CorGAN), a deep convolutional Generative Adversary Network requiring no convergence during training. In the adversarial process of training CorGAN, the Generator is supposed to generate outlier samples for negative class, and the Discriminator as an one-class classifier is trained to distinguish data from training datasets (i.e. positive class) and generated data from the Generator (i.e. negative class). To improve the performance of the Discriminator (one-class classifier), we also propose a lot of techniques to improve the performance of the model. The proposed model outperforms the traditional method PCA + PSVM and the solution based on Autoencoder.",None
https://openreview.net/forum?id=Sk0pHeZAW,Sparse Regularized Deep Neural Networks For Efficient Embedded Learning,Sparse representation; Compression Deep Learning Models; L1 regularisation; Optimisation.,Compression of Deep neural networks deployed on embedded device.,"Deep learning is becoming more widespread in its application due to its power in solving complex classification problems. However, deep learning models often require large memory and energy consumption, which may prevent them from being deployed effectively on embedded platforms, limiting their applications. This work addresses the problem by proposing methods {\em Weight Reduction Quantisation} for compressing the memory footprint of the models, including reducing the number of weights and the number of bits to store each weight. Beside, applying with sparsity-inducing regularization, our work focuses on speeding up stochastic variance reduced gradients (SVRG) optimization on non-convex problem. Our method that mini-batch SVRG with $\ell$1 regularization on non-convex problem has faster and smoother convergence rates than SGD by using adaptive learning rates. Experimental evaluation of our approach uses MNIST and CIFAR-10 datasets on LeNet-300-100 and LeNet-5 models, showing our approach can reduce the memory requirements both in the convolutional and fully connected layers by up to 60$\times$ without affecting their test accuracy.",None
https://openreview.net/forum?id=Skvin0GWM,Human-like Clustering with Deep Convolutional Neural Networks,Cluttering; deep learning; human learning,Human-like Clustering with CNNs,"Classification and clustering have been studied separately in machine learning and computer vision. Inspired by the recent success of deep learning models in solving various vision problems (e.g., object recognition, semantic segmentation) and the fact that humans serve as the gold standard in assessing clustering algorithms, here, we advocate for a unified treatment of the two problems and suggest that hierarchical frameworks that progressively build complex patterns on top of the simpler ones (e.g., convolutional neural networks) offer a promising solution. We do not dwell much on the learning mechanisms in these frameworks as they are still a matter of debate, with respect to biological constraints. Instead, we emphasize on the compositionality of the real world structures and objects. In particular, we show that CNNs, trained end to end using back propagation with noisy labels, are able to cluster data points belonging to several overlapping shapes, and do so much better than the state of the art algorithms. The main takeaway lesson from our study is that mechanisms of human vision, particularly the hierarchal organization of the visual ventral stream should be taken into account in clustering algorithms (e.g., for learning representations in an unsupervised manner or with minimum supervision) to reach human level clustering performance. This, by no means, suggests that other methods do not hold merits. For example, methods relying on pairwise affinities (e.g., spectral clustering) have been very successful in many cases but still fail in some cases (e.g., overlapping clusters).",None
https://openreview.net/forum?id=HJ1HFlZAb,Evaluation of generative networks through their data augmentation capacity,Generative models; Evaluation of generative models; Data Augmentation,Evaluating generative networks through their data augmentation capacity on discrimative models.,"Generative networks are known to be difficult to assess. Recent works on generative models, especially on generative adversarial networks, produce nice samples of varied categories of images. But the validation of their quality is highly dependent on the method used. A good generator should generate data which contain meaningful and varied information and that fit the distribution of a dataset. This paper presents a new method to assess a generator. Our approach is based on training a classifier with a mixture of real and generated samples. We train a generative model over a labeled training set, then we use this generative model to sample new data points that we mix with the original training data. This mixture of real and generated data is thus used to train a classifier which is afterwards tested on a given labeled test dataset. We compare this result with the score of the same classifier trained on the real training data mixed with noise. By computing the classifier's accuracy with different ratios of samples from both distributions (real and generated) we are able to estimate if the generator successfully fits and is able to generalize the distribution of the dataset. Our experiments compare the result of different generators from the VAE and GAN framework on MNIST and fashion MNIST dataset.",None
https://openreview.net/forum?id=Bk_fs6gA-,Long Term Memory Network for Combinatorial Optimization Problems,Memory Networks; Combinatorial Optimization; Binary LP,We propose a memory network model to solve Binary LP instances where the memory information is perseved for long-term use.,This paper introduces a framework for solving combinatorial optimization problems by learning from input-output examples of optimization problems. We introduce a new memory augmented neural model in which the memory is not resettable (i.e the information stored in the memory after processing an input example is kept for the next seen examples). We used deep reinforcement learning to train a memory controller agent to store useful memories. Our model was able to outperform hand-crafted solver on Binary Linear Programming (Binary LP). The proposed model is tested on different Binary LP instances with large number of variables (up to 1000 variables) and constrains (up to 700 constrains).,None
