urls,titles,keywords,tldrs,abstracts,one_sentence_summ
https://openreview.net/forum?id=H1-IBSgMz, A Matrix Approximation View of NCE that Justifies Self-Normalization,language modeling; NCE; self-normalization,We prove that NCE is self-normalized and demonstrate it on datasets,"Self-normalizing discriminative models approximate the normalized probability of a class without having to compute the partition function. This property is useful to computationally-intensive neural network classifiers, as the cost of computing the partition function grows linearly with the number of classes and may become prohibitive. In particular, since neural language models may deal with up to millions of classes, their self-normalization properties received notable attention. Several
recent studies empirically found that language models, trained using Noise Contrastive Estimation (NCE), exhibit self-normalization, but could not explain why. In this study, we provide a theoretical justification to this property by viewing
NCE as a low-rank matrix approximation. Our empirical investigation compares NCE to the alternative explicit approach for self-normalizing language models. It also uncovers a surprising negative correlation between self-normalization and
perplexity, as well as some regularity in the observed errors that may potentially be used for improving self-normalization algorithms in the future.",None
https://openreview.net/forum?id=H1TWfmnNf,Do Convolutional Neural Networks act  as Compositional Nearest Neighbors?,interpreting convolutional neural networks; nearest neighbors; generative adversarial networks,Convolutional Neural Networks behave as Compositional Nearest Neighbors!,"We present a simple approach based on pixel-wise nearest neighbors to understand and interpret the functioning of state-of-the-art neural networks for pixel-level tasks. We aim to understand and uncover the synthesis/prediction mechanisms of state-of-the-art convolutional neural networks. To this end, we primarily analyze the synthesis process of generative models and the prediction mechanism of discriminative models. The main hypothesis of this work is that convolutional neural networks for pixel-level tasks learn a fast compositional nearest neighbor synthesis/prediction function. Our experiments on semantic segmentation and image-to-image translation show qualitative and quantitative evidence supporting this hypothesis.",None
https://openreview.net/forum?id=H1-oTz-Cb,Parametrizing filters of a CNN with a GAN,invariance; cnn; gan; infogan; transformation,None,"It is commonly agreed that the use of relevant invariances as a good statistical bias is important in machine-learning. However, most approaches that explicitely incorporate invariances into a model architecture only make use of very simple transformations, such as translations and rotations. Hence, there is a need for methods to model and extract richer transformations that capture much higher-level invariances. To that end, we introduce a tool allowing to parametrize the set of filters of a trained convolutional neural network with the latent space of a generative adversarial network. We then show that the method can capture highly non-linear invariances of the data by visualizing their effect in the data space.",None
https://openreview.net/forum?id=r1kj4ACp-,Understanding Deep Learning Generalization by Maximum Entropy,generalization; maximum entropy; deep learning,We prove that DNN is a recursively approximated solution to the maximum entropy principle.,"Deep learning achieves remarkable generalization capability with overwhelming number of model parameters. Theoretical understanding of deep learning generalization receives recent attention yet remains not fully explored. This paper attempts to provide an alternative understanding from the perspective of maximum entropy. We first derive two feature conditions that softmax regression strictly apply maximum entropy principle. DNN is then regarded as approximating the feature conditions with multilayer feature learning, and proved to be a recursive solution towards maximum entropy principle. The connection between DNN and maximum entropy well explains why typical designs such as shortcut and regularization improves model generalization, and provides instructions for future model development.",None
https://openreview.net/forum?id=HJ39YKiTb,Associative Conversation Model: Generating Visual Information from Textual Information,conversation model; multimodal embedding; attention mechanism; natural language processing; encoder-decoder model,Proposal of the sentence generation method based on fusion between textual information and visual information associated with the textual information,"In this paper, we propose the Associative Conversation Model that generates visual information from textual information and uses it for generating sentences in order to utilize visual information in a dialogue system without image input. In research on Neural Machine Translation, there are studies that generate translated sentences using both images and sentences, and these studies show that visual information improves translation performance. However, it is not possible to use sentence generation algorithms using images for the dialogue systems since many text-based dialogue systems only accept text input. Our approach generates (associates) visual information from input text and generates response text using context vector  fusing associative visual information and sentence textual information. A comparative experiment between our proposed model and a model without association showed that our proposed model is generating useful sentences by associating visual information related to sentences. Furthermore, analysis experiment of visual association showed that our proposed model generates (associates) visual information effective for sentence generation.",None
https://openreview.net/forum?id=H1u8fMW0b,Toward predictive machine learning for active vision,active inference; predictive coding; motor control,Pros and cons of saccade-based computer vision under a predictive coding perspective,"We develop a comprehensive description of the active inference framework, as proposed by Friston (2010), under a machine-learning compliant perspective. Stemming from a biological inspiration and the auto-encoding principles, a sketch of a cognitive architecture is proposed that should provide ways to implement estimation-oriented control policies.  Computer simulations illustrate the effectiveness of the approach through a foveated inspection of the input data. The pros and cons of the control policy are analyzed in detail, showing interesting promises in terms of processing compression. Though optimizing future posterior entropy over the actions set is shown enough to attain locally optimal action selection, offline calculation using class-specific saliency maps is shown better for it saves processing costs through saccades pathways pre-processing, with a negligible effect on the recognition/compression rates.",None
https://openreview.net/forum?id=B1EGg7ZCb,Autonomous Vehicle Fleet Coordination With Deep Reinforcement Learning,Deep Reinforcement Learning; mult-agent systems,Utilized Deep Reinforcement Learning to teach agents ride-sharing fleet style coordination.,"Autonomous vehicles are becoming more common in city transportation.  Companies will begin to find a need to teach these vehicles smart city fleet coordination.  Currently, simulation based modeling along with hand coded rules dictate the decision making of these autonomous vehicles. We believe that complex intelligent behavior can be learned by these agents through Reinforcement Learning.In this paper, we discuss our work for solving this system by adapting the Deep Q-Learning (DQN) model to the multi-agent setting.  Our approach applies deep reinforcement learning by combining convolutional neural networks with DQN to teach agents to fulfill customer demand in an environment that is partially observ-able to them. We also demonstrate how to utilize transfer learning to teach agents to balance multiple objectives such as navigating to a charging station when its en-ergy level is low. The two evaluations presented show that our solution has shown  hat we are successfully able to teach agents cooperation policies while balancing multiple objectives.",None
https://openreview.net/forum?id=HydnA1WCb,Gaussian Prototypical Networks for Few-Shot Learning on Omniglot,one-shot learning; few-shot learning; Omniglot,A novel architecture for few-shot classification capable of dealing with uncertainty.,"We propose a novel architecture for k-shot classification on the Omniglot dataset. Building on prototypical networks, we extend their architecture to what we call Gaussian prototypical networks. Prototypical networks learn a map between images and embedding vectors, and use their clustering for classification. In our model, a part of the encoder output is interpreted as a confidence region estimate about the embedding point, and expressed as a Gaussian covariance matrix. Our network then constructs a direction and class dependent distance metric on the embedding space, using uncertainties of individual data points as weights. We show that Gaussian prototypical networks are a preferred architecture over vanilla prototypical networks with an equivalent number of parameters. We report results consistent with state-of-the-art performance in 1-shot and 5-shot classification both in 5-way and 20-way regime on the Omniglot dataset. We explore artificially down-sampling a fraction of images in the training set, which improves our performance. Our experiments therefore lead us to hypothesize that Gaussian prototypical networks might perform better in less homogeneous, noisier datasets, which are commonplace in real world applications.",None
https://openreview.net/forum?id=BkoCeqgR-,On the Construction and Evaluation of Color Invariant Networks,deep learning; invariance; data set; evaluation,We construct and evaluate color invariant neural nets on a novel realistic data set,"This is an empirical paper which constructs color invariant networks and evaluates their performances on a realistic data set. The paper studies the simplest possible case of color invariance: invariance under pixel-wise permutation of the color channels. Thus the network is aware not of the specific color object, but its colorfulness. The data set introduced in the paper consists of images showing crashed cars from which ten classes were extracted. An additional annotation was done which labeled whether the car shown was red or non-red.  The networks were evaluated by their performance on the classification task. With the color annotation we altered the color ratios  in the training data and analyzed the generalization capabilities of the networks on the unaltered test data. We further split the test data in red and non-red cars and did a similar evaluation. It is shown in the paper that an pixel-wise ordering of the rgb-values of the images performs better or at least similarly for small deviations from the true color ratios. The limits of these networks are also discussed.",None
https://openreview.net/forum?id=Sktm4zWRb,Soft Value Iteration Networks for Planetary Rover Path Planning,value iteration networks; robotics; space robotics; imitation learning; convolutional neural networks; path planning,"We propose an improvement to value iteration networks, with applications to planetary rover path planning.","Value iteration networks are an approximation of the value iteration (VI) algorithm implemented with convolutional neural networks to make VI fully differentiable. In this work, we study these networks in the context of robot motion planning, with a focus on applications to planetary rovers. The key challenging task in learning-based motion planning is to learn a transformation from terrain observations to a suitable navigation reward function. In order to deal with complex terrain observations and policy learning, we propose a value iteration recurrence, referred to as the soft value iteration network (SVIN). SVIN is designed to produce more effective training gradients through the value iteration network. It relies on a soft policy model, where the policy is represented with a probability distribution over all possible actions, rather than a deterministic policy that returns only the best action. We demonstrate the effectiveness of the proposed method in robot motion planning scenarios. In particular, we study the application of SVIN to very challenging problems in planetary rover navigation and present early training results on data gathered by the  Curiosity rover that is currently operating on Mars.",None
https://openreview.net/forum?id=r1Zi2Mb0-,EXPLORING NEURAL ARCHITECTURE SEARCH FOR LANGUAGE TASKS,Neural architecture search; language tasks; neural machine translation; reading comprehension; SQuAD,"We explore neural architecture search for language tasks. Recurrent cell search is challenging for NMT, but attention mechanism search works. The result of attention search on translation is transferable to reading comprehension.","Neural architecture search (NAS), the task of finding neural architectures automatically, has recently emerged as a promising approach for unveiling better models over human-designed ones. However, most success stories are for vision tasks and have been quite limited for text, except for a small language modeling setup. In this paper, we explore NAS for text sequences at scale, by first focusing on the task of language translation and later extending to reading comprehension. From a standard sequence-to-sequence models for translation, we conduct extensive searches over the recurrent cells and attention similarity functions across two translation tasks, IWSLT English-Vietnamese and WMT German-English. We report challenges in performing cell searches as well as demonstrate initial success on attention searches with translation improvements over strong baselines. In addition, we show that results on attention searches are transferable to reading comprehension on the SQuAD dataset.",None
https://openreview.net/forum?id=rynniUpQM,Learning with Mental Imagery,Deep Learning; Adversarial Networks; Object Instance Recognition; Cognitive AI,Object instance recognition with adversarial autoencoders was performed with a novel 'mental image' target that is canonical representation of the input image.,"In this paper, we propose deep convolutional generative adversarial networks (DCGAN) that learn to produce a 'mental image' of the input image as internal representation of a certain category of input data distribution.  This mental image is what the DCGAN 'imagines' that the input image might look like under ideal conditions.  The mental image contains a version of the input that is iconic, without any peculiarities that do not contribute to the ideal representation of the input data distribution within a category. A DCGAN learns this association by training an encoder to capture salient features from the original image and a decoder to convert salient features into its associated mental image representation.  Our new approach, which we refer to as a Mental Image DCGAN (MIDCGAN), learns features that are useful for recognizing entire classes of objects, and that this in turn has the benefit of helping single and zero shot recognition.  We demonstrate our approach on object instance recognition and handwritten digit recognition tasks.",None
https://openreview.net/forum?id=SkERSm-0-,Preliminary theoretical troubleshooting in Variational Autoencoder,variational autoencoder; information theory; noise modelling; representation learning; generative model; disentanglement,This paper tries to preliminarily address the disentanglement theoretically in the idealistic situation and practically through noise modelling perspective in the realistic case.,"What would be learned by variational autoencoder(VAE) and what influence the disentanglement of VAE? This paper tries to preliminarily address VAE's intrinsic dimension, real factor, disentanglement and indicator issues theoretically in the idealistic situation and implementation issue practically through noise modeling perspective in the realistic case.  On intrinsic dimension issue, due to information conservation, the idealistic VAE learns and only learns intrinsic factor dimension. Besides, suggested by mutual information separation property, the constraint induced by Gaussian prior to the VAE objective encourages the information sparsity in dimension. On disentanglement issue,   subsequently, inspired by information conservation theorem the clarification on disentanglement in this paper is made. On real factor issue, due to factor equivalence, the idealistic VAE possibly learns any factor set in the equivalence class.  On indicator issue, the behavior of current disentanglement metric is discussed, and several performance indicators regarding the disentanglement and generating influence are subsequently raised to evaluate the performance of VAE model and to supervise the used factors. On implementation issue, the experiments under noise modeling and constraints empirically testify the theoretical analysis and also show their own characteristic in pursuing disentanglement.",None
https://openreview.net/forum?id=rJVruWZRW,Dense Recurrent Neural Network with Attention Gate,recurrent neural network; language modeling; dense connection,Dense RNN that has fully connections from each hidden state to multiple preceding hidden states of all layers directly.,"We propose the dense RNN, which has the fully connections from each hidden state to multiple preceding hidden states of all layers directly. As the density of the connection increases, the number of paths through which the gradient flows can be increased. It increases the magnitude of gradients, which help to prevent the vanishing gradient problem in time. Larger gradients, however, can also cause exploding gradient problem. To complement the trade-off between two problems, we propose an attention gate, which controls the amounts of gradient flows. We describe the relation between the attention gate and the gradient flows by approximation. The experiment on the language modeling using Penn Treebank corpus shows dense connections with the attention gate improve the model’s performance.",None
https://openreview.net/forum?id=ry4S90l0b,A Self-Training Method for Semi-Supervised GANs,self-training; generative adversarial networks; semi-supervised,None,"Since the creation of Generative Adversarial Networks (GANs), much work has been done to improve their training stability, their generated image quality, their range of application but nearly none of them explored their self-training potential. Self-training has been used before the advent of deep learning in order to allow training on limited labelled training data and has shown impressive results in semi-supervised learning. In this work, we combine these two ideas and make GANs self-trainable for semi-supervised learning tasks by exploiting their infinite data generation potential. Results show that using even the simplest form of self-training yields an improvement. We also show results for a more complex self-training scheme that performs at least as well as the basic self-training scheme but with significantly less data augmentation.",None
https://openreview.net/forum?id=rJIgf7bAZ,An inference-based policy gradient method for learning options,reinforcement learning; hierarchy; options; inference,We develop a novel policy gradient method for the automatic learning of policies with options using a differentiable inference step.,"In the pursuit of increasingly intelligent learning systems, abstraction plays a vital role in enabling sophisticated decisions to be made in complex environments. The options framework provides formalism for such abstraction over sequences of decisions.  However most models require that options be given a priori, presumably specified by hand, which is neither efficient, nor scalable. Indeed, it is preferable to learn options directly from interaction with the environment. Despite several efforts, this remains a difficult problem: many approaches require access to a model of the environmental dynamics, and inferred options are often not interpretable, which limits our ability to explain the system behavior for verification or debugging purposes.  In this work we develop a novel policy gradient method for the automatic learning of policies with options.  This algorithm uses inference methods to simultaneously improve all of the options available to an agent, and thus can be employed in an off-policy manner, without observing option labels. Experimental results show that the options learned can be interpreted. Further, we find that the method presented here is more sample efficient than existing methods, leading to faster and more stable learning of policies with options.",None
https://openreview.net/forum?id=Hy8hkYeRb,A Deep Predictive Coding Network for Learning Latent Representations,Predictive coding; deep neural network; generative model; unsupervised learning; learning latent representations,A predictive coding based learning algorithm for building deep neural network models of the brain,"It has been argued that the brain is a prediction machine that continuously learns how to make better predictions about the stimuli received from the external environment. For this purpose, it builds a model of the world around us and uses this model to infer the external stimulus. Predictive coding has been proposed as a mechanism through which the brain might be able to build such a model of the external environment. However, it is not clear how predictive coding can be used to build deep neural network models of the brain while complying with the architectural constraints imposed by the brain. In this paper, we describe an algorithm to build a deep generative model using predictive coding that can be used to infer latent representations about the stimuli received from external environment. Specifically, we used predictive coding to train a deep neural network on real-world images in a unsupervised learning paradigm. To understand the capacity of the network with regards to modeling the external environment, we studied the latent representations generated by the model on images of objects that are never presented to the model during training. Despite the novel features of these objects the model is able to infer the latent representations for them. Furthermore, the reconstructions of the original images obtained from these latent representations preserve the important details of these objects.",None
https://openreview.net/forum?id=Byni8NLHf,Learning Topics using Semantic Locality,None,We proposed a universal method which can be used in the data preprocessing stage to generate the more meaningful topic that better represents the given document,"The topic modeling discovers the latent topic probability of given the text documents. To generate the more meaningful topic that better represents the given document, we proposed a universal method which can be used in the data preprocessing stage. The method consists of three steps. First, it generates the word/word-pair from every single document. Second, it applies a two way parallel TF-IDF algorithm to word/word-pair for semantic filtering. Third, it uses the k-means algorithm to merge the word pairs that have the similar semantic meaning.

Experiments are carried out on the Open Movie Database (OMDb), Reuters Dataset and 20NewsGroup Dataset and use the mean Average Precision score as the evaluation metric. Comparing our results with other state-of-the-art topic models, such as Latent Dirichlet allocation and traditional Restricted Boltzmann Machines. Our proposed data preprocessing can improve the generated topic accuracy by up to 12.99\%. How the number of clusters and the number of word pairs should be adjusted for different type of text document is also discussed.",None
https://openreview.net/forum?id=r1nzLmWAb,Video Action Segmentation with Hybrid Temporal Networks,action segmentation; video labeling; temporal networks,We propose a new hybrid temporal network that achieves state-of-the-art performance on video action segmentation on three public datasets.,"Action segmentation as a milestone towards building automatic systems to understand untrimmed videos has received considerable attention in the recent years. It is typically being modeled as a sequence labeling problem but contains intrinsic and sufficient differences than text parsing or speech processing. In this paper, we introduce a novel hybrid temporal convolutional and recurrent network (TricorNet), which has an encoder-decoder architecture: the encoder consists of a hierarchy of temporal convolutional kernels that capture the local motion changes of different actions; the decoder is a hierarchy of recurrent neural networks that are able to learn and memorize long-term action dependencies after the encoding stage. Our model is simple but extremely effective in terms of video sequence labeling. The experimental results on three public action segmentation datasets have shown that the proposed model achieves superior performance over the state of the art.",None
https://openreview.net/forum?id=Hy-lXyDWG,Incremental Learning in Deep Convolutional Neural Networks Using Partial Network Sharing,Deep learning; Incremental learning; energy-efficient learning; supervised learning,The paper is about a new energy-efficient methodology for Incremental learning,"Deep convolutional neural network (DCNN) based supervised learning is a widely practiced approach for large-scale image classification.  However, retraining these large networks to accommodate new, previously unseen data demands high computational time and energy requirements. Also, previously seen training samples may not be available at the time of retraining. We propose an efficient training methodology and incrementally growing a DCNN to allow new classes to be learned while sharing part of the base network. Our proposed methodology is inspired by transfer learning techniques, although it does not forget previously learned classes. An updated network for learning new set of classes is formed using previously learned convolutional layers (shared from initial part of base network) with addition of few newly added convolutional kernels included in the later layers of the network. We evaluated the proposed scheme on several recognition applications. The classification accuracy achieved by our approach is comparable to the regular incremental learning approach (where networks are updated with new training samples only, without any network sharing).",None
https://openreview.net/forum?id=By0ANxbRW,DNN Model Compression Under Accuracy Constraints,DNN Compression; Weigh-sharing; Model Compression,Compressing trained DNN models by minimizing their complexity while constraining their loss.,"The growing interest to implement Deep Neural Networks (DNNs) on resource-bound hardware has motivated innovation of compression algorithms. Using these algorithms, DNN model sizes can be substantially reduced, with little to no accuracy degradation. This is achieved by either eliminating components from the model, or penalizing complexity during training. While both approaches demonstrate considerable compressions, the former often ignores the loss function during compression while the later produces unpredictable compressions. In this paper, we propose a technique that directly minimizes both the model complexity and the changes in the loss function. In this technique, we formulate compression as a constrained optimization problem, and then present a solution for it. We will show that using this technique, we can achieve competitive results.",None
https://openreview.net/forum?id=ryk77mbRZ,Noise-Based Regularizers for Recurrent Neural Networks,None,None,"Recurrent neural networks (RNNs) are powerful models for sequential data. They can approximate arbitrary computations, and have been used successfully in domains such as text and speech. However, the flexibility of RNNs makes them susceptible to overfitting and regularization is important. We develop a noise-based regularization method for RNNs. The idea is simple and easy to implement: we inject noise in the hidden units of the RNN and then maximize the original RNN's likelihood averaged over the injected noise. On a language modeling benchmark, our method achieves better performance than the deterministic RNN and the variational dropout.",None
https://openreview.net/forum?id=ryZ3KCy0W,Link Weight Prediction with Node Embeddings,None,None,"Application of deep learning has been successful in various domains such as im-
age recognition, speech recognition and natural language processing. However,
the research on its application in graph mining is still in an early stage. Here we
present the first generic deep learning approach to the graph link weight prediction
problem based on node embeddings. We evaluate this approach with three differ-
ent node embedding techniques experimentally and compare its performance with
two state-of-the-art non deep learning baseline approaches. Our experiment re-
sults suggest that this deep learning approach outperforms the baselines by up to
70% depending on the dataset and embedding technique applied. This approach
shows that deep learning can be successfully applied to link weight prediction to
improve prediction accuracy.",None
https://openreview.net/forum?id=r1HNP0eCW,Estimation of cross-lingual news similarities using text-mining methods,None,None,"Every second, innumerable text data, including all kinds news, reports, messages, reviews, comments, and twits have been generated on the Internet,  which is written not only in English but also in other languages such as Chinese, Japanese, French and so on. Not only SNS sites but also worldwide news agency such as Thomson Reuters News provide news reported in more than 20 languages, reflecting the significance of the multilingual information.
In this research, by taking advantage of multi-lingual text resources provided by the Thomson Reuters News, we developed a bidirectional LSTM based method to calculate cross-lingual semantic text similarity for long text and short text respectively. Thus, users could understand the situation comprehensively, by investigating similar and related cross-lingual articles, when there an important news comes in.",None
https://openreview.net/forum?id=SJ71VXZAZ,Learning To Generate Reviews and Discovering Sentiment,unsupervised learning; representation learning; deep learning,Byte-level recurrent language models learn high-quality domain specific representations of text.,"We explore the properties of byte-level recurrent language models. When given sufficient amounts of capacity, training data, and compute time, the representations learned by these models include disentangled features corresponding to high-level concepts. Specifically, we find a single unit which performs sentiment analysis. These representations, learned in an unsupervised manner, achieve state of the art on the binary subset of the Stanford Sentiment Treebank. They are also very data efficient. When using only a handful of labeled examples, our approach matches the performance of strong baselines trained on full datasets. We also demonstrate the sentiment unit has a direct influence on the generative process of the model. Simply fixing its value to be positive or negative generates samples with the corresponding positive or negative sentiment.",None
https://openreview.net/forum?id=Hyp-JJJRW,Style Memory: Making a Classifier Network Generative,neural networks; autoencoder; generative; feed-back,Augmenting the top layer of a classifier network with a style memory enables it to be generative.,"Deep networks have shown great performance in classification tasks. However, the parameters learned by the classifier networks usually discard stylistic information of the input, in favour of information strictly relevant to classification. We introduce a network that has the capacity to do both classification and reconstruction by adding a ""style memory"" to the output layer of the network. We also show how to train such a neural network as a deep multi-layer autoencoder, jointly minimizing both classification and reconstruction losses. The generative capacity of our network demonstrates that the combination of style-memory neurons with the classifier neurons yield good reconstructions of the inputs when the classification is correct. We further investigate the nature of the style memory, and how it relates to composing digits and letters.",None
https://openreview.net/forum?id=rkfbLilAb,Improving Search Through A3C Reinforcement Learning Based Conversational Agent,Subjective search; Reinforcement Learning; Conversational Agent; Virtual user model; A3C; Context aggregation,A Reinforcement Learning based conversational search assistant which provides contextual assistance in subjective search (like digital assets).,We develop a reinforcement learning based search assistant which can assist users through a set of actions and sequence of interactions to enable them realize their intent. Our approach caters to subjective search where the user is seeking digital assets such as images which is fundamentally different from the tasks which have objective and limited search modalities. Labeled conversational data is generally not available in such search tasks and training the agent through human interactions can be time consuming. We propose a stochastic virtual user which impersonates a real user and can be used to sample user behavior efficiently to train the agent which accelerates the bootstrapping of the agent. We develop A3C algorithm based context preserving architecture which enables the agent to provide contextual assistance to the user. We compare the A3C agent with Q-learning and evaluate its performance on average rewards and state values it obtains with the virtual user in validation episodes. Our experiments show that the agent learns to achieve higher rewards and better states.,None
https://openreview.net/forum?id=BJhxcGZCW,Generative Discovery of Relational Medical Entity Pairs,Knowledge Discovery; Generative Modeling; Medical; Entity Pair,"Generatively discover meaningful, novel entity pairs with a certain medical relationship by purely learning from the existing meaningful entity pairs, without the requirement of additional text corpus for discriminative extraction.","Online healthcare services can provide the general public with ubiquitous access to medical knowledge and reduce the information access cost for both individuals and societies. To promote these benefits, it is desired to effectively expand the scale of high-quality yet novel relational medical entity pairs that embody rich medical knowledge in a structured form. To fulfill this goal, we introduce a generative model called Conditional Relationship Variational Autoencoder (CRVAE), which can discover meaningful and novel relational medical entity pairs without the requirement of additional external knowledge. Rather than discriminatively identifying the relationship between two given medical entities in a free-text corpus, we directly model and understand medical relationships from diversely expressed medical entity pairs. The proposed model introduces the generative modeling capacity of variational autoencoder to entity pairs, and has the ability to discover new relational medical entity pairs solely based on the existing entity pairs. Beside entity pairs, relationship-enhanced entity representations are obtained as another appealing benefit of the proposed method. Both quantitative and qualitative evaluations on real-world medical datasets demonstrate the effectiveness of the proposed method in generating relational medical entity pairs that are meaningful and novel.",None
https://openreview.net/forum?id=HyHmGyZCZ,Comparison of Paragram and GloVe Results for Similarity Benchmarks,language models; vector spaces; word embedding; similarity,Paper provides a description of a procedure to enhance word vector space model with an evaluation of Paragram and GloVe models for Similarity Benchmarks.,"Distributional Semantics Models(DSM) derive word space from linguistic items
in context. Meaning is obtained by defining a distance measure between vectors
corresponding to lexical entities. Such vectors present several problems. This
work concentrates on quality of word embeddings, improvement of word embedding
vectors, applicability of a novel similarity metric used ‘on top’ of the
word embeddings. In this paper we provide comparison between two methods
for post process improvements to the baseline DSM vectors. The counter-fitting
method which enforces antonymy and synonymy constraints into the Paragram
vector space representations recently showed improvement in the vectors’ capability
for judging semantic similarity. The second method is our novel RESM
method applied to GloVe baseline vectors. By applying the hubness reduction
method, implementing relational knowledge into the model by retrofitting synonyms
and providing a new ranking similarity definition RESM that gives maximum
weight to the top vector component values we equal the results for the ESL
and TOEFL sets in comparison with our calculations using the Paragram and Paragram
+ Counter-fitting methods. For SIMLEX-999 gold standard since we cannot
use the RESM the results using GloVe and PPDB are significantly worse compared
to Paragram. Apparently, counter-fitting corrects hubness. The Paragram
or our cosine retrofitting method are state-of-the-art results for the SIMLEX-999
gold standard. They are 0.2 better for SIMLEX-999 than word2vec with sense
de-conflation (that was announced to be state-of the-art method for less reliable
gold standards). Apparently relational knowledge and counter-fitting is more important
for judging semantic similarity than sense determination for words. It is to
be mentioned, though that Paragram hyperparameters are fitted to SIMLEX-999
results. The lesson is that many corrections to word embeddings are necessary
and methods with more parameters and hyperparameters perform better.",None
https://openreview.net/forum?id=BJB7fkWR-,Domain Adaptation for Deep Reinforcement Learning in Visually Distinct Games,Deep Reinforcement Learning; Domain Adaptation; Adversarial Networks,An approach to learning a shared embedding space between visually distinct games.,"Many deep reinforcement learning approaches use graphical state representations,
this means visually distinct games that share the same underlying structure cannot
effectively share knowledge. This paper outlines a new approach for learning
underlying game state embeddings irrespective of the visual rendering of the game
state. We utilise approaches from multi-task learning and domain adaption in
order to place visually distinct game states on a shared embedding manifold. We
present our results in the context of deep reinforcement learning agents.",None
https://openreview.net/forum?id=r1ayG7WRZ,Don't encrypt the data; just approximate the model \ Towards Secure Transaction and Fair Pricing of Training Data,Applications; Security in Machine Learning; Fairness and Security; Model Compression,"Facing complex, black-box models, encrypting the data is not as usable as approximating the model and using it to price a potential transaction.","As machine learning becomes ubiquitous, deployed systems need to be as accu- rate as they can. As a result, machine learning service providers have a surging need for useful, additional training data that benefits training, without giving up all the details about the trained program. At the same time, data owners would like to trade their data for its value, without having to first give away the data itself be- fore receiving compensation. It is difficult for data providers and model providers to agree on a fair price without first revealing the data or the trained model to the other side. Escrow systems only complicate this further, adding an additional layer of trust required of both parties. Currently, data owners and model owners don’t have a fair pricing system that eliminates the need to trust a third party and training the model on the data, which 1) takes a long time to complete, 2) does not guarantee that useful data is paid valuably and that useless data isn’t, without trusting in the third party with both the model and the data. Existing improve- ments to secure the transaction focus heavily on encrypting or approximating the data, such as training on encrypted data, and variants of federated learning. As powerful as the methods appear to be, we show them to be impractical in our use case with real world assumptions for preserving privacy for the data owners when facing black-box models. Thus, a fair pricing scheme that does not rely on secure data encryption and obfuscation is needed before the exchange of data. This pa- per proposes a novel method for fair pricing using data-model efficacy techniques such as influence functions, model extraction, and model compression methods, thus enabling secure data transactions. We successfully show that without running the data through the model, one can approximate the value of the data; that is, if the data turns out redundant, the pricing is minimal, and if the data leads to proper improvement, its value is properly assessed, without placing strong assumptions on the nature of the model. Future work will be focused on establishing a system with stronger transactional security against adversarial attacks that will reveal details about the model or the data to the other party.",None
https://openreview.net/forum?id=H1kMMmb0-,Sequential Coordination of Deep Models for Learning Visual Arithmetic,reinforcement learning; pretrained; deep learning; perception; algorithmic,We use reinforcement learning to train an agent to solve a set of visual arithmetic tasks using provided pre-trained perceptual modules and transformations of internal representations created by those modules.,"Achieving machine intelligence requires a smooth integration of perception and reasoning, yet models developed to date tend to specialize in one or the other; sophisticated manipulation of symbols acquired from rich perceptual spaces has so far proved elusive. Consider a visual arithmetic task, where the goal is to carry out simple arithmetical algorithms on digits presented under natural conditions (e.g. hand-written, placed randomly). We propose a two-tiered architecture for tackling this kind of problem. The lower tier consists of a heterogeneous collection of information processing modules, which can include pre-trained deep neural networks for locating and extracting characters from the image, as well as modules performing symbolic transformations on the representations extracted by perception. The higher tier consists of a controller, trained using reinforcement learning, which coordinates the modules in order to solve the high-level task. For instance, the controller may learn in what contexts to execute the perceptual networks and what symbolic transformations to apply to their outputs. The resulting model is able to solve a variety of tasks in the visual arithmetic domain,and has several advantages over standard, architecturally homogeneous feedforward networks including improved sample efficiency.",None
https://openreview.net/forum?id=rkh-agjMG,Learning to Imagine Manipulation Goals for Robot Task Planning,deep learning; planning; prediction; generative models,We describe an architecture for generating diverse hypotheses for intermediate goals during robotic manipulation tasks.,"Prospection is an important part of how humans come up with new task plans, but has not been explored in depth in robotics. Predicting multiple task-level is a challenging problem that involves capturing both task semantics and continuous variability over the state of the world. Ideally, we would combine the ability of machine learning to leverage big data for learning the semantics of a task, while using techniques from task planning to reliably generalize to new environment. In this work, we propose a method for learning a model encoding just such a representation for task planning. We learn a neural net that encodes the k most likely outcomes from high level actions from a given world. Our approach creates comprehensible task plans that allow us to predict changes to the environment many time steps into the future. We demonstrate this approach via application to a stacking task in a cluttered environment, where the robot must select between different colored blocks while avoiding obstacles, in order to perform a task. We also show results on a simple navigation task. Our algorithm generates realistic image and pose predictions at multiple points in a given task.",None
https://openreview.net/forum?id=Bk-ofQZRb,TD Learning with Constrained Gradients,Reinforcement Learning; TD Learning; DQN,We show that adding a constraint to TD updates stabilizes learning and allows Deep Q-learning without a target network,"Temporal Difference Learning with function approximation is known to be unstable. Previous work like \citet{sutton2009fast} and \citet{sutton2009convergent} has presented alternative objectives that are stable to minimize. However, in practice, TD-learning with neural networks requires various tricks like using a target network that updates slowly \citep{mnih2015human}. In this work we propose a constraint on the TD update that minimizes change to the target values. This constraint can be applied to the gradients of any TD objective, and can be easily applied to nonlinear function approximation. We validate this update by applying our technique to deep Q-learning, and training without a target network. We also show that adding this constraint on Baird's counterexample keeps Q-learning from diverging.",None
https://openreview.net/forum?id=B1G6uM0WG,Tactical Decision Making for Lane Changing with Deep Reinforcement Learning,autonomous lane changing; decision making; deep reinforcement learning; q-learning,"A framework that provides a policy for autonomous lane changing by learning to make high-level tactical decisions with deep reinforcement learning, and maintaining a tight integration with a low-level controller to take low-level actions.","In this paper, we consider the problem of autonomous lane changing for self driving vehicles in a multi-lane, multi-agent setting. We present a framework that demonstrates a more structured and data efficient alternative to end-to-end complete policy learning on problems where the high-level policy is hard to formulate using traditional optimization or rule based methods but well designed low-level controllers are available. Our framework uses deep reinforcement learning solely to obtain a high-level policy for tactical decision making, while still maintaining a tight integration with the low-level controller, thus getting the best of both worlds. We accomplish this with Q-masking, a technique with which we are able to incorporate prior knowledge, constraints, and information from a low-level controller, directly in to the learning process thereby simplifying the reward function and making learning faster and data efficient. We provide preliminary results in a simulator and show our approach to be more efficient than a greedy baseline, and more successful and safer than human driving.",None
https://openreview.net/forum?id=HkwrqtlR-,WHAT ARE GANS USEFUL FOR?,Generative Modeling; Generative Adversarial Networks; Density Estimation,None,"GANs have shown how deep neural networks can be used for generative modeling, aiming at achieving the same impact that they brought for discriminative modeling. The first results were impressive, GANs were shown to be able to generate samples in high dimensional structured spaces, like images and text, that were no copies of the training data. But generative and discriminative learning are quite different. Discriminative learning has a clear end, while generative modeling is an intermediate step to understand the data or generate hypothesis. The quality of implicit density estimation is hard to evaluate, because we cannot tell how well a data is represented by the model. How can we certainly say that a generative process is generating natural images with the same distribution as we do? In this paper, we noticed that even though GANs might not be able to generate samples from the underlying distribution (or we cannot tell at least), they are capturing some structure of the data in that high dimensional space. It is therefore needed to address how we can leverage those estimates produced by GANs in the same way we are able to use other generative modeling algorithms.",None
https://openreview.net/forum?id=BkktYCkZf,Per-Weight Class-Based Learning Rates via Analytical Continuation,adaptive learning rates; analytical continuation; fully connected networks,None,"We study the problem of training deep fully connected neural networks. Despite much progress in the design of activation functions, novel normalization techniques, and various skip-connection techniques, such networks remain challenging to train due to vanishing or exploding gradients. Our method is based on employing a different class-dependent learning rate to each network weight. Since the learning rates are hyperparameters and not part of the network, we perform an analytical continuation of the network, and create a generalized network. Following this reparameterization, the set of per-class per-weight learning rates are being manipulated during the training iterations. Our results show that the new algorithm leads to improved classification accuracy for both classical and modern activation functions.",None
https://openreview.net/forum?id=SkiCjzNTZ,Spontaneous Symmetry Breaking in Deep Neural Networks,deep learning; physics; field theory,Closed form results for deep learning in the layer decoupling limit applicable to Residual Networks,"We propose a framework to understand the unprecedented performance and robustness of deep neural networks using field theory. Correlations between the weights within the same layer can be described by symmetries in that layer, and networks generalize better if such symmetries are broken to reduce the redundancies of the weights. Using a two parameter field theory, we find that the network can break such symmetries itself towards the end of training in a process commonly known in physics as spontaneous symmetry breaking. This corresponds to a network generalizing itself without any user input layers to break the symmetry, but by communication with adjacent layers. In the layer decoupling limit applicable to residual networks (He et al., 2015), we show that the remnant symmetries that survive the non-linear layers are spontaneously broken based on empirical results. The Lagrangian for the non-linear and weight layers together has striking similarities with the one in quantum field theory of a scalar. Using results from quantum field theory we show that our framework is able to explain many experimentally observed phenomena, such as training on random labels with zero error (Zhang et al., 2017), the information bottleneck and the phase transition out of it (Shwartz-Ziv & Tishby, 2017), shattered gradients (Balduzzi et al., 2017), and many more.",None
https://openreview.net/forum?id=rkhCSO4T-,Distributed non-parametric deep and wide networks,None,None,"In recent work, it was shown that combining multi-kernel based support vector machines (SVMs) can lead to near state-of-the-art performance on an action recognition dataset (HMDB-51 dataset). In the present work, we show that combining distributed Gaussian Processes with multi-stream deep convolutional neural networks (CNN) alleviate the need to augment a neural network with hand-crafted features. In contrast to prior work, we treat each deep neural convolutional network as an expert wherein the individual predictions (and their respective uncertainties) are combined into a Product of Experts (PoE) framework.",None
https://openreview.net/forum?id=SkYXvCR6W,Compact Encoding of Words for Efficient Character-level Convolutional Neural Networks Text Classification,Character Level Convolutional Networks; Text Classification; Word Compressing,Using Compressing tecniques to Encoding of Words is a possibility for faster training of CNN and dimensionality reduction of representation,"This paper puts forward a new text to tensor representation that relies on information compression techniques to assign shorter codes to the most frequently used characters. This representation is language-independent with no need of pretraining and produces an encoding with no information loss. It provides an adequate description of the morphology of text, as it is able to represent prefixes, declensions, and inflections with similar vectors and are able to represent even unseen words on the training dataset. Similarly, as it is compact yet sparse, is ideal for speed up training times using tensor processing libraries. As part of this paper, we show that this technique is especially effective when coupled with convolutional neural networks (CNNs) for text classification at character-level. We apply two variants of CNN coupled with it. Experimental results show that it drastically reduces the number of parameters to be optimized, resulting in competitive classification accuracy values in only a fraction of the time spent by one-hot encoding representations, thus enabling training in commodity hardware.",None
https://openreview.net/forum?id=r1Kr3TyAb,ANALYSIS ON GRADIENT PROPAGATION IN BATCH NORMALIZED RESIDUAL NETWORKS,Batch normalization; gradient backpropagation; Residual network; wide residual network,"Batch normalisation maintains gradient variance throughout training, thus stabilizing optimization.","We conduct a mathematical analysis on the Batch normalization (BN) effect on gradient backpropagation in residual network training in this work, which is believed to play a critical role in addressing the gradient vanishing/explosion problem. Specifically, by analyzing the mean and variance behavior of the input and the gradient in the forward and backward passes through the BN and residual branches, respectively, we show that they work together to confine the gradient variance to a certain range across residual blocks in backpropagation. As a result, the gradient vanishing/explosion problem is avoided. Furthermore, we use the same analysis to discuss the tradeoff between depth and width of a residual network and demonstrate that shallower yet wider resnets have stronger learning performance than deeper yet thinner resnets.",None
https://openreview.net/forum?id=rylfg-DNM,Anticipatory Asynchronous Advantage Actor-Critic (A4C): The power of Anticipation in Deep Reinforcement Learning,deep reinforcement learning; A3C; deep learning; Atari games,Anticipation improves convergence of deep reinforcement learning.,"We propose to extend existing deep reinforcement learning  (Deep RL) algorithms by allowing them to additionally choose sequences of actions as a part of their policy.  This modification forces the network to anticipate the reward of action sequences, which, as we show, improves the exploration leading to better convergence. Our proposal is simple, flexible, and can be easily incorporated into any Deep RL framework. We show the power of our scheme by consistently outperforming the state-of-the-art GA3C algorithm on several popular Atari Games.",None
https://openreview.net/forum?id=H1Ww66x0-,Lifelong Learning with Output Kernels,multitask learning; lifelong learning; online learning,a novel approach for online lifelong learning using output kernels.,"Lifelong learning poses considerable challenges in terms of effectiveness (minimizing prediction errors for all tasks) and overall computational tractability for real-time performance.  This paper addresses continuous lifelong multitask learning by jointly re-estimating the inter-task relations (\textit{output} kernel) and the per-task model parameters at each round, assuming data arrives in a streaming fashion. We propose a novel algorithm called  \textit{Online Output Kernel Learning Algorithm} (OOKLA) for lifelong learning setting. To avoid the memory explosion, we propose a robust budget-limited versions of the proposed algorithm that efficiently utilize the relationship between the tasks to bound the total number of representative examples in the support set.  In addition, we propose a two-stage budgeted scheme for efficiently tackling the task-specific budget constraints in lifelong learning. Our empirical results over three datasets indicate superior AUC performance for OOKLA and its budget-limited cousins over strong baselines.",None
https://openreview.net/forum?id=SJdCUMZAW,Data-efficient Deep Reinforcement Learning for Dexterous Manipulation,Reinforcement learning; robotics; dexterous manipulation; off-policy learning,Data-efficient deep reinforcement learning can be used to learning precise stacking policies.,"Grasping an object and precisely stacking it on another is a difficult task for traditional robotic control or hand-engineered approaches. Here we examine the problem in simulation and provide techniques aimed at solving it via deep reinforcement learning. We introduce two straightforward extensions to the Deep Deterministic Policy Gradient algorithm (DDPG), which make it significantly more data-efficient and scalable. Our results show that by making extensive use of off-policy data and replay, it is possible to find high-performance control policies. Further, our results hint that it may soon be feasible to train successful stacking policies by collecting interactions on real robots.",None
https://openreview.net/forum?id=HkCy2uqQM,Complex- and Real-Valued Neural Network Architectures,complex numbers; complex-valued; neural; network; multi-layer; perceptron; architecture,Comparison of complex- and real-valued multi-layer perceptron with respect to the number of real-valued parameters.,"Complex-value neural networks are not a new concept, however, the use of real-values has often been favoured over complex-values due to difficulties in training and accuracy of results. Existing literature ignores the number of parameters used. We compared complex- and real-valued neural networks using five activation functions. We found that when real and complex neural networks are compared using simple classification tasks, complex neural networks perform equal to or slightly worse than real-value neural networks. However, when specialised architecture is used, complex-valued neural networks outperform real-valued neural networks. Therefore, complex–valued neural networks should be used when the input data is also complex or it can be meaningfully to the complex plane,  or when the network architecture uses the structure defined by using complex numbers.",None
https://openreview.net/forum?id=S1XXq6lRW,Zero-shot Cross Language Text Classification,Cross Language Text Classification; Neural Networks; Machine Learning,Cross Language Text Classification by universal encoding,"Labeled text classification datasets are typically only available in a few select languages. In order to train a model for e.g news categorization in a language $L_t$ without a suitable text classification dataset there are two options. The first option is to create a new labeled dataset by hand, and the second option is to transfer label information from an existing labeled dataset in a source language $L_s$ to the target language $L_t$. In this paper we propose a method for sharing label information across languages by means of a language independent text encoder. The encoder will give almost identical representations to multilingual versions of the same text. This means that labeled data in one language can be used to train a classifier that works for the rest of the languages. The encoder is trained independently of any concrete classification task and can therefore subsequently be used for any classification task.  We show that it is possible to obtain good performance even in the case where only a comparable corpus of texts is available.",None
https://openreview.net/forum?id=ry4SNTe0-,Improve Training Stability of Semi-supervised Generative Adversarial Networks with Collaborative Training,generative adversarial training; semi-supervised training; collaborative training,Improve Training Stability of Semi-supervised Generative Adversarial Networks with Collaborative Training,"Improved generative adversarial network (Improved GAN) is a successful method of using generative adversarial models to solve the problem of semi-supervised learning. However, it suffers from the problem of unstable training. In this paper, we found that the instability is mostly due to the vanishing gradients on the generator. To remedy this issue, we propose a new method to use collaborative training to improve the stability of semi-supervised GAN with the combination of Wasserstein GAN. The experiments have shown that our proposed method is more stable than the original Improved GAN and achieves comparable classification accuracy on different data sets.",None
https://openreview.net/forum?id=HkSZyinVG,Improved Learning in Convolutional Neural Networks with Shifted Exponential Linear Units (ShELUs),None,None,"The Exponential Linear Unit (ELU) has been proven to speed up learning and improve the classification performance over activation functions such as ReLU and Leaky ReLU for convolutional neural networks. The reasons behind the improved behavior are that ELU reduces the bias shift, it saturates for large negative inputs and it is continuously differentiable. However, it remains open whether ELU has the optimal shape and we address the quest for a superior activation function.
We use a new formulation to tune a piecewise linear activation function during training, to investigate the above question, and learn the shape of the locally optimal activation function. With this tuned activation function, the classification performance is improved and the resulting, learned activation function shows to be ELU-shaped irrespective if it is initialized as a RELU, LReLU or ELU. Interestingly, the learned activation function does not exactly pass through the origin indicating that a shifted ELU-shaped activation function is preferable. This observation leads us to introduce the Shifted Exponential Linear Unit (ShELU) as a new activation function.
Experiments on Cifar-100 show that the classification performance is further improved when using the ShELU activation function in comparison with ELU. The improvement is achieved when learning an individual bias shift for each neuron.",None
https://openreview.net/forum?id=SyGT_6yCZ,Simple Fast Convolutional Feature Learning,Feature Learning; Convolutional Neural Networks; Visual Recognition,A simple fast method for extracting visual features from convolutional neural networks,"The quality of the features used in visual recognition is of fundamental importance for the overall system. For a long time, low-level hand-designed feature algorithms as SIFT and HOG have obtained the best results on image recognition. Visual features have recently been extracted from trained convolutional neural networks. Despite the high-quality results, one of the main drawbacks of this approach, when compared with hand-designed features, is the training time required during the learning process. In this paper, we propose a simple and fast way to train supervised convolutional models to feature extraction while still maintaining its high-quality. This methodology is evaluated on different datasets and compared with state-of-the-art approaches.",None
https://openreview.net/forum?id=S1Ow_e-Rb,How do deep convolutional neural networks learn from raw audio waveforms?,Convolutional neural networks; Audio processing; Speech processing,None,"Prior work on speech and audio processing has demonstrated the ability to obtain excellent performance when learning directly from raw audio waveforms using convolutional neural networks (CNNs). However, the exact inner workings of a CNN remain unclear, which hinders further developments and improvements into this direction. In this paper, we theoretically analyze and explain how deep CNNs learn from raw audio waveforms and identify potential limitations of existing network structures. Based on this analysis, we further propose a new network architecture (called SimpleNet), which offers a very simple but concise structure and high model interpretability.",None
https://openreview.net/forum?id=ryH_bShhW,DOUBLY STOCHASTIC ADVERSARIAL AUTOENCODER,Generative adversarial Networks; Deep Generative models; Kernel Methods,None,"Any autoencoder network can be turned into a generative model by imposing an arbitrary prior distribution on its hidden code vector. Variational Autoencoder uses a KL divergence penalty to impose the prior, whereas Adversarial Autoencoder uses generative adversarial networks.  A straightforward modification of Adversarial Autoencoder can be achieved by replacing the adversarial network with maximum mean discrepancy (MMD) network. This replacement leads to a new set of probabilistic autoencoder which is also discussed in our paper.

However, an essential challenge remains in both of these probabilistic autoencoders, namely that the only source of randomness at the output of encoder, is the training data itself.  Lack of enough stochasticity can make the optimization problem non-trivial. As a result, they can lead to degenerate solutions where the generator collapses into sampling only a few modes.

Our proposal is to replace the adversary of the adversarial autoencoder by a space of {\it stochastic} functions. This replacement introduces a a new source of randomness which can be considered as a continuous control for encouraging {\it explorations}. This prevents the adversary from fitting too closely to the generator and therefore leads to more diverse set of generated samples. Consequently, the decoder serves as a better generative network which unlike MMD nets scales linearly with the amount of data. We provide mathematical and empirical evidence on how this replacement outperforms the pre-existing architectures.",None
https://openreview.net/forum?id=B1CEaMbR-,Clustering with Deep Learning: Taxonomy and New Methods,clustering; deep learning; neural networks,Unifying framework to perform clustering using deep neural networks,"Clustering is a fundamental machine learning method. The quality of its results is dependent on the data distribution. For this reason, deep neural networks can be used for learning better representations of the data. In this paper, we propose a systematic taxonomy for clustering with deep learning, in addition to a review of methods from the field. Based on our taxonomy, creating new methods is more straightforward. We also propose a new approach which is built on the taxonomy and surpasses some of the limitations of some previous work. Our experimental evaluation on image datasets shows that the method approaches state-of-the-art clustering quality, and performs better in some cases.",None
https://openreview.net/forum?id=ryA-jdlA-,A closer look at the word analogy problem,word2vec; glove; word analogy; word relationships; word vectors,"Simple generative approach to solve the word analogy problem which yields insights into word relationships, and the problems with estimating them","Although word analogy problems have become a standard tool for evaluating word vectors, little is known about why word vectors are so good at solving these problems. In this paper, I attempt to further our understanding of the subject, by developing a simple, but highly accurate generative approach to solve the word analogy problem for the case when all terms involved in the problem are nouns. My results demonstrate the ambiguities associated with learning the relationship between a word pair, and the role of the training dataset in determining the relationship which gets most highlighted. Furthermore, my results show that the ability of a model to accurately solve the word analogy problem may not be indicative of a model’s ability to learn the relationship between a word pair the way a human does.",None
https://openreview.net/forum?id=rJr4kfWCb,Lung Tumor Location and Identification with AlexNet and a Custom CNN,None,None,"Lung cancer is the leading cause of cancer deaths in the world and early detection is a crucial part of increasing patient survival. Deep learning techniques provide us with a method of automated analysis of patient scans. In this work, we compare AlexNet, a multi-layered and highly ﬂexible architecture, with a custom CNN to determine if lung nodules with patient scans are benign or cancerous. We have found our CNN architecture to be highly accurate (99.79%) and fast while maintaining low False Positive and False Negative rates (< 0.01% and 0.15% respectively). This is important as high false positive rates are a serious issue with lung cancer diagnosis. We have found that AlexNet is not well suited to the problem of nodule identiﬁcation, though it is a good baseline comparison because of its ﬂexibility.",None
https://openreview.net/forum?id=SJiHOSeR-,Contextual memory bandit for pro-active dialog engagement,contextual bandit; memory network; proactive dialog engagement,None,"An objective of pro-activity in dialog systems is to enhance the usability of conversational
agents by enabling them to initiate conversation on their own. While
dialog systems have become increasingly popular during the last couple of years,
current task oriented dialog systems are still mainly reactive and users tend to
initiate conversations. In this paper, we propose to introduce the paradigm of contextual
bandits as framework for pro-active dialog systems. Contextual bandits
have been the model of choice for the problem of reward maximization with partial
feedback since they fit well to the task description. As a second contribution,
we introduce and explore the notion of memory into this paradigm. We propose
two differentiable memory models that act as parts of the parametric reward estimation
function. The first one, Convolutional Selective Memory Networks, uses
a selection of past interactions as part of the decision support. The second model,
called Contextual Attentive Memory Network, implements a differentiable attention
mechanism over the past interactions of the agent. The goal is to generalize
the classic model of contextual bandits to settings where temporal information
needs to be incorporated and leveraged in a learnable manner. Finally, we illustrate
the usability and performance of our model for building a pro-active mobile
assistant through an extensive set of experiments.",None
https://openreview.net/forum?id=rJbs5gbRW,On the Generalization Effects of DenseNet Model Structures ,Skip connection; generalization; gegularization; deep network; representation.,"Our paper analyses the tremendous representational power of networks especially with 'skip connections', which may be used as a method  for better generalization.","Modern neural network architectures take advantage of increasingly deeper layers, and various advances in their structure to achieve better performance. While traditional explicit regularization techniques like dropout, weight decay, and data augmentation are still being used in these new models, little about the regularization and generalization effects of these new structures have been studied. 
Besides being deeper than their predecessors, could newer architectures like ResNet and DenseNet also benefit from their structures' implicit regularization properties? 
In this work, we investigate the skip connection's effect on network's generalization features. Through experiments, we show that certain neural network architectures contribute to their generalization abilities. Specifically, we study the effect that low-level features have on generalization performance when they are introduced to deeper layers in DenseNet, ResNet as well as networks with 'skip connections'. We show that these low-level representations do help with generalization in multiple settings when both the quality and quantity of training data is decreased.",None
https://openreview.net/forum?id=r1cLblgCZ,Recurrent Auto-Encoder Model for Multidimensional Time Series Representation,recurrent autoencoder; seq2seq; rnn; multidimensional time series; clustering; sensor; signal analysis; industrial application,Using recurrent auto-encoder model to extract multidimensional time series features,"Recurrent auto-encoder model can summarise sequential data through an encoder structure into a fixed-length vector and then reconstruct into its original sequential form through the decoder structure. The summarised information can be used to represent time series features. In this paper, we propose relaxing the dimensionality of the decoder output so that it performs partial reconstruction. The fixed-length vector can therefore represent features only in the selected dimensions. In addition, we propose using rolling fixed window approach to generate samples. The change of time series features over time can be summarised as a smooth trajectory path. The fixed-length vectors are further analysed through additional visualisation and unsupervised clustering techniques. 

This proposed method can be applied in large-scale industrial processes for sensors signal analysis purpose where clusters of the vector representations can be used to reflect the operating states of selected aspects of the industrial system.",None
https://openreview.net/forum?id=BJ8lbVAfz,Self-Organization adds application robustness to deep learners,supervised learning; unsupervised learning; self-organization; internal representation; topological structure,integration of self-organization and supervised learning in a hierarchical neural network,"While self-organizing principles have motivated much of early learning models, such principles have rarely been included in deep learning architectures. Indeed, from a supervised learning perspective it seems that topographic constraints are rather decremental to optimal performance. Here we study a network model that incorporates self-organizing maps into a supervised network and show how gradient learning results in a form of a self-organizing learning rule. Moreover, we show that such a model is robust in the sense of its application to a variety of  areas, which is believed to be a hallmark of biological learning systems.",None
https://openreview.net/forum?id=SyF7Erp6W,Learning to play slot cars and Atari 2600 games in just minutes,Artificial Intelligence; Signal processing; Philosophy; Analogy; ALE; Slot Car,Continental-philosophy-inspired approach to learn with few data.,"Machine learning algorithms for controlling devices will need to learn quickly, with few trials. Such a goal can be attained with concepts borrowed from continental philosophy and formalized using tools from the mathematical theory of categories. Illustrations of this approach are presented on a cyberphysical system: the slot car game, and also on Atari 2600 games.",None
https://openreview.net/forum?id=H1BHbmWCZ,TOWARDS ROBOT VISION MODULE DEVELOPMENT WITH EXPERIENTIAL ROBOT LEARNING,Deep Learning; Robotics; Artificial Intelligence; Computer Vision,3 thrusts serving as stepping stones for robot experiential learning of vision module,"n this paper we present a thrust in three directions of visual development us- ing supervised and semi-supervised techniques. The first is an implementation of semi-supervised object detection and recognition using the principles of Soft At- tention and Generative Adversarial Networks (GANs). The second and the third are supervised networks that learn basic concepts of spatial locality and quantity respectively using Convolutional Neural Networks (CNNs). The three thrusts to- gether are based on the approach of Experiential Robot Learning, introduced in previous publication. While the results are unripe for implementation, we believe they constitute a stepping stone towards autonomous development of robotic vi- sual modules.",None
https://openreview.net/forum?id=S1347ot3b,Exploring Sentence Vectors Through Automatic Summarization,Sentence Vectors; Vector Semantics; Automatic Summarization,A comparison and detailed analysis of various sentence embedding models through the real-world task of automatic summarization.,"Vector semantics, especially sentence vectors, have recently been used successfully in many areas of natural language processing. However, relatively little work has explored the internal structure and properties of spaces of sentence vectors. In this paper, we will explore the properties of sentence vectors by studying a particular real-world application: Automatic Summarization. In particular, we show that cosine similarity between sentence vectors and document vectors is strongly correlated with sentence importance and that vector semantics can identify and correct gaps between the sentences chosen so far and the document. In addition, we identify specific dimensions which are linked to effective summaries. To our knowledge, this is the first time specific dimensions of sentence embeddings have been connected to sentence properties. We also compare the features of different methods of sentence embeddings. Many of these insights have applications in uses of sentence embeddings far beyond summarization.",None
https://openreview.net/forum?id=BkpXqwUTZ,Iterative temporal differencing with fixed random feedback alignment support spike-time dependent plasticity in vanilla backpropagation for deep learning,Iterative temporal differencing; feedback alignment; spike-time dependent plasticity; vanilla backpropagation; deep learning,Iterative temporal differencing with fixed random feedback alignment support spike-time dependent plasticity in vanilla backpropagation for deep learning.,"In vanilla backpropagation (VBP), activation function matters considerably in terms of non-linearity and differentiability.
Vanishing gradient has been an important problem related to the bad choice of activation function in deep learning (DL).
This work shows that a differentiable activation function is not necessary any more for error backpropagation. 
The derivative of the activation function can be replaced by an iterative temporal differencing (ITD) using fixed random feedback weight alignment (FBA).
Using FBA with ITD, we can transform the VBP into a more biologically plausible approach for learning deep neural network architectures.
We don't claim that ITD works completely the same as the spike-time dependent plasticity (STDP) in our brain but this work can be a step toward the integration of STDP-based error backpropagation in deep learning.",None
https://openreview.net/forum?id=HyiRazbRb,Demystifying overcomplete nonlinear auto-encoders: fast SGD convergence towards sparse representation from random initialization,stochastic gradient descent; autoencoders; nonconvex optimization; representation learning; theory,theoretical analysis of nonlinear wide autoencoder,"Auto-encoders are commonly used for unsupervised representation learning and for pre-training deeper neural networks.
When its activation function is linear and the encoding dimension (width of hidden layer) is smaller than the input dimension, it is well known that auto-encoder is optimized to learn the principal components of the data distribution (Oja1982).
However, when the activation is nonlinear and when the width is larger than the input dimension (overcomplete), auto-encoder behaves differently from PCA, and in fact is known to perform well empirically for sparse coding problems. 

We provide a theoretical explanation for this empirically observed phenomenon, when rectified-linear unit (ReLu) is adopted as the activation function and the hidden-layer width is set to be large.
In this case, we show that, with significant probability, initializing the weight matrix of an auto-encoder by sampling from a spherical Gaussian distribution followed by stochastic gradient descent (SGD) training converges towards the ground-truth representation for a class of sparse dictionary learning models.
In addition, we can show that, conditioning on convergence, the expected convergence rate is O(1/t), where t is the number of updates.
Our analysis quantifies how increasing hidden layer width helps the training performance when random initialization is used, and how the norm of network weights influence the speed of SGD convergence.",None
https://openreview.net/forum?id=SkwAEQbAb,A novel method to determine the number of latent dimensions with SVD,SVD; Latent Dimensions; Dimension Reductions; Machine Learning,"In this study, we introduce a novel method that relies on SVD to discover the number of latent dimensions.","Determining the number of latent dimensions is a ubiquitous problem in machine
learning. In this study, we introduce a novel method that relies on SVD to discover
the number of latent dimensions. The general principle behind the method is to
compare the curve of singular values of the SVD decomposition of a data set with
the randomized data set curve. The inferred number of latent dimensions corresponds
to the crossing point of the two curves. To evaluate our methodology, we
compare it with competing methods such as Kaisers eigenvalue-greater-than-one
rule (K1), Parallel Analysis (PA), Velicers MAP test (Minimum Average Partial).
We also compare our method with the Silhouette Width (SW) technique which is
used in different clustering methods to determine the optimal number of clusters.
The result on synthetic data shows that the Parallel Analysis and our method have
similar results and more accurate than the other methods, and that our methods is
slightly better result than the Parallel Analysis method for the sparse data sets.",None
https://openreview.net/forum?id=SyhcXjy0Z,APPLICATION OF DEEP CONVOLUTIONAL NEURAL NETWORK TO PREVENT ATM FRAUD BY FACIAL DISGUISE IDENTIFICATION,Deep Convolutional Neural Network; Disguised Face Identification; Fraudulent Transaction; ATM; Impersonation;,Proposed System can prevent impersonators with facial disguises from completing a fraudulent transaction using a pre-trained DCNN.,"The paper proposes and demonstrates a Deep Convolutional Neural Network (DCNN) architecture to identify users with disguised face attempting a fraudulent ATM transaction. The recent introduction of Disguised Face Identification (DFI) framework proves the applicability of deep neural networks for this very problem. All the ATMs nowadays incorporate a hidden camera in them and capture the footage of their users. However, it is impossible for the police to track down the impersonators with disguised faces from the ATM footage. The proposed deep convolutional neural network is trained to identify, in real time, whether the user in the captured image is trying to cloak his identity or not. The output of the DCNN is then reported to the ATM to take appropriate steps and prevent the swindler from completing the transaction. The network is trained using a dataset of images captured in similar situations as of an ATM. The comparatively low background clutter in the images enables the network to demonstrate high accuracy in feature extraction and classification for all the different disguises.",None
https://openreview.net/forum?id=HJqUtdOaZ,ENRICHMENT OF FEATURES FOR CLASSIFICATION USING AN OPTIMIZED LINEAR/NON-LINEAR COMBINATION OF INPUT FEATURES,Classification; Feature Combination; Feature Mapping; Feed-Forward Neural Network; Genetic Algorithm; Linear Transfer Function; Non-Linear Transfer Function,A method for enriching and combining features to improve classification accuracy,"Automatic classification of objects is one of the most important tasks in engineering
and data mining applications. Although using more complex and advanced
classifiers can help to improve the accuracy of classification systems, it can be
done by analyzing data sets and their features for a particular problem. Feature
combination is the one which can improve the quality of the features. In this paper,
a structure similar to Feed-Forward Neural Network (FFNN) is used to generate an
optimized linear or non-linear combination of features for classification. Genetic
Algorithm (GA) is applied to update weights and biases. Since nature of data sets
and their features impact on the effectiveness of combination and classification
system, linear and non-linear activation functions (or transfer function) are used
to achieve more reliable system. Experiments of several UCI data sets and using
minimum distance classifier as a simple classifier indicate that proposed linear and
non-linear intelligent FFNN-based feature combination can present more reliable
and promising results. By using such a feature combination method, there is no
need to use more powerful and complex classifier anymore.",None
https://openreview.net/forum?id=Bkv76ilDz,Discrete Wasserstein Generative Adversarial Networks (DWGAN),GAN; wasserstein distance; discrete probability distribution,We propose a Discrete Wasserstein GAN (DWGAN) model which is based on a dual formulation of the Wasserstein distance between two discrete distributions.,"Generating complex discrete distributions remains as one of the challenging problems in machine learning. Existing techniques for generating complex distributions with high degrees of freedom depend on standard generative models like Generative Adversarial Networks (GAN), Wasserstein GAN, and associated variations. Such models are based on an optimization involving the distance between two continuous distributions. We introduce a Discrete Wasserstein GAN (DWGAN) model which is based on a dual formulation of the Wasserstein distance between two discrete distributions. We derive a novel training algorithm and corresponding network architecture based on the formulation. Experimental results are provided for both synthetic discrete data, and real discretized data from MNIST handwritten digits.",None
https://openreview.net/forum?id=B1vOZ8ylG,THINK VISUALLY: QUESTION ANSWERING THROUGH VIRTUAL IMAGERY,None,None,"In this paper, we study the problem of visual reasoning in the context of textual question answering. We introduce Dynamic Spatial Memory Networks (DSMN), a new deep network architecture that specializes in answering questions that admit latent visual representations, and learns to generate and reason over such representations. Further, we propose two synthetic benchmarks, HouseQA and ShapeIntersection, to evaluate the visual reasoning capability of textual QA systems. Experimental results validate the effectiveness of our proposed DSMN for visual reasoning tasks.",None
https://openreview.net/forum?id=r11QyBLAZ,Word Mover's Embedding: From Word2Vec to Document Embedding,Word2Vec; Word Mover's Distance; Document Embedding,A novel approach to building an unsupervised document (sentence) embeddings from pre-trainedword embeddings,"Learning effective text representations is a key foundation for numerous machine learning and NLP applications. While the celebrated Word2Vec technique yields semantically rich word representations, it is less clear whether sentence or document representations should be built upon word representations or from scratch. Recent work has demonstrated that a distance measure between documents called \emph{Word Mover's Distance} (WMD) that aligns semantically similar words, yields unprecedented KNN classification accuracy. However, WMD is very expensive to compute, and is harder to apply beyond simple KNN than feature embeddings. In this paper, we propose the \emph{Word Mover's Embedding } (WME), a novel approach to building an unsupervised document (sentence) embedding from pre-trained word embeddings. Our technique extends the theory of \emph{Random Features} to show convergence of the inner product between WMEs to a positive-definite kernel that can be interpreted as a soft version of (inverse) WMD. The proposed embedding is more efficient and flexible than WMD in many situations. As an example, WME with a simple linear classifier reduces the computational cost of WMD-based KNN \emph{from cubic to linear} in document length and \emph{from quadratic to linear} in number of samples, while simultaneously improving accuracy. In experiments on 9 benchmark text classification datasets and 22 textual similarity tasks the proposed technique consistently matches or outperforms state-of-the-art techniques, with significantly higher accuracy on problems of short length.",None
https://openreview.net/forum?id=BysrYlP0-,Placeholder ,Dialog Systems; Language Generation,None,Placeholder,None
https://openreview.net/forum?id=rkNzJ4m0-,Overview on Reinforcement Learning for Robotics,Reinforcement Learning; Robotics,None,"Reinforcement Learning(RL) offers robotics tasks a framework and set of tools for the design of sophisticated and hard-to-engineer behaviors.[1]
Reinforcement Learning is an branch of Machine Learning inspired by behaviorist psychology[wiki- Reinforcemenr Learning], concerned with how software agents ought to take actions in an environment so as to maximize some notion of cumulative reward.
The basic idea of Reinforcement Learning is to obtain a policy that extract more reward from the environment by picking actions given a state.
By policy, we mean a decision maker (Agent) that decide on an action based on some parameterized rules given an input observation of environment (State). The policy can be a set of weight that linearly combine the features in a state or different structured Neural Network. The environment in Reinforcement Learning context provide the agent a new state and reward immediately after the agent takes a specific action.
From a more broad view, the Machine Learning method was mainly three folds. The Supervised Learning, Semi-supervised Learning and Unsupervised Learning. The supervised learning network was trained given a dataset including the observation data and the corresponding categorization. The latter was given a dataset that no classification is label to the observation data. For reinforcement Learning, it is more close to supervised learning, while its label is obtained by exploring the environment and get feedback (reward, r) from it. The RL algorithm marks the policy that generates the highest score as the training target and make small change of its parameters (or weights, θ) towards that policy until the policy converge.
In this report, we mainly focus on the methods of Reinforcement Learning methods for robotics.",None
https://openreview.net/forum?id=S1Azqvy1G,Pseudo sequence based deep neural network compression,None,None,"Along with the performance increase of the neural network, both the number of layers and the number of parameters in each layer are becoming larger and larger. Therefore, there are more and more works trying to compress the neural network efficiently while keeping the performance. However, all of them have not taken the similarity among the kernels into consideration. In this paper, we try to organize the kernels in different channels into a frame and encode the frames using block-based video coding methods. First, we try to reshape the weights in different channels into a pseudo sequence. Second, after obtaining all the frames in the videos, we will convert the weight into the PCA domain to obtain a more compact representation. Then both the intra prediction and the inter prediction will be performed in the PCA domain to achieve better performance. Finally, the uniform quantization and entropy coding will be used to encode the residue blocks. The experimental results show that we can achieve $58$ times compression for the classical VGG-16 model. Not only with very high compression ratio, the proposed method can also provide the benefits of getting a better balance between the bits per weight and the error in more precise granularity by adjusting the quantization parameters.",None
https://openreview.net/forum?id=SJPO7JMyG,Automatic Measurement on Etched Structure in Semiconductor Using Deep Learning Approach,Deep learning; segmentation; automatic measurement; semiconductor; Scanning Electron Microscope,Using deep learning method to carry out automatic measurement of SEM images in semiconductor industry,"The fabrication of semiconductor involves etching process to remove selected areas from wafers. However, the measurement of etched structure in micro-graph heavily relies on time-consuming manual routines. Traditional image processing usually demands on large number of annotated data and the performance is still poor. We treat this challenge as segmentation problem and use deep learning approach to detect masks of objects in etched structure of wafer. Then, we use simple image processing to carry out automatic measurement on the objects. We attempt Generative Adversarial Network (GAN) to generate more data to overcome the problem of very limited dataset. We download 10 SEM (Scanning Electron Microscope) images of 4 types from Internet, based on which we carry out our experiments. Our deep learning based method demonstrates superiority over image processing approach with  mean accuracy reaching over 96% for the measurements, compared with the ground truth. To the best of our knowledge, it is the first time that deep learning has been applied in semiconductor industry for automatic measurement.",None
https://openreview.net/forum?id=SJTCsqMUf,Deep contextualized word representations,representation learning; contextualized word embeddings,We introduce a new type of deep contextualized word representation that significantly improves the state of the art for a range of challenging NLP tasks.,"We introduce a new type of deep contextualized word representation that models both (1) complex characteristics of word use (e.g., syntax and semantics), and (2) how these uses vary across linguistic contexts (i.e., to model polysemy).  Our word vectors are learned functions of the internal states of a deep bidirectional language model (biLM), which is pretrained on a large text corpus. We show that these representations can be easily added to existing models and significantly improve the state of the art across six challenging NLP problems, including question answering, textual entailment and sentiment analysis.  We also present an analysis showing that exposing the deep internals of the pretrained network is crucial, allowing downstream models to mix different types of semi-supervision signals.",None
https://openreview.net/forum?id=B1NKuC6SG,Language Style Transfer from Non-Parallel Text with Arbitrary Styles,style transfer; text generation; non-parallel data,"We present an encoder-decoder framework for language style transfer, which allows for the use of non-parallel data and source data with various unknown language styles.","Language style transfer is the problem of migrating the content of a source sentence to a target style. In many applications, parallel training data are not available and source sentences to be transferred may have arbitrary and unknown styles. In this paper, we present an encoder-decoder framework under this problem setting. Each sentence is encoded into its content and style latent representations. By recombining the content with the target style, we can decode a sentence aligned in the target domain. To adequately constrain the encoding and decoding functions, we couple them with two loss functions. The first is a style discrepancy loss, enforcing that the style representation accurately encodes the style information guided by the discrepancy between the sentence style and the target style. The second is a cycle consistency loss, which ensures that the transferred sentence should preserve the content of the original sentence disentangled from its style. We validate the effectiveness of our proposed model on two tasks: sentiment modification of restaurant reviews, and dialog response revision with a romantic style.",None
https://openreview.net/forum?id=SJsb_xTSM,Multitask learning of Multilingual Sentence Representations,multilingual; embedding; representation learning; multi-task learning; low resource,We jointly train a multilingual skip-gram model and a cross-lingual sentence similarity model to learn high quality multilingual text embeddings that perform well in the low resource scenario.,"We present a novel multi-task training approach to learning multilingual distributed representations of text. Our system learns word and sentence embeddings jointly by training a multilingual skip-gram model together with a cross-lingual sentence similarity model. We construct sentence embeddings by processing word embeddings with an LSTM and by taking an average of the outputs. Our architecture can transparently use both monolingual and sentence aligned bilingual corpora to learn multilingual embeddings, thus covering a vocabulary significantly larger than the vocabulary of the bilingual corpora alone. Our model shows competitive performance in a standard cross-lingual document classification task. We also show the effectiveness of our method in a low-resource scenario.",None
https://openreview.net/forum?id=rko6pIcRZ,The Multilinear Structure of ReLU Networks,None,None,"We study the loss surface of neural networks that involve only rectified linear unit (ReLU) nonlinearities from a theoretical point-of-view. Any such network defines a piecewise multilinear form in parameter space. As a consequence, optima of such networks generically occur in non-differentiable regions of parameter space and so any understanding of such networks must carefully take into account their non-smooth nature. We then proceed to leverage this multilinear structure in an analysis of a neural network with one hidden-layer. Under the assumption of linearly separable data, the piecewise bilinear structure of the loss allows us to provide an explicit  description of all  critical points.",None
https://openreview.net/forum?id=HJWu8i18G,title,None,None,abstract,None
https://openreview.net/forum?id=SkeR2JURZ,Distributed Restarting NewtonCG Method for Large-Scale Empirical Risk Minimization,None,None,"In this paper, we propose a distributed damped Newton method in which sample size is gradually increasing to quickly obtain a solution whose empirical loss is under satisfactory statistical accuracy. Our proposed method is multistage in which the solution of one stage serves as a warm start for the next stage which contains more samples (including the samples in the previous stage). This overall multistage algorithm reduce the number of passes over data. Moreover, our algorithm in nature is easy to be distributed and shares the strong scaling property indicating that acceleration is always expected by using more computing nodes. Various iteration complexity results regarding descent direction computation and stopping criteria are analyzed under convex setting. Our results of experiments illustrate that the proposed algorithm can outperform other comparable methods for training machine learning tasks including neural networks.",None
https://openreview.net/forum?id=H1cT3NTBM,Learning Audio Features for Singer Identification and Embedding,convolution neural networks; attention; music information retrieval,Using deep learning techniques on singing voice related tasks.,"There has been an increasing use of neural networks for music information retrieval tasks. In this paper, we empirically investigate different ways of improving the performance of convolutional neural networks (CNNs) on spectral audio features. More specifically, we explore three aspects of CNN design: depth of the network, the use of residual blocks along with the use of grouped convolution, and global aggregation over time. The application context is singer classification and singing performance embedding and we believe the conclusions extend to other types of music analysis using convolutional neural networks. The results show that global time aggregation helps to improve the performance of CNNs the most. Another contribution of this paper is the release of a singing recording dataset that can be used for training and evaluation.",None
https://openreview.net/forum?id=ryKRRsm0Z,Binarized Back-Propagation: Training Binarized Neural Networks with Binarized Gradients,Neural Network  acceleration; Low Precision neural networks.,Binarized Back-Propagation all you need for completely binarized training is to is to inflate the size of the network,"Binarized Neural networks (BNNs) have been shown to be effective in improving network efficiency during the inference phase, after the network has been trained. However, BNNs only binarize the model parameters and activations during propagations. Therefore, BNNs do not offer significant efficiency improvements during training, since the gradients are still propagated and used with high precision. 
 
 We show there is no inherent difficulty in training BNNs using ""Binarized BackPropagation"" (BBP), in which we also binarize the gradients. To avoid significant degradation in test accuracy, we simply increase the number of filter maps in a each convolution layer. Using BBP on dedicated hardware can potentially significantly improve the execution efficiency (\emph{e.g.}, reduce dynamic memory footprint, memory bandwidth and computational energy) and speed up the training process with an appropriate hardware support, even after such an increase in network size. Moreover, our method is ideal for distributed learning as it reduces the communication costs significantly (e.g., by ~32). Using this method, we demonstrate a minimal loss in classification accuracy on several datasets and topologies.",None
https://openreview.net/forum?id=ry5wc1bCW,Causal Generative Neural Networks,Causal structure discovery; Generative neural networks; Cause-effect pair problem; Functional causal model; Maximum Mean Discrepancy; Structural Equation Models,Discover the structure of functional causal models with generative neural networks,"We introduce CGNN, a framework to learn functional causal models as generative neural networks. These networks are trained using backpropagation to minimize the maximum mean discrepancy to the observed data. Unlike previous approaches, CGNN leverages both conditional independences and distributional asymmetries to seamlessly discover bivariate and multivariate 
 causal structures, with or without hidden variables. CGNN does not only estimate the causal structure, but a full and differentiable generative model of the data. Throughout an extensive variety of experiments, we illustrate the competitive  esults of CGNN w.r.t state-of-the-art alternatives in observational causal discovery on both simulated and real data, in the tasks of cause-effect inference, v-structure identification, and multivariate causal discovery.",None
https://openreview.net/forum?id=Sk62KZYRW,Confidence Scoring Using Whitebox Meta-models with Linear Classifier Probes,confidence scoring; meta-model; linear classifier probes,None,"We propose a confidence scoring mechanism for multi-layer neural networks based on a paradigm of a base model and a meta-model. The confidence score is learned by the meta-model using features derived from the base model – a deep neural network considered a whitebox. As features, we investigate linear classifier probes inserted between the various layers of the base model and trained using each layer’s intermediate activations. Experiments show that this approach outperforms various baselines in a filtering task, i.e., task of rejecting samples with low confidence. Experimental results are presented using CIFAR-10 and CIFAR-100 dataset with and without added noise exploring various aspects of the method.",None
https://openreview.net/forum?id=SJvq-EcCZ,withdraw,None,None,withdraw,None
https://openreview.net/forum?id=HylzTiC5Km,GENERATING HIGH FIDELITY IMAGES WITH SUBSCALE PIXEL NETWORKS AND MULTIDIMENSIONAL UPSCALING,None,We show that autoregressive models can generate high fidelity images.,"The unconditional generation of high fidelity images is a longstanding benchmark
for testing the performance of image decoders. Autoregressive image models
have been able to generate small images unconditionally, but the extension of
these methods to large images where fidelity can be more readily assessed has
remained an open problem. Among the major challenges are the capacity to encode
the vast previous context and the sheer difficulty of learning a distribution that
preserves both global semantic coherence and exactness of detail. To address the
former challenge, we propose the Subscale Pixel Network (SPN), a conditional
decoder architecture that generates an image as a sequence of image slices of equal
size. The SPN compactly captures image-wide spatial dependencies and requires a
fraction of the memory and the computation. To address the latter challenge, we
propose to use multidimensional upscaling to grow an image in both size and depth
via intermediate stages corresponding to distinct SPNs. We evaluate SPNs on the
unconditional generation of CelebAHQ of size 256 and of ImageNet from size 32
to 128. We achieve state-of-the-art likelihood results in multiple settings, set up
new benchmark results in previously unexplored settings and are able to generate
very high fidelity large scale samples on the basis of both datasets.",None
https://openreview.net/forum?id=B1lnzn0ctQ,ALISTA: Analytic Weights Are As Good As Learned Weights in LISTA,sparse recovery; neural networks,None,"Deep neural networks based on unfolding an iterative algorithm, for example, LISTA (learned iterative shrinkage thresholding algorithm), have been an empirical success for sparse signal recovery. The weights of these neural networks are currently determined by data-driven “black-box” training. In this work, we propose Analytic LISTA (ALISTA), where the weight matrix in LISTA is computed as the solution to a data-free optimization problem, leaving only the stepsize and threshold parameters to data-driven learning. This signiﬁcantly simpliﬁes the training. Speciﬁcally, the data-free optimization problem is based on coherence minimization. We show our ALISTA retains the optimal linear convergence proved in (Chen et al., 2018) and has a performance comparable to LISTA. Furthermore, we extend ALISTA to convolutional linear operators, again determined in a data-free manner. We also propose a feed-forward framework that combines the data-free optimization and ALISTA networks from end to end, one that can be jointly trained to gain robustness to small perturbations in the encoding model.",None
https://openreview.net/forum?id=HJz6tiCqYm,Benchmarking Neural Network Robustness to Common Corruptions and Perturbations,robustness; benchmark; convnets; perturbations,We propose ImageNet-C to measure classifier corruption robustness and ImageNet-P to measure perturbation robustness,"In this paper we establish rigorous benchmarks for image classifier robustness. Our first benchmark, ImageNet-C, standardizes and expands the corruption robustness topic, while showing which classifiers are preferable in safety-critical applications. Then we propose a new dataset called ImageNet-P which enables researchers to benchmark a classifier's robustness to common perturbations. Unlike recent robustness research, this benchmark evaluates performance on common corruptions and perturbations not worst-case adversarial perturbations. We find that there are negligible changes in relative corruption robustness from AlexNet classifiers to ResNet classifiers. Afterward we discover ways to enhance corruption and perturbation robustness. We even find that a bypassed adversarial defense provides substantial common perturbation robustness. Together our benchmarks may aid future work toward networks that robustly generalize.",None
https://openreview.net/forum?id=HJx54i05tX,"On Random Deep Weight-Tied Autoencoders: Exact Asymptotic Analysis, Phase Transitions, and Implications to Training",Random Deep Autoencoders; Exact Asymptotic Analysis; Phase Transitions,"We study the behavior of weight-tied multilayer vanilla autoencoders under the assumption of random weights. Via an exact characterization in the limit of large dimensions, our analysis reveals interesting phase transition phenomena.","We study the behavior of weight-tied multilayer vanilla autoencoders under the assumption of random weights. Via an exact characterization in the limit of large dimensions, our analysis reveals interesting phase transition phenomena when the depth becomes large. This, in particular, provides quantitative answers and insights to three questions that were yet fully understood in the literature. Firstly, we provide a precise answer on how the random deep weight-tied autoencoder model performs “approximate inference” as posed by Scellier et al. (2018), and its connection to reversibility considered by several theoretical studies. Secondly, we show that deep autoencoders display a higher degree of sensitivity to perturbations in the parameters, distinct from the shallow counterparts. Thirdly, we obtain insights on pitfalls in training initialization practice, and demonstrate experimentally that it is possible to train a deep autoencoder, even with the tanh activation and a depth as large as 200 layers, without resorting to techniques such as layer-wise pre-training or batch normalization. Our analysis is not specific to any depths or any Lipschitz activations, and our analytical techniques may have broader applicability.",None
https://openreview.net/forum?id=HyxPx3R9tm,"Variational Discriminator Bottleneck: Improving Imitation Learning, Inverse RL, and GANs by Constraining Information Flow",reinforcement learning; generative adversarial networks; imitation learning; inverse reinforcement learning; information bottleneck,"Regularizing adversarial learning with an information bottleneck, applied to imitation learning, inverse reinforcement learning, and generative adversarial networks.","Adversarial learning methods have been proposed for a wide range of applications, but the training of adversarial models can be notoriously unstable. Effectively balancing the performance of the generator and discriminator is critical, since a discriminator that achieves very high accuracy will produce relatively uninformative gradients. In this work, we propose a simple and general technique to constrain information flow in the discriminator by means of an information bottleneck. By enforcing a constraint on the mutual information between the observations and the discriminator's internal representation, we can effectively modulate the discriminator's accuracy and maintain useful and informative gradients. We demonstrate that our proposed variational discriminator bottleneck (VDB) leads to significant improvements across three distinct application areas for adversarial learning algorithms. Our primary evaluation studies the applicability of the VDB to imitation learning of dynamic continuous control skills, such as running. We show that our method can learn such skills directly from raw video demonstrations, substantially outperforming prior adversarial imitation learning methods. The VDB can also be combined with adversarial inverse reinforcement learning to learn parsimonious reward functions that can be transferred and re-optimized in new settings. Finally, we demonstrate that VDB can train GANs more effectively for image generation, improving upon a number of prior stabilization methods.",None
https://openreview.net/forum?id=B1xsqj09Fm,Large Scale GAN Training for High Fidelity Natural Image Synthesis,GANs; Generative Models; Large Scale Training; Deep Learning,GANs benefit from scaling up.,"Despite recent progress in generative image modeling, successfully generating high-resolution, diverse samples from complex datasets such as ImageNet remains an elusive goal. To this end, we train Generative Adversarial Networks at the largest scale yet attempted, and study the instabilities specific to such scale. We find that applying orthogonal regularization to the generator renders it amenable to a simple ""truncation trick"", allowing fine control over the trade-off between sample fidelity and variety by reducing the variance of the Generator's input. Our modifications lead to models which set the new state of the art in class-conditional image synthesis. When trained on ImageNet at 128x128 resolution, our models (BigGANs) achieve an Inception Score (IS) of 166.3 and Frechet Inception Distance (FID) of 9.6, improving over the previous best IS of 52.52 and FID of 18.65.",None
https://openreview.net/forum?id=B1l6qiR5F7,Ordered Neurons: Integrating Tree Structures into Recurrent Neural Networks,Deep Learning; Natural Language Processing; Recurrent Neural Networks; Language Modeling,We introduce a new inductive bias that integrates tree structures in recurrent neural networks.,"Natural language is hierarchically structured: smaller units (e.g., phrases) are nested within larger units (e.g., clauses). When a larger constituent ends, all of the smaller constituents that are nested within it must also be closed. While the standard LSTM architecture allows different neurons to track information at different time scales, it does not have an explicit bias towards modeling a hierarchy of constituents. This paper proposes to add such inductive bias by ordering the neurons; a vector of master input and forget gates ensures that when a given neuron is updated, all the neurons that follow it in the ordering are also updated. Our novel recurrent architecture, ordered neurons LSTM (ON-LSTM), achieves good performance on four different tasks: language modeling, unsupervised parsing, targeted syntactic evaluation, and logical inference.",None
https://openreview.net/forum?id=H1gMCsAqY7,Slimmable Neural Networks,Slimmable neural networks; mobile deep learning; accuracy-efficiency trade-offs,"We present a simple and general method to train a single neural network executable at different widths (number of channels in a layer), permitting instant and adaptive accuracy-efficiency trade-offs at runtime.","We present a simple and general method to train a single neural network executable at different widths (number of channels in a layer), permitting instant and adaptive accuracy-efficiency trade-offs at runtime. Instead of training individual networks with different width configurations, we train a shared network with switchable batch normalization. At runtime, the network can adjust its width on the fly according to on-device benchmarks and resource constraints, rather than downloading and offloading different models. Our trained networks, named slimmable neural networks, achieve similar (and in many cases better) ImageNet classification accuracy than individually trained models of MobileNet v1, MobileNet v2, ShuffleNet and ResNet-50 at different widths respectively. We also demonstrate better performance of slimmable models compared with individual ones across a wide range of applications including COCO bounding-box object detection, instance segmentation and person keypoint detection without tuning hyper-parameters. Lastly we visualize and discuss the learned features of slimmable networks. Code and models are available at: https://github.com/JiahuiYu/slimmable_networks",None
https://openreview.net/forum?id=BJlxm30cKm,An Empirical Study of Example Forgetting during Deep Neural Network Learning,catastrophic forgetting; sample weighting; deep generalization,We show that catastrophic forgetting occurs within what is considered to be a single task and find that examples that are not prone to forgetting can be removed from the training set without loss of generalization.,"Inspired by the phenomenon of catastrophic forgetting, we investigate the learning dynamics of neural networks as they train on single classification tasks. Our goal is to understand whether a related phenomenon occurs when data does not undergo a clear distributional shift. We define a ``forgetting event'' to have occurred when an individual training example transitions from being classified correctly to incorrectly over the course of learning. Across several benchmark data sets, we find that: (i) certain examples are forgotten with high frequency, and some not at all; (ii) a data set's (un)forgettable examples generalize across neural architectures; and (iii) based on forgetting dynamics, a significant fraction of examples can be omitted from the training data set while still maintaining state-of-the-art generalization performance.",None
https://openreview.net/forum?id=B1gabhRcYX,BA-Net: Dense Bundle Adjustment Networks,Structure-from-Motion; Bundle Adjustment; Dense Depth Estimation,This paper introduces a network architecture to solve the structure-from-motion (SfM) problem via feature bundle adjustment (BA),"This paper introduces a network architecture to solve the structure-from-motion (SfM) problem via feature-metric bundle adjustment (BA), which explicitly enforces multi-view geometry constraints in the form of feature-metric error. The whole pipeline is differentiable, so that the network can learn suitable features that make the BA problem more tractable. Furthermore, this work introduces a novel depth parameterization to recover dense per-pixel depth. The network first generates several basis depth maps according to the input image, and optimizes the final depth as a linear combination of these basis depth maps via feature-metric BA. The basis depth maps generator is also learned via end-to-end training. The whole system nicely combines domain knowledge (i.e. hard-coded multi-view geometry constraints) and deep learning (i.e. feature learning and basis depth maps learning) to address the challenging dense SfM problem. Experiments on large scale real data prove the success of the proposed method.",None
https://openreview.net/forum?id=SkVhlh09tX,Pay Less Attention with Lightweight and Dynamic Convolutions,Deep learning; sequence to sequence learning; convolutional neural networks; generative models,Dynamic lightweight convolutions are competitive to self-attention on language tasks.,"Self-attention is a useful mechanism to build generative models for language and images. It determines the importance of context elements by comparing each element to the current time step. In this paper, we show that a very lightweight convolution can perform competitively to the best reported self-attention results. Next, we introduce dynamic convolutions which are simpler and more efficient than self-attention. We predict separate convolution kernels based solely on the current time-step in order to determine the importance of context elements. The number of operations required by this approach scales linearly in the input length, whereas self-attention is quadratic. Experiments on large-scale machine translation, language modeling and abstractive summarization show that dynamic convolutions improve over strong self-attention models. On the WMT'14 English-German test set dynamic convolutions achieve a new state of the art of 29.7 BLEU.",None
https://openreview.net/forum?id=S1fQSiCcYm,Understanding and Improving Interpolation in Autoencoders via an Adversarial Regularizer,autoencoders; interpolation; unsupervised learning; representation learning; adversarial learning,We propose a regularizer that improves interpolation and autoencoders and show that it also improves the learned representation for downstream tasks.,"Autoencoders provide a powerful framework for learning compressed representations by encoding all of the information needed to reconstruct a data point in a latent code. In some cases, autoencoders can ""interpolate"": By decoding the convex combination of the latent codes for two datapoints, the autoencoder can produce an output which semantically mixes characteristics from the datapoints. In this paper, we propose a regularization procedure which encourages interpolated outputs to appear more realistic by fooling a critic network which has been trained to recover the mixing coefficient from interpolated data. We then develop a simple benchmark task where we can quantitatively measure the extent to which various autoencoders can interpolate and show that our regularizer dramatically improves interpolation in this setting. We also demonstrate empirically that our regularizer produces latent codes which are more effective on downstream tasks, suggesting a possible link between interpolation abilities and learning useful representations.",None
https://openreview.net/forum?id=BkltNhC9FX,Posterior Attention Models for Sequence to Sequence Learning,posterior inference; attention; seq2seq learning; translation,Computing attention based on posterior distribution leads to more meaningful attention and better performance,"Modern neural architectures critically rely on attention for mapping structured inputs to sequences. In this paper we show that prevalent attention architectures do not adequately model the dependence among the attention and output tokens across a predicted sequence.
We present an alternative architecture called  Posterior Attention Models that after a principled factorization of the full joint distribution of the attention and output variables, proposes two major changes.  First, the position where attention is marginalized is changed from the input to the output. Second, the attention propagated to the next decoding stage is a posterior attention distribution conditioned on the output. Empirically on five translation and two morphological inflection tasks the proposed posterior attention models yield better BLEU score and alignment accuracy than existing attention models.",None
https://openreview.net/forum?id=HkNDsiC9KQ,Meta-Learning Update Rules for Unsupervised Representation Learning,Meta-learning; unsupervised learning; representation learning,"We learn an unsupervised learning algorithm that produces useful representations from a set of supervised tasks. At test-time, we apply this algorithm to new tasks without any supervision and show performance comparable to a VAE.","A major goal of unsupervised learning is to discover data representations that are useful for subsequent tasks, without access to supervised labels during training. Typically, this involves minimizing a surrogate objective, such as the negative log likelihood of a generative model, with the hope that representations useful for subsequent tasks will arise as a side effect. In this work, we propose instead to directly target later desired tasks by meta-learning an unsupervised learning rule which leads to representations useful for those tasks.  Specifically, we target semi-supervised classification performance, and we meta-learn an algorithm -- an unsupervised weight update rule -- that produces representations useful for this task. Additionally, we constrain our unsupervised update rule to a be a biologically-motivated, neuron-local function, which enables it to generalize to different neural network architectures, datasets, and data modalities. We show that the meta-learned update rule produces useful features and sometimes outperforms existing unsupervised learning techniques. We further show that the meta-learned unsupervised update rule generalizes to train networks with different widths, depths, and nonlinearities. It also generalizes to train on data with randomly permuted input dimensions and even generalizes from image datasets to a text task.",None
https://openreview.net/forum?id=r1lYRjC9F7,Enabling Factorized Piano Music Modeling and Generation with the MAESTRO Dataset,music; piano transcription; transformer; wavnet; audio synthesis; dataset; midi,"We train a suite of models capable of transcribing, composing, and synthesizing audio waveforms with coherent musical structure, enabled by the new MAESTRO dataset.","Generating musical audio directly with neural networks is notoriously difficult because it requires coherently modeling structure at many different timescales. Fortunately, most music is also highly structured and can be represented as discrete note events played on musical instruments. Herein, we show that by using notes as an intermediate representation, we can train a suite of models capable of transcribing, composing, and synthesizing audio waveforms with coherent musical structure on timescales spanning six orders of magnitude (~0.1 ms to ~100 s), a process we call Wave2Midi2Wave. This large advance in the state of the art is enabled by our release of the new MAESTRO (MIDI and Audio Edited for Synchronous TRacks and Organization) dataset, composed of over 172 hours of virtuosic piano performances captured with fine alignment (~3 ms) between note labels and audio waveforms. The networks and the dataset together present a promising approach toward creating new expressive and interpretable neural models of music.",None
https://openreview.net/forum?id=S1xq3oR5tQ,A Unified Theory of Early Visual Representations from Retina to Cortex through Anatomically Constrained Deep CNNs,visual system; convolutional neural networks; efficient coding; retina,We reproduced neural representations found in biological visual systems by simulating their neural resource constraints in a deep convolutional model.,"The vertebrate visual system is hierarchically organized to process visual information in successive stages. Neural representations vary drastically across the first stages of visual processing: at the output of the retina, ganglion cell receptive fields (RFs) exhibit a clear antagonistic center-surround structure, whereas in the primary visual cortex (V1), typical RFs are sharply tuned to a precise orientation. There is currently no unified theory explaining these differences in representations across layers. Here, using a deep convolutional neural network trained on image recognition as a model of the visual system, we show that such differences in representation can emerge as a direct consequence of different neural resource constraints on the retinal and cortical networks, and for the first time we find a single model from which both geometries spontaneously emerge at the appropriate stages of visual processing. The key constraint is a reduced number of neurons at the retinal output, consistent with the anatomy of the optic nerve as a stringent bottleneck. Second, we find that, for simple downstream cortical networks, visual representations at the retinal output emerge as nonlinear and lossy feature detectors, whereas they emerge as linear and faithful encoders of the visual scene for more complex cortical networks. This result predicts that the retinas of small vertebrates (e.g. salamander, frog) should perform sophisticated nonlinear computations, extracting features directly relevant to behavior, whereas retinas of large animals such as primates should mostly encode the visual scene linearly and respond to a much broader range of stimuli. These predictions could reconcile the two seemingly incompatible views of the retina as either performing feature extraction or efficient coding of natural scenes, by suggesting that all vertebrates lie on a spectrum between these two objectives, depending on the degree of neural resources allocated to their visual system.",None
https://openreview.net/forum?id=H1lqZhRcFm,Unsupervised Learning of the Set of Local Maxima,Unsupervised Learning; One-class Classification; Multi-player Optimization,None,"This paper describes a new form of unsupervised learning, whose input is a set of unlabeled points that are assumed to be local maxima of an unknown value function $v$ in an unknown subset of the vector space. Two functions are learned: (i) a set indicator $c$, which is a binary classifier, and (ii) a comparator function $h$ that given two nearby samples, predicts which sample has the higher value of the unknown function $v$. Loss terms are used to ensure that all training samples $\vx$ are a local maxima of $v$, according to $h$ and satisfy $c(\vx)=1$. Therefore, $c$ and $h$ provide training signals to each other: a point $\vx'$ in the vicinity of $\vx$ satisfies $c(\vx)=-1$ or is deemed by $h$ to be lower in value than $\vx$. We present an algorithm, show an example where it is more efficient to use local maxima as an indicator function than to employ conventional classification, and derive a suitable generalization bound. Our experiments show that the method is able to outperform one-class classification algorithms in the task of anomaly detection and also provide an additional signal that is extracted in a completely unsupervised way.",None
https://openreview.net/forum?id=B1VZqjAcYX,SNIP: SINGLE-SHOT NETWORK PRUNING BASED ON CONNECTION SENSITIVITY,neural network pruning; connection sensitivity,"We present a new approach, SNIP, that is simple, versatile and interpretable; it prunes irrelevant connections for a given task at single-shot prior to training and is applicable to a variety of neural network models without modifications.","Pruning large neural networks while maintaining their performance is often desirable due to the reduced space and time complexity. In existing methods, pruning is done within an iterative optimization procedure with either heuristically designed pruning schedules or additional hyperparameters, undermining their utility. In this work, we present a new approach that prunes a given network once at initialization prior to training. To achieve this, we introduce a saliency criterion based on connection sensitivity that identifies structurally important connections in the network for the given task. This eliminates the need for both pretraining and the complex pruning schedule while making it robust to architecture variations. After pruning, the sparse network is trained in the standard way. Our method obtains extremely sparse networks with virtually the same accuracy as the reference network on the MNIST, CIFAR-10, and Tiny-ImageNet classification tasks and is broadly applicable to various architectures including convolutional, residual and recurrent networks. Unlike existing methods, our approach enables us to demonstrate that the retained connections are indeed relevant to the given task.",None
https://openreview.net/forum?id=H1emus0qF7,Near-Optimal Representation Learning for Hierarchical Reinforcement Learning,representation hierarchy reinforcement learning,We translate a bound on sub-optimality of representations to a practical training objective in the context of hierarchical reinforcement learning.,"We study the problem of representation learning in goal-conditioned hierarchical reinforcement learning. In such hierarchical structures, a higher-level controller solves tasks by iteratively communicating goals which a lower-level policy is trained to reach. Accordingly, the choice of representation -- the mapping of observation space to goal space -- is crucial. To study this problem, we develop a notion of sub-optimality of a representation, defined in terms of expected reward of the optimal hierarchical policy using this representation. We derive expressions which bound the sub-optimality and show how these expressions can be translated to representation learning objectives which may be optimized in practice. Results on a number of difficult continuous-control tasks show that our approach to representation learning yields qualitatively better representations as well as quantitatively better hierarchical policies, compared to existing methods.",None
https://openreview.net/forum?id=S1x4ghC9tQ,Temporal Difference Variational Auto-Encoder,generative models; variational auto-encoders; state space models; temporal difference learning,"Generative model of temporal data, that builds online belief state, operates in latent space, does jumpy predictions and rollouts of states.","To act and plan in complex environments, we posit that agents should have a mental simulator of the world with three characteristics: (a) it should build an abstract state representing the condition of the world; (b) it should form a belief which represents uncertainty on the world; (c) it should go beyond simple step-by-step simulation, and exhibit temporal abstraction. Motivated by the absence of a model satisfying all these requirements, we propose TD-VAE, a generative sequence model that learns representations containing explicit beliefs about states several steps into the future, and that can be rolled out directly without single-step transitions. TD-VAE is trained on pairs of temporally separated time points, using an analogue of temporal difference learning used in reinforcement learning.",None
https://openreview.net/forum?id=rJVorjCcKQ,"Slalom: Fast, Verifiable and Private Execution of Neural Networks in Trusted Hardware",Trusted hardware; integrity; privacy; secure inference; SGX,We accelerate secure DNN inference in trusted execution environments (by a factor 4x-20x) by selectively outsourcing the computation of linear layers to a faster yet untrusted co-processor.,"As Machine Learning (ML) gets applied to security-critical or sensitive domains, there is a growing need for integrity and privacy for outsourced ML computations. A pragmatic solution comes from Trusted Execution Environments (TEEs), which use hardware and software protections to isolate sensitive computations from the untrusted software stack. However, these isolation guarantees come at a price in performance, compared to untrusted alternatives. This paper initiates the study of high performance execution of Deep Neural Networks (DNNs) in TEEs by efficiently partitioning DNN computations between trusted and untrusted devices. Building upon an efficient outsourcing scheme for matrix multiplication, we propose Slalom, a framework that securely delegates execution of all linear layers in a DNN from a TEE (e.g., Intel SGX or Sanctum) to a faster, yet untrusted, co-located processor. We evaluate Slalom by running DNNs in an Intel SGX enclave, which selectively delegates work to an untrusted GPU. For canonical DNNs (VGG16, MobileNet and ResNet variants) we obtain 6x to 20x increases in throughput for verifiable inference, and 4x to 11x for verifiable and private inference.",None
https://openreview.net/forum?id=B1ffQnRcKX,Automatically Composing Representation Transformations as a Means for Generalization,compositionality; deep learning; metareasoning,We explore the problem of compositional generalization and propose a means for endowing neural network architectures with the ability to compose themselves to solve these problems.,"A generally intelligent learner should generalize to more complex tasks than it has previously encountered, but the two common paradigms in machine learning -- either training a separate learner per task or training a single learner for all tasks -- both have difficulty with such generalization because they do not leverage  the compositional structure of the task distribution. This paper introduces the compositional problem graph as a broadly applicable formalism to relate tasks of different complexity in terms of problems with shared subproblems. We propose the compositional generalization problem for measuring how readily old knowledge can be reused and hence built upon. As a first step for tackling compositional generalization, we introduce the compositional recursive learner, a domain-general framework for learning algorithmic procedures for composing representation transformations, producing a learner that reasons about what computation to execute by making analogies to previously seen problems. We show on a symbolic and a high-dimensional domain that our compositional approach can generalize to more complex problems than the learner has previously encountered, whereas baselines that are not explicitly compositional do not.",None
https://openreview.net/forum?id=rylV-2C9KQ,Deep Decoder: Concise Image Representations from Untrained Non-convolutional Networks,natural image model; image prior; under-determined neural networks; untrained network; non-convolutional network; denoising; inverse problem,"We introduce an underparameterized, nonconvolutional, and simple deep neural network that can, without training, effectively represent natural images and solve image processing tasks like compression and denoising competitively.","Deep neural networks, in particular convolutional neural networks, have become highly effective tools for compressing images and solving inverse problems including denoising, inpainting, and reconstruction from few and noisy measurements. This success can be attributed in part to their ability to represent and generate natural images well. Contrary to classical tools such as wavelets, image-generating deep neural networks have a large number of parameters---typically a multiple of their output dimension---and need to be trained on large datasets. 
In this paper, we propose an untrained simple image model, called the deep decoder, which is a deep neural network that can generate natural images from very few weight parameters.
The deep decoder has a simple architecture with no convolutions and fewer weight parameters than the output dimensionality. This underparameterization enables the deep decoder to compress images into a concise set of network weights, which we show is on par with wavelet-based thresholding. Further, underparameterization provides a barrier to overfitting, allowing the deep decoder to have state-of-the-art performance for denoising. The deep decoder is simple in the sense that each layer has an identical structure that consists of only one upsampling unit, pixel-wise linear combination of channels, ReLU activation, and channelwise normalization. This simplicity makes the network amenable to theoretical analysis, and it sheds light on the aspects of neural networks that enable them to form effective signal representations.",None
https://openreview.net/forum?id=rylIAsCqYm,A2BCD: Asynchronous Acceleration with Optimal Complexity,asynchronous; optimization; parallel; accelerated; complexity,We prove the first-ever convergence proof of an asynchronous accelerated algorithm that attains a speedup.,"In this paper, we propose the Asynchronous Accelerated Nonuniform Randomized Block Coordinate Descent algorithm (A2BCD). We prove A2BCD converges linearly to a solution of the convex minimization problem at the same rate as NU_ACDM, so long as the maximum delay is not too large. This is the first asynchronous Nesterov-accelerated algorithm that attains any provable speedup. Moreover, we then prove that these algorithms both have optimal complexity. Asynchronous algorithms complete much faster iterations, and A2BCD has optimal complexity. Hence we observe in experiments that A2BCD is the top-performing coordinate descent algorithm, converging up to 4-5x faster than NU_ACDM on some data sets in terms of wall-clock time. To motivate our theory and proof techniques, we also derive and analyze a continuous-time analog of our algorithm and prove it converges at the same rate.",None
https://openreview.net/forum?id=H1xSNiRcF7,Smoothing the Geometry of Probabilistic Box Embeddings,embeddings; order embeddings; knowledge graph embedding; relational learning,Improve hierarchical embedding models using kernel smoothing,"There is growing interest in geometrically-inspired embeddings for learning hierarchies, partial orders, and lattice structures, with natural applications to transitive relational data such as entailment graphs. Recent work has extended these ideas beyond deterministic hierarchies to probabilistically calibrated models, which enable learning from uncertain supervision and inferring soft-inclusions among concepts, while maintaining the geometric inductive bias of hierarchical embedding models. We build on the Box Lattice model of Vilnis et al. (2018), which showed promising results in modeling soft-inclusions through an overlapping hierarchy of sets, parameterized as high-dimensional hyperrectangles (boxes). However, the hard edges of the boxes present difficulties for standard gradient based optimization; that work employed a special surrogate function for the disjoint case, but we find this method to be fragile.  In this work, we present a novel hierarchical embedding model, inspired by a relaxation of box embeddings into parameterized density functions using Gaussian convolutions over the boxes. Our approach provides an alternative surrogate to the original lattice measure that improves the robustness of optimization in the disjoint case, while also preserving the desirable properties with respect to the original lattice. We demonstrate increased or matching performance on WordNet hypernymy prediction, Flickr caption entailment, and a MovieLens-based market basket dataset. We show especially marked improvements in the case of sparse data, where many conditional probabilities should be low, and thus boxes should be nearly disjoint.",None
https://openreview.net/forum?id=rygrBhC5tQ,Composing Complex Skills by Learning Transition Policies,reinforcement learning; hierarchical reinforcement learning; continuous control; modular framework,Transition policies enable agents to compose complex skills by smoothly connecting previously acquired primitive skills.,"Humans acquire complex skills by exploiting previously learned skills and making transitions between them. To empower machines with this ability, we propose a method that can learn transition policies which effectively connect primitive skills to perform sequential tasks without handcrafted rewards. To efficiently train our transition policies, we introduce proximity predictors which induce rewards gauging proximity to suitable initial states for the next skill. The proposed method is evaluated on a set of complex continuous control tasks in bipedal locomotion and robotic arm manipulation which traditional policy gradient methods struggle at. We demonstrate that transition policies enable us to effectively compose complex skills with existing primitive skills. The proposed induced rewards computed using the proximity predictor further improve training efficiency by providing more dense information than the sparse rewards from the environments. We make our environments, primitive skills, and code public for further research at https://youngwoon.github.io/transition .",None
https://openreview.net/forum?id=rylDfnCqF7,Lagging Inference Networks and Posterior Collapse in Variational Autoencoders,variational autoencoders; posterior collapse; generative models,"To address posterior collapse in VAEs, we propose a novel yet simple training procedure that aggressively optimizes inference network with more updates. This new training procedure mitigates posterior collapse and leads to a better VAE model.","The variational autoencoder (VAE) is a popular combination of deep latent variable model and accompanying variational learning technique. By using a neural inference network to approximate the model's posterior on latent variables, VAEs efficiently parameterize a lower bound on marginal data likelihood that can be optimized directly via gradient methods. In practice, however, VAE training often results in a degenerate local optimum known as ""posterior collapse"" where the model learns to ignore the latent variable and the approximate posterior mimics the prior. In this paper, we investigate posterior collapse from the perspective of training dynamics. We find that during the initial stages of training the inference network fails to approximate the model's true posterior, which is a moving target. As a result, the model is encouraged to ignore the latent encoding and posterior collapse occurs. Based on this observation, we propose an extremely simple modification to VAE training to reduce inference lag: depending on the model's current mutual information between latent variable and observation, we aggressively optimize the inference network before performing each model update. Despite introducing neither new model components nor significant complexity over basic VAE, our approach is able to avoid the problem of collapse that has plagued a large amount of previous work. Empirically, our approach outperforms strong autoregressive baselines on text and image benchmarks in terms of held-out likelihood, and is competitive with more complex techniques for avoiding collapse while being substantially faster.",None
https://openreview.net/forum?id=rJl-b3RcF7,"The Lottery Ticket Hypothesis: Finding Sparse, Trainable Neural Networks",Neural networks; sparsity; pruning; compression; performance; architecture search,Feedforward neural networks that can have weights pruned after training could have had the same weights pruned before training,"Neural network pruning techniques can reduce the parameter counts of trained networks by over 90%, decreasing storage requirements and improving computational performance of inference without compromising accuracy. However, contemporary experience is that the sparse architectures produced by pruning are difficult to train from the start, which would similarly improve training performance.

We find that a standard pruning technique naturally uncovers subnetworks whose initializations made them capable of training effectively. Based on these results, we articulate the ""lottery ticket hypothesis:"" dense, randomly-initialized, feed-forward networks contain subnetworks (""winning tickets"") that - when trained in isolation - reach test accuracy comparable to the original network in a similar number of iterations. The winning tickets we find have won the initialization lottery: their connections have initial weights that make training particularly effective.

We present an algorithm to identify winning tickets and a series of experiments that support the lottery ticket hypothesis and the importance of these fortuitous initializations. We consistently find winning tickets that are less than 10-20% of the size of several fully-connected and convolutional feed-forward architectures for MNIST and CIFAR10. Above this size, the winning tickets that we find learn faster than the original network and reach higher test accuracy.",None
https://openreview.net/forum?id=Bygh9j09KX,ImageNet-trained CNNs are biased towards texture; increasing shape bias improves accuracy and robustness,deep learning; psychophysics; representation learning; object recognition; robustness; neural networks; data augmentation,ImageNet-trained CNNs are biased towards object texture (instead of shape like humans). Overcoming this major difference between human and machine vision yields improved detection performance and previously unseen robustness to image distortions.,"Convolutional Neural Networks (CNNs) are commonly thought to recognise objects by learning increasingly complex representations of object shapes. Some recent studies suggest a more important role of image textures. We here put these conflicting hypotheses to a quantitative test by evaluating CNNs and human observers on images with a texture-shape cue conflict. We show that ImageNet-trained CNNs are strongly biased towards recognising textures rather than shapes, which is in stark contrast to human behavioural evidence and reveals fundamentally different classification strategies. We then demonstrate that the same standard architecture (ResNet-50) that learns a texture-based representation on ImageNet is able to learn a shape-based representation instead when trained on 'Stylized-ImageNet', a stylized version of ImageNet. This provides a much better fit for human behavioural performance in our well-controlled psychophysical lab setting (nine experiments totalling 48,560 psychophysical trials across 97 observers) and comes with a number of unexpected emergent benefits such as improved object detection performance and previously unseen robustness towards a wide range of image distortions, highlighting advantages of a shape-based representation.",None
https://openreview.net/forum?id=B1gstsCqt7,Sparse Dictionary Learning by Dynamical Neural Networks,dynamical neural networks; spiking neural networks; dynamical system; hardware friendly learning; feedback; contrastive learning; dictionary learning; sparse coding,None,"A dynamical neural network consists of a set of interconnected neurons that interact over time continuously. It can exhibit computational properties in the sense that the dynamical system’s evolution and/or limit points in the associated state space can correspond to numerical solutions to certain mathematical optimization or learning problems. Such a computational system is particularly attractive in that it can be mapped to a massively parallel computer architecture for power and throughput efficiency, especially if each neuron can rely solely on local information (i.e., local memory). Deriving gradients from the dynamical network’s various states while conforming to this last constraint, however, is challenging. We show that by combining ideas of top-down feedback and contrastive learning, a dynamical network for solving the l1-minimizing dictionary learning problem can be constructed, and the true gradients for learning are provably computable by individual neurons. Using spiking neurons to construct our dynamical network, we present a learning process, its rigorous mathematical analysis, and numerical results on several dictionary learning problems.",None
https://openreview.net/forum?id=ByxZX20qFQ,Adaptive Input Representations for Neural Language Modeling,Neural language modeling,"Variable capacity input word embeddings and SOTA on WikiText-103, Billion Word benchmarks.","We introduce adaptive input representations for neural language modeling which extend the adaptive softmax of Grave et al. (2017) to input representations of variable capacity. There are several choices on how to factorize the input and output layers, and whether to model words, characters or sub-word units. We perform a systematic comparison of popular choices for a self-attentional architecture. Our experiments show that models equipped with adaptive embeddings are more than twice as fast to train than the popular character input CNN while having a lower number of parameters. On the WikiText-103 benchmark we achieve 18.7 perplexity, an improvement of 10.5 perplexity compared to the previously best published result and on the Billion Word benchmark, we achieve 23.02 perplexity.",None
https://openreview.net/forum?id=H1g0Z3A9Fm,Supervised Community Detection with Line Graph Neural Networks,community detection; graph neural networks; belief propagation; energy landscape; non-backtracking matrix,We propose a novel graph neural network architecture based on the non-backtracking matrix defined over the edge adjacencies and demonstrate its effectiveness in community detection tasks on graphs.,"Community detection in graphs can be solved via spectral methods or posterior inference under certain probabilistic graphical models. Focusing on random graph families such as the stochastic block model, recent research has unified both approaches and identified both statistical and computational detection thresholds in terms of the signal-to-noise ratio. By recasting community detection as a node-wise classification problem on graphs, we can also study it from a learning perspective. We present a novel family of Graph Neural Networks (GNNs) for solving community detection problems in a supervised learning setting. We show that, in a data-driven manner and without access to the underlying generative models, they can match or even surpass the performance of the belief propagation algorithm on binary and multiclass stochastic block models, which is believed to reach the computational threshold in these cases. In particular, we propose to augment GNNs with the non-backtracking operator defined on the line graph of edge adjacencies. The GNNs are achieved good performance on real-world datasets.  In addition, we perform the first analysis of the optimization landscape of using (linear) GNNs to solve community detection problems, demonstrating that under certain simplifications and assumptions, the loss value at any local minimum is close to the loss value at the global minimum/minima.",None
https://openreview.net/forum?id=ByeZ5jC5YQ,KnockoffGAN: Generating Knockoffs for Feature Selection using Generative Adversarial Networks,Knockoff model; Feature selection; False discovery rate control; Generative Adversarial networks,None,"Feature selection is a pervasive problem. The discovery of relevant features can be as important for performing a particular task (such as to avoid overfitting in prediction) as it can be for understanding the underlying processes governing the true label (such as discovering relevant genetic factors for a disease). Machine learning driven feature selection can enable discovery from large, high-dimensional, non-linear observational datasets by creating a subset of features for experts to focus on. In order to use expert time most efficiently, we need a principled methodology capable of controlling the False Discovery Rate. In this work, we build on the promising Knockoff framework by developing a flexible knockoff generation model. We adapt the Generative Adversarial Networks framework to allow us to generate knockoffs with no assumptions on the feature distribution. Our model consists of 4 networks, a generator, a discriminator, a stability network and a power network. We demonstrate the capability of our model to perform feature selection, showing that it performs as well as the originally proposed knockoff generation model in the Gaussian setting and that it outperforms the original model in non-Gaussian settings, including on a real-world dataset.",None
https://openreview.net/forum?id=r1GbfhRqF7,Kernel Change-point Detection with Auxiliary Deep Generative Models,deep kernel learning; generative models; kernel two-sample test; time series change-point detection,"In this paper, we propose KL-CPD, a novel kernel learning framework for time series CPD that optimizes a lower bound of test power via an auxiliary generative model as a surrogate to the abnormal distribution.","Detecting the emergence of abrupt property changes in time series is a challenging problem. Kernel two-sample test has been studied for this task which makes fewer assumptions on the distributions than traditional parametric approaches. However, selecting kernels is non-trivial in practice. Although kernel selection for the two-sample test has been studied, the insufficient samples in change point detection problem hinder the success of those developed kernel selection algorithms. In this paper, we propose KL-CPD, a novel kernel learning framework for time series CPD that optimizes a lower bound of test power via an auxiliary generative model. With deep kernel parameterization, KL-CPD endows kernel two-sample test with the data-driven kernel to detect different types of change-points in real-world applications. The proposed approach significantly outperformed other state-of-the-art methods in our comparative evaluation of benchmark datasets and simulation studies.",None
https://openreview.net/forum?id=SylCrnCcFX,"Towards Robust, Locally Linear Deep Networks",robust derivatives; transparency; interpretability,A scalable algorithm to establish robust derivatives of deep networks w.r.t. the inputs.,"Deep networks realize complex mappings that are often understood by their locally linear behavior at or around points of interest. For example, we use the derivative of the mapping with respect to its inputs for sensitivity analysis, or to explain (obtain coordinate relevance for) a prediction. One key challenge is that such derivatives are themselves inherently unstable. In this paper, we propose a new learning problem to encourage deep networks to have stable derivatives over larger regions. While the problem is challenging in general, we focus on networks with piecewise linear activation functions. Our algorithm consists of an inference step that identifies a region around a point where linear approximation is provably stable, and an optimization step to expand such regions. We propose a novel relaxation to scale the algorithm to realistic models. We illustrate our method with residual and recurrent networks on image and sequence datasets.",None
https://openreview.net/forum?id=SygD-hCcF7,Dimensionality Reduction for Representing the Knowledge of Probabilistic Models,metric learning; distance learning; dimensionality reduction; bound guarantees,dimensionality reduction for cases where examples can be represented as soft probability distributions,"Most deep learning models rely on expressive high-dimensional representations to achieve good performance on tasks such as classification. However, the high dimensionality of these representations makes them difficult to interpret and prone to over-fitting. We propose a simple, intuitive and scalable dimension reduction framework that takes into account the soft probabilistic interpretation of standard deep models for classification. When applying our framework to visualization, our representations more accurately reflect inter-class distances than standard visualization techniques such as t-SNE. We show experimentally that our framework improves generalization performance to unseen categories in zero-shot learning. We also provide a finite sample error upper bound guarantee for the method.",None
https://openreview.net/forum?id=r1laEnA5Ym,A Variational Inequality Perspective on Generative Adversarial Networks,optimization; variational inequality; games; saddle point; extrapolation; averaging; extragradient; generative modeling; generative adversarial network,We cast GANs in the variational inequality framework and import techniques from this literature to optimize GANs better; we give algorithmic extensions and empirically test their performance for training GANs.,"Generative adversarial networks (GANs) form a generative modeling approach known for producing appealing samples, but they are notably difficult to train. One common way to tackle this issue has been to propose new formulations of the GAN objective. Yet, surprisingly few studies have looked at optimization methods designed for this adversarial training. In this work, we cast GAN optimization problems in the general variational inequality framework. Tapping into the mathematical programming literature, we counter some common misconceptions about the difficulties of saddle point optimization and propose to extend methods designed for variational inequalities to the training of GANs. We apply averaging, extrapolation and a computationally cheaper variant that we call extrapolation from the past to the stochastic gradient method (SGD) and Adam.",None
https://openreview.net/forum?id=H1lJJnR5Ym,Exploration by random network distillation,reinforcement learning; exploration; curiosity,A simple exploration bonus is introduced and achieves state of the art performance in 3 hard exploration Atari games.,"We introduce an exploration bonus for deep reinforcement learning methods that is easy to implement and adds minimal overhead to the computation performed. The bonus is the error of a neural network predicting features of the observations given by a fixed randomly initialized neural network. We also introduce a method to flexibly combine intrinsic and extrinsic rewards. We find that the random network distillation (RND) bonus combined with this increased flexibility enables significant progress on several hard exploration Atari games. In particular we establish state of the art performance on Montezuma's Revenge, a game famously difficult for deep reinforcement learning methods. To the best of our knowledge, this is the first method that achieves better than average human performance on this game without using demonstrations or having access the underlying state of the game, and occasionally completes the first level. This suggests that relatively simple methods that scale well can be sufficient to tackle challenging exploration problems.",None
https://openreview.net/forum?id=SyxAb30cY7,Robustness May Be at Odds with Accuracy,adversarial examples; robust machine learning; robust optimization; deep feature representations,"We show that adversarial robustness might come at the cost of standard classification performance, but also yields unexpected benefits.","We show that there exists an inherent tension between the goal of adversarial robustness and that of standard generalization. 
Specifically, training robust models may not only be more resource-consuming, but also lead to a reduction of standard accuracy. We demonstrate that this trade-off between the standard accuracy of a model and its robustness to adversarial perturbations provably exists even in a fairly simple and natural setting. These findings also corroborate a similar phenomenon observed in practice. Further, we argue that this phenomenon is a consequence of robust classifiers learning fundamentally different feature representations than  standard classifiers. These differences, in particular, seem to result in unexpected benefits: the features learned by robust models tend to align better with salient data characteristics and human perception.",None
https://openreview.net/forum?id=HyxzRsR9Y7,Learning Self-Imitating Diverse Policies,Reinforcement-learning; Imitation-learning; Ensemble-training,Policy optimization by using past good rollouts from the agent; learning shaped rewards via divergence minimization; SVPG with JS-kernel for population-based exploration.,"The success of popular algorithms for deep reinforcement learning, such as policy-gradients and Q-learning, relies heavily on the availability of an informative reward signal at each timestep of the sequential decision-making process. When rewards are only sparsely available during an episode, or a rewarding feedback is provided only after episode termination, these algorithms perform sub-optimally due to the difficultly in credit assignment. Alternatively, trajectory-based policy optimization methods, such as cross-entropy method and evolution strategies, do not require per-timestep rewards, but have been found to suffer from high sample complexity by completing forgoing the temporal nature of the problem. Improving the efficiency of RL algorithms in real-world problems with sparse or episodic rewards is therefore a pressing need. In this work, we introduce a self-imitation learning algorithm that exploits and explores well in the sparse and episodic reward settings. We view each policy as a state-action visitation distribution and formulate policy optimization as a divergence minimization problem. We show that with Jensen-Shannon divergence, this divergence minimization problem can be reduced into a policy-gradient algorithm with shaped rewards learned from experience replays. Experimental results indicate that our algorithm works comparable to existing algorithms in environments with dense rewards, and significantly better in environments with sparse and episodic rewards. We then discuss limitations of self-imitation learning, and propose to solve them by using Stein variational policy gradient descent with the Jensen-Shannon kernel to learn multiple diverse policies. We demonstrate its effectiveness on a challenging variant of continuous-control MuJoCo locomotion tasks.",None
https://openreview.net/forum?id=rJEjjoR9K7,Learning Robust Representations by Projecting Superficial Statistics Out,domain generalization; robustness,"Building on previous work on domain generalization, we hope to produce a classifier that will generalize to previously unseen domains, even when domain identifiers are not available during training.","Despite impressive performance as evaluated on i.i.d. holdout data, deep neural networks depend heavily on superficial statistics of the training data and are liable to break under distribution shift. For example, subtle changes to the background or texture of an image can break a seemingly powerful classifier. Building on previous work on domain generalization, we hope to produce a classifier that will generalize to previously unseen domains, even when domain identifiers are not available during training. This setting is challenging because the model may extract many distribution-specific (superficial) signals together with distribution-agnostic (semantic) signals. To overcome this challenge, we incorporate the gray-level co-occurrence matrix (GLCM) to extract patterns that our prior knowledge suggests are superficial: they are sensitive to the texture but unable to capture the gestalt of an image. Then we introduce two techniques for improving our networks' out-of-sample performance. The first method is built on the reverse gradient method that pushes our model to learn representations from which the GLCM representation is not predictable. The second method is built on the independence introduced by projecting the model's representation onto the subspace orthogonal to GLCM representation's.
We test our method on the battery of standard domain generalization data sets and, interestingly, achieve comparable or better performance as compared to other domain generalization methods that explicitly require samples from the target distribution for training.",None
https://openreview.net/forum?id=BkeStsCcKQ,Critical Learning Periods in Deep Networks,Critical Period; Deep Learning; Information Theory; Artificial Neuroscience; Information Plasticity,"Sensory deficits in early training phases can lead to irreversible performance loss in both artificial and neuronal networks, suggesting information phenomena as the common cause, and point to the importance of the initial transient and forgetting.","Similar to humans and animals, deep artificial neural networks exhibit critical periods during which a temporary stimulus deficit can impair the development of a skill. The extent of the impairment depends on the onset and length of the deficit window, as in animal models, and on the size of the neural network. Deficits that do not affect low-level statistics, such as vertical flipping of the images, have no lasting effect on performance and can be overcome with further training.  To better understand this phenomenon, we use the Fisher Information of the weights to measure the effective connectivity between layers of a network during training.  Counterintuitively, information rises rapidly in the early phases of training, and then decreases, preventing redistribution of information resources in a phenomenon we refer to as a loss of ""Information Plasticity"".  Our analysis suggests that the first few epochs are critical for the creation of strong connections that are optimal relative to the input data distribution. Once such strong connections are created, they do not appear to change during additional training. These findings suggest that the initial learning transient, under-scrutinized compared to asymptotic behavior, plays a key role in determining the outcome of the training process. Our findings, combined with recent theoretical results in the literature, also suggest that forgetting (decrease of information in the weights) is critical to achieving invariance and disentanglement in representation learning. Finally, critical periods are not restricted to biological systems, but can emerge naturally in learning systems, whether biological or artificial, due to fundamental constrains arising from learning dynamics and information processing.",None
https://openreview.net/forum?id=rJNwDjAqYX,Large-Scale Study of Curiosity-Driven Learning,exploration; curiosity; intrinsic reward; no extrinsic reward; unsupervised; no-reward; skills,"An agent trained only with curiosity, and no extrinsic reward, does surprisingly well on 54 popular environments, including the suite of Atari games, Mario etc.","Reinforcement learning algorithms rely on carefully engineered rewards from the environment that are extrinsic to the agent. However, annotating each environment with hand-designed, dense rewards is difficult and not scalable, motivating the need for developing reward functions that are intrinsic to the agent. 
Curiosity is such intrinsic reward function which uses prediction error as a reward signal. In this paper: (a) We perform the first large-scale study of purely curiosity-driven learning, i.e. {\em without any extrinsic rewards}, across $54$ standard benchmark environments, including the Atari game suite. Our results show surprisingly good performance as well as a high degree of alignment between the intrinsic curiosity objective and the hand-designed extrinsic rewards of many games. (b) We investigate the effect of using different feature spaces for computing prediction error and show that random features are sufficient for many popular RL game benchmarks, but learned features appear to generalize better (e.g. to novel game levels in Super Mario Bros.). (c) We demonstrate limitations of the prediction-based rewards in stochastic setups. Game-play videos and code are at https://doubleblindsupplementary.github.io/large-curiosity/.",None
https://openreview.net/forum?id=Bklr3j0cKX,Learning deep representations by mutual information estimation and maximization,representation learning; unsupervised learning; deep learning,"We learn deep representation by maximizing mutual information, leveraging structure in the objective, and are able to compute with fully supervised classifiers with comparable architectures","This work investigates unsupervised learning of representations by maximizing mutual information between an input and the output of a deep neural network encoder. Importantly, we show that structure matters: incorporating knowledge about locality in the input into the objective can significantly improve a representation's suitability for downstream tasks. We further control characteristics of the representation by matching to a prior distribution adversarially. Our method, which we call Deep InfoMax (DIM), outperforms a number of popular unsupervised learning methods and compares favorably with fully-supervised learning on several classification tasks in with some standard architectures. DIM opens new avenues for unsupervised learning of representations and is an important step towards flexible formulations of representation learning objectives for specific end-goals.",None
https://openreview.net/forum?id=H1z-PsR5KX,Identifying and Controlling Important Neurons in Neural Machine Translation,neural machine translation; individual neurons; unsupervised; analysis; correlation; translation control; distributivity; localization,"Unsupervised methods for finding, analyzing, and controlling important neurons in NMT","Neural machine translation (NMT) models learn representations containing substantial linguistic information. However, it is not clear if such information is fully distributed or if some of it can be attributed to individual neurons. We develop unsupervised methods for discovering important neurons in NMT models. Our methods rely on the intuition that different models learn similar properties, and do not require any costly external supervision. We show experimentally that translation quality depends on the discovered neurons, and find that many of them capture common linguistic phenomena. Finally, we show how to control NMT translations in predictable ways, by modifying activations of individual neurons.",None
https://openreview.net/forum?id=BygqBiRcFQ,Diffusion Scattering Transforms on Graphs,graph neural networks; deep learning; stability; scattering transforms; convolutional neural networks,Stability of scattering transform representations of graph data to deformations of the underlying graph support.,"Stability is a key aspect of data analysis. In many applications, the natural notion of stability is geometric, as illustrated for example in computer vision. Scattering transforms construct deep convolutional representations which are certified stable to input deformations. This stability to deformations can be interpreted as stability with respect to changes in the metric structure of the domain. 

In this work, we show that scattering transforms can be generalized to non-Euclidean domains using diffusion wavelets, while preserving a notion of stability with respect to metric changes in the domain, measured with diffusion maps. The resulting representation is stable to metric perturbations of the domain while being able to capture ''high-frequency'' information, akin to the Euclidean Scattering.",None
https://openreview.net/forum?id=SJxu5iR9KQ,Learning to Schedule Communication in Multi-agent Reinforcement Learning,Multi agent reinforcement learning; deep reinforcement learning; Communication,None,"Many real-world reinforcement learning tasks require multiple agents to make sequential decisions under the agents’ interaction, where well-coordinated actions among the agents are crucial to achieve the target goal better at these tasks. One way to accelerate the coordination effect is to enable multiple agents to communicate with each other in a distributed manner and behave as a group. In this paper, we study a practical scenario when (i) the communication bandwidth is limited and (ii) the agents share the communication medium so that only a restricted number of agents are able to simultaneously use the medium, as in the state-of-the-art wireless networking standards. This calls for a certain form of communication scheduling. In that regard, we propose a multi-agent deep reinforcement learning framework, called SchedNet, in which agents learn how to schedule themselves, how to encode the messages, and how to select actions based on received messages. SchedNet is capable of deciding which agents should be entitled to broadcasting their (encoded) messages, by learning the importance of each agent’s partially observed information. We evaluate SchedNet against multiple baselines under two different applications, namely, cooperative communication and navigation, and predator-prey. Our experiments show a non-negligible performance gap between SchedNet and other mechanisms such as the ones without communication and with vanilla scheduling methods, e.g., round robin, ranging from 32% to 43%.",None
https://openreview.net/forum?id=SygvZ209F7,Biologically-Plausible Learning Algorithms Can Scale to Large Datasets,biologically plausible learning algorithm; ImageNet; sign-symmetry; feedback alignment,"Biologically plausible learning algorithms, particularly sign-symmetry, work well on ImageNet","The backpropagation (BP) algorithm is often thought to be biologically implausible in the brain. One of the main reasons is that BP requires symmetric weight matrices in the feedforward and feedback pathways. To address this “weight transport problem” (Grossberg, 1987), two biologically-plausible algorithms, proposed by Liao et al. (2016) and Lillicrap et al. (2016), relax BP’s weight symmetry requirements and demonstrate comparable learning capabilities to that of BP on small datasets. However, a recent study by Bartunov et al. (2018) finds that although feedback alignment (FA) and some variants of target-propagation (TP) perform well on MNIST and CIFAR, they perform significantly worse than BP on ImageNet. Here, we additionally evaluate the sign-symmetry (SS) algorithm (Liao et al., 2016), which differs from both BP and FA in that the feedback and feedforward weights do not share magnitudes but share signs. We examined the performance of sign-symmetry and feedback alignment on ImageNet and MS COCO datasets using different network architectures (ResNet-18 and AlexNet for ImageNet; RetinaNet for MS COCO). Surprisingly, networks trained with sign-symmetry can attain classification performance approaching that of BP-trained networks. These results complement the study by Bartunov et al. (2018) and establish a new benchmark for future biologically-plausible learning algorithms on more difficult datasets and more complex architectures.",None
https://openreview.net/forum?id=rJgMlhRctm,"The Neuro-Symbolic Concept Learner: Interpreting Scenes, Words, and Sentences From Natural Supervision",Neuro-Symbolic Representations; Concept Learning; Visual Reasoning,"We propose the Neuro-Symbolic Concept Learner (NS-CL), a model that learns visual concepts, words, and semantic parsing of sentences without explicit supervision on any of them.","We propose the Neuro-Symbolic Concept Learner (NS-CL), a model that learns visual concepts, words, and semantic parsing of sentences without explicit supervision on any of them; instead, our model learns by simply looking at images and reading paired questions and answers. Our model builds an object-based scene representation and translates sentences into executable, symbolic programs. To bridge the learning of two modules, we use a neuro-symbolic reasoning module that executes these programs on the latent scene representation. Analogical to human concept learning, the perception module learns visual concepts based on the language description of the object being referred to. Meanwhile, the learned visual concepts facilitate learning new words and parsing new sentences. We use curriculum learning to guide the searching over the large compositional space of images and language. Extensive experiments demonstrate the accuracy and efficiency of our model on learning visual concepts, word representations, and semantic parsing of sentences. Further, our method allows easy generalization to new object attributes, compositions, language concepts, scenes and questions, and even new program domains. It also empowers applications including visual question answering and bidirectional image-text retrieval.",None
https://openreview.net/forum?id=B1e0X3C9tQ,Diagnosing and Enhancing VAE Models,variational autoencoder; generative models,We closely analyze the VAE objective function and draw novel conclusions that lead to simple enhancements.,"Although variational autoencoders (VAEs) represent a widely influential deep generative model, many aspects of the underlying energy function remain poorly understood.  In particular, it is commonly believed that Gaussian encoder/decoder assumptions reduce the effectiveness of VAEs in generating realistic samples.  In this regard, we rigorously analyze the VAE objective, differentiating situations where this belief is and is not actually true.  We then leverage the corresponding insights to develop a simple VAE enhancement that requires no additional hyperparameters or sensitive tuning.  Quantitatively, this proposal produces crisp samples and stable FID scores that are actually competitive with a variety of GAN models, all while retaining desirable attributes of the original VAE architecture. The code for our model is available at \url{https://github.com/daib13/TwoStageVAE}.",None
https://openreview.net/forum?id=HyGIdiRqtm,Evaluating Robustness of Neural Networks with Mixed Integer Programming,verification; adversarial robustness; adversarial examples; deep learning,"We efficiently verify the robustness of deep neural models with over 100,000 ReLUs, certifying more samples than the state-of-the-art and finding more adversarial examples than a strong first-order attack.","Neural networks trained only to optimize for training accuracy can often be fooled by adversarial examples --- slightly perturbed inputs misclassified with high confidence. Verification of networks enables us to gauge their vulnerability to such adversarial examples. We formulate verification of piecewise-linear neural networks as a mixed integer program. On a representative task of finding minimum adversarial distortions, our verifier is two to three orders of magnitude quicker than the state-of-the-art. We achieve this computational speedup via tight formulations for non-linearities, as well as a novel presolve algorithm that makes full use of all information available. The computational speedup allows us to verify properties on convolutional and residual networks with over 100,000 ReLUs --- several orders of magnitude more than networks previously verified by any complete verifier. In particular, we determine for the first time the exact adversarial accuracy of an MNIST classifier to perturbations with bounded l-∞ norm ε=0.1: for this classifier, we find an adversarial example for 4.38% of samples, and a certificate of robustness to norm-bounded perturbations for the remainder. Across all robust training procedures and network architectures considered, and for both the MNIST and CIFAR-10 datasets, we are able to certify more samples than the state-of-the-art and find more adversarial examples than a strong first-order attack.",None
https://openreview.net/forum?id=HklY120cYm,ClariNet: Parallel Wave Generation in End-to-End Text-to-Speech,text-to-speech; deep generative models; end-to-end training; text to waveform,None,"In this work, we propose a new solution for parallel wave generation by WaveNet.  In contrast to parallel WaveNet (van Oord et al., 2018), we distill a Gaussian inverse autoregressive flow from the autoregressive WaveNet by minimizing a regularized KL divergence between their highly-peaked output distributions. Our method computes the KL divergence in closed-form, which simplifies the training algorithm and provides very efficient distillation. In addition, we introduce the first text-to-wave neural architecture for speech synthesis, which is fully convolutional and enables fast end-to-end training from scratch. It significantly outperforms the previous pipeline that connects a text-to-spectrogram model to a separately trained WaveNet (Ping et al., 2018). We also successfully distill a parallel waveform synthesizer conditioned on the hidden representation in this end-to-end model.",None
https://openreview.net/forum?id=r1lyTjAqYX,Recurrent Experience Replay in Distributed Reinforcement Learning,RNN; LSTM; experience replay; distributed training; reinforcement learning,Investigation on combining recurrent neural networks and experience replay leading to state-of-the-art agent on both Atari-57 and DMLab-30 using single set of hyper-parameters.,"Building on the recent successes of distributed training of RL agents, in this paper we investigate the training of RNN-based RL agents from distributed prioritized experience replay. We study the effects of parameter lag resulting in representational drift and recurrent state staleness and empirically derive an improved training strategy. Using a single network architecture and fixed set of hyper-parameters, the resulting agent, Recurrent Replay Distributed DQN, quadruples the previous state of the art on Atari-57, and matches the state of the art on DMLab-30. It is the first agent to exceed human-level performance in 52 of the 57 Atari games.",None
https://openreview.net/forum?id=B1xWcj0qYm,On the Minimal Supervision for Training Any Binary Classifier from Only Unlabeled Data,learning from only unlabeled data; empirical risk minimization; unbiased risk estimator,"Three class priors are all you need to train deep models from only U data, while any two should not be enough.","Empirical risk minimization (ERM), with proper loss function and regularization, is the common practice of supervised classification. In this paper, we study training arbitrary (from linear to deep) binary classifier from only unlabeled (U) data by ERM. We prove that it is impossible to estimate the risk of an arbitrary binary classifier in an unbiased manner given a single set of U data, but it becomes possible given two sets of U data with different class priors. These two facts answer a fundamental question---what the minimal supervision is for training any binary classifier from only U data. Following these findings, we propose an ERM-based learning method from two sets of U data, and then prove it is consistent. Experiments demonstrate the proposed method could train deep models and outperform state-of-the-art methods for learning from two sets of U data.",None
https://openreview.net/forum?id=rke_YiRct7,Small nonlinearities in activation functions create bad local minima in neural networks,spurious local minima; loss surface; optimization landscape; neural network,"We constructively prove that even the slightest nonlinear activation functions introduce spurious local minima, for general datasets and activation functions.","We investigate the loss surface of neural networks. We prove that even for one-hidden-layer networks with ""slightest"" nonlinearity, the empirical risks have spurious local minima in most cases. Our results thus indicate that in general ""no spurious local minim"" is a property limited to deep linear networks, and insights obtained from linear networks may not be robust. Specifically, for ReLU(-like) networks we constructively prove that for almost all practical datasets there exist infinitely many local minima. We also present a counterexample for more general activations (sigmoid, tanh, arctan, ReLU, etc.), for which there exists a bad local minimum. Our results make the least restrictive assumptions relative to existing results on spurious local optima in neural networks. We complete our discussion by presenting a comprehensive characterization of global optimality for deep linear networks, which unifies other results on this topic.",None
https://openreview.net/forum?id=Hke20iA9Y7,Efficient Training on Very Large Corpora via Gramian Estimation,similarity learning; pairwise learning; matrix factorization; Gramian estimation; variance reduction; neural embedding models; recommender systems,"We develop efficient methods to train neural embedding models with a dot-product structure, by reformulating the objective function in terms of generalized Gram matrices, and maintaining estimates of those matrices.","We study the problem of learning similarity functions over very large corpora using neural network embedding models. These models are typically trained using SGD with random sampling of unobserved pairs, with a sample size that grows quadratically with the corpus size, making it expensive to scale.
We propose new efficient methods to train these models without having to sample unobserved pairs. Inspired by matrix factorization, our approach relies on adding a global quadratic penalty and expressing this term as the inner-product of two generalized Gramians. We show that the gradient of this term can be efficiently computed by maintaining estimates of the Gramians, and develop variance reduction schemes to improve the quality of the estimates. We conduct large-scale experiments that show a significant improvement both in training time and generalization performance compared to sampling methods.",None
https://openreview.net/forum?id=SygLehCqtm,Learning protein sequence embeddings using information from structure,sequence embedding; sequence alignment; RNN; LSTM; protein structure; amino acid sequence; contextual embeddings; transmembrane prediction,We present a method for learning protein sequence embedding models using structural information in the form of global structural similarity between proteins and within protein residue-residue contacts.,"Inferring the structural properties of a protein from its amino acid sequence is a challenging yet important problem in biology. Structures are not known for the vast majority of protein sequences, but structure is critical for understanding function. Existing approaches for detecting structural similarity between proteins from sequence are unable to recognize and exploit structural patterns when sequences have diverged too far, limiting our ability to transfer knowledge between structurally related proteins. We newly approach this problem through the lens of representation learning. We introduce a framework that maps any protein sequence to a sequence of vector embeddings --- one per amino acid position --- that encode structural information. We train bidirectional long short-term memory (LSTM) models on protein sequences with a two-part feedback mechanism that incorporates information from (i) global structural similarity between proteins and (ii) pairwise residue contact maps for individual proteins. To enable learning from structural similarity information, we define a novel similarity measure between arbitrary-length sequences of vector embeddings based on a soft symmetric alignment (SSA) between them. Our method is able to learn useful position-specific embeddings despite lacking direct observations of position-level correspondence between sequences. We show empirically that our multi-task framework outperforms other sequence-based methods and even a top-performing structure-based alignment method when predicting structural similarity, our goal. Finally, we demonstrate that our learned embeddings can be transferred to other protein sequence problems, improving the state-of-the-art in transmembrane domain prediction.",None
https://openreview.net/forum?id=SJx63jRqFm,Diversity is All You Need: Learning Skills without a Reward Function,reinforcement learning; unsupervised learning; skill discovery,"We propose an algorithm for learning useful skills without a reward function, and show how these skills can be used to solve downstream tasks.","Intelligent creatures can explore their environments and learn useful skills without supervision.
In this paper, we propose ``Diversity is All You Need''(DIAYN), a method for learning useful skills without a reward function. Our proposed method learns skills by maximizing an information theoretic objective using a maximum entropy policy. On a variety of simulated robotic tasks, we show that this simple objective results in the unsupervised emergence of diverse skills, such as walking and jumping. In a number of reinforcement learning benchmark environments, our method is able to learn a skill that solves the benchmark task despite never receiving the true task reward. We show how pretrained skills can provide a good parameter initialization for downstream tasks, and can be composed hierarchically to solve complex, sparse reward tasks. Our results suggest that unsupervised discovery of skills can serve as an effective pretraining mechanism for overcoming challenges of exploration and data efficiency in reinforcement learning.",None
https://openreview.net/forum?id=Hyg_X2C5FX,GAN Dissection: Visualizing and Understanding Generative Adversarial Networks,GANs; representation; interpretability; causality,"GAN representations are examined in detail, and sets of representation units are found that control the generation of semantic concepts in the output.","Generative Adversarial Networks (GANs) have recently achieved impressive results for many real-world applications, and many GAN variants have emerged with improvements in sample quality and training stability. However, visualization and understanding of GANs is largely missing. How does a GAN represent our visual world internally? What causes the artifacts in GAN results? How do architectural choices affect GAN learning? Answering such questions could enable us to develop new insights and better models.

In this work, we present an analytic framework to visualize and understand GANs at the unit-, object-, and scene-level. We first identify a group of interpretable units that are closely related to object concepts with a segmentation-based network dissection method. Then, we quantify the causal effect of interpretable units by measuring the ability of interventions to control objects in the output. Finally, we examine the contextual relationship between these units and their surrounding by inserting the discovered object concepts into new images. We show several practical applications enabled by our framework, from comparing internal representations across different layers, models, and datasets, to improving GANs by locating and removing artifact-causing units, to interactively manipulating objects in the scene. We provide open source interpretation tools to help peer researchers and practitioners better understand their GAN models.",None
https://openreview.net/forum?id=SJgNwi09Km,Learning Latent Superstructures in Variational Autoencoders for Deep Multidimensional Clustering,latent tree model; variational autoencoder; deep learning; latent variable model; bayesian network; structure learning; stepwise em; message passing; graphical model; multidimensional clustering; unsupervised learning,We investigate a variant of variational autoencoders where there is a superstructure of discrete latent variables on top of the latent features.,"We investigate a variant of variational autoencoders where there is a superstructure of discrete latent variables on top of the latent features. In general, our superstructure is a tree structure of multiple super latent variables and it is automatically learned from data. When there is only one latent variable in the superstructure, our model reduces to one that assumes the latent features to be generated from a Gaussian mixture model. We call our model the latent tree variational autoencoder (LTVAE). Whereas previous deep learning methods for clustering produce only one partition of data, LTVAE produces multiple partitions of data, each being given by one super latent variable. This is desirable because high dimensional data usually have many different natural facets and can be meaningfully partitioned in multiple ways.",None
https://openreview.net/forum?id=ryxwJhC9YX,InstaGAN: Instance-aware Image-to-Image Translation,Image-to-Image Translation; Generative Adversarial Networks,We propose a novel method to incorporate the set of instance attributes for image-to-image translation.,"Unsupervised image-to-image translation has gained considerable attention due to the recent impressive progress based on generative adversarial networks (GANs). However, previous methods often fail in challenging cases, in particular, when an image has multiple target instances and a translation task involves significant changes in shape, e.g., translating pants to skirts in fashion images. To tackle the issues, we propose a novel method, coined instance-aware GAN (InstaGAN), that incorporates the instance information (e.g., object segmentation masks) and improves multi-instance transfiguration. The proposed method translates both an image and the corresponding set of instance attributes while maintaining the permutation invariance property of the instances. To this end, we introduce a context preserving loss that encourages the network to learn the identity function outside of target instances. We also propose a sequential mini-batch inference/training technique that handles multiple instances with a limited GPU memory and enhances the network to generalize better for multiple instances. Our comparative evaluation demonstrates the effectiveness of the proposed method on different image datasets, in particular, in the aforementioned challenging cases. Code and results are available in https://github.com/sangwoomo/instagan",None
https://openreview.net/forum?id=r1xlvi0qYm,Learning to Remember More with Less Memorization,memory-augmented neural networks; writing optimization,None,"Memory-augmented neural networks consisting of a neural controller and an external memory have shown potentials in long-term sequential learning. Current RAM-like memory models maintain memory accessing every timesteps, thus they do not effectively leverage the short-term memory held in the controller. We hypothesize that this scheme of writing is suboptimal in memory utilization and introduces redundant computation. To validate our hypothesis, we derive a theoretical bound on the amount of information stored in a RAM-like system and formulate an optimization problem that maximizes the bound. The proposed solution dubbed Uniform Writing is proved to be optimal under the assumption of equal timestep contributions. To relax this assumption, we introduce modifications to the original solution, resulting in a solution termed Cached Uniform Writing. This method aims to balance between maximizing memorization and forgetting via overwriting mechanisms. Through an extensive set of experiments, we empirically demonstrate the advantages of our solutions over other recurrent architectures, claiming the state-of-the-arts in various sequential modeling tasks.",None
https://openreview.net/forum?id=BJemQ209FQ,Learning to Navigate the Web,navigating web pages; reinforcement learning; q learning; curriculum learning; meta training,"We train reinforcement learning policies using reward augmentation, curriculum learning, and meta-learning  to successfully navigate web pages.","Learning in environments with large state and action spaces, and sparse rewards, can hinder a Reinforcement Learning (RL) agent’s learning through trial-and-error. For instance, following natural language instructions on the Web (such as booking a flight ticket) leads to RL settings where input vocabulary and number of actionable elements on a page can grow very large. Even though recent approaches improve the success rate on relatively simple environments with the help of human demonstrations to guide the exploration, they still fail in environments where the set of possible instructions can reach millions. We approach the aforementioned problems from a different perspective and propose guided RL approaches that can generate unbounded amount of experience for an agent to learn from. Instead of learning from a complicated instruction with a large vocabulary, we decompose it into multiple sub-instructions and schedule a curriculum in which an agent is tasked with a gradually increasing subset of these relatively easier sub-instructions. In addition, when the expert demonstrations are not available, we propose a novel meta-learning framework that generates new instruction following tasks and trains the agent more effectively. We train DQN, deep reinforcement learning agent, with Q-value function approximated with a novel QWeb neural network architecture on these smaller, synthetic instructions. We evaluate the ability of our agent to generalize to new instructions onWorld of Bits benchmark, on forms with up to 100 elements, supporting 14 million possible instructions. The QWeb agent outperforms the baseline without using any human demonstration achieving 100% success rate on several difficult environments.",None
https://openreview.net/forum?id=Hyg1G2AqtQ,Variance Reduction for Reinforcement Learning in Input-Driven Environments,reinforcement learning; policy gradient; input-driven environments; variance reduction; baseline,"For environments dictated partially by external input processes, we derive an input-dependent baseline that provably reduces the variance for policy gradient methods and improves the policy performance in a wide range of RL tasks.","We consider reinforcement learning in input-driven environments, where an exogenous, stochastic input process affects the dynamics of the system. Input processes arise in many applications, including queuing systems, robotics control with disturbances, and object tracking. Since the state dynamics and rewards depend on the input process, the state alone provides limited information for the expected future returns. Therefore, policy gradient methods with standard state-dependent baselines suffer high variance during training. We derive a bias-free, input-dependent baseline to reduce this variance, and analytically show its benefits over state-dependent baselines. We then propose a meta-learning approach to overcome the complexity of learning a baseline that depends on a long sequence of inputs. Our experimental results show that across environments from queuing systems, computer networks, and MuJoCo robotic locomotion, input-dependent baselines consistently improve training stability and result in better eventual policies.",None
https://openreview.net/forum?id=H1goBoR9F7,Dynamic Sparse Graph for Efficient Deep Learning,Sparsity; compression; training; acceleration,We construct dynamic sparse graph via dimension-reduction search to reduce compute and memory cost in both DNN training and inference.,"We propose to execute deep neural networks (DNNs) with dynamic and sparse graph (DSG) structure for compressive memory and accelerative execution during both training and inference. The great success of DNNs motivates the pursuing of lightweight models for the deployment onto embedded devices. However, most of the previous studies optimize for inference while neglect training or even complicate it. Training is far more intractable, since (i) the neurons dominate the memory cost rather than the weights in inference; (ii) the dynamic activation makes previous sparse acceleration via one-off optimization on fixed weight invalid; (iii) batch normalization (BN) is critical for maintaining accuracy while its activation reorganization damages the sparsity. To address these issues, DSG activates only a small amount of neurons with high selectivity at each iteration via a dimensionreduction search and obtains the BN compatibility via a double-mask selection. Experiments show significant memory saving (1.7-4.5x) and operation reduction (2.3-4.4x) with little accuracy loss on various benchmarks.",None
https://openreview.net/forum?id=SkxXCi0qFX,ProMP: Proximal Meta-Policy Search,Meta-Reinforcement Learning; Meta-Learning; Reinforcement-Learning,A novel and theoretically grounded meta-reinforcement learning algorithm,"Credit assignment in Meta-reinforcement learning (Meta-RL) is still poorly understood. Existing methods either neglect credit assignment to pre-adaptation behavior or implement it naively. This leads to poor sample-efficiency during meta-training as well as ineffective task identification strategies.
This paper provides a theoretical analysis of credit assignment in gradient-based Meta-RL. Building on the gained insights we develop a novel meta-learning algorithm that overcomes both the issue of poor credit assignment and previous difficulties in estimating meta-policy gradients. By controlling the statistical distance of both pre-adaptation and adapted policies during meta-policy search, the proposed algorithm endows efficient and stable meta-learning. Our approach leads to superior pre-adaptation policy behavior and consistently outperforms previous Meta-RL algorithms in sample-efficiency, wall-clock time, and asymptotic performance.",None
https://openreview.net/forum?id=ryGs6iA5Km,How Powerful are Graph Neural Networks?,graph neural networks; theory; deep learning; representational power; graph isomorphism; deep multisets,We develop theoretical foundations for the expressive power of GNNs and design a provably most powerful GNN.,"Graph Neural Networks (GNNs) are an effective framework for representation learning of graphs. GNNs follow a neighborhood aggregation scheme, where the representation vector of a node is computed by recursively aggregating and transforming representation vectors of its neighboring nodes. Many GNN variants have been proposed and have achieved state-of-the-art results on both node and graph classification tasks. However, despite GNNs revolutionizing graph representation learning, there is limited understanding of their representational properties and limitations. Here, we present a theoretical framework for analyzing the expressive power of GNNs to capture different graph structures. Our results characterize the discriminative power of popular GNN variants, such as Graph Convolutional Networks and GraphSAGE, and show that they cannot learn to distinguish certain simple graph structures. We then develop a simple architecture that is provably the most expressive among the class of GNNs and is as powerful as the Weisfeiler-Lehman graph isomorphism test. We empirically validate our theoretical findings on a number of graph classification benchmarks, and demonstrate that our model achieves state-of-the-art performance.",None
https://openreview.net/forum?id=BkgPajAcY7,No Training Required: Exploring Random Encoders for Sentence Classification,sentence embeddings,None,"We explore various methods for computing sentence representations from pre-trained word embeddings without any training, i.e., using nothing but random parameterizations. Our aim is to put sentence embeddings on more solid footing by 1) looking at how much modern sentence embeddings gain over random methods---as it turns out, surprisingly little; and by 2) providing the field with more appropriate baselines going forward---which are, as it turns out, quite strong. We also make important observations about proper experimental protocol for sentence classification evaluation, together with recommendations for future research.",None
https://openreview.net/forum?id=BkedznAqKQ,LanczosNet: Multi-Scale Deep Graph Convolutional Networks,Lanczos Network; Graph Neural Networks; Deep Graph Convolutional Networks; Deep Learning on Graph Structured Data; QM8 Quantum Chemistry Benchmark,None,"We propose Lanczos network (LanczosNet) which uses the Lanczos algorithm to construct low rank approximations of the graph Laplacian for graph convolution.
Relying on the tridiagonal decomposition of the Lanczos algorithm, we not only efficiently exploit multi-scale information via fast approximated computation of matrix power but also design learnable spectral filters.
Being fully differentiable, LanczosNet facilitates both graph kernel learning as well as learning node embeddings. 
We show the connection between our LanczosNet and graph based manifold learning, especially diffusion maps.
We benchmark our model against $8$ recent deep graph networks on citation datasets and QM8 quantum chemistry dataset. 
Experimental results show that our model achieves the state-of-the-art performance in most tasks.",None
https://openreview.net/forum?id=SyzVb3CcFX,Time-Agnostic Prediction: Predicting Predictable Video Frames,visual prediction; subgoal generation; bottleneck states; time-agnostic,"In visual prediction tasks, letting your predictive model choose which times to predict does two things: (i) improves prediction quality, and (ii) leads to semantically coherent ""bottleneck state"" predictions, which are useful for planning.","Prediction is arguably one of the most basic functions of an intelligent system. In general, the problem of predicting events in the future or between two waypoints is exceedingly difficult. However, most phenomena naturally pass through relatively predictable bottlenecks---while we cannot predict the precise trajectory of a robot arm between being at rest and holding an object up, we can be certain that it must have picked the object up. To exploit this, we decouple visual prediction from a rigid notion of time. While conventional approaches predict frames at regularly spaced temporal intervals, our time-agnostic predictors (TAP) are not tied to specific times so that they may instead discover predictable ""bottleneck"" frames no matter when they occur. We evaluate our approach for future and intermediate frame prediction across three robotic manipulation tasks. Our predictions are not only of higher visual quality, but also correspond to coherent semantic subgoals in temporally extended tasks.",None
https://openreview.net/forum?id=rkxwShA9Ym,Label super-resolution networks,weakly supervised segmentation; land cover mapping; medical imaging,"Super-resolving coarse labels into pixel-level labels, applied to aerial imagery and medical scans.","We present a deep learning-based method for super-resolving coarse (low-resolution) labels assigned to groups of image pixels into pixel-level (high-resolution) labels, given the joint distribution between those low- and high-resolution labels. This method involves a novel loss function that minimizes the distance between a distribution determined by a set of model outputs and the corresponding distribution given by low-resolution labels over the same set of outputs. This setup does not require that the high-resolution classes match the low-resolution classes and can be used in high-resolution semantic segmentation tasks where high-resolution labeled data is not available. Furthermore, our proposed method is able to utilize both data with low-resolution labels and any available high-resolution labels, which we show improves performance compared to a network trained only with the same amount of high-resolution data.
We test our proposed algorithm in a challenging land cover mapping task to super-resolve labels at a 30m resolution to a separate set of labels at a 1m resolution. We compare our algorithm with models that are trained on high-resolution data and show that 1) we can achieve similar performance using only low-resolution data; and 2) we can achieve better performance when we incorporate a small amount of high-resolution data in our training. We also test our approach on a medical imaging problem, resolving low-resolution probability maps into high-resolution segmentation of lymphocytes with accuracy equal to that of fully supervised models.",None
https://openreview.net/forum?id=HyGEM3C9KQ,"Improving Differentiable Neural Computers Through Memory Masking, De-allocation, and Link Distribution Sharpness Control",rnn; dnc; memory augmented neural networks; mann,None,"The Differentiable Neural Computer (DNC) can learn algorithmic and question answering tasks. An analysis of its internal activation patterns reveals three problems: Most importantly, the lack of key-value separation makes the address distribution resulting from content-based look-up noisy and flat, since the value influences the score calculation, although only the key should. Second, DNC's de-allocation of memory results in aliasing, which is a problem for content-based look-up. Thirdly, chaining memory reads with the temporal linkage matrix exponentially degrades the quality of the address distribution. Our proposed fixes of these problems yield improved performance on arithmetic tasks, and also improve the mean error rate on the bAbI question answering dataset by 43%.",None
https://openreview.net/forum?id=BJzbG20cFQ,Towards Metamerism via Foveated Style Transfer,Metamerism; foveation; perception; style transfer; psychophysics,We introduce a novel feed-forward framework to generate visual metamers,"The problem of visual metamerism is defined as finding a family of perceptually
indistinguishable, yet physically different images. In this paper, we propose our
NeuroFovea metamer model, a foveated generative model that is based on a mixture
of peripheral representations and style transfer forward-pass algorithms. Our
gradient-descent free model is parametrized by a foveated VGG19 encoder-decoder
which allows us to encode images in high dimensional space and interpolate
between the content and texture information with adaptive instance normalization
anywhere in the visual field. Our contributions include: 1) A framework for
computing metamers that resembles a noisy communication system via a foveated
feed-forward encoder-decoder network – We observe that metamerism arises as a
byproduct of noisy perturbations that partially lie in the perceptual null space; 2)
A perceptual optimization scheme as a solution to the hyperparametric nature of
our metamer model that requires tuning of the image-texture tradeoff coefficients
everywhere in the visual field which are a consequence of internal noise; 3) An
ABX psychophysical evaluation of our metamers where we also find that the rate
of growth of the receptive fields in our model match V1 for reference metamers
and V2 between synthesized samples. Our model also renders metamers at roughly
a second, presenting a ×1000 speed-up compared to the previous work, which now
allows for tractable data-driven metamer experiments.",None
https://openreview.net/forum?id=Syx0Mh05YQ,Learning Grid Cells as Vector Representation of Self-Position Coupled with Matrix Representation of Self-Motion,None,None,"This paper proposes a representational model for grid cells. In this model, the 2D self-position of the agent is represented by a high-dimensional vector, and the 2D self-motion or displacement of the agent is represented by a matrix that transforms the vector. Each component of the vector is a unit or a cell. The model consists of the following three sub-models. (1) Vector-matrix multiplication. The movement from the current position to the next position is modeled by matrix-vector multi- plication, i.e., the vector of the next position is obtained by multiplying the matrix of the motion to the vector of the current position. (2) Magnified local isometry. The angle between two nearby vectors equals the Euclidean distance between the two corresponding positions multiplied by a magnifying factor. (3) Global adjacency kernel. The inner product between two vectors measures the adjacency between the two corresponding positions, which is defined by a kernel function of the Euclidean distance between the two positions. Our representational model has explicit algebra and geometry. It can learn hexagon patterns of grid cells, and it is capable of error correction, path integral and path planning.",None
https://openreview.net/forum?id=SyVU6s05K7,Deep Frank-Wolfe For Neural Network Optimization,optimization; conditional gradient; Frank-Wolfe; SVM,We train neural networks by locally linearizing them and using a linear SVM solver (Frank-Wolfe) at each iteration.,"Learning a deep neural network requires solving a challenging optimization problem: it is a high-dimensional, non-convex and non-smooth minimization problem with a large number of terms. The current practice in neural network optimization is to rely on the stochastic gradient descent (SGD) algorithm or its adaptive variants. However, SGD requires a hand-designed schedule for the learning rate. In addition, its adaptive variants tend to produce solutions that generalize less well on unseen data than SGD with a hand-designed schedule. We present an optimization method that offers empirically the best of both worlds: our algorithm yields good generalization performance while requiring only one hyper-parameter. Our approach is based on a composite proximal framework, which exploits the compositional nature of deep neural networks and can leverage powerful convex optimization algorithms by design. Specifically, we employ the Frank-Wolfe (FW) algorithm for SVM, which computes an optimal step-size in closed-form at each time-step. We further show that the descent direction is given by a simple backward pass in the network, yielding the same computational cost per iteration as SGD. We present experiments on the CIFAR and SNLI data sets, where we demonstrate the significant superiority of our method over Adam, Adagrad, as well as the recently proposed BPGrad and AMSGrad. Furthermore, we compare our algorithm to SGD with a hand-designed learning rate schedule, and show that it provides similar generalization while often converging faster. The code is publicly available at https://github.com/oval-group/dfw.",None
https://openreview.net/forum?id=ByMHvs0cFQ,Quaternion Recurrent Neural Networks,Quaternion recurrent neural networks; quaternion numbers; recurrent neural networks; speech recognition,None,"Recurrent neural networks (RNNs) are powerful architectures to model sequential data, due to their capability to learn short and long-term dependencies between the basic elements of a sequence. Nonetheless, popular tasks such as speech or images recognition, involve multi-dimensional input features that are characterized by strong internal dependencies between the dimensions of the input vector. We propose a novel quaternion recurrent neural network (QRNN), alongside with a quaternion long-short term memory neural network (QLSTM), that take into account both the external relations and these internal structural dependencies with the quaternion algebra. Similarly to capsules, quaternions allow the QRNN to code internal dependencies by composing and processing multidimensional features as single entities, while the recurrent operation reveals correlations between the elements composing the sequence. We show that both QRNN and QLSTM achieve better performances than RNN and LSTM in a realistic application of automatic speech recognition. Finally, we show that QRNN and QLSTM reduce by a maximum factor of 3.3x the number of free parameters needed, compared to real-valued RNNs and LSTMs to reach better results, leading to a more compact representation of the relevant information.",None
https://openreview.net/forum?id=rkl6As0cF7,Probabilistic Recursive Reasoning for Multi-Agent Reinforcement Learning,Multi-agent Reinforcement Learning; Recursive Reasoning,We proposed a novel probabilisitic recursive reasoning (PR2) framework for multi-agent deep reinforcement learning tasks.,"Humans are capable of attributing latent mental contents such as beliefs, or intentions to others. The social skill is critical in everyday life to reason about the potential consequences of their behaviors so as to plan ahead. It is known that humans use this reasoning ability recursively, i.e. considering what others believe about their own beliefs.  In this paper, we start  from level-$1$ recursion and introduce a probabilistic recursive reasoning (PR2) framework for multi-agent reinforcement learning. Our hypothesis is that it is beneficial for each agent to account for how the opponents would react to its future behaviors. Under the PR2 framework, we adopt variational Bayes methods to approximate the opponents' conditional policy, to which each agent finds the  best response and then improve their own policy. We develop  decentralized-training-decentralized-execution  algorithms, PR2-Q and PR2-Actor-Critic, that are proved to converge in the self-play scenario when there is one Nash equilibrium. Our methods are tested on both the matrix game and the differential game, which have a non-trivial equilibrium where common gradient-based methods fail to converge. Our experiments show that it is critical to reason about how the opponents believe about what the agent believes. We expect our work to contribute a new idea of modeling the opponents to the multi-agent reinforcement learning community.",None
https://openreview.net/forum?id=HygBZnRctX,Transferring Knowledge across Learning Processes,meta-learning; transfer learning,"We propose Leap, a framework that transfers knowledge across learning processes by  minimizing the expected distance the training process travels on a task's loss surface.","In complex transfer learning scenarios new tasks might not be tightly linked to previous tasks. Approaches that transfer information contained only in the final parameters of a source model will therefore struggle. Instead, transfer learning at at higher level of abstraction is needed. We propose Leap, a framework that achieves this by transferring knowledge across learning processes. We associate each task with a manifold on which the training process travels from initialization to final parameters and construct a meta-learning objective that minimizes the expected length of this path. Our framework leverages only information obtained during training and can be computed on the fly at negligible cost. We demonstrate that our framework outperforms competing methods, both in meta-learning and transfer learning, on a set of computer vision tasks. Finally, we demonstrate that Leap can transfer knowledge across learning processes in demanding reinforcement learning environments (Atari) that involve millions of gradient steps.",None
https://openreview.net/forum?id=rJfW5oA5KQ,Approximability of Discriminators Implies Diversity in GANs,Theory; Generative adversarial networks; Mode collapse; Generalization,"GANs can in principle learn distributions sample-efficiently, if the discriminator class is compact and has strong distinguishing power against the particular generator class.","While Generative Adversarial Networks (GANs) have empirically produced impressive results on learning complex real-world distributions, recent works have shown that they suffer from lack of diversity or mode collapse. The theoretical work of Arora et al. (2017a) suggests a dilemma about GANs’ statistical properties: powerful discriminators cause overfitting, whereas weak discriminators cannot detect mode collapse.
By contrast, we show in this paper that GANs can in principle learn distributions in Wasserstein distance (or KL-divergence in many cases) with polynomial sample complexity, if the discriminator class has strong distinguishing power against the particular generator class (instead of against all possible generators). For various generator classes such as mixture of Gaussians, exponential families, and invertible and injective neural networks generators, we design corresponding discriminators (which are often neural nets of specific architectures) such that the Integral Probability Metric (IPM) induced by the discriminators can provably approximate the Wasserstein distance and/or KL-divergence. This implies that if the training is successful, then the learned distribution is close to the true distribution in Wasserstein distance or KL divergence, and thus cannot drop modes. Our preliminary experiments show that on synthetic datasets the test IPM is well correlated with KL divergence or the Wasserstein distance, indicating that the lack of diversity in GANs may be caused by the sub-optimality in optimization instead of statistical inefficiency.",None
https://openreview.net/forum?id=HJflg30qKX,Gradient descent aligns the layers of deep linear networks,implicit regularization; alignment of layers; deep linear networks; gradient descent; separable data,None,"This paper establishes risk convergence and asymptotic weight matrix alignment --- a form of implicit regularization --- of gradient flow and gradient descent when applied to deep linear networks on linearly separable data. In more detail, for gradient flow applied to strictly decreasing loss functions (with similar results for gradient descent with particular decreasing step sizes):
(i) the risk converges to 0;
(ii) the normalized i-th weight matrix asymptotically equals its rank-1 approximation u_iv_i^T;
(iii) these rank-1 matrices are aligned across layers, meaning |v_{i+1}^T u_i| -> 1.
In the case of the logistic loss (binary cross entropy), more can be said: the linear function induced by the network --- the product of its weight matrices --- converges to the same direction as the maximum margin solution. This last property was identified in prior work, but only under assumptions on gradient descent which here are implied by the alignment phenomenon.",None
https://openreview.net/forum?id=HyNA5iRcFQ,Detecting Egregious Responses in Neural Sequence-to-sequence Models,Deep Learning; Natural Language Processing; Adversarial Attacks; Dialogue Response Generation,This paper aims to provide an empirical answer to the question of whether well-trained dialogue response model can output malicious responses.,"In this work, we attempt to answer a critical question: whether there exists some input sequence that will cause a well-trained discrete-space neural network sequence-to-sequence (seq2seq)  model to generate egregious outputs (aggressive, malicious, attacking, etc.). And if such inputs exist, how to find them efficiently. We adopt an empirical methodology, in which we first create lists of egregious output sequences, and then design a discrete optimization algorithm to find input sequences that will cause the model to generate them. Moreover, the optimization algorithm is enhanced for large vocabulary search and constrained to search for input sequences that are likely to be input by real-world users. In our experiments, we apply this approach to  dialogue response generation models trained on three real-world dialogue data-sets: Ubuntu, Switchboard and OpenSubtitles, testing whether the model can generate malicious responses. We demonstrate that given the trigger inputs our algorithm finds, a significant number of malicious sentences are assigned large probability by the model, which reveals an undesirable consequence of standard seq2seq training.",None
https://openreview.net/forum?id=SJeXSo09FQ,Learning Localized Generative Models for 3D Point Clouds via Graph Convolution,GAN; graph convolution; point clouds,A GAN using graph convolution operations with dynamically computed graphs from hidden features,"Point clouds are an important type of geometric data and have widespread use in computer graphics and vision. However, learning representations for point clouds is particularly challenging due to their nature as being an unordered collection of points irregularly distributed in 3D space. Graph convolution, a generalization of the convolution operation for data defined over graphs, has been recently shown to be very successful at extracting localized features from point clouds in supervised or semi-supervised tasks such as classification or segmentation. This paper studies the unsupervised problem of a generative model exploiting graph convolution. We focus on the generator of a GAN and define methods for graph convolution when the graph is not known in advance as it is the very output of the generator. The proposed architecture learns to generate localized features that approximate graph embeddings of the output geometry. We also study the problem of defining an upsampling layer in the graph-convolutional generator, such that it learns to exploit a self-similarity prior on the data distribution to sample more effectively.",None
https://openreview.net/forum?id=BkMiWhR5K7,Prior Convictions: Black-box Adversarial Attacks with Bandits and Priors,adversarial examples; gradient estimation; black-box attacks; model-based optimization; bandit optimization,"We present a unifying view on black-box adversarial attacks as a gradient estimation problem, and then present a framework (based on bandits optimization) to integrate priors into gradient estimation, leading to significantly increased performance.","We study the problem of generating adversarial examples in a black-box setting in which only loss-oracle access to a model is available. We introduce a framework that conceptually unifies much of the existing work on black-box attacks, and demonstrate that the current state-of-the-art methods are optimal in a natural sense. Despite this optimality, we show how to improve black-box attacks by bringing a new element into the problem: gradient priors. We give a bandit optimization-based algorithm that allows us to seamlessly integrate any such priors, and we explicitly identify and incorporate two examples. The resulting methods use two to four times fewer queries and fail two to five times less than the current state-of-the-art. The code for reproducing our work is available at https://git.io/fAjOJ.",None
https://openreview.net/forum?id=HkxStoC5F7,Meta-Learning Probabilistic Inference for Prediction,probabilistic models; approximate inference; few-shot learning; meta-learning,Novel framework for meta-learning that unifies and extends a broad class of existing few-shot learning methods. Achieves strong performance on few-shot learning benchmarks without requiring iterative test-time inference.,"This paper introduces a new framework for data efficient and versatile learning. Specifically:
1) We develop ML-PIP, a general framework for Meta-Learning approximate Probabilistic Inference for Prediction. ML-PIP extends existing probabilistic interpretations of meta-learning to cover a broad class of methods. 
2) We introduce \Versa{}, an instance of the framework employing a flexible and versatile amortization network that takes few-shot learning datasets as inputs, with arbitrary numbers of shots, and outputs a distribution over task-specific parameters in a single forward pass. \Versa{} substitutes optimization at test time with forward passes through inference networks, amortizing the cost of inference and relieving the need for second derivatives during training.
3) We evaluate \Versa{} on benchmark datasets where the method sets new state-of-the-art results, and can handle arbitrary number of shots, and for classification, arbitrary numbers of classes at train and test time. The power of the approach is then demonstrated through a challenging few-shot ShapeNet view reconstruction task.",None
https://openreview.net/forum?id=SkeK3s0qKQ,Episodic Curiosity through Reachability,deep learning; reinforcement learning; curiosity; exploration; episodic memory,"We propose a novel model of curiosity based on episodic memory and the ideas of reachability which allows us to overcome the known ""couch-potato"" issues of prior work.","Rewards are sparse in the real world and most of today's reinforcement learning algorithms struggle with such sparsity. One solution to this problem is to allow the agent to create rewards for itself - thus making rewards dense and more suitable for learning. In particular, inspired by curious behaviour in animals, observing something novel could be rewarded with a bonus. Such bonus is summed up with the real task reward - making it possible for RL algorithms to learn from the combined reward. We propose a new curiosity method which uses episodic memory to form the novelty bonus. To determine the bonus, the current observation is compared with the observations in memory. Crucially, the comparison is done based on how many environment steps it takes to reach the current observation from those in memory - which incorporates rich information about environment dynamics. This allows us to overcome the known ""couch-potato"" issues of prior work - when the agent finds a way to instantly gratify itself by exploiting actions which lead to hardly predictable consequences. We test our approach in visually rich 3D environments in ViZDoom, DMLab and MuJoCo. In navigational tasks from ViZDoom and DMLab, our agent outperforms the state-of-the-art curiosity method ICM. In MuJoCo, an ant equipped with our curiosity module learns locomotion out of the first-person-view curiosity only. The code is available at https://github.com/google-research/episodic-curiosity/.",None
https://openreview.net/forum?id=rygjcsR9Y7,SOM-VAE: Interpretable Discrete Representation Learning on Time Series,deep learning; self-organizing map; variational autoencoder; representation learning; time series; machine learning; interpretability,"We present a method to learn interpretable representations on time series using ideas from variational autoencoders, self-organizing maps and probabilistic models.","High-dimensional time series are common in many domains. Since human cognition is not optimized to work well in high-dimensional spaces, these areas could benefit from interpretable low-dimensional representations. However, most representation learning algorithms for time series data are difficult to interpret. This is due to non-intuitive mappings from data features to salient properties of the representation and non-smoothness over time.
To address this problem, we propose a new representation learning framework building on ideas from interpretable discrete dimensionality reduction and deep generative modeling. This framework allows us to learn discrete representations of time series, which give rise to smooth and interpretable embeddings with superior clustering performance. We introduce a new way to overcome the non-differentiability in discrete representation learning and present a gradient-based version of the traditional self-organizing map algorithm that is more performant than the original. Furthermore, to allow for a probabilistic interpretation of our method, we integrate a Markov model in the representation space.
This model uncovers the temporal transition structure, improves clustering performance even further and provides additional explanatory insights as well as a natural representation of uncertainty.
We evaluate our model in terms of clustering performance and interpretability on static (Fashion-)MNIST data, a time series of linearly interpolated (Fashion-)MNIST images, a chaotic Lorenz attractor system with two macro states, as well as on a challenging real world medical time series application on the eICU data set. Our learned representations compare favorably with competitor methods and facilitate downstream tasks on the real world data.",None
https://openreview.net/forum?id=rJNH6sAqY7,On Computation and Generalization of Generative Adversarial Networks under Spectrum Control,None,None,"Generative Adversarial Networks (GANs), though powerful, is hard to train. Several recent works (Brock et al., 2016; Miyato et al., 2018) suggest that controlling the spectra of weight matrices in the discriminator can significantly improve the training of GANs. Motivated by their discovery, we propose a new framework for training GANs, which allows more flexible spectrum control (e.g., making the weight matrices of the discriminator have slow singular value decays). Specifically, we propose a new reparameterization approach for the weight matrices of the discriminator in GANs, which allows us to directly manipulate the spectra of the weight matrices through various regularizers and constraints, without intensively computing singular value decompositions. Theoretically, we further show that the spectrum control improves the generalization ability of GANs. Our experiments on CIFAR-10, STL-10, and ImgaeNet datasets confirm that compared to other competitors, our proposed method is capable of generating images with better or equal quality by utilizing spectral normalization and encouraging the slow singular value decay.",None
https://openreview.net/forum?id=ryxhB3CcK7,Probabilistic Neural-Symbolic Models for Interpretable Visual Question Answering,Neural-symbolic models; visual question answering; reasoning; interpretability; graphical models; variational inference,"A probabilistic neural symbolic model with a latent program space, for more interpretable question answering","We propose a new class of probabilistic neural-symbolic models for visual question answering (VQA) that provide interpretable explanations of their decision making in the form of programs, given a small annotated set of human programs. The key idea of our approach is to learn a rich latent space which effectively propagates program annotations from known questions to novel questions. We do this by formalizing prior work on VQA, called module networks (Andreas, 2016) as discrete, structured, latent variable models on the joint distribution over questions and answers given images, and devise a procedure to train the model effectively. Our results on a dataset of compositional questions about SHAPES (Andreas, 2016) show that our model generates more interpretable programs and obtains better accuracy on VQA in the low-data regime than prior work.",None
https://openreview.net/forum?id=SJgsCjCqt7,Variational Autoencoders with Jointly Optimized Latent Dependency Structure,deep generative models; structure learning,We propose a method for learning latent dependency structure in variational autoencoders.,"We propose a method for learning the dependency structure between latent variables in deep latent variable models.  Our general modeling and inference framework combines the complementary strengths of deep generative models and probabilistic graphical models. In particular, we express the latent variable space of a variational autoencoder (VAE) in terms of a Bayesian network with a learned, flexible dependency structure.  The network parameters, variational parameters as well as the latent topology are optimized simultaneously with a single objective.  Inference is formulated via a sampling procedure that produces expectations over latent variable structures and incorporates top-down and bottom-up reasoning over latent variable values.  We validate our framework in extensive experiments on MNIST, Omniglot, and CIFAR-10. Comparisons to state-of-the-art structured variational autoencoder baselines show improvements in terms of the expressiveness of the learned model.",None
https://openreview.net/forum?id=BJeOioA9Y7,Knowledge Flow: Improve Upon Your Teachers,Transfer Learning; Reinforcement Learning,‘Knowledge Flow’ trains a deep net (student) by injecting information from multiple nets (teachers). The student is independent upon training and performs very well on learned tasks irrespective of the setting (reinforcement or supervised learning).,"A zoo of deep nets is available these days for almost any given task, and it is increasingly unclear which net to start with when addressing a new task, or which net to use as an initialization for fine-tuning a new model. To address this issue, in this paper, we develop knowledge flow which moves ‘knowledge’ from multiple deep nets, referred to as teachers, to a new deep net model, called the student. The structure of the teachers and the student can differ arbitrarily and they can be trained on entirely different tasks with different output spaces too. Upon training with knowledge flow the student is independent of the teachers. We demonstrate our approach on a variety of supervised and reinforcement learning tasks, outperforming fine-tuning and other ‘knowledge exchange’ methods.",None
https://openreview.net/forum?id=Hyx6Bi0qYm,Adversarial Domain Adaptation for Stable Brain-Machine Interfaces,Brain-Machine Interfaces; Domain Adaptation; Adversarial Networks,We implement an adversarial domain adaptation network to stabilize a fixed Brain-Machine Interface against gradual changes in the recorded neural signals.,"Brain-Machine Interfaces (BMIs) have recently emerged as a clinically viable option
to restore voluntary movements after paralysis. These devices are based on the
ability to extract information about movement intent from neural signals recorded
using multi-electrode arrays chronically implanted in the motor cortices of the
brain. However, the inherent loss and turnover of recorded neurons requires repeated
recalibrations of the interface, which can potentially alter the day-to-day
user experience. The resulting need for continued user adaptation interferes with
the natural, subconscious use of the BMI. Here, we introduce a new computational
approach that decodes movement intent from a low-dimensional latent representation
of the neural data. We implement various domain adaptation methods
to stabilize the interface over significantly long times. This includes Canonical
Correlation Analysis used to align the latent variables across days; this method
requires prior point-to-point correspondence of the time series across domains.
Alternatively, we match the empirical probability distributions of the latent variables
across days through the minimization of their Kullback-Leibler divergence.
These two methods provide a significant and comparable improvement in the performance
of the interface. However, implementation of an Adversarial Domain
Adaptation Network trained to match the empirical probability distribution of the
residuals of the reconstructed neural signals outperforms the two methods based
on latent variables, while requiring remarkably few data points to solve the domain
adaptation problem.",None
https://openreview.net/forum?id=rkeSiiA5Fm,Deep Learning 3D Shapes Using Alt-az Anisotropic 2-Sphere Convolution,Spherical Convolution; Geometric deep learning; 3D shape analysis,A method for applying deep learning to 3D surfaces using their spherical descriptors and alt-az anisotropic convolution on 2-sphere.,"The ground-breaking performance obtained by deep convolutional neural networks (CNNs) for image processing tasks is inspiring research efforts attempting to extend it for 3D geometric tasks. One of the main challenge in applying CNNs to 3D shape analysis is how to define a natural convolution operator on non-euclidean surfaces. In this paper, we present a method for applying deep learning to 3D surfaces using their spherical descriptors and alt-az anisotropic convolution on 2-sphere. A cascade set of geodesic disk filters rotate on the 2-sphere and collect spherical patterns and so to extract geometric features for various 3D shape analysis tasks. We demonstrate theoretically and experimentally that our proposed method has the possibility to bridge the gap between 2D images and 3D shapes with the desired rotation equivariance/invariance, and its effectiveness is evaluated in applications of non-rigid/ rigid shape classification and shape retrieval.",None
https://openreview.net/forum?id=SyGjjsC5tQ,Stable Opponent Shaping in Differentiable Games,multi-agent learning; multiple interacting losses; opponent shaping; exploitation; convergence,Opponent shaping is a powerful approach to multi-agent learning but can prevent convergence; our SOS algorithm fixes this with strong guarantees in all differentiable games.,"A growing number of learning methods are actually differentiable games whose players optimise multiple, interdependent objectives in parallel – from GANs and intrinsic curiosity to multi-agent RL. Opponent shaping is a powerful approach to improve learning dynamics in these games, accounting for player influence on others’ updates. Learning with Opponent-Learning Awareness (LOLA) is a recent algorithm that exploits this response and leads to cooperation in settings like the Iterated Prisoner’s Dilemma. Although experimentally successful, we show that LOLA agents can exhibit ‘arrogant’ behaviour directly at odds with convergence. In fact, remarkably few algorithms have theoretical guarantees applying across all (n-player, non-convex) games. In this paper we present Stable Opponent Shaping (SOS), a new method that interpolates between LOLA and a stable variant named LookAhead. We prove that LookAhead converges locally to equilibria and avoids strict saddles in all differentiable games. SOS inherits these essential guarantees, while also shaping the learning of opponents and consistently either matching or outperforming LOLA experimentally.",None
https://openreview.net/forum?id=Hke-JhA9Y7,Learning concise representations for regression by evolving networks of trees,regression; stochastic optimization; evolutionary compution; feature engineering,Representing the network architecture as a set of syntax trees and optimizing their structure leads to accurate and concise regression models.,"We propose and study a method for learning interpretable representations for the task of regression. Features are represented as networks of multi-type expression trees comprised of activation functions common in neural networks in addition to other elementary functions. Differentiable features are trained via gradient descent, and the performance of features in a linear model is used to weight the rate of change among subcomponents of each representation. The search process maintains an archive of representations with accuracy-complexity trade-offs to assist in generalization and interpretation. We compare several stochastic optimization approaches within this framework. We benchmark these variants on 100 open-source regression problems in comparison to state-of-the-art machine learning approaches. Our main finding is that this approach produces the highest average test scores across problems while producing representations that are orders of magnitude smaller than the next best performing method (gradient boosting). We also report a negative result in which attempts to directly optimize the disentanglement of the representation result in more highly correlated features.",None
https://openreview.net/forum?id=S1eYHoC5FX,DARTS: Differentiable Architecture Search,deep learning; autoML; neural architecture search; image classification; language modeling,"We propose a differentiable architecture search algorithm for both convolutional and recurrent networks, achieving competitive performance with the state of the art using orders of magnitude less computation resources.","This paper addresses the scalability challenge of architecture search by formulating the task in a differentiable manner. Unlike conventional approaches of applying evolution or reinforcement learning over a discrete and non-differentiable search space, our method is based on the continuous relaxation of the architecture representation, allowing efficient search of the architecture using gradient descent. Extensive experiments on CIFAR-10, ImageNet, Penn Treebank and WikiText-2 show that our algorithm excels in discovering high-performance convolutional architectures for image classification and recurrent architectures for language modeling, while being orders of magnitude faster than state-of-the-art non-differentiable techniques.",None
https://openreview.net/forum?id=H1eSS3CcKX,Stochastic Optimization of Sorting Networks via Continuous Relaxations,continuous relaxations; sorting; permutation; stochastic computation graphs; Plackett-Luce,"We provide a continuous relaxation to the sorting operator, enabling end-to-end, gradient-based stochastic optimization.","Sorting input objects is an important step in many machine learning pipelines. However, the sorting operator is non-differentiable with respect to its inputs, which prohibits end-to-end gradient-based optimization. In this work, we propose NeuralSort, a general-purpose continuous relaxation of the output of the sorting operator from permutation matrices to the set of unimodal row-stochastic matrices, where every row sums to one and has a distinct argmax. This relaxation permits straight-through optimization of any computational graph involve a sorting operation. Further, we use this relaxation to enable gradient-based stochastic optimization over the combinatorially large space of permutations by deriving a reparameterized gradient estimator for the Plackett-Luce family of distributions over permutations. We demonstrate the usefulness of our framework on three tasks that require learning semantic orderings of high-dimensional objects, including a fully differentiable, parameterized extension of the k-nearest neighbors algorithm",None
https://openreview.net/forum?id=SkxXg2C5FX,"Don't Settle for Average, Go for the Max: Fuzzy Sets and Max-Pooled Word Vectors",word vectors; sentence representations; distributed representations; fuzzy sets; bag-of-words; unsupervised learning; word vector compositionality; max-pooling; Jaccard index,Max-pooled word vectors with fuzzy Jaccard set similarity are an extremely competitive baseline for semantic similarity; we propose a simple dynamic variant that performs even better.,"Recent literature suggests that averaged word vectors followed by simple post-processing outperform many deep learning methods on semantic textual similarity tasks. Furthermore, when averaged word vectors are trained supervised on large corpora of paraphrases, they achieve state-of-the-art results on standard STS benchmarks. Inspired by these insights, we push the limits of word embeddings even further. We propose a novel fuzzy bag-of-words (FBoW) representation for text that contains all the words in the vocabulary simultaneously but with different degrees of membership, which are derived from similarities between word vectors. We show that max-pooled word vectors are only a special case of fuzzy BoW and should be compared via fuzzy Jaccard index rather than cosine similarity. Finally, we propose DynaMax, a completely unsupervised and non-parametric similarity measure that dynamically extracts and max-pools good features depending on the sentence pair. This method is both efficient and easy to implement, yet outperforms current baselines on STS tasks by a large margin and is even competitive with supervised word vectors trained to directly optimise cosine similarity.",None
https://openreview.net/forum?id=B1xVTjCqKQ,A Data-Driven and Distributed Approach to Sparse Signal Representation and Recovery,Sparsity; Compressive Sensing; Convolutional Network,We use deep learning techniques to solve the sparse signal representation and recovery problem.,"In this paper, we focus on two challenges which offset the promise of sparse signal representation, sensing, and recovery. First, real-world signals can seldom be described as perfectly sparse vectors in a known basis, and traditionally used random measurement schemes are seldom optimal for sensing them. Second, existing signal recovery algorithms are usually not fast enough to make them applicable to real-time problems. In this paper, we address these two challenges by presenting a novel framework based on deep learning. For the first challenge, we cast the problem of finding informative measurements by using a maximum likelihood (ML) formulation and show how we can build a data-driven dimensionality reduction protocol for sensing signals using convolutional architectures. For the second challenge, we discuss and analyze a novel parallelization scheme and show it significantly speeds-up the signal recovery process. We demonstrate the significant improvement our method obtains over competing methods through a series of experiments.",None
https://openreview.net/forum?id=BJe-DsC5Fm,signSGD via Zeroth-Order Oracle,nonconvex optimization; zeroth-order algorithm; black-box adversarial attack,"We design and analyze a new zeroth-order stochastic optimization algorithm, ZO-signSGD, and demonstrate its connection and application to black-box adversarial attacks in robust deep learning","In this paper, we design and analyze a new zeroth-order (ZO) stochastic optimization algorithm, ZO-signSGD, which enjoys dual advantages of gradient-free operations and signSGD. The latter requires only the sign information of  gradient estimates but is able to achieve a comparable  or even better convergence speed than SGD-type algorithms. Our study  shows that ZO signSGD requires $\sqrt{d}$ times more iterations than signSGD, leading to a convergence rate of  $O(\sqrt{d}/\sqrt{T})$ under mild conditions, where $d$ is the number of optimization variables, and $T$ is the number of iterations. In addition, we analyze the effects of different types of gradient estimators on the convergence of ZO-signSGD, and propose two variants of ZO-signSGD that  at least  achieve $O(\sqrt{d}/\sqrt{T})$ convergence rate. On the application side we explore the connection between ZO-signSGD and  black-box adversarial attacks in robust deep learning.  Our empirical evaluations on image classification datasets MNIST and CIFAR-10 demonstrate the superior performance of ZO-signSGD on the generation of   adversarial examples from black-box neural networks.",None
https://openreview.net/forum?id=ryxxCiRqYX,Deep Layers as Stochastic Solvers,deep networks; optimization,A framework that links deep network layers to stochastic optimization algorithms; can be used to improve model accuracy and inform network design.,"We provide a novel perspective on the forward pass through a block of layers in a deep network. In particular, we show that a forward pass through a standard dropout layer followed by a linear layer and a non-linear activation is equivalent to optimizing a convex objective with a single iteration of a $\tau$-nice Proximal Stochastic Gradient method. We further show that replacing standard Bernoulli dropout with additive dropout is equivalent to optimizing the same convex objective with a variance-reduced proximal method. By expressing both fully-connected and convolutional layers as special cases of a high-order tensor product, we unify the underlying convex optimization problem in the tensor setting and derive a formula for the Lipschitz constant $L$ used to determine the optimal step size of the above proximal methods. We conduct experiments with standard convolutional networks applied to the CIFAR-10 and CIFAR-100 datasets and show that replacing a block of layers with multiple iterations of the corresponding solver, with step size set via $L$, consistently improves classification accuracy.",None
https://openreview.net/forum?id=ByeMB3Act7,Learning to Screen for Fast Softmax  Inference on Large Vocabulary Neural Networks,fast inference; softmax computation; natural language processing,None,"Neural language models have been widely used in various NLP tasks, including machine translation, next word prediction and conversational agents. However, it is challenging to deploy these models on mobile devices due to their slow prediction speed, where the bottleneck is to compute top candidates in the softmax layer. In this paper, we introduce a novel softmax layer approximation algorithm by exploiting the clustering structure of context vectors. Our algorithm uses a light-weight screening model to predict a much smaller set of candidate words based on the given context, and then conducts an exact softmax only within that subset. Training such a procedure end-to-end is challenging as traditional clustering methods are discrete and non-differentiable, and thus unable to be used with back-propagation in the training process. Using the Gumbel softmax, we are able to train the screening model end-to-end on the training set to exploit data distribution. The algorithm achieves an order of magnitude faster inference than the original softmax layer for predicting top-k words in various tasks such as beam search in machine translation or next words prediction. For example, for machine translation task on German to English dataset with around 25K vocabulary, we can achieve 20.4 times speed up with 98.9% precision@1 and 99.3% precision@5 with the original softmax layer prediction, while state-of-the-art (Zhang et al., 2018) only achieves 6.7x speedup with 98.7% precision@1 and 98.1% precision@5 for the same task.",None
https://openreview.net/forum?id=H1MW72AcK7,Optimal Control Via Neural Networks: A Convex Approach,optimal control; input convex neural network; convex optimization,None,"Control of complex systems involves both system identification and controller design. Deep neural networks have proven to be successful in many identification tasks, however, from model-based control perspective, these networks are difficult to work with because they are typically nonlinear and nonconvex. Therefore many systems are still identified and controlled based on simple linear models despite their poor representation capability.

In this paper we bridge the gap between model accuracy and control tractability faced by neural networks, by explicitly constructing networks that are convex with respect to their inputs. We show that these input convex networks can be trained to obtain accurate models of complex physical systems. In particular, we design input convex recurrent neural networks to capture temporal behavior of dynamical systems. Then optimal controllers can be achieved via solving a convex model predictive control problem. Experiment results demonstrate the good potential of the proposed input convex neural network based approach in a variety of control applications. In particular we show that in the MuJoCo locomotion tasks, we could achieve over 10% higher performance using 5 times less time compared with state-of-the-art model-based reinforcement learning method; and in the building HVAC control example, our method achieved up to 20% energy reduction compared with classic linear models.",None
https://openreview.net/forum?id=ryfMLoCqtQ,An analytic theory of generalization dynamics and transfer learning in deep linear networks,Generalization; Theory; Transfer; Multi-task; Linear,We provide many insights into neural network generalization from the theoretically tractable linear case.,"Much attention has been devoted recently to the generalization puzzle in deep learning: large, deep networks can generalize well, but existing theories bounding generalization error are exceedingly loose, and thus cannot explain this striking performance. Furthermore, a major hope is that knowledge may transfer across tasks, so that multi-task learning can improve generalization on individual tasks. However we lack analytic theories that can quantitatively predict how the degree of knowledge transfer depends on the relationship between the tasks. We develop an analytic theory of the nonlinear dynamics of generalization in deep linear networks, both within and across tasks. In particular, our theory provides analytic solutions to the training and testing error of deep networks as a function of training time, number of examples, network size and initialization, and the task structure and SNR. Our theory reveals that deep networks progressively learn the most important task structure first, so that generalization error at the early stopping time primarily depends on task structure and is independent of network size. This suggests any tight bound on generalization error must take into account task structure, and explains observations about real data being learned faster than random data. Intriguingly our theory also reveals the existence of a learning algorithm that proveably out-performs neural network training through gradient descent. Finally, for transfer learning, our theory reveals that knowledge transfer depends sensitively, but computably, on the SNRs and input feature alignments of pairs of tasks.",None
https://openreview.net/forum?id=BJxssoA5KX,Bounce and Learn: Modeling Scene Dynamics with Real-World Bounces,intuitive physics; visual prediction; surface normal; restitution; bounces,None,"We introduce an approach to model surface properties governing bounces in everyday scenes. Our model learns end-to-end, starting from sensor inputs, to predict post-bounce trajectories and infer 
two underlying physical properties that govern bouncing - restitution and effective collision normals. Our model, Bounce and Learn, comprises two modules -- a Physics Inference Module (PIM) and a Visual Inference Module (VIM). VIM learns to infer physical parameters for locations in a scene given a single still image, while PIM learns to model physical interactions for the prediction task given physical parameters and observed pre-collision 3D trajectories. 
To achieve our results, we introduce the Bounce Dataset comprising 5K RGB-D videos of bouncing trajectories of a foam ball to probe surfaces of varying shapes and materials in everyday scenes including homes and offices. 
Our proposed model learns from our collected dataset of real-world bounces and is bootstrapped with additional information from simple physics simulations. We show on our newly collected dataset that our model out-performs baselines, including trajectory fitting with Newtonian physics, in predicting post-bounce trajectories and inferring physical properties of a scene.",None
https://openreview.net/forum?id=rklaWn0qK7,Learning Neural PDE Solvers with Convergence Guarantees,Partial differential equation; deep learning,We learn a fast neural solver for PDEs that has convergence guarantees.,"Partial differential equations (PDEs) are widely used across the physical and computational sciences. Decades of research and engineering went into designing fast iterative solution methods. Existing solvers are general purpose, but may be sub-optimal for specific classes of problems. In contrast to existing hand-crafted solutions, we propose an approach to learn a fast iterative solver tailored to a specific domain. We achieve this goal by learning to modify the updates of an existing solver using a deep neural network. Crucially, our approach is proven to preserve strong correctness and convergence guarantees. After training on a single geometry, our model generalizes to a wide variety of geometries and boundary conditions, and achieves 2-3 times speedup compared to state-of-the-art solvers.",None
https://openreview.net/forum?id=BklhAj09K7,Unsupervised Domain Adaptation for Distance Metric Learning,domain adaptation; distance metric learning; face recognition,A new theory of unsupervised domain adaptation for distance metric learning and its application to face recognition across diverse ethnicity variations.,"Unsupervised domain adaptation is a promising avenue to enhance the performance of deep neural networks on a target domain, using labels only from a source domain. However, the two predominant methods, domain discrepancy reduction learning and semi-supervised learning, are not readily applicable when source and target domains do not share a common label space. This paper addresses the above scenario by learning a representation space that retains discriminative power on both the (labeled) source and (unlabeled) target domains while keeping representations for the two domains well-separated. Inspired by a theoretical analysis, we first reformulate the disjoint classification task, where the source and target domains correspond to non-overlapping class labels, to a verification one. To handle both within and cross domain verifications, we propose a Feature Transfer Network (FTN) to separate the target feature space from the original source space while aligned with a transformed source space. Moreover, we present a non-parametric multi-class entropy minimization loss to further boost the discriminative power of FTNs on the target domain. In experiments, we first illustrate how FTN works in a controlled setting of adapting from MNIST-M to MNIST with disjoint digit classes between the two domains and then demonstrate the effectiveness of FTNs through state-of-the-art performances on a cross-ethnicity face recognition problem.",None
https://openreview.net/forum?id=HJxwDiActX,StrokeNet: A Neural Painting Environment,image generation; differentiable model; reinforcement learning; deep learning; model based,"StrokeNet is a novel architecture where the agent is trained to draw by strokes on a differentiable simulation of the environment, which could effectively exploit the power of back-propagation.","We've seen tremendous success of image generating models these years. Generating images through a neural network is usually pixel-based, which is fundamentally different from how humans create artwork using brushes. To imitate human drawing, interactions between the environment and the agent is required to allow trials. However, the environment is usually non-differentiable, leading to slow convergence and massive computation. In this paper we try to address the discrete nature of software environment with an intermediate, differentiable simulation. We present  StrokeNet, a novel model where the agent is trained upon a well-crafted neural approximation of the painting environment. With this approach, our agent was able to learn to write characters such as MNIST digits faster than reinforcement learning approaches in an unsupervised manner. Our primary contribution is the neural simulation of a real-world environment. Furthermore, the agent trained with the emulated environment is able to directly transfer its skills to real-world software.",None
https://openreview.net/forum?id=r1GAsjC5Fm,Self-Monitoring Navigation Agent via Auxiliary Progress Estimation,visual grounding; textual grounding; instruction-following; navigation agent,We propose a self-monitoring agent for the Vision-and-Language Navigation task.,"The Vision-and-Language Navigation (VLN) task entails an agent following navigational instruction in photo-realistic unknown environments. This challenging task demands that the agent be aware of which instruction was completed, which instruction is needed next, which way to go, and its navigation progress towards the goal. In this paper, we introduce a self-monitoring agent with two complementary components: (1) visual-textual co-grounding module to locate the instruction completed in the past, the instruction required for the next action, and the next moving direction from surrounding images and (2) progress monitor to ensure the grounded instruction correctly reflects the navigation progress. We test our self-monitoring agent on a standard benchmark and analyze our proposed approach through a series of ablation studies that elucidate the contributions of the primary components. Using our proposed method, we set the new state of the art by a significant margin (8% absolute increase in success rate on the unseen test set). Code is available at https://github.com/chihyaoma/selfmonitoring-agent.",None
https://openreview.net/forum?id=SkloDjAqYm,LeMoNADe: Learned Motif and Neuronal Assembly Detection in calcium imaging videos,VAE; unsupervised learning; neuronal assemblies; calcium imaging analysis,"We present LeMoNADe, an end-to-end learned motif detection method directly operating on calcium imaging videos.","Neuronal assemblies, loosely defined as subsets of neurons with reoccurring spatio-temporally coordinated activation patterns, or ""motifs"", are thought to be building blocks of neural representations and information processing. We here propose LeMoNADe, a new exploratory data analysis method that facilitates hunting for motifs in calcium imaging videos, the dominant microscopic functional imaging modality in neurophysiology. Our nonparametric method extracts motifs directly from videos, bypassing the difficult intermediate step of spike extraction. Our technique augments variational autoencoders with a discrete stochastic node, and we show in detail how a differentiable reparametrization and relaxation can be used. An evaluation on simulated data, with available ground truth, reveals excellent quantitative performance. In real video data acquired from brain slices, with no ground truth available, LeMoNADe uncovers nontrivial candidate motifs that can help generate hypotheses for more focused biological investigations.",None
https://openreview.net/forum?id=BJxvEh0cFQ,K for the Price of 1: Parameter-efficient Multi-task and Transfer Learning,deep learning; mobile; transfer learning; multi-task learning; computer vision; small models; imagenet; inception; batch normalization,"A novel and practically effective method to adapt pretrained neural networks to new tasks by retraining a minimal (e.g., less than 2%) number of parameters","We introduce a novel method that enables parameter-efficient transfer and multi-task learning with deep neural networks. The basic approach is to learn a model patch - a small set of parameters - that will specialize to each task, instead of fine-tuning the last layer or the entire network. For instance, we show that learning a set of scales and biases is sufficient to convert a pretrained network to perform well on qualitatively different problems (e.g. converting a Single Shot MultiBox Detection (SSD) model into a 1000-class image classification model while reusing 98% of parameters of the SSD feature extractor). Similarly, we show that re-learning existing low-parameter layers (such as depth-wise convolutions) while keeping the rest of the network frozen also improves transfer-learning accuracy significantly. Our approach allows both simultaneous (multi-task) as well as sequential transfer learning. In several multi-task learning problems, despite using much fewer parameters than traditional logits-only fine-tuning, we match single-task performance.",None
https://openreview.net/forum?id=Byx83s09Km,Information-Directed Exploration for Deep Reinforcement Learning,reinforcement learning; exploration; information directed sampling,"We develop a practical extension of Information-Directed Sampling for Reinforcement Learning, which accounts for parametric uncertainty and heteroscedasticity in the return distribution for exploration.","Efficient exploration remains a major challenge for reinforcement learning. One reason is that the variability of the returns often depends on the current state and action, and is therefore heteroscedastic. Classical exploration strategies such as upper confidence bound algorithms and Thompson sampling fail to appropriately account for heteroscedasticity, even in the bandit setting. Motivated by recent findings that address this issue in bandits, we propose to use Information-Directed Sampling (IDS) for exploration in reinforcement learning. As our main contribution, we build on recent advances in distributional reinforcement learning and propose a novel, tractable approximation of IDS for deep Q-learning. The resulting exploration strategy explicitly accounts for both parametric uncertainty and heteroscedastic observation noise. We evaluate our method on Atari games and demonstrate a significant improvement over alternative approaches.",None
https://openreview.net/forum?id=S1zz2i0cY7,Integer Networks for Data Compression with Latent-Variable Models,data compression; variational models; network quantization,We train variational models with quantized networks for computational determinism. This enables using them for cross-platform data compression.,"We consider the problem of using variational latent-variable models for data compression. For such models to produce a compressed binary sequence, which is the universal data representation in a digital world, the latent representation needs to be subjected to entropy coding. Range coding as an entropy coding technique is optimal, but it can fail catastrophically if the computation of the prior differs even slightly between the sending and the receiving side. Unfortunately, this is a common scenario when floating point math is used and the sender and receiver operate on different hardware or software platforms, as numerical round-off is often platform dependent. We propose using integer networks as a universal solution to this problem, and demonstrate that they enable reliable cross-platform encoding and decoding of images using variational models.",None
https://openreview.net/forum?id=Bkg2viA5FQ,Hindsight policy gradients,reinforcement learning; policy gradients; multi-goal reinforcement learning,We introduce the capacity to exploit information about the degree to which an arbitrary goal has been achieved while another goal was intended to policy gradient methods.,"A reinforcement learning agent that needs to pursue different goals across episodes requires a goal-conditional policy. In addition to their potential to generalize desirable behavior to unseen goals, such policies may also enable higher-level planning based on subgoals. In sparse-reward environments, the capacity to exploit information about the degree to which an arbitrary goal has been achieved while another goal was intended appears crucial to enable sample efficient learning. However, reinforcement learning agents have only recently been endowed with such capacity for hindsight. In this paper, we demonstrate how hindsight can be introduced to policy gradient methods, generalizing this idea to a broad class of successful algorithms. Our experiments on a diverse selection of sparse-reward environments show that hindsight leads to a remarkable increase in sample efficiency.",None
https://openreview.net/forum?id=rkxQ-nA9FX,Theoretical Analysis of Auto Rate-Tuning by Batch Normalization,batch normalization; scale invariance; learning rate; stationary point,"We give a theoretical analysis of the ability of batch normalization to automatically tune learning rates, in the context of finding stationary points for a deep learning objective.","Batch Normalization (BN) has become a cornerstone of deep learning across diverse architectures, appearing to help optimization as well as generalization. While the idea makes intuitive sense, theoretical analysis of its effectiveness has been lacking. Here theoretical support is provided for one of its conjectured properties, namely, the ability to allow gradient descent to succeed with less tuning of learning rates. It is shown that even if we fix the learning rate of scale-invariant parameters (e.g., weights of each layer with BN) to a constant (say, 0.3), gradient descent still approaches a stationary point (i.e., a solution where gradient is zero) in the rate of T^{−1/2} in T iterations, asymptotically matching the best bound for gradient descent with well-tuned learning rates. A similar result with convergence rate T^{−1/4} is also shown for stochastic gradient descent.",None
